# Blender v2.79 (sub 0) OBJ File: ''
# www.blender.org
mtllib dragon_cheaper.mtl
o rg_56_0.003
v 0.028387 0.721629 0.233075
v 0.025334 0.724620 0.230877
v 0.025578 0.722605 0.233686
v 0.023564 0.720286 0.235334
v 0.022587 0.722239 0.233991
v 0.020267 0.720286 0.234174
v 0.018497 0.721629 0.231488
v 0.021488 0.724070 0.231244
v 0.017520 0.722422 0.228313
v 0.020817 0.724986 0.228191
v 0.025578 0.720102 0.235273
v 0.025273 0.716501 0.235761
v 0.027471 0.719919 0.234723
v 0.022343 0.718698 0.235578
v 0.021183 0.717111 0.235273
v 0.019046 0.717478 0.233930
v 0.017032 0.718027 0.231122
v 0.015994 0.718515 0.228069
v 0.016116 0.718882 0.224834
v 0.017520 0.722483 0.224895
v 0.020573 0.724864 0.224956
v 0.020512 0.724070 0.220927
v 0.015994 0.718515 0.228069
v 0.016544 0.714425 0.227459
v 0.016605 0.715097 0.224101
v 0.016849 0.719187 0.220866
v 0.018009 0.722178 0.221049
v 0.020512 0.724070 0.220927
v 0.017581 0.714242 0.230694
v 0.019535 0.714547 0.233563
v 0.021916 0.715219 0.235151
v 0.022709 0.713448 0.234601
v 0.021305 0.712105 0.232892
v 0.019901 0.711251 0.229840
v 0.019108 0.711190 0.226665
v 0.022892 0.709664 0.225872
v 0.022526 0.710701 0.222636
v 0.023503 0.709847 0.229229
v 0.024174 0.711129 0.232465
v 0.024724 0.713204 0.234479
v 0.026616 0.713021 0.233930
v 0.027105 0.711495 0.231976
v 0.027288 0.710518 0.228619
v 0.026982 0.710396 0.225383
v 0.030279 0.712960 0.225200
v 0.030279 0.712899 0.228619
v 0.029424 0.713448 0.231915
v 0.030645 0.716257 0.232037
v 0.029058 0.716257 0.233991
v 0.030157 0.719248 0.232587
v 0.028325 0.718027 0.234601
v 0.027898 0.714608 0.234174
v 0.026982 0.710396 0.225383
v 0.029302 0.713754 0.222026
v 0.030767 0.717294 0.222453
v 0.031805 0.716867 0.225444
v 0.031683 0.716501 0.228680
v 0.031195 0.720286 0.229412
v 0.028814 0.723277 0.230023
v 0.024907 0.725658 0.227642
v 0.024296 0.725475 0.224284
v 0.028692 0.724132 0.226848
v 0.031256 0.720957 0.226055
v 0.031683 0.716501 0.228680
v 0.031805 0.716867 0.225444
v 0.024296 0.725475 0.224284
v 0.027898 0.724070 0.223735
v 0.030218 0.721140 0.222819
v 0.030767 0.717294 0.222453
v 0.023625 0.724620 0.220561
v 0.028875 0.717966 0.218912
v 0.028448 0.721079 0.219340
v 0.026494 0.723460 0.219950
v 0.023625 0.724620 0.220561
v -0.026128 0.716379 0.232587
v -0.027776 0.716745 0.230694
v -0.026921 0.713815 0.230389
v -0.027959 0.713571 0.227031
v -0.024846 0.711617 0.230206
v -0.024174 0.712899 0.232281
v -0.021977 0.710823 0.230572
v -0.022221 0.712777 0.232770
v -0.020206 0.712838 0.232831
v -0.022343 0.716073 0.234235
v -0.025212 0.714608 0.232648
v -0.018985 0.711434 0.230999
v -0.021549 0.709725 0.227276
v -0.025212 0.710823 0.226787
v -0.028020 0.713876 0.223674
v -0.028875 0.717294 0.227398
v -0.027959 0.720957 0.228374
v -0.028020 0.721873 0.225078
v -0.025212 0.723582 0.229046
v -0.024846 0.721690 0.231976
v -0.026921 0.719553 0.231427
v -0.024174 0.719736 0.233502
v -0.025212 0.718027 0.233258
v -0.021061 0.725658 0.226726
v -0.021488 0.724437 0.229901
v -0.021916 0.722300 0.232587
v -0.022221 0.719675 0.233991
v -0.020206 0.719675 0.234052
v -0.018985 0.721568 0.232770
v -0.017764 0.723399 0.230084
v -0.015078 0.720591 0.230145
v -0.016971 0.719309 0.232770
v -0.019230 0.717905 0.234113
v -0.018192 0.716196 0.233686
v -0.016055 0.716440 0.232281
v -0.014102 0.716928 0.229473
v -0.015139 0.713265 0.228802
v -0.016971 0.713571 0.231732
v -0.019230 0.714425 0.233502
v -0.017764 0.723399 0.230084
v -0.014102 0.721507 0.226970
v -0.013064 0.717478 0.226421
v -0.013247 0.718027 0.223186
v -0.014163 0.721751 0.223552
v -0.020084 0.724986 0.219523
v -0.020573 0.725658 0.223369
v -0.017032 0.724009 0.219767
v -0.016910 0.724498 0.223857
v -0.017093 0.724437 0.227093
v -0.014773 0.721812 0.219706
v -0.014041 0.718759 0.219279
v -0.014163 0.714425 0.222270
v -0.020084 0.724986 0.219523
v -0.023076 0.724193 0.218973
v -0.020573 0.725658 0.223369
v -0.024296 0.724681 0.222819
v -0.025029 0.724620 0.225994
v -0.026982 0.722117 0.221781
v -0.025395 0.722056 0.218241
v -0.026128 0.719065 0.217630
v -0.023137 0.713754 0.217081
v -0.027044 0.714730 0.220500
v -0.025395 0.716012 0.217203
v -0.026128 0.719065 0.217630
v -0.028020 0.718454 0.221171
v -0.026982 0.722117 0.221781
v -0.029058 0.717905 0.224223
v -0.024357 0.711983 0.220561
v -0.023137 0.713754 0.217081
v -0.020634 0.710885 0.220744
v -0.020084 0.712838 0.217386
v -0.021061 0.709725 0.223918
v -0.025029 0.710946 0.223552
v -0.017826 0.710640 0.227825
v -0.014102 0.713510 0.225566
v -0.014102 0.716928 0.229473
v -0.013064 0.717478 0.226421
v -0.013247 0.718027 0.223186
v -0.014163 0.714425 0.222270
v -0.020084 0.712838 0.217386
v -0.017093 0.713632 0.217936
v -0.020634 0.710885 0.220744
v -0.016910 0.711739 0.221537
v -0.017093 0.710701 0.224651
v -0.014834 0.715707 0.218607
v -0.014041 0.718759 0.219279
v 0.016849 0.719187 0.220866
v 0.017276 0.716073 0.220377
v 0.016605 0.715097 0.224101
v 0.019230 0.713693 0.219767
v 0.018985 0.712105 0.223552
v 0.022526 0.710701 0.222636
v 0.022099 0.712472 0.219218
v 0.022099 0.712472 0.219218
v 0.025212 0.713021 0.218790
v 0.022526 0.710701 0.222636
v 0.026311 0.711312 0.222331
v 0.027715 0.714975 0.218668
v 0.028875 0.717966 0.218912
v 0.030218 0.721140 0.222819
vt 0.616455 0.616455
vt 0.526856 0.725586
vt 0.513672 0.652100
vt 0.428467 0.573730
vt 0.405029 0.642822
vt 0.320557 0.578857
vt 0.278809 0.631348
vt 0.389404 0.709961
vt 0.267578 0.664551
vt 0.387451 0.747314
vt 0.499756 0.564209
vt 0.482422 0.443848
vt 0.571777 0.555908
vt 0.383789 0.520264
vt 0.341309 0.468506
vt 0.276367 0.487549
vt 0.236328 0.519287
vt 0.212402 0.535889
vt 0.174072 0.561279
vt 0.252930 0.705322
vt 0.387451 0.791992
vt 0.346924 0.850342
vt 0.212402 0.535889
vt 0.216309 0.390137
vt 0.178711 0.382568
vt 0.110840 0.578857
vt 0.196533 0.705078
vt 0.346924 0.850342
vt 0.245117 0.385254
vt 0.294434 0.387207
vt 0.368164 0.405273
vt 0.397217 0.345459
vt 0.359131 0.305664
vt 0.331299 0.284180
vt 0.309815 0.260010
vt 0.447022 0.189697
vt 0.446533 0.131348
vt 0.459961 0.233398
vt 0.461426 0.269043
vt 0.468262 0.334229
vt 0.540527 0.327393
vt 0.570557 0.279297
vt 0.598144 0.250977
vt 0.624756 0.196533
vt 0.732178 0.335693
vt 0.708252 0.327393
vt 0.654785 0.342285
vt 0.699219 0.434814
vt 0.627685 0.432861
vt 0.680908 0.533936
vt 0.600098 0.493164
vt 0.584473 0.378174
vt 0.624756 0.196533
vt 0.765137 0.319336
vt 0.821533 0.482422
vt 0.787354 0.464355
vt 0.760742 0.447021
vt 0.741699 0.573730
vt 0.656250 0.676514
vt 0.536133 0.766357
vt 0.541992 0.817627
vt 0.674805 0.711426
vt 0.768555 0.602051
vt 0.760742 0.447021
vt 0.787354 0.464355
vt 0.541992 0.817627
vt 0.698975 0.764648
vt 0.805420 0.631348
vt 0.821533 0.482422
vt 0.541016 0.879883
vt 0.885498 0.502197
vt 0.835449 0.679688
vt 0.727051 0.812988
vt 0.541016 0.879883
vt 0.341309 0.468506
vt 0.276367 0.487549
vt 0.320557 0.578857
vt 0.278809 0.631348
vt 0.405029 0.642822
vt 0.428467 0.573730
vt 0.513672 0.652100
vt 0.499756 0.564209
vt 0.571777 0.555908
vt 0.482422 0.443848
vt 0.383789 0.520264
vt 0.616455 0.616455
vt 0.526856 0.725586
vt 0.389404 0.709961
vt 0.267578 0.664551
vt 0.236328 0.519287
vt 0.245117 0.385254
vt 0.216309 0.390137
vt 0.331299 0.284180
vt 0.359131 0.305664
vt 0.294434 0.387207
vt 0.397217 0.345459
vt 0.368164 0.405273
vt 0.447022 0.189697
vt 0.459961 0.233398
vt 0.461426 0.269043
vt 0.468262 0.334229
vt 0.540527 0.327393
vt 0.570557 0.279297
vt 0.598144 0.250977
vt 0.708252 0.327393
vt 0.654785 0.342285
vt 0.584473 0.378174
vt 0.627685 0.432861
vt 0.699219 0.434814
vt 0.760742 0.447021
vt 0.741699 0.573730
vt 0.680908 0.533936
vt 0.600098 0.493164
vt 0.598144 0.250977
vt 0.732178 0.335693
vt 0.787354 0.464355
vt 0.821533 0.482422
vt 0.765137 0.319336
vt 0.448486 0.093018
vt 0.446533 0.131348
vt 0.648193 0.117432
vt 0.639404 0.158203
vt 0.624756 0.196533
vt 0.817871 0.270264
vt 0.885498 0.502197
vt 0.805420 0.631348
vt 0.448486 0.093018
vt 0.241943 0.194336
vt 0.446533 0.131348
vt 0.267822 0.227295
vt 0.309815 0.260010
vt 0.178711 0.382568
vt 0.146729 0.362305
vt 0.110840 0.578857
vt 0.346924 0.850342
vt 0.252930 0.705322
vt 0.196533 0.705078
vt 0.110840 0.578857
vt 0.174072 0.561279
vt 0.178711 0.382568
vt 0.212402 0.535889
vt 0.387451 0.791992
vt 0.346924 0.850342
vt 0.541992 0.817627
vt 0.541016 0.879883
vt 0.536133 0.766357
vt 0.387451 0.747314
vt 0.656250 0.676514
vt 0.768555 0.602051
vt 0.760742 0.447021
vt 0.787354 0.464355
vt 0.821533 0.482422
vt 0.805420 0.631348
vt 0.541016 0.879883
vt 0.727051 0.812988
vt 0.541992 0.817627
vt 0.698975 0.764648
vt 0.674805 0.711426
vt 0.835449 0.679688
vt 0.885498 0.502197
vt 0.110840 0.578857
vt 0.146729 0.362305
vt 0.178711 0.382568
vt 0.241943 0.194336
vt 0.267822 0.227295
vt 0.446533 0.131348
vt 0.448486 0.093018
vt 0.448486 0.093018
vt 0.648193 0.117432
vt 0.446533 0.131348
vt 0.639404 0.158203
vt 0.817871 0.270264
vt 0.885498 0.502197
vt 0.805420 0.631348
vn 0.3791 0.7672 0.5174
vn -0.2989 0.4347 0.8495
vn -0.4742 0.6217 0.6233
vn -0.4695 0.6364 0.6120
vn -0.5721 0.7367 0.3605
vn -0.5673 0.7461 0.3486
vn -0.1116 0.9419 0.3167
vn -0.1059 0.9458 0.3070
vn -0.1063 0.9455 0.3078
vn -0.0626 0.8187 0.5708
vn -0.0395 0.8103 0.5847
vn 0.0138 0.5712 0.8207
vn 0.0739 0.5342 0.8421
vn 0.0376 0.1288 0.9910
vn 0.0419 0.1307 0.9905
vn 0.0375 0.1287 0.9910
vn 0.2863 0.1049 0.9524
vn 0.2848 0.5133 0.8096
vn 0.3544 0.5435 0.7609
vn -0.3081 0.3715 0.8758
vn 0.0332 0.1268 0.9914
vn -0.1317 -0.0934 0.9869
vn -0.4605 0.1689 0.8714
vn -0.5081 0.1472 0.8487
vn -0.7379 0.2670 0.6198
vn -0.7631 0.2498 0.5961
vn -0.8794 0.3221 0.3505
vn -0.8794 0.3218 0.3507
vn -0.8794 0.3216 0.3509
vn -0.9316 0.3635 0.0061
vn -0.9317 0.3633 0.0063
vn -0.9316 0.3633 0.0063
vn -0.9317 0.3632 0.0065
vn -0.6144 0.7889 0.0155
vn -0.6152 0.7882 0.0163
vn -0.6135 0.7896 0.0141
vn -0.6151 0.7883 0.0167
vn -0.6067 0.7816 -0.1448
vn -0.9411 -0.1699 0.2925
vn -0.9409 -0.1702 0.2927
vn -0.9411 -0.1698 0.2924
vn -0.9910 -0.1268 -0.0434
vn -0.9912 -0.1251 -0.0424
vn -0.9917 -0.1184 -0.0497
vn -0.9917 -0.1179 -0.0508
vn -0.9781 -0.0900 -0.1876
vn -0.9214 0.3617 -0.1424
vn -0.9193 0.3655 -0.1459
vn -0.6015 0.7867 -0.1389
vn -0.9412 -0.1696 0.2921
vn -0.8156 -0.1805 0.5497
vn -0.7989 -0.2041 0.5658
vn -0.5456 -0.1931 0.8155
vn -0.4894 -0.2433 0.8374
vn -0.1347 -0.1156 0.9841
vn -0.0510 -0.3170 0.9471
vn -0.4122 -0.4334 0.8014
vn -0.4217 -0.5119 0.7484
vn -0.6334 -0.5950 0.4947
vn -0.6306 -0.6218 0.4644
vn -0.7436 -0.6372 0.2027
vn -0.7461 -0.6354 0.1990
vn -0.7460 -0.6352 0.1999
vn -0.3446 -0.9319 0.1129
vn -0.3527 -0.9297 0.1060
vn -0.3522 -0.9299 0.1063
vn -0.4057 -0.8828 -0.2370
vn -0.3441 -0.9321 0.1134
vn -0.2804 -0.8831 0.3761
vn -0.2415 -0.8840 0.4004
vn -0.1428 -0.7178 0.6814
vn -0.0399 -0.6905 0.7223
vn 0.0123 -0.3642 0.9313
vn 0.2226 -0.3853 0.8955
vn 0.1327 -0.7082 0.6934
vn 0.1991 -0.7476 0.6337
vn 0.1712 -0.9276 0.3320
vn 0.2115 -0.9353 0.2837
vn 0.1786 -0.9837 0.0209
vn 0.1782 -0.9838 0.0208
vn 0.1789 -0.9836 0.0210
vn 0.1777 -0.9839 0.0203
vn 0.6127 -0.7898 -0.0281
vn 0.6228 -0.7823 -0.0140
vn 0.6025 -0.7569 0.2531
vn 0.6222 -0.7299 0.2830
vn 0.8725 -0.3919 0.2916
vn 0.7292 -0.3427 0.5923
vn 0.7762 0.0107 0.6304
vn 0.7204 0.0598 0.6910
vn 0.4121 -0.1400 0.9003
vn 0.3175 0.0825 0.9447
vn 0.6403 0.2420 0.7291
vn 0.6366 0.3305 0.6968
vn 0.5236 -0.6029 0.6019
vn 0.5438 -0.5383 0.6438
vn 0.2777 -0.3612 0.8902
vn 0.4063 -0.1865 0.8945
vn 0.6572 -0.3908 0.6446
vn 0.5604 -0.7463 -0.3592
vn 0.8794 -0.3216 -0.3511
vn 0.8795 -0.3214 -0.3509
vn 0.8794 -0.3215 -0.3511
vn 0.9316 -0.3635 -0.0065
vn 0.9317 -0.3633 -0.0062
vn 0.9317 -0.3633 -0.0063
vn 0.9317 -0.3631 -0.0059
vn 0.9001 -0.3551 0.2525
vn 0.9520 0.0649 0.2991
vn 0.9374 0.0911 0.3362
vn 0.7699 0.4880 0.4112
vn 0.7579 0.5239 0.3889
vn 0.4159 0.7746 0.4765
vn 0.4039 0.8870 0.2236
vn 0.3992 0.8870 0.2319
vn 0.3993 0.8872 0.2312
vn -0.1122 0.9418 0.3170
vn -0.1656 0.9859 -0.0242
vn -0.1653 0.9859 -0.0247
vn -0.1652 0.9860 -0.0244
vn 0.3507 0.9295 -0.1145
vn 0.4044 0.8869 0.2233
vn 0.7883 0.6010 0.1316
vn 0.7870 0.6021 0.1344
vn 0.7885 0.6008 0.1315
vn 0.7871 0.6020 0.1346
vn 0.9918 0.1207 0.0423
vn 0.9908 0.1255 0.0507
vn 0.9919 0.1198 0.0420
vn 0.9908 0.1253 0.0515
vn 0.3470 0.9318 -0.1068
vn 0.7371 0.6456 -0.2000
vn 0.7369 0.6456 -0.2004
vn 0.7370 0.6454 -0.2005
vn 0.7368 0.6459 -0.1998
vn 0.9411 0.1700 -0.2923
vn 0.9391 0.1629 -0.3026
vn -0.1660 0.9858 -0.0235
vn -0.1919 0.9634 -0.1870
vn -0.1922 0.9635 -0.1866
vn 0.8752 0.1817 -0.4484
vn 0.6759 0.6457 -0.3552
vn 0.6758 0.6460 -0.3548
vn 0.3153 0.9116 -0.2639
vn 0.3124 0.9125 -0.2642
vn 0.3124 0.9122 -0.2651
vn 0.3122 0.9121 -0.2657
vn -0.7501 -0.2812 0.5986
vn -0.9063 -0.2959 0.3017
vn -0.6907 -0.6739 0.2624
vn -0.5810 -0.5947 0.5556
vn -0.2858 -0.7713 0.5687
vn -0.2060 -0.7426 0.6373
vn 0.0025 -0.7472 0.6646
vn -0.0153 -0.4066 0.9135
vn -0.2460 -0.4013 0.8823
vn -0.2979 -0.3699 0.8800
vn -0.5983 -0.4982 0.6276
vn -0.6907 -0.3351 0.6408
vn -0.4049 -0.1785 0.8968
vn 0.0667 -0.7700 0.6345
vn 0.1433 -0.9331 0.3298
vn -0.2886 -0.9190 0.2686
vn -0.3083 -0.9188 0.2463
vn -0.6770 -0.6976 0.2345
vn -0.7086 -0.7038 -0.0511
vn -0.9711 -0.2385 -0.0040
vn -0.9292 -0.2550 0.2674
vn -0.9314 0.1438 0.3345
vn -0.9718 0.2218 0.0796
vn -0.7020 0.6827 0.2027
vn -0.6697 0.5830 0.4601
vn -0.6869 0.5428 0.4832
vn -0.5752 0.3713 0.7288
vn -0.5940 0.2517 0.7641
vn -0.2955 0.0432 0.9543
vn -0.4048 -0.1427 0.9032
vn -0.6893 0.0905 0.7188
vn -0.7478 0.0550 0.6617
vn -0.9051 0.1743 0.3879
vn -0.2800 0.9080 0.3116
vn -0.3044 0.7825 0.5433
vn -0.2797 0.7725 0.5701
vn -0.2775 0.5303 0.8012
vn -0.1989 0.4801 0.8544
vn -0.2396 0.0738 0.9681
vn -0.0302 0.0686 0.9972
vn -0.0266 0.4739 0.8802
vn 0.0779 0.5241 0.8481
vn 0.1509 0.7617 0.6301
vn 0.1849 0.7709 0.6096
vn 0.2316 0.8972 0.3761
vn 0.5569 0.5463 0.6256
vn 0.5650 0.5037 0.6535
vn 0.3795 0.3384 0.8611
vn 0.3808 0.2413 0.8926
vn 0.0143 0.0423 0.9990
vn 0.1341 -0.1628 0.9775
vn 0.4771 0.0705 0.8760
vn 0.5465 0.0319 0.8368
vn 0.7696 0.1395 0.6231
vn 0.8072 0.1086 0.5802
vn 0.8031 -0.3195 0.5030
vn 0.7780 -0.3484 0.5228
vn 0.5770 -0.6924 0.4331
vn 0.3757 -0.5973 0.7085
vn 0.5455 -0.3222 0.7737
vn 0.4841 -0.3663 0.7946
vn 0.3777 -0.5479 0.7464
vn 0.0081 -0.3936 0.9192
vn 0.1342 -0.1799 0.9745
vn 0.6616 0.6413 0.3887
vn 0.9230 0.1849 0.3376
vn 0.9190 0.1893 0.3459
vn 0.9233 0.1842 0.3370
vn 0.9187 0.1895 0.3466
vn 0.9679 0.2510 -0.0122
vn 0.9710 0.2389 -0.0003
vn 0.3115 0.9420 -0.1250
vn 0.3144 0.9415 -0.1216
vn 0.2964 0.9541 0.0431
vn 0.2910 0.9561 0.0345
vn 0.2426 0.8984 0.3662
vn 0.6567 0.6546 0.3745
vn 0.6999 0.7123 0.0530
vn 0.7087 0.7045 0.0376
vn 0.6973 0.7090 -0.1056
vn 0.6924 0.7147 -0.0985
vn 0.9568 0.2504 -0.1480
vn 0.9569 0.2500 -0.1477
vn 0.9569 0.2499 -0.1477
vn 0.9557 -0.1848 -0.2289
vn -0.2177 0.9564 -0.1947
vn -0.2225 0.9559 -0.1919
vn -0.2487 0.9679 -0.0361
vn -0.2479 0.9681 -0.0360
vn -0.2461 0.9685 -0.0375
vn -0.2463 0.9684 -0.0382
vn -0.2921 0.9108 0.2918
vn -0.6951 0.6923 0.1938
vn -0.6475 0.7500 -0.1350
vn -0.6517 0.7435 -0.1502
vn -0.5993 0.7481 -0.2848
vn -0.5999 0.7484 -0.2829
vn -0.6017 0.7459 -0.2855
vn -0.6005 0.7482 -0.2821
vn -0.8703 0.2940 -0.3952
vn -0.6124 -0.5836 -0.5332
vn -0.8631 -0.1389 -0.4855
vn -0.8631 -0.1390 -0.4854
vn -0.8631 -0.1390 -0.4855
vn -0.8633 -0.1388 -0.4852
vn -0.8595 0.3111 -0.4056
vn -0.9150 0.3035 -0.2656
vn -0.9153 0.3033 -0.2651
vn -0.9190 0.2968 -0.2594
vn -0.9193 0.2962 -0.2590
vn -0.9676 0.2315 0.1003
vn -0.9681 -0.2505 0.0076
vn -0.9187 -0.1895 -0.3465
vn -0.9250 -0.1823 -0.3335
vn -0.6572 -0.6531 -0.3763
vn -0.6578 -0.6515 -0.3780
vn -0.6575 -0.6519 -0.3777
vn -0.6052 -0.6035 -0.5193
vn -0.2217 -0.8354 -0.5029
vn -0.1979 -0.8327 -0.5172
vn -0.2473 -0.8989 -0.3618
vn -0.2427 -0.8984 -0.3660
vn -0.6566 -0.6547 -0.3745
vn -0.6996 -0.7114 -0.0666
vn -0.2896 -0.9558 -0.0512
vn -0.2832 -0.9582 -0.0414
vn -0.2893 -0.9558 -0.0527
vn -0.2823 -0.9584 -0.0411
vn 0.2336 -0.9717 0.0344
vn 0.2338 -0.9717 0.0340
vn 0.2333 -0.9718 0.0345
vn 0.1854 -0.9352 0.3016
vn 0.5679 -0.7253 0.3891
vn 0.6606 -0.7343 0.1561
vn 0.9125 -0.3079 0.2694
vn 0.9192 -0.2963 0.2592
vn 0.9679 -0.2329 -0.0943
vn 0.9707 -0.2263 -0.0808
vn 0.3052 -0.8441 -0.4409
vn 0.2901 -0.8409 -0.4568
vn 0.2736 -0.9147 -0.2973
vn 0.2743 -0.9145 -0.2974
vn 0.2790 -0.9155 -0.2898
vn 0.2790 -0.9158 -0.2889
vn 0.2329 -0.9719 0.0349
vn 0.6555 -0.7426 0.1371
vn 0.7023 -0.6867 -0.1876
vn 0.7116 -0.6734 -0.2006
vn 0.6996 -0.6172 -0.3600
vn 0.6883 -0.6361 -0.3488
vn 0.9507 -0.1938 -0.2420
vn -0.9740 -0.1018 -0.2022
vn -0.7751 -0.5628 -0.2872
vn -0.7747 -0.5636 -0.2866
vn -0.7874 -0.6016 -0.1347
vn -0.7870 -0.6017 -0.1362
vn -0.7916 -0.5940 -0.1437
vn -0.7428 -0.6383 0.2020
vn -0.7925 -0.5928 -0.1433
vn -0.4113 -0.8787 -0.2425
vn -0.4238 -0.8251 -0.3736
vn -0.4229 -0.8251 -0.3747
vn 0.0913 -0.8796 -0.4668
vn 0.1052 -0.8823 -0.4588
vn 0.1264 -0.9404 -0.3156
vn 0.1268 -0.9403 -0.3158
vn 0.1315 -0.9409 -0.3120
vn 0.1316 -0.9412 -0.3112
vn 0.5712 -0.7431 -0.3486
vn 0.5182 -0.6958 -0.4973
vn 0.5181 -0.6959 -0.4973
vn 0.5179 -0.6964 -0.4968
vn 0.5185 -0.6952 -0.4978
vn 0.8247 -0.2798 -0.4915
vn 0.8232 -0.2812 -0.4932
vn 0.8824 0.1678 -0.4396
usemtl texturefile_507
s 1
f 1/1/1 2/2/1 3/3/1
f 4/4/2 5/5/2 6/6/2
f 6/6/3 5/5/3 7/7/3
f 8/8/4 7/7/4 5/5/4
f 7/7/5 8/8/5 9/9/5
f 9/9/6 8/8/6 10/10/6
f 10/10/7 8/8/8 2/2/9
f 5/5/10 2/2/10 8/8/10
f 2/2/11 5/5/11 3/3/11
f 4/4/12 3/3/12 5/5/12
f 3/3/13 4/4/13 11/11/13
f 12/12/14 11/11/15 4/4/16
f 13/13/17 11/11/17 12/12/17
f 11/11/18 13/13/18 3/3/18
f 1/1/19 3/3/19 13/13/19
f 14/14/20 4/4/20 6/6/20
f 4/4/16 14/14/21 12/12/14
f 12/12/22 14/14/22 15/15/22
f 6/6/23 15/15/23 14/14/23
f 15/15/24 6/6/24 16/16/24
f 7/7/25 16/16/25 6/6/25
f 16/16/26 7/7/26 17/17/26
f 17/17/27 7/7/28 18/18/28
f 9/9/29 18/18/28 7/7/28
f 18/18/30 9/9/31 19/19/32
f 19/19/32 9/9/31 20/20/33
f 10/10/34 20/20/35 9/9/36
f 21/21/37 20/20/35 10/10/34
f 22/22/38 20/20/38 21/21/38
f 17/17/39 23/23/40 24/24/41
f 24/24/42 23/23/43 25/25/44
f 19/19/45 25/25/44 23/23/43
f 25/25/46 19/19/46 26/26/46
f 20/20/47 26/26/47 19/19/47
f 26/26/48 20/20/48 27/27/48
f 28/28/49 27/27/49 20/20/49
f 29/29/50 17/17/39 24/24/41
f 17/17/51 29/29/51 16/16/51
f 30/30/52 16/16/52 29/29/52
f 16/16/53 30/30/53 15/15/53
f 31/31/54 15/15/54 30/30/54
f 15/15/55 31/31/55 12/12/55
f 12/12/56 31/31/56 32/32/56
f 30/30/57 32/32/57 31/31/57
f 32/32/58 30/30/58 33/33/58
f 29/29/59 33/33/59 30/30/59
f 33/33/60 29/29/60 34/34/60
f 35/35/61 34/34/62 29/29/63
f 34/34/64 35/35/65 36/36/66
f 37/37/67 36/36/67 35/35/67
f 36/36/66 38/38/68 34/34/64
f 34/34/69 38/38/69 33/33/69
f 39/39/70 33/33/70 38/38/70
f 33/33/71 39/39/71 32/32/71
f 40/40/72 32/32/72 39/39/72
f 32/32/73 40/40/73 12/12/73
f 12/12/74 40/40/74 41/41/74
f 39/39/75 41/41/75 40/40/75
f 41/41/76 39/39/76 42/42/76
f 38/38/77 42/42/77 39/39/77
f 42/42/78 38/38/78 43/43/78
f 44/44/79 38/38/80 36/36/81
f 38/38/80 44/44/79 43/43/82
f 45/45/83 43/43/83 44/44/83
f 46/46/84 43/43/84 45/45/84
f 43/43/85 46/46/85 42/42/85
f 42/42/86 46/46/86 47/47/86
f 48/48/87 47/47/87 46/46/87
f 47/47/88 48/48/88 49/49/88
f 50/50/89 49/49/89 48/48/89
f 51/51/90 49/49/90 50/50/90
f 49/49/91 51/51/91 12/12/91
f 12/12/92 51/51/92 13/13/92
f 50/50/93 13/13/93 51/51/93
f 1/1/94 13/13/94 50/50/94
f 42/42/95 47/47/95 41/41/95
f 52/52/96 41/41/96 47/47/96
f 41/41/97 52/52/97 12/12/97
f 12/12/98 52/52/98 49/49/98
f 47/47/99 49/49/99 52/52/99
f 53/53/100 54/54/100 45/45/100
f 55/55/101 45/45/101 54/54/102
f 56/56/103 45/45/101 55/55/101
f 45/45/104 56/56/105 46/46/106
f 57/57/107 46/46/106 56/56/105
f 46/46/108 57/57/108 48/48/108
f 58/58/109 48/48/109 57/57/109
f 48/48/110 58/58/110 50/50/110
f 50/50/111 58/58/111 1/1/111
f 59/59/112 1/1/112 58/58/112
f 1/1/113 59/59/113 2/2/113
f 60/60/114 2/2/115 59/59/116
f 2/2/9 60/60/117 10/10/7
f 21/21/118 10/10/119 60/60/120
f 61/61/121 60/60/121 62/62/121
f 59/59/116 62/62/122 60/60/114
f 58/58/123 62/62/124 59/59/125
f 62/62/124 58/58/123 63/63/126
f 64/64/127 63/63/128 58/58/129
f 63/63/128 64/64/127 65/65/130
f 66/66/131 62/62/131 67/67/131
f 63/63/132 67/67/133 62/62/134
f 67/67/133 63/63/132 68/68/135
f 65/65/136 68/68/136 63/63/136
f 68/68/137 65/65/137 69/69/137
f 60/60/120 66/66/138 21/21/118
f 21/21/139 66/66/139 22/22/139
f 70/70/140 22/22/140 66/66/140
f 71/71/141 72/72/141 68/68/141
f 73/73/142 68/68/142 72/72/142
f 68/68/143 73/73/143 67/67/143
f 67/67/144 73/73/145 61/61/146
f 74/74/147 61/61/146 73/73/145
f 75/75/148 76/76/148 77/77/148
f 76/76/149 78/78/149 77/77/149
f 79/79/150 77/77/150 78/78/150
f 77/77/151 79/79/151 80/80/151
f 81/81/152 80/80/152 79/79/152
f 80/80/153 81/81/153 82/82/153
f 83/83/154 82/82/154 81/81/154
f 84/84/155 82/82/155 83/83/155
f 82/82/156 84/84/156 80/80/156
f 85/85/157 80/80/157 84/84/157
f 80/80/158 85/85/158 77/77/158
f 77/77/159 85/85/159 75/75/159
f 84/84/160 75/75/160 85/85/160
f 83/83/161 81/81/161 86/86/161
f 86/86/162 81/81/162 87/87/162
f 79/79/163 87/87/163 81/81/163
f 87/87/164 79/79/164 88/88/164
f 78/78/165 88/88/165 79/79/165
f 88/88/166 78/78/166 89/89/166
f 89/89/167 78/78/167 90/90/167
f 76/76/168 90/90/168 78/78/168
f 91/91/169 90/90/169 76/76/169
f 90/90/170 91/91/170 92/92/170
f 92/92/171 91/91/171 93/93/171
f 93/93/172 91/91/172 94/94/172
f 95/95/173 94/94/173 91/91/173
f 94/94/174 95/95/174 96/96/174
f 95/95/175 97/97/175 96/96/175
f 96/96/176 97/97/176 84/84/176
f 84/84/177 97/97/177 75/75/177
f 95/95/178 75/75/178 97/97/178
f 75/75/179 95/95/179 76/76/179
f 91/91/180 76/76/180 95/95/180
f 98/98/181 93/93/181 99/99/181
f 94/94/182 99/99/182 93/93/182
f 99/99/183 94/94/183 100/100/183
f 96/96/184 100/100/184 94/94/184
f 100/100/185 96/96/185 101/101/185
f 84/84/186 101/101/186 96/96/186
f 102/102/187 101/101/187 84/84/187
f 101/101/188 102/102/188 100/100/188
f 103/103/189 100/100/189 102/102/189
f 100/100/190 103/103/190 99/99/190
f 104/104/191 99/99/191 103/103/191
f 99/99/192 104/104/192 98/98/192
f 104/104/193 103/103/193 105/105/193
f 105/105/194 103/103/194 106/106/194
f 102/102/195 106/106/195 103/103/195
f 106/106/196 102/102/196 107/107/196
f 84/84/197 107/107/197 102/102/197
f 108/108/198 107/107/198 84/84/198
f 107/107/199 108/108/199 106/106/199
f 109/109/200 106/106/200 108/108/200
f 106/106/201 109/109/201 105/105/201
f 105/105/202 109/109/202 110/110/202
f 110/110/203 109/109/203 111/111/203
f 112/112/204 111/111/204 109/109/204
f 111/111/205 112/112/205 86/86/205
f 83/83/206 86/86/206 112/112/206
f 109/109/207 108/108/207 112/112/207
f 113/113/208 112/112/208 108/108/208
f 112/112/209 113/113/209 83/83/209
f 83/83/210 113/113/210 84/84/210
f 108/108/211 84/84/211 113/113/211
f 114/114/212 105/105/212 115/115/212
f 110/110/213 115/115/214 105/105/215
f 116/116/216 115/115/214 110/110/213
f 117/117/217 115/115/217 116/116/217
f 115/115/218 117/117/218 118/118/218
f 119/119/219 120/120/219 121/121/219
f 121/121/220 120/120/220 122/122/220
f 98/98/221 122/122/221 120/120/221
f 122/122/222 98/98/222 123/123/222
f 104/104/223 123/123/223 98/98/223
f 115/115/224 123/123/224 104/104/224
f 123/123/225 115/115/225 122/122/225
f 118/118/226 122/122/226 115/115/226
f 122/122/227 118/118/227 121/121/227
f 121/121/228 118/118/228 124/124/228
f 124/124/229 118/118/230 125/125/230
f 117/117/231 125/125/230 118/118/230
f 125/125/232 117/117/232 126/126/232
f 127/127/233 128/128/233 129/129/233
f 130/130/234 129/129/234 128/128/234
f 129/129/235 130/130/236 98/98/237
f 131/131/238 98/98/237 130/130/236
f 98/98/239 131/131/239 93/93/239
f 93/93/240 131/131/240 92/92/240
f 130/130/241 92/92/241 131/131/241
f 92/92/242 130/130/242 132/132/242
f 128/128/243 132/132/244 130/130/245
f 133/133/246 132/132/244 128/128/243
f 132/132/247 133/133/247 134/134/247
f 135/135/248 136/136/248 137/137/248
f 137/137/249 136/136/250 138/138/251
f 139/139/252 138/138/251 136/136/250
f 138/138/253 139/139/253 140/140/253
f 140/140/254 139/139/255 92/92/256
f 141/141/257 92/92/256 139/139/255
f 92/92/258 141/141/258 90/90/258
f 90/90/259 141/141/259 89/89/259
f 139/139/260 89/89/260 141/141/260
f 136/136/261 89/89/261 139/139/261
f 89/89/262 136/136/263 142/142/264
f 143/143/265 142/142/265 136/136/265
f 142/142/266 143/143/266 144/144/266
f 145/145/267 144/144/267 143/143/267
f 144/144/268 146/146/268 142/142/268
f 147/147/269 142/142/269 146/146/269
f 142/142/264 147/147/270 89/89/262
f 89/89/271 147/147/271 88/88/271
f 146/146/272 88/88/273 147/147/274
f 88/88/273 146/146/272 87/87/275
f 148/148/276 87/87/277 146/146/278
f 87/87/279 148/148/279 86/86/279
f 86/86/280 148/148/280 111/111/280
f 149/149/281 111/111/281 148/148/281
f 111/111/282 149/149/282 150/150/282
f 150/150/283 149/149/283 151/151/283
f 151/151/284 149/149/284 152/152/284
f 153/153/285 152/152/285 149/149/285
f 154/154/286 155/155/286 156/156/286
f 157/157/287 156/156/287 155/155/287
f 156/156/288 157/157/289 146/146/290
f 158/158/291 146/146/290 157/157/289
f 146/146/278 158/158/292 148/148/276
f 148/148/293 158/158/293 149/149/293
f 157/157/294 149/149/294 158/158/294
f 149/149/295 157/157/295 153/153/295
f 155/155/296 153/153/296 157/157/296
f 159/159/297 153/153/297 155/155/297
f 153/153/298 159/159/298 160/160/298
f 161/161/299 162/162/299 163/163/299
f 164/164/300 163/163/300 162/162/300
f 165/165/301 163/163/301 164/164/301
f 163/163/302 165/165/303 24/24/304
f 29/29/63 24/24/305 35/35/61
f 165/165/303 35/35/306 24/24/304
f 35/35/307 165/165/307 166/166/307
f 164/164/308 166/166/308 165/165/308
f 166/166/309 164/164/309 167/167/309
f 168/168/310 169/169/310 170/170/310
f 171/171/311 170/170/311 169/169/311
f 170/170/312 171/171/313 36/36/314
f 36/36/314 171/171/313 44/44/315
f 44/44/316 171/171/316 54/54/316
f 169/169/317 54/54/318 171/171/319
f 172/172/320 54/54/318 169/169/317
f 173/173/321 54/54/321 172/172/321
f 54/54/322 173/173/322 55/55/322
f 174/174/323 55/55/323 173/173/323
o rg_56_0.002
v -0.033392 0.717111 0.120322
v -0.039741 0.727001 0.099872
v -0.022831 0.696111 0.111471
v -0.024480 0.693486 0.093401
v 0.000000 0.692082 0.105366
v 0.034369 0.664367 0.064099
v -0.000488 0.663085 0.075209
v 0.002991 0.649777 0.068372
v 0.000122 0.676638 0.078750
v -0.034430 0.679324 0.073195
v -0.030889 0.685611 0.081802
v -0.054148 0.714975 0.059093
v -0.045113 0.711678 0.076430
v -0.020512 0.704047 0.134180
v -0.033026 0.717783 0.127587
v -0.022587 0.697027 0.118247
v 0.008180 -0.099506 -0.007997
v 0.000122 -0.102436 -0.004395
v 0.000122 -0.119590 -0.001099
v -0.007875 -0.099506 -0.007997
v -0.039131 0.641658 0.051157
v 0.000244 0.629143 0.064953
v 0.002991 0.645931 0.064831
v 0.039619 0.641658 0.051157
v 0.034308 0.660460 0.060497
v -0.058177 0.689946 0.043892
v -0.063916 0.658324 0.029119
v -0.060497 0.632745 0.013430
v -0.039192 0.622490 0.043099
v 0.000122 0.612905 0.055247
v 0.039497 0.621696 0.042977
v 0.062206 0.631585 0.021977
v 0.064160 0.658324 0.029119
v 0.054820 0.617972 0.023686
v 0.039436 0.614798 0.041756
v 0.000122 0.606068 0.051523
v -0.039192 0.614798 0.041756
v -0.054514 0.617972 0.023686
v -0.039619 0.604420 0.040840
v -0.039741 0.586289 0.044137
v 0.000122 0.595568 0.050669
v 0.000122 0.577804 0.055980
v 0.039985 0.586289 0.044137
v 0.039863 0.604420 0.040840
v 0.055369 0.607655 0.022587
v 0.067029 0.585617 0.006593
v 0.072157 0.560833 0.006715
v 0.040230 0.551431 0.038948
v 0.000122 0.533667 0.053904
v -0.039985 0.553324 0.038948
v -0.071913 0.560833 0.006715
v -0.066785 0.585617 0.005799
v -0.055125 0.607655 0.022587
v 0.036017 0.125755 -0.011721
v 0.043160 0.136316 -0.005983
v 0.043160 0.136316 -0.005983
v 0.043160 0.136316 -0.005983
v 0.043160 0.136316 -0.005983
v 0.037849 0.141139 -0.004456
v 0.032965 0.351505 0.028081
v 0.032171 0.391246 0.025884
v 0.000122 0.373176 0.034430
v -0.057384 0.414444 -0.000183
v -0.054270 0.369086 -0.011904
v -0.031866 0.393016 0.025884
v -0.030523 0.351505 0.028081
v 0.000122 0.343447 0.039314
v 0.029058 0.313107 0.022953
v 0.049020 0.334168 -0.003907
v 0.054514 0.370673 -0.012331
v 0.057628 0.414444 -0.000183
v -0.048776 0.330505 -0.003907
v -0.028814 0.313107 0.022953
v 0.000122 0.298272 0.033331
v 0.028692 0.177706 0.020695
v 0.027532 0.217569 0.015506
v 0.000122 0.203406 0.023198
v -0.045907 0.241194 -0.009035
v -0.041145 0.182528 -0.014468
v -0.027288 0.221232 0.015506
v -0.028509 0.177706 0.020695
v 0.000122 0.174837 0.024235
v 0.023381 0.122581 0.013125
v 0.037849 0.141139 -0.004456
v 0.041450 0.177767 -0.014712
v 0.046151 0.238264 -0.009035
v -0.037543 0.143947 -0.004456
v -0.023137 0.124412 0.013125
v 0.000122 0.105305 0.017398
v 0.064160 0.658324 0.029119
v 0.058849 0.691777 0.043038
v 0.039619 0.641658 0.051157
v 0.034308 0.660460 0.060497
v 0.002991 0.645931 0.064831
v -0.034064 0.660460 0.060497
v -0.039131 0.641658 0.051157
v -0.058177 0.689946 0.043892
v -0.025151 0.033453 -0.006105
v -0.019352 -0.024907 -0.006593
v -0.016238 0.021488 0.005006
v -0.012637 -0.035468 0.002442
v 0.000305 0.004090 0.008119
v -0.000305 -0.048654 0.003846
v 0.000305 0.004090 0.008119
v 0.012209 -0.035773 0.002442
v 0.017154 0.021061 0.005067
v 0.017581 -0.024785 -0.006349
v 0.026372 0.032843 -0.006044
v 0.008180 -0.099506 -0.007997
v 0.012209 -0.050974 -0.001831
v 0.000122 -0.102436 -0.004395
v 0.000122 -0.063671 -0.001160
v -0.011904 -0.050974 -0.001831
v -0.007875 -0.099506 -0.007997
v 0.002991 0.649777 0.068372
v -0.000488 0.663085 0.075209
v -0.034125 0.664367 0.064099
v -0.034430 0.679324 0.073195
v -0.057994 0.700018 0.049448
v -0.054148 0.714975 0.059093
v 0.051706 0.714547 0.059887
v 0.031195 0.685611 0.081802
v 0.033392 0.679324 0.073195
v 0.000122 0.676638 0.078750
v 0.034369 0.664367 0.064099
v 0.058238 0.700018 0.049448
v 0.000122 0.458153 0.045235
v 0.034064 0.442220 0.033820
v 0.036139 0.472499 0.030706
v 0.061413 0.457420 -0.012087
v 0.068189 0.480923 -0.003541
v 0.057017 0.426042 0.000733
v 0.031805 0.403089 0.026555
v 0.000122 0.430987 0.045785
v -0.033881 0.442952 0.033881
v -0.035895 0.472499 0.030706
v -0.067945 0.480923 -0.003541
v -0.062389 0.454612 -0.009401
v -0.031561 0.404859 0.026555
v -0.056712 0.426042 0.000733
v 0.000122 0.385080 0.034980
v -0.031805 0.074782 -0.015689
v -0.026799 0.049875 -0.010012
v -0.020145 0.066663 0.014102
v -0.017337 0.033698 0.004151
v 0.000183 0.065564 0.018192
v 0.000183 0.017398 0.007570
v 0.017764 0.033698 0.004151
v -0.036689 0.127160 -0.012514
v -0.022526 0.111226 0.009523
v 0.000183 0.094561 0.014956
v 0.020573 0.066663 0.014102
v 0.027288 0.049875 -0.010012
v 0.032232 0.074782 -0.012759
v 0.036017 0.125755 -0.011721
v 0.023014 0.109761 0.009523
v -0.072218 0.553568 0.005799
v -0.070203 0.490935 -0.003846
v -0.040168 0.545937 0.038154
v -0.037055 0.482266 0.031500
v 0.000122 0.526281 0.053232
v 0.000122 0.467371 0.046456
v 0.037299 0.482266 0.031500
v 0.040413 0.544106 0.038154
v 0.070447 0.490935 -0.003846
v 0.072523 0.553568 0.005799
v -0.048532 0.318112 -0.004273
v -0.044869 0.253098 -0.007814
v -0.028631 0.300836 0.022465
v -0.026677 0.233624 0.016177
v 0.000122 0.286063 0.032782
v 0.000122 0.216165 0.023686
v 0.026921 0.230023 0.016177
v 0.028936 0.300836 0.022465
v 0.045113 0.250229 -0.007814
v 0.048776 0.321775 -0.004273
v -0.020512 0.704047 0.134180
v -0.024113 0.714486 0.150724
v -0.033026 0.717783 0.127587
v -0.022587 0.697027 0.118247
v 0.000000 0.693059 0.109761
v 0.000244 0.699286 0.129479
v 0.020817 0.703620 0.135096
v 0.022587 0.697027 0.118247
v 0.031683 0.718515 0.123863
v 0.031195 0.685611 0.081802
v 0.051706 0.714547 0.059887
v 0.044503 0.711373 0.076003
v -0.024480 0.693486 0.093401
v 0.000000 0.689946 0.094073
v 0.000000 0.692082 0.105366
v 0.024602 0.693486 0.093401
v 0.022953 0.696111 0.112264
v 0.032171 0.717844 0.117942
v 0.039680 0.728222 0.095416
v 0.044137 0.713815 0.080948
v 0.030889 0.688175 0.086686
v 0.000061 0.679263 0.083634
v -0.030767 0.688175 0.086686
v -0.044869 0.714059 0.081375
v -0.039741 0.727001 0.099872
v -0.021183 0.711251 0.154936
v -0.018070 0.702338 0.140163
v -0.011843 0.696294 0.153776
v 0.000305 0.699225 0.135889
v 0.000305 0.695318 0.144436
v 0.000000 0.694890 0.150174
v 0.012576 0.696294 0.153776
v 0.018741 0.702338 0.140163
v 0.021061 0.710152 0.155912
vt -0.885742 -3.029297
vt -0.947754 -3.476807
vt -0.763184 -3.315186
vt -0.774170 -3.755615
vt -0.503174 -3.455566
vt -1.245361 -1.919922
vt -1.510742 -1.705566
vt -1.481689 -2.015625
vt -1.503906 -1.392334
vt -1.747070 -1.512207
vt -1.770752 -1.265381
vt -1.975342 -1.302734
vt -1.893799 -1.015625
vt 0.188721 0.562012
vt 0.000000 0.375000
vt 0.166260 0.181396
vt 0.973389 4.198730
vt 0.503906 4.166016
vt 0.498779 3.984375
vt 0.039062 4.197021
vt 0.770508 -2.542725
vt 0.455810 -2.631348
vt 0.434570 -2.354248
vt 0.155518 -2.570557
vt 0.192383 -2.296387
vt 0.901611 -2.072510
vt 0.975342 -2.454590
vt 0.935791 -2.838379
vt 0.775391 -2.812744
vt 0.461914 -2.875488
vt 0.161133 -2.851074
vt 0.023682 -2.818115
vt -0.006836 -2.499756
vt 0.051514 -3.002686
vt 0.161865 -2.938721
vt 0.463867 -2.976807
vt 0.775879 -2.910889
vt 0.905029 -2.963867
vt 0.221680 1.963135
vt 0.220459 1.710693
vt 0.496582 1.952148
vt 0.496338 1.610596
vt 0.773926 1.712158
vt 0.773193 1.964600
vt 0.882080 1.979248
vt 0.963623 1.653320
vt 1.000000 1.286377
vt 0.803223 1.145996
vt 0.496338 0.979492
vt 0.200928 1.168213
vt 0.000000 1.283691
vt 0.034912 1.650879
vt 0.115234 1.977295
vt 0.762451 0.794189
vt 0.763428 0.786621
vt 0.754394 0.789795
vt 0.763428 0.786621
vt 0.754394 0.789795
vt 0.763672 0.778076
vt 2.215576 -1.582031
vt 2.222168 -1.231689
vt 2.502686 -1.384766
vt 2.995361 -1.053223
vt 2.967041 -1.501709
vt 2.779297 -1.217285
vt 2.768066 -1.583496
vt 2.503662 -1.643555
vt 2.248535 -1.928223
vt 2.069092 -1.766846
vt 2.021484 -1.499023
vt 1.995361 -1.050537
vt 2.919922 -1.802002
vt 2.751953 -1.929688
vt 2.502441 -2.020508
vt -1.180176 1.501709
vt -1.194580 1.796631
vt -1.489990 1.696045
vt -2.000977 1.958496
vt -1.979736 1.485107
vt -1.790527 1.825195
vt -1.802002 1.502930
vt -1.489502 1.483154
vt -1.240479 1.084473
vt -1.064453 1.210938
vt -1.026123 1.483398
vt -1.000977 1.934570
vt -1.939941 1.233643
vt -1.746094 1.098633
vt -1.491943 0.988525
vt -0.006836 -2.499756
vt 0.020264 -2.089844
vt 0.155518 -2.570557
vt 0.192383 -2.296387
vt 0.434570 -2.354248
vt 0.726074 -2.271973
vt 0.770508 -2.542725
vt 0.901611 -2.072510
vt -1.005859 -4.030029
vt -0.886231 -4.862793
vt -0.834961 -4.151611
vt -0.758301 -4.870361
vt -0.498047 -4.159668
vt -0.508057 -5.030029
vt -0.498047 -4.159668
vt -0.249023 -4.871094
vt -0.150391 -4.152832
vt -0.099121 -4.864014
vt 0.047119 -4.031738
vt 0.973389 4.198730
vt 1.000000 4.925049
vt 0.503906 4.166016
vt 0.498779 4.842773
vt 0.000000 4.922607
vt 0.039062 4.197021
vt -1.481689 -2.015625
vt -1.510742 -1.705566
vt -1.746338 -1.887695
vt -1.747070 -1.512207
vt -2.010498 -1.685791
vt -1.975342 -1.302734
vt -1.026123 -1.332031
vt -1.236328 -1.294678
vt -1.251953 -1.544189
vt -1.503906 -1.392334
vt -1.245361 -1.919922
vt -1.010498 -1.740479
vt 3.503418 -2.104980
vt 3.765625 -2.487061
vt 3.782227 -2.087891
vt 3.967773 -2.347412
vt 3.999023 -2.081055
vt 3.933838 -2.691162
vt 3.746094 -2.901123
vt 3.501709 -2.589600
vt 3.226074 -2.480713
vt 3.272461 -2.106689
vt 3.001709 -2.078369
vt 2.978271 -2.347900
vt 3.242920 -2.891357
vt 3.012451 -2.753418
vt 3.498535 -3.027100
vt -0.989990 3.467529
vt -0.922363 3.241699
vt -0.792725 3.370117
vt -0.752930 3.084229
vt -0.513184 3.356445
vt -0.511475 2.992676
vt -0.269287 3.083984
vt -1.016357 3.935303
vt -0.825195 3.863525
vt -0.512695 3.841797
vt -0.232178 3.369629
vt -0.104004 3.241211
vt -0.035645 3.466797
vt -0.016357 3.921875
vt -0.198486 3.850342
vt 1.034668 -3.104492
vt 1.005615 -3.754883
vt 1.212158 -3.057617
vt 1.234619 -3.878174
vt 1.487793 -3.062012
vt 1.500977 -4.035889
vt 1.760498 -3.875244
vt 1.768555 -3.062500
vt 1.950195 -3.752441
vt 1.962891 -3.074707
vt 0.982910 3.928467
vt 1.020752 3.279541
vt 1.186035 3.860352
vt 1.206543 3.125732
vt 1.481689 3.844238
vt 1.481934 2.965332
vt 1.757568 3.090576
vt 1.777832 3.860596
vt 1.945313 3.251709
vt 1.982910 3.965332
vt 0.188721 0.562012
vt 0.122803 0.949219
vt 0.000000 0.375000
vt 0.166260 0.181396
vt 0.519775 0.000000
vt 0.511719 0.472168
vt 0.825684 0.622559
vt 0.863037 0.223633
vt 1.000000 0.343506
vt -1.236328 -1.294678
vt -1.026123 -1.332031
vt -1.095215 -1.055176
vt -0.774170 -3.755615
vt -0.498291 -3.731445
vt -0.503174 -3.455566
vt -0.221680 -3.710938
vt -0.248779 -3.255127
vt -0.147705 -3.022461
vt -0.053955 -3.505859
vt 0.002197 -3.903564
vt -0.148682 -3.885742
vt -0.493408 -4.022461
vt -0.841553 -3.941895
vt -0.997559 -3.972656
vt -0.947754 -3.476807
vt -4.003906 0.797363
vt -3.920166 0.154053
vt -3.777100 0.952881
vt -3.482910 0.000000
vt -3.485107 0.525146
vt -3.494629 0.831299
vt -3.197754 0.966309
vt -3.048096 0.174072
vt -3.028564 0.842285
vn -0.8838 -0.4653 0.0494
vn -0.8898 -0.4330 0.1441
vn -0.1316 -0.9792 0.1543
vn 0.2940 -0.3748 0.8792
vn -0.1723 -0.2417 0.9549
vn -0.1598 -0.7647 0.6243
vn -0.8187 -0.2479 0.5179
vn -0.8461 -0.3860 0.3676
vn -0.7708 -0.5399 0.3382
vn 0.3473 0.1769 0.9209
vn -0.3496 0.1768 0.9201
vn -0.3136 0.0582 0.9478
vn 0.3442 -0.0495 0.9376
vn 0.2894 -0.3590 0.8873
vn -0.7191 -0.1827 0.6705
vn -0.7442 -0.4187 0.5204
vn -0.8269 -0.2157 0.5193
vn -0.3546 -0.3614 0.8624
vn -0.4206 -0.4632 0.7801
vn 0.3569 -0.4812 0.8006
vn 0.4067 -0.3485 0.8445
vn 0.7144 -0.2690 0.6459
vn 0.7312 -0.2254 0.6438
vn 0.7462 -0.3324 0.5769
vn 0.7031 -0.1300 0.6991
vn 0.2730 -0.1700 0.9469
vn 0.3556 -0.4471 0.8208
vn -0.3617 -0.4459 0.8187
vn -0.2722 -0.1655 0.9479
vn -0.8241 -0.0974 0.5581
vn -0.7399 0.1548 0.6546
vn -0.1991 0.1766 0.9639
vn -0.2183 0.2795 0.9350
vn 0.2183 0.2795 0.9350
vn 0.1991 0.1766 0.9639
vn 0.7659 -0.0593 0.6402
vn 0.8074 0.1108 0.5796
vn 0.8012 0.1686 0.5741
vn 0.7211 -0.0970 0.6860
vn 0.3089 -0.1379 0.9410
vn 0.3660 -0.0437 0.9296
vn -0.3678 -0.0437 0.9289
vn -0.3101 -0.1456 0.9395
vn -0.7186 -0.1029 0.6878
vn -0.8042 0.1872 0.5640
vn -0.8131 0.1094 0.5717
vn -0.7666 -0.0797 0.6371
vn 0.0000 0.0000 1.0000
vn 0.2264 0.0583 0.9723
vn -0.7787 -0.2066 0.5925
vn -0.8600 -0.0008 0.5104
vn -0.2324 0.0439 0.9716
vn -0.3040 0.1544 0.9401
vn 0.2853 0.1554 0.9457
vn 0.3542 -0.1591 0.9215
vn 0.8471 -0.1541 0.5087
vn 0.8874 -0.0274 0.4602
vn 0.8726 0.0443 0.4863
vn 0.7877 -0.2162 0.5769
vn -0.8632 -0.0183 0.5046
vn -0.8305 -0.1099 0.5461
vn -0.3729 -0.1391 0.9174
vn -0.3895 -0.1209 0.9131
vn 0.3895 -0.1209 0.9131
vn 0.2039 0.1322 0.9700
vn -0.8349 -0.1176 0.5378
vn -0.9360 0.0675 0.3456
vn -0.1942 0.1215 0.9734
vn -0.1191 0.0360 0.9922
vn 0.1193 0.0360 0.9922
vn 0.1362 -0.1476 0.9796
vn 0.8362 -0.1529 0.5267
vn 0.9408 0.0024 0.3390
vn 0.9384 0.0713 0.3382
vn 0.8358 -0.1153 0.5368
vn -0.9411 -0.0001 0.3382
vn -0.8426 -0.1581 0.5148
vn -0.1363 -0.1528 0.9788
vn -0.2545 -0.0946 0.9624
vn 0.2476 -0.0948 0.9642
vn 0.7190 -0.1666 0.6747
vn 0.6949 -0.1528 0.7027
vn -0.2515 -0.3754 0.8921
vn -0.6884 -0.1653 0.7062
vn -0.8204 -0.0862 0.5652
vn -0.8413 -0.0773 0.5350
vn -0.2442 -0.0590 0.9679
vn -0.1937 -0.0770 0.9780
vn 0.1935 -0.0814 0.9777
vn 0.2416 -0.0657 0.9682
vn 0.8990 -0.0979 0.4269
vn 0.8261 -0.1289 0.5486
vn 0.4482 -0.1492 0.8814
vn 0.1413 -0.0823 0.9865
vn -0.1420 -0.0823 0.9864
vn -0.4510 -0.1492 0.8799
vn -0.2893 -0.4962 0.8186
vn -0.2887 -0.5007 0.8161
vn -0.2892 -0.4974 0.8179
vn -0.2885 -0.5018 0.8155
vn -0.7976 -0.3252 0.5080
vn -0.7746 -0.1898 0.6033
vn 0.8582 -0.2848 0.4271
vn 0.1643 -0.7761 0.6088
vn 0.1793 -0.2562 0.9498
vn 0.2817 -0.4851 0.8279
vn 0.7763 -0.2897 0.5598
vn 0.7419 -0.1379 0.6561
vn 0.3482 0.0723 0.9346
vn 0.8600 -0.0065 0.5102
vn 0.7137 -0.4118 0.5666
vn 0.5818 0.2364 0.7782
vn 0.8703 -0.1380 0.4728
vn 0.3817 -0.1900 0.9045
vn 0.3268 0.0191 0.9449
vn -0.3244 0.0191 0.9457
vn -0.3465 0.0768 0.9349
vn -0.7269 0.0242 0.6863
vn -0.8344 -0.2817 0.4737
vn -0.8438 -0.1505 0.5152
vn -0.6522 0.1350 0.7460
vn -0.3849 -0.1969 0.9017
vn -0.3729 -0.2126 0.9032
vn 0.3626 -0.2135 0.9072
vn -0.9353 -0.1115 0.3357
vn -0.9033 -0.1927 0.3834
vn -0.2037 -0.2988 0.9323
vn -0.3641 -0.2006 0.9095
vn 0.3630 -0.2007 0.9099
vn -0.8705 -0.1102 0.4797
vn -0.9323 -0.0127 0.3614
vn -0.1674 0.0919 0.9816
vn -0.1904 0.1089 0.9756
vn 0.1899 0.1089 0.9758
vn 0.2031 -0.2988 0.9324
vn 0.9021 -0.1933 0.3858
vn 0.9229 -0.1438 0.3571
vn 0.9229 -0.0762 0.3775
vn 0.8503 0.0078 0.5263
vn 0.1705 0.0946 0.9808
vn -0.7195 -0.1282 0.6825
vn -0.7381 -0.1057 0.6663
vn -0.3967 -0.1146 0.9108
vn -0.4069 -0.1044 0.9075
vn 0.4069 -0.1044 0.9075
vn 0.3934 -0.1179 0.9118
vn 0.7383 -0.1088 0.6657
vn 0.7224 -0.1286 0.6794
vn -0.8230 -0.0770 0.5628
vn -0.8233 -0.0767 0.5624
vn -0.8231 -0.0769 0.5626
vn -0.8234 -0.0765 0.5623
vn -0.3800 -0.0971 0.9199
vn -0.3403 -0.1213 0.9324
vn 0.3258 -0.1220 0.9375
vn 0.3774 -0.0926 0.9214
vn 0.8235 -0.0734 0.5626
vn 0.8265 -0.0700 0.5585
vn -0.7709 -0.6009 0.2113
vn -0.0088 -0.9147 0.4041
vn -0.1484 -0.9425 0.2995
vn 0.1183 -0.9473 0.2977
vn 0.0256 -0.9300 0.3666
vn 0.8629 -0.4333 0.2602
vn 0.8704 -0.3789 0.3144
vn -0.1456 -0.9721 0.1839
vn 0.1449 -0.9722 0.1839
vn 0.1278 -0.9807 0.1477
vn 0.9041 -0.4126 0.1113
vn 0.9060 -0.4011 0.1350
vn 0.7357 -0.3529 0.5781
vn 0.6490 -0.1694 0.7417
vn 0.1371 -0.7105 0.6902
vn 0.1192 -0.6936 0.7105
vn -0.1199 -0.6942 0.7097
vn -0.1371 -0.7105 0.6902
vn -0.6356 -0.1929 0.7476
vn -0.7411 -0.4360 0.5105
vn -0.8341 -0.5321 0.1453
vn -0.2278 -0.9243 -0.3062
vn -0.3655 -0.8465 -0.3870
vn -0.1416 -0.9866 -0.0811
vn 0.1296 -0.9893 -0.0669
vn 0.3624 -0.8477 -0.3875
vn 0.2273 -0.9241 -0.3073
vn 0.8344 -0.5327 0.1414
usemtl texturefile_505
s 1
f 175/175/324 176/176/324 177/177/324
f 178/178/325 177/177/325 176/176/325
f 177/177/326 178/178/326 179/179/326
f 180/180/327 181/181/327 182/182/327
f 181/181/328 183/183/328 184/184/328
f 185/185/329 184/184/329 183/183/329
f 184/184/330 185/185/330 186/186/330
f 187/187/331 186/186/331 185/185/331
f 188/188/332 189/189/332 190/190/332
f 191/191/333 192/192/333 193/193/333
f 194/194/334 193/193/334 192/192/334
f 195/195/335 196/196/335 197/197/335
f 198/198/336 197/197/336 196/196/336
f 197/197/337 198/198/337 199/199/337
f 200/200/338 201/201/338 195/195/338
f 202/202/339 195/195/339 201/201/339
f 203/203/340 195/195/340 202/202/340
f 204/204/341 195/195/341 203/203/341
f 195/195/342 204/204/342 196/196/342
f 205/205/343 196/196/343 204/204/343
f 196/196/344 205/205/344 198/198/344
f 206/206/345 198/198/345 205/205/345
f 198/198/346 206/206/346 207/207/346
f 208/208/347 206/206/347 209/209/347
f 205/205/348 209/209/348 206/206/348
f 209/209/349 205/205/349 210/210/349
f 204/204/350 210/210/350 205/205/350
f 203/203/351 210/210/351 204/204/351
f 210/210/352 203/203/352 211/211/352
f 202/202/353 211/211/353 203/203/353
f 211/211/354 202/202/354 212/212/354
f 213/213/355 214/214/355 215/215/355
f 216/216/356 215/215/356 214/214/356
f 217/217/357 215/215/357 216/216/357
f 215/215/358 217/217/358 218/218/358
f 219/219/359 218/218/359 220/220/359
f 217/217/360 220/220/360 218/218/360
f 220/220/361 217/217/361 221/221/361
f 221/221/362 217/217/362 222/222/362
f 216/216/363 222/222/363 217/217/363
f 222/222/364 216/216/364 223/223/364
f 223/223/365 216/216/365 224/224/365
f 214/214/366 224/224/366 216/216/366
f 224/224/367 214/214/367 225/225/367
f 225/225/368 214/214/368 226/226/368
f 213/213/369 226/226/369 214/214/369
f 226/226/370 213/213/370 227/227/370
f 228/228/371 229/229/371 230/230/371
f 231/231/371 232/232/371 233/233/371
f 234/234/372 235/235/372 236/236/372
f 237/237/373 238/238/373 239/239/373
f 240/240/374 239/239/374 238/238/374
f 239/239/375 240/240/375 236/236/375
f 241/241/376 236/236/376 240/240/376
f 236/236/377 241/241/377 234/234/377
f 242/242/378 234/234/378 241/241/378
f 243/243/379 234/234/379 242/242/379
f 244/244/380 234/234/380 243/243/380
f 234/234/381 244/244/381 235/235/381
f 245/245/382 235/235/382 244/244/382
f 238/238/383 246/246/383 240/240/383
f 247/247/384 240/240/384 246/246/384
f 240/240/385 247/247/385 241/241/385
f 248/248/386 241/241/386 247/247/386
f 241/241/387 248/248/387 242/242/387
f 249/249/388 250/250/388 251/251/388
f 252/252/389 253/253/389 254/254/389
f 255/255/390 254/254/390 253/253/390
f 254/254/391 255/255/391 251/251/391
f 256/256/392 251/251/392 255/255/392
f 251/251/393 256/256/393 249/249/393
f 257/257/394 249/249/394 256/256/394
f 258/258/395 249/249/395 257/257/395
f 259/259/396 249/249/396 258/258/396
f 249/249/397 259/259/397 250/250/397
f 260/260/398 250/250/398 259/259/398
f 253/253/399 261/261/399 255/255/399
f 262/262/400 255/255/400 261/261/400
f 255/255/401 262/262/401 256/256/401
f 263/263/402 256/256/402 262/262/402
f 256/256/403 263/263/403 257/257/403
f 264/264/404 265/265/404 266/266/404
f 267/267/405 266/266/405 265/265/405
f 268/268/406 269/269/406 270/270/406
f 271/271/407 270/270/407 269/269/407
f 272/272/408 273/273/408 274/274/408
f 275/275/409 274/274/409 273/273/409
f 274/274/410 275/275/410 276/276/410
f 275/275/411 277/277/411 278/278/411
f 279/279/412 278/278/412 277/277/412
f 278/278/413 279/279/413 280/280/413
f 281/281/414 280/280/414 279/279/414
f 280/280/415 281/281/415 282/282/415
f 283/283/416 284/284/416 285/285/416
f 286/286/417 285/285/417 284/284/417
f 287/287/418 285/285/418 286/286/418
f 285/285/419 287/287/419 288/288/419
f 289/289/420 290/290/421 291/291/422
f 292/292/423 291/291/422 290/290/421
f 291/291/424 292/292/424 293/293/424
f 294/294/425 293/293/425 292/292/425
f 295/295/426 296/296/426 297/297/426
f 298/298/427 297/297/427 296/296/427
f 290/290/428 297/297/428 298/298/428
f 299/299/429 297/297/429 290/290/429
f 300/300/430 297/297/430 299/299/430
f 297/297/431 300/300/431 295/295/431
f 301/301/432 302/302/432 303/303/432
f 304/304/433 303/303/433 302/302/433
f 303/303/434 304/304/434 305/305/434
f 306/306/435 304/304/435 307/307/435
f 302/302/436 307/307/436 304/304/436
f 307/307/437 302/302/437 308/308/437
f 301/301/438 308/308/438 302/302/438
f 308/308/439 301/301/439 309/309/439
f 310/310/440 309/309/440 301/301/440
f 311/311/441 309/309/441 310/310/441
f 312/312/442 309/309/442 311/311/442
f 309/309/443 312/312/443 313/313/443
f 314/314/444 313/313/444 312/312/444
f 309/309/445 313/313/445 308/308/445
f 315/315/446 308/308/446 313/313/446
f 308/308/447 315/315/447 307/307/447
f 316/316/448 317/317/448 318/318/448
f 319/319/449 318/318/449 317/317/449
f 318/318/450 319/319/450 320/320/450
f 321/321/451 320/320/451 319/319/451
f 320/320/452 321/321/452 322/322/452
f 323/323/453 316/316/453 324/324/453
f 318/318/454 324/324/454 316/316/454
f 324/324/455 318/318/455 325/325/455
f 320/320/456 325/325/456 318/318/456
f 325/325/457 320/320/457 326/326/457
f 322/322/458 326/326/458 320/320/458
f 327/327/459 326/326/459 322/322/459
f 328/328/460 326/326/460 327/327/460
f 329/329/461 326/326/461 328/328/461
f 330/330/462 326/326/462 329/329/462
f 326/326/463 330/330/463 325/325/463
f 331/331/464 332/332/464 333/333/464
f 334/334/465 333/333/465 332/332/465
f 333/333/466 334/334/466 335/335/466
f 336/336/467 335/335/467 334/334/467
f 337/337/468 335/335/468 336/336/468
f 335/335/469 337/337/469 338/338/469
f 339/339/470 338/338/470 337/337/470
f 338/338/471 339/339/471 340/340/471
f 341/341/472 342/342/473 343/343/474
f 344/344/475 343/343/474 342/342/473
f 343/343/476 344/344/476 345/345/476
f 346/346/477 345/345/477 344/344/477
f 347/347/478 345/345/478 346/346/478
f 345/345/479 347/347/479 348/348/479
f 349/349/480 348/348/480 347/347/480
f 348/348/481 349/349/481 350/350/481
f 351/351/482 352/352/482 353/353/482
f 354/354/483 355/355/483 351/351/483
f 351/351/484 355/355/484 356/356/484
f 356/356/485 355/355/485 357/357/485
f 358/358/486 357/357/486 355/355/486
f 357/357/487 358/358/487 359/359/487
f 360/360/488 361/361/488 362/362/488
f 363/363/489 364/364/489 365/365/489
f 366/366/490 365/365/490 364/364/490
f 365/365/491 366/366/491 367/367/491
f 368/368/492 367/367/492 369/369/492
f 366/366/493 369/369/493 367/367/493
f 369/369/494 366/366/494 370/370/494
f 370/370/495 366/366/495 371/371/495
f 371/371/496 366/366/496 372/372/496
f 364/364/497 372/372/497 366/366/497
f 363/363/498 372/372/498 364/364/498
f 372/372/499 363/363/499 373/373/499
f 373/373/500 363/363/500 374/374/500
f 375/375/501 374/374/501 363/363/501
f 376/376/502 377/377/502 378/378/502
f 379/379/503 378/378/503 377/377/503
f 380/380/504 378/378/504 379/379/504
f 378/378/505 380/380/505 381/381/505
f 381/381/506 380/380/506 382/382/506
f 379/379/507 382/382/507 380/380/507
f 383/383/508 382/382/508 379/379/508
f 382/382/509 383/383/509 384/384/509
o rg_56_0.001
v 0.148281 0.868079 0.052195
v 0.162994 0.856114 0.043343
v 0.141688 0.841035 0.044625
v 0.172151 0.840852 0.040413
v 0.209206 1.044747 0.153471
v 0.184604 1.023991 0.139491
v 0.198950 1.035529 0.127892
v 0.262194 1.016605 0.096881
v 0.275624 1.049509 0.134180
v 0.278432 1.061535 0.153898
v 0.341066 1.067395 0.128258
v 0.342714 1.074293 0.141689
v 0.419938 1.084061 0.127160
v 0.337586 1.031378 0.072035
v 0.378915 1.053904 0.090776
v 0.338441 1.057811 0.109761
v 0.408583 1.074660 0.113974
v 0.297723 1.039314 0.101398
v 0.321958 1.020634 0.066052
v 0.378670 1.011599 0.049631
v 0.357854 0.999084 0.042305
v 0.413833 0.979000 0.026006
v 0.391490 0.971003 0.023381
v 0.414199 0.936878 0.004457
v 0.423356 0.937122 0.001954
v 0.455589 0.960869 0.016300
v 0.442647 0.931628 -0.000183
v 0.432941 1.039802 0.074904
v 0.473231 1.067456 0.101825
v 0.468836 1.019718 0.059642
v 0.542519 1.048349 0.089494
v 0.532507 1.009462 0.055797
v 0.490813 0.997558 0.043709
v 0.546182 0.989744 0.041267
v 0.518955 0.979733 0.029486
v 0.492827 0.964105 0.017398
v 0.473659 0.938038 0.002625
v 0.461205 0.912826 -0.007814
v 0.643123 0.982541 0.075026
v 0.663513 0.949087 0.057872
v 0.668702 0.948782 0.061230
v 0.637934 0.976680 0.066480
v 0.597094 1.009157 0.074171
v 0.600940 1.019840 0.086137
v 0.573530 1.014285 0.068616
v 0.578170 0.994445 0.053477
v 0.605763 0.990721 0.060863
v 0.638422 0.969172 0.059215
v 0.663879 0.945486 0.054270
v 0.689335 0.907881 0.052317
v 0.671815 0.950369 0.065442
v 0.677553 0.952811 0.066480
v 0.687870 0.955192 0.071974
v 0.659728 0.989012 0.084061
v 0.683353 0.983395 0.089006
v 0.701728 0.974055 0.089677
v 0.695073 0.948111 0.069959
v 0.756669 1.023442 0.135096
v 0.667847 1.044259 0.127587
v 0.716867 1.002442 0.116599
v 0.667603 1.020084 0.107442
v 0.625847 1.029424 0.099262
v 0.577559 1.074415 0.119102
v 0.556437 1.064770 0.109395
v 0.501129 1.103596 0.134119
v 0.494720 1.087418 0.121665
v 0.425188 1.113607 0.143581
v 0.426409 1.096331 0.135828
v 0.353702 1.107258 0.156035
v 0.352482 1.091509 0.153654
v 0.665588 1.085770 0.166290
v 0.735242 1.060802 0.175264
v 0.725597 1.101398 0.211648
v 0.660094 1.135218 0.214151
v 0.584030 1.120017 0.168610
v 0.513644 1.138636 0.171601
v 0.446432 1.146267 0.172334
v 0.400891 1.147976 0.171601
v 0.389903 1.161407 0.187657
v 0.445760 1.172700 0.202186
v 0.515292 1.172456 0.210610
v 0.385508 1.167633 0.201575
v 0.445150 1.183261 0.220377
v 0.515414 1.185459 0.231305
v 0.588304 1.160064 0.213968
v 0.590013 1.175081 0.236005
v 0.349734 1.139308 0.171662
v 0.379647 1.128625 0.157194
v 0.192968 1.070325 0.168427
v 0.192968 1.048715 0.165924
v 0.250839 1.098346 0.177096
v 0.236310 1.075331 0.171907
v 0.278371 1.098712 0.160918
v 0.300958 1.122947 0.178866
v 0.316464 1.118369 0.166840
v 0.339418 1.145168 0.184055
v 0.384653 1.188328 0.188939
v 0.383615 1.174592 0.180392
v 0.325743 1.150235 0.160430
v 0.500031 1.109639 0.126732
v 0.431415 1.121055 0.132227
v 0.440938 1.154569 0.164215
v 0.379281 1.148648 0.157927
v 0.363287 1.122032 0.135706
v 0.317441 1.133814 0.148160
v 0.301203 1.113546 0.133875
v 0.271412 1.113363 0.134913
v 0.268848 1.116476 0.138697
v 0.444112 1.187473 0.196325
v 0.445455 1.203284 0.207741
v 0.513278 1.148465 0.166657
v 0.515414 1.186802 0.205787
v 0.516330 1.204200 0.218973
v 0.295403 1.110128 0.114462
v 0.354496 1.116171 0.114584
v 0.424272 1.113241 0.109334
v 0.490324 1.101459 0.102558
v 0.577071 1.078322 0.115256
v 0.552408 1.078322 0.093523
v 0.605030 1.043587 0.083084
v 0.624870 1.032538 0.094866
v 0.645809 1.001831 0.069898
v 0.584396 1.128136 0.165130
v 0.666321 1.092119 0.163910
v 0.661742 1.146511 0.210305
v 0.728710 1.112081 0.209206
v 0.736402 1.067883 0.174348
v 0.786155 1.066846 0.202552
v 0.779378 1.051767 0.183994
v 0.831512 1.005738 0.179904
v 0.825468 0.998108 0.167206
v 0.835724 0.981930 0.159331
v 0.854221 0.963189 0.161956
v 0.831024 0.977230 0.152616
v 0.853550 0.951712 0.152677
v 0.818021 0.996887 0.155424
v 0.802271 1.014895 0.157866
v 0.309871 0.979000 0.034674
v 0.275136 0.999695 0.059459
v 0.246139 0.993773 0.068128
v 0.336243 0.986509 0.035529
v 0.333740 0.992308 0.047311
v 0.301569 0.999756 0.056285
v 0.292717 1.004151 0.073195
v 0.257799 1.008608 0.087113
v 0.347842 0.988035 0.036689
v 0.383188 0.966180 0.020573
v 0.370551 0.961480 0.016483
v 0.327025 0.958061 0.020145
v 0.279592 0.939015 0.021550
v 0.266650 0.969233 0.044320
v 0.222880 0.979977 0.082474
v 0.230145 0.948904 0.062512
v 0.203406 0.941640 0.086686
v 0.207680 0.969110 0.094988
v 0.192418 0.985776 0.110860
v 0.207313 0.999451 0.098468
v 0.197912 1.008119 0.121849
v 0.233991 1.007570 0.091631
v 0.184238 0.981747 0.124107
v 0.191563 0.953422 0.105183
v 0.186863 0.930346 0.097980
v 0.238752 1.037421 0.078872
v 0.273243 1.015262 0.050180
v 0.215188 1.025762 0.083878
v 0.173372 0.977901 0.088945
v 0.186191 0.993041 0.092546
v 0.210793 0.990965 0.075270
v 0.183811 1.014651 0.100299
v 0.203712 1.012453 0.086381
v 0.192052 1.037605 0.104145
v 0.223674 1.051523 0.095782
v 0.258226 1.061962 0.087846
v 0.275624 1.046639 0.069044
v 0.300531 1.024602 0.045297
v 0.309871 0.988035 0.024663
v 0.336182 1.000427 0.023503
v 0.326476 0.964105 0.010927
v 0.239912 0.999328 0.057689
v 0.267444 0.971064 0.032538
v 0.283804 0.943715 0.014102
v 0.299249 0.931384 0.007020
v 0.330749 0.939503 0.003663
v 0.298456 0.910811 0.003602
v 0.305537 0.901838 0.000794
v 0.310604 0.892559 -0.001526
v 0.351077 0.929186 -0.001526
v 0.370979 0.969233 0.004273
v 0.288200 0.914291 0.006593
v 0.297296 0.900800 0.002686
v 0.298211 0.890971 0.001343
v 0.271351 0.903058 0.009462
v 0.269947 0.889750 0.008791
v 0.361150 0.894695 -0.008485
v 0.372261 0.914840 -0.008424
v 0.397839 0.885233 -0.018070
v 0.389781 0.873451 -0.017337
v 0.425066 0.854832 -0.026738
v 0.414382 0.896893 -0.019168
v 0.397167 0.935108 -0.009218
v 0.414444 0.854527 -0.023136
v 0.411208 0.845186 -0.022709
v 0.432391 0.800501 -0.025822
v 0.439228 0.847750 -0.023136
v 0.438252 0.853794 -0.022221
v 0.432391 0.800501 -0.025822
v 0.434101 0.853550 -0.021915
v 0.429522 0.853489 -0.020511
v 0.411208 0.845186 -0.022709
v 0.414444 0.853428 -0.022038
v 0.423417 0.852939 -0.022221
v 0.413284 0.893657 -0.014590
v 0.397900 0.883646 -0.015628
v 0.389781 0.873451 -0.017337
v 0.361150 0.894695 -0.008485
v 0.372383 0.912032 -0.003113
v 0.351200 0.925768 0.005067
v 0.310604 0.892559 -0.001526
v 0.331237 0.935718 0.010317
v 0.305537 0.901838 0.000794
v 0.298456 0.910811 0.003602
v 0.290947 0.916000 0.009340
v 0.297296 0.900800 0.002686
v 0.298211 0.890971 0.001343
v 0.271839 0.901227 0.011355
v 0.269947 0.889750 0.008791
v 0.687870 0.956535 0.070570
v 0.683414 0.984983 0.087052
v 0.701728 0.974055 0.089677
v 0.716867 1.002442 0.116599
v 0.667664 1.021671 0.105793
v 0.668030 1.046945 0.126122
v 0.756669 1.023442 0.135096
v 0.658690 0.995360 0.077529
v 0.677187 0.959038 0.059337
v 0.689335 0.907881 0.052317
v 0.695073 0.948111 0.069959
v 0.663879 0.945486 0.054270
v 0.665344 0.954215 0.058971
v 0.638422 0.969172 0.059215
v 0.638362 0.979550 0.064648
v 0.605763 0.990721 0.060863
v 0.134119 0.807033 0.021916
v 0.113180 0.787620 0.006959
v 0.105061 0.793358 0.005800
v 0.088334 0.777242 -0.010195
v 0.077712 0.800867 -0.000549
v 0.095415 0.807643 0.010317
v 0.154813 0.820219 0.034247
v 0.138758 0.804774 0.026616
v 0.124229 0.788047 0.015750
v 0.111776 0.776204 0.012087
v 0.100421 0.772114 0.000855
v 0.090959 0.766864 -0.005494
v 0.081680 0.768146 -0.015689
v 0.474879 0.978573 0.017948
v 0.460472 0.954032 0.003114
v 0.416214 0.988096 0.013552
v 0.426897 0.946951 -0.005433
v 0.387400 0.986631 0.000855
v 0.350833 1.015445 0.019535
v 0.505280 1.005921 0.041267
v 0.472438 1.026860 0.049936
v 0.433002 1.047067 0.061962
v 0.376839 1.019413 0.034186
v 0.338197 1.043282 0.054148
v 0.316953 1.040046 0.041145
v 0.312008 1.067090 0.077956
v 0.294182 1.058604 0.072218
v 0.381112 1.064953 0.074538
v 0.347109 1.077956 0.086930
v 0.301752 1.087479 0.101276
v 0.276418 1.075758 0.093401
v 0.411757 1.089006 0.098651
v 0.473903 1.076308 0.091203
v 0.540626 1.053904 0.082901
v 0.560711 1.015750 0.061474
v 0.546182 0.989744 0.041267
v 0.518955 0.979733 0.029486
v 0.492827 0.964105 0.017398
v 0.473659 0.938038 0.002625
v 0.461266 0.925768 -0.007325
v 0.461205 0.912826 -0.007814
v 0.410598 0.943532 -0.008791
v 0.438191 0.912521 -0.015384
v 0.425493 0.909712 -0.023869
v 0.434223 0.857884 -0.027043
v 0.446066 0.886454 -0.019107
v 0.449362 0.881265 -0.017581
v 0.454673 0.909651 -0.014041
v 0.187046 1.071424 0.127282
v 0.213418 1.086686 0.131555
v 0.192235 1.066907 0.119468
v 0.222392 1.080947 0.117209
v 0.209755 1.070814 0.106282
v 0.234296 1.080947 0.102558
v 0.256089 1.095477 0.106404
v 0.255967 1.096697 0.123802
v 0.853550 0.951712 0.152677
v 0.851291 0.957390 0.158599
v 0.831024 0.977230 0.152616
v 0.825408 0.991454 0.166962
v 0.799707 0.999206 0.150662
v 0.778036 1.040352 0.180697
v 0.828277 0.999328 0.181796
v 0.855381 0.956047 0.164703
v 0.658812 1.153348 0.236249
v 0.723704 1.116354 0.228924
v 0.782919 1.061962 0.211831
v 0.780783 1.055369 0.200904
v 0.830719 1.003113 0.189549
v 0.075026 0.750382 0.026677
v 0.079299 0.751602 0.000244
v 0.085953 0.760088 0.021183
v 0.086808 0.761126 0.006593
v 0.096636 0.766376 0.017643
v 0.111776 0.776204 0.012087
v 0.100421 0.772114 0.000855
v 0.090959 0.766864 -0.005494
v 0.081680 0.768146 -0.015689
v 0.095538 0.782248 0.040413
v 0.081192 0.766742 0.031744
v 0.104572 0.782492 0.031622
v 0.118247 0.789573 0.024907
v 0.126183 0.792503 0.022465
v 0.124229 0.788047 0.015750
v 0.138758 0.804774 0.026616
v 0.136011 0.806971 0.031622
v 0.154813 0.820219 0.034247
v 0.153287 0.830596 0.042855
v 0.130395 0.814480 0.039741
v 0.716867 1.002442 0.116599
v 0.683353 0.983395 0.089006
v 0.701728 0.974055 0.089677
v 0.449362 0.881265 -0.017581
v 0.439228 0.847750 -0.023136
v 0.434223 0.857884 -0.027043
v 0.461266 0.925768 -0.007325
v 0.461205 0.912826 -0.007814
v 0.454673 0.909651 -0.014041
v -0.112936 0.787620 0.006959
v -0.100177 0.772114 0.000855
v -0.111471 0.776204 0.012087
v -0.133875 0.807033 0.021916
v -0.104755 0.793358 0.005800
v -0.127831 0.814114 0.021611
v -0.095171 0.807643 0.010317
v -0.118796 0.822416 0.025823
v -0.141444 0.841035 0.044625
v -0.149503 0.829253 0.033148
v 0.515414 1.186802 0.205787
v 0.516330 1.204200 0.218973
v 0.591722 1.192052 0.224101
v 0.728344 1.129968 0.218302
v 0.728710 1.112081 0.209206
v 0.661986 1.168427 0.224590
v 0.661742 1.146511 0.210305
v 0.589097 1.172944 0.209755
v 0.584396 1.128136 0.165130
v 0.513278 1.148465 0.166657
v 0.756669 1.023442 0.135096
v 0.799707 0.999206 0.150662
v 0.735242 1.060802 0.175264
v 0.778036 1.040352 0.180697
v 0.181308 0.941640 0.078933
v 0.173372 0.977901 0.088945
v 0.202491 0.964105 0.070936
v 0.210793 0.990965 0.075270
v 0.645809 1.001831 0.069898
v 0.624870 1.032538 0.094866
v 0.658690 0.995360 0.077529
v 0.667664 1.021671 0.105793
v 0.370979 0.969233 0.004273
v 0.397167 0.935108 -0.009218
v 0.351077 0.929186 -0.001526
v 0.372261 0.914840 -0.008424
v -0.285758 1.079238 0.167084
v -0.352176 1.091509 0.153654
v -0.282828 1.069837 0.168976
v -0.349673 1.082474 0.155974
v -0.347354 1.106709 0.148526
v -0.426164 1.096331 0.135828
v -0.424883 1.113607 0.143581
v -0.346377 1.117758 0.150235
v -0.379403 1.128625 0.157194
v -0.301508 1.087479 0.101276
v -0.346804 1.077956 0.086930
v -0.351688 1.094256 0.104450
v -0.380868 1.064953 0.074538
v 0.389781 0.873451 -0.017337
v 0.397839 0.885233 -0.018070
v 0.414444 0.854527 -0.023136
v 0.425066 0.854832 -0.026738
v 0.341066 1.067395 0.128258
v 0.408583 1.074660 0.113974
v 0.419938 1.084061 0.127160
v 0.488126 1.078261 0.115256
v 0.378915 1.053904 0.090776
v 0.473231 1.067456 0.101825
v 0.542519 1.048349 0.089494
v 0.549722 1.057628 0.104389
v 0.600940 1.019840 0.086137
v 0.603748 1.023808 0.093584
v 0.532507 1.009462 0.055797
v 0.546182 0.989744 0.041267
v 0.556437 1.008363 0.058544
v 0.578170 0.994445 0.053477
v 0.573530 1.014285 0.068616
v 0.104572 0.782492 0.031622
v 0.118247 0.789573 0.024907
v 0.119162 0.810939 0.047494
v 0.130395 0.814480 0.039741
v 0.132226 0.835419 0.060375
v 0.142055 0.839876 0.053782
v 0.153287 0.830596 0.042855
v 0.166473 0.870704 0.066358
v 0.151334 0.856297 0.063305
v 0.161284 0.851841 0.053782
v 0.172151 0.840852 0.040413
v 0.154813 0.820219 0.034247
v 0.349734 1.139308 0.171662
v 0.316464 1.118369 0.166840
v 0.353702 1.107258 0.156035
v 0.278371 1.098712 0.160918
v 0.192968 1.048715 0.165924
v 0.232648 1.059276 0.169098
v 0.236310 1.075331 0.171907
v 0.286002 1.079238 0.167084
v 0.352482 1.091509 0.153654
v 0.385508 1.167633 0.201575
v 0.339418 1.145168 0.184055
v 0.389903 1.161407 0.187657
v 0.400891 1.147976 0.171601
v 0.411757 1.089006 0.098651
v 0.381112 1.064953 0.074538
v 0.351993 1.094256 0.104450
v 0.347109 1.077956 0.086930
v 0.301752 1.087479 0.101276
v 0.601306 1.025273 0.080764
v 0.596911 1.012087 0.070326
v 0.540626 1.053904 0.082901
v 0.560711 1.015750 0.061474
v 0.546182 0.989744 0.041267
v 0.578170 0.994445 0.053477
v 0.605763 0.990721 0.060863
v 0.638362 0.979550 0.064648
v 0.630670 0.998657 0.073683
v 0.434101 0.853550 -0.021915
v 0.438252 0.853794 -0.022221
v 0.432635 0.896649 -0.013552
v 0.442281 0.890666 -0.014956
v 0.429522 0.853489 -0.020511
v 0.427202 0.897442 -0.011354
v 0.414199 0.936878 0.004457
v 0.423356 0.937122 0.001954
v 0.442647 0.931628 -0.000183
v 0.461205 0.912826 -0.007814
v 0.449362 0.881265 -0.017581
v 0.439228 0.847750 -0.023136
v 0.515292 1.172456 0.210610
v 0.513644 1.138636 0.171601
v 0.588304 1.160064 0.213968
v 0.584030 1.120017 0.168610
v 0.660094 1.135218 0.214151
v 0.590013 1.175081 0.236005
v 0.658812 1.153348 0.236249
v 0.725597 1.101398 0.211648
v -0.340822 1.067395 0.128258
v -0.419694 1.084061 0.127160
v -0.408339 1.074660 0.113974
v -0.487821 1.078261 0.115256
v -0.472987 1.067456 0.101825
v -0.378670 1.053904 0.090776
v 0.397900 0.883646 -0.015628
v 0.413284 0.893657 -0.014590
v 0.372383 0.912032 -0.003113
v 0.396191 0.929797 -0.000427
v 0.351200 0.925768 0.005067
v 0.370551 0.961480 0.016483
v 0.222880 0.979977 0.082474
v 0.246139 0.993773 0.068128
v 0.207313 0.999451 0.098468
v 0.233991 1.007570 0.091631
v 0.275136 0.999695 0.059459
v 0.257799 1.008608 0.087113
v 0.222392 1.080947 0.117209
v 0.268848 1.116476 0.138697
v 0.255967 1.096697 0.123802
v 0.271412 1.113363 0.134913
v 0.301203 1.113546 0.133875
v 0.295403 1.110128 0.114462
v 0.384653 1.188328 0.188939
v 0.325743 1.150235 0.160430
v 0.325255 1.169587 0.175264
v 0.263293 1.130517 0.151090
v 0.213418 1.086686 0.131555
v 0.556437 1.064770 0.109395
v 0.609365 1.029485 0.097552
v 0.625847 1.029424 0.099262
v 0.650143 0.988584 0.083634
v 0.659728 0.989012 0.084061
v 0.671815 0.950369 0.065442
v 0.677553 0.952811 0.066480
v 0.736402 1.067883 0.174348
v 0.779378 1.051767 0.183994
v 0.756669 1.023442 0.135096
v 0.802271 1.014895 0.157866
v 0.799707 0.999206 0.150662
v 0.818021 0.996887 0.155424
v 0.831024 0.977230 0.152616
v 0.321958 1.020634 0.066052
v 0.297723 1.039314 0.101398
v 0.305232 1.017276 0.074538
v 0.272389 1.033759 0.107014
v 0.262194 1.016605 0.096881
v 0.198950 1.035529 0.127892
v 0.209206 1.044747 0.153471
v 0.275624 1.049509 0.134180
v 0.095415 0.807643 0.010317
v 0.119101 0.822416 0.025823
v 0.128075 0.814114 0.021611
v 0.141688 0.841035 0.044625
v 0.149747 0.829253 0.033148
v 0.172151 0.840852 0.040413
v 0.154813 0.820219 0.034247
v 0.134119 0.807033 0.021916
v 0.105061 0.793358 0.005800
v -0.166229 0.870704 0.066358
v -0.161040 0.851841 0.053782
v -0.151090 0.856297 0.063305
v -0.141811 0.839876 0.053782
v -0.146450 0.857335 0.070387
v -0.131982 0.835419 0.060375
v -0.118857 0.810939 0.047494
v -0.130090 0.814480 0.039741
v -0.117941 0.789573 0.024907
v -0.135767 0.806971 0.031622
v -0.125939 0.792503 0.022465
v -0.111471 0.776204 0.012087
v -0.096392 0.766376 0.017643
v -0.206703 0.869483 0.033209
v -0.238691 0.885477 0.019413
v -0.211404 0.899396 0.038704
v -0.189976 0.874611 0.040901
v -0.169098 0.888163 0.056285
v -0.186985 0.916367 0.061596
v -0.216470 0.955619 0.056346
v -0.202247 0.964105 0.070936
v -0.210488 0.990965 0.075270
v -0.239668 0.999328 0.057689
v -0.267200 0.971064 0.032538
v -0.234662 0.937733 0.037727
v -0.255540 0.916000 0.018619
v -0.271046 0.903058 0.009462
v -0.269642 0.889750 0.008791
v -0.287956 0.914291 0.006593
v -0.283560 0.943715 0.014102
v 0.169343 0.888163 0.056285
v 0.190220 0.874611 0.040901
v 0.148281 0.868079 0.052195
v 0.162994 0.856114 0.043343
v 0.172151 0.840852 0.040413
v 0.206947 0.869483 0.033209
v 0.211709 0.899396 0.038704
v 0.187229 0.916367 0.061596
v 0.238996 0.885477 0.019413
v 0.255845 0.916000 0.018619
v 0.181308 0.941640 0.078933
v 0.202491 0.964105 0.070936
v 0.216715 0.955619 0.056346
v 0.234906 0.937733 0.037727
v 0.267444 0.971064 0.032538
v 0.283804 0.943715 0.014102
v 0.288200 0.914291 0.006593
v 0.271351 0.903058 0.009462
v 0.269947 0.889750 0.008791
v 0.210793 0.990965 0.075270
v 0.239912 0.999328 0.057689
v -0.191441 0.899212 0.072401
v -0.203101 0.941640 0.086686
v -0.231549 0.920273 0.047433
v -0.229900 0.948904 0.062512
v -0.266406 0.969233 0.044320
v -0.279348 0.939015 0.021550
v -0.187779 0.869056 0.050913
v -0.224651 0.892497 0.036506
v -0.253587 0.903119 0.020145
v -0.271534 0.901227 0.011355
v -0.269642 0.889750 0.008791
v -0.238691 0.885477 0.019413
v -0.206703 0.869483 0.033209
v 0.161284 0.851841 0.053782
v 0.188084 0.869056 0.050913
v 0.166473 0.870704 0.066358
v 0.191685 0.899212 0.072401
v 0.224895 0.892497 0.036506
v 0.231793 0.920273 0.047433
v 0.253892 0.903119 0.020145
v 0.172151 0.840852 0.040413
v 0.206947 0.869483 0.033209
v 0.238996 0.885477 0.019413
v 0.269947 0.889750 0.008791
v 0.271839 0.901227 0.011355
v 0.279592 0.939015 0.021550
v 0.266650 0.969233 0.044320
v 0.230145 0.948904 0.062512
v 0.203406 0.941640 0.086686
v 0.186863 0.930346 0.097980
v 0.429522 0.853489 -0.020511
v 0.423417 0.852939 -0.022221
v 0.432391 0.800501 -0.025822
v 0.671815 0.950369 0.065442
v 0.668702 0.948782 0.061230
v 0.689335 0.907881 0.052317
v 0.600940 1.019840 0.086137
v 0.643123 0.982541 0.075026
v 0.645992 0.984738 0.080887
v 0.080581 1.042427 0.152006
v 0.072218 1.050546 0.156279
v 0.064160 1.045174 0.158476
v 0.002991 0.645931 0.064831
v 0.003419 0.645138 0.068799
v -0.039314 0.661925 0.063855
v 0.002991 0.649777 0.068372
v -0.039314 0.661925 0.063855
v -0.034125 0.664367 0.064099
v -0.057994 0.700018 0.049448
v -0.066724 0.702949 0.047006
v -0.054148 0.714975 0.059093
v -0.058177 0.689946 0.043892
v -0.034064 0.660460 0.060497
v 0.002991 0.645931 0.064831
v -0.096942 0.730297 -0.033087
v -0.098712 0.723704 -0.020756
v -0.093462 0.732800 -0.014102
v -0.095232 0.710701 -0.001770
v -0.086930 0.716928 0.005738
v -0.090410 0.676332 0.007753
v -0.082229 0.732129 0.015201
v -0.093584 0.710640 -0.058543
v -0.070325 0.724315 -0.077162
v -0.067273 0.692204 -0.095171
v -0.088456 0.748489 -0.036506
v -0.083511 0.760393 -0.024907
v -0.036689 0.781942 -0.044197
v -0.058788 0.787009 -0.017581
v -0.081436 0.768146 -0.015689
v -0.079055 0.751602 0.000244
v -0.086991 0.742323 -0.006837
v -0.074782 0.750382 0.026677
v -0.033698 0.745620 -0.086319
v -0.035346 0.656798 -0.112386
v -0.038948 0.703925 -0.102741
v -0.000488 0.753922 -0.086686
v 0.000122 0.696783 -0.110188
v 0.000122 0.654539 -0.115866
v 0.031195 0.685611 0.081802
v 0.035834 0.686405 0.084244
v 0.000122 0.676638 0.078750
v 0.139613 0.873695 0.062206
v 0.169343 0.888163 0.056285
v 0.148281 0.868079 0.052195
v 0.104450 0.830474 0.043038
v 0.122520 0.852573 0.053110
v 0.109883 0.828948 0.033454
v 0.129540 0.848910 0.044381
v 0.119101 0.822416 0.025823
v 0.141688 0.841035 0.044625
v 0.066541 0.811855 0.031622
v 0.075514 0.816739 0.031927
v 0.066968 0.815213 0.021611
v 0.079238 0.819120 0.025945
v 0.067273 0.811855 0.012454
v 0.083084 0.814663 0.018314
v 0.077712 0.800867 -0.000549
v 0.095415 0.807643 0.010317
v 0.081680 0.768146 -0.015689
v 0.060009 0.791405 -0.009401
v 0.088334 0.777242 -0.010195
v 0.054698 0.804347 0.006654
v 0.056346 0.808254 0.020390
v 0.062206 0.805140 0.033515
v 0.064526 0.801660 0.042000
v 0.070264 0.808498 0.044503
v 0.075209 0.800256 0.050791
v 0.071607 0.786826 0.050424
v 0.081558 0.810939 0.049081
v 0.077651 0.816617 0.043221
v 0.103962 0.828765 0.052256
v 0.333740 0.992308 0.047311
v 0.347842 0.988035 0.036689
v 0.381662 0.971369 0.027410
v 0.383188 0.966180 0.020573
v 0.414199 0.936878 0.004457
v 0.391490 0.971003 0.023381
v 0.357854 0.999084 0.042305
v 0.339662 0.997863 0.050791
v 0.321958 1.020634 0.066052
v 0.425066 0.854832 -0.026738
v 0.434223 0.857884 -0.027043
v 0.432391 0.800501 -0.025822
v 0.439228 0.847750 -0.023136
v 0.414382 0.896893 -0.019168
v 0.425493 0.909712 -0.023869
v 0.397167 0.935108 -0.009218
v 0.410598 0.943532 -0.008791
v 0.370979 0.969233 0.004273
v 0.387400 0.986631 0.000855
v 0.350833 1.015445 0.019535
v 0.336182 1.000427 0.023503
v 0.300531 1.024602 0.045297
v 0.316953 1.040046 0.041145
v 0.275624 1.046639 0.069044
v 0.294182 1.058604 0.072218
v 0.276418 1.075758 0.093401
v 0.258226 1.061962 0.087846
v 0.234296 1.080947 0.102558
v 0.209755 1.070814 0.106282
v 0.256089 1.095477 0.106404
v 0.295403 1.110128 0.114462
v 0.301752 1.087479 0.101276
v 0.354496 1.116171 0.114584
v 0.351993 1.094256 0.104450
v 0.424272 1.113241 0.109334
v 0.411757 1.089006 0.098651
v 0.490324 1.101459 0.102558
v 0.473903 1.076308 0.091203
v 0.552408 1.078322 0.093523
v 0.540626 1.053904 0.082901
v 0.605030 1.043587 0.083084
v 0.601306 1.025273 0.080764
v 0.645809 1.001831 0.069898
v 0.689335 0.907881 0.052317
v 0.665344 0.954215 0.058971
v 0.677187 0.959038 0.059337
v 0.658690 0.995360 0.077529
v 0.000122 0.676638 0.078750
v 0.035834 0.686405 0.084244
v 0.000122 0.676027 0.080703
v 0.000061 0.679263 0.083634
v 0.170685 0.913864 0.075820
v 0.166351 0.914230 0.086137
v 0.170014 0.934864 0.093096
v 0.167939 0.959343 0.098346
v 0.172639 0.931567 0.083573
v 0.181308 0.941640 0.078933
v 0.153471 0.893779 0.079055
v 0.158293 0.895000 0.069410
v 0.092790 1.042244 0.132165
v 0.059825 1.047067 0.126671
v 0.079910 1.050241 0.140163
v 0.055857 1.058421 0.140529
v 0.068555 1.059642 0.143032
v 0.076369 1.052317 0.150479
v 0.089189 1.049936 0.149075
v 0.101032 1.046517 0.140224
v 0.110250 1.049142 0.149442
v 0.128869 1.052439 0.139491
v 0.140712 1.055369 0.152555
v 0.152616 1.066174 0.144741
v 0.143459 1.055674 0.138636
v 0.132654 1.042488 0.124657
v 0.084793 1.035590 0.131067
v 0.109029 1.037055 0.128258
v 0.119223 1.031500 0.126915
v 0.134424 1.023869 0.120445
v 0.162261 1.012698 0.107930
v 0.150296 1.003480 0.105427
v 0.186191 0.993041 0.092546
v 0.173372 0.977901 0.088945
v 0.150540 0.991454 0.113729
v 0.131494 1.014529 0.124107
v 0.115805 1.025456 0.129907
v 0.101276 1.030218 0.133325
v 0.077040 1.030767 0.133814
v 0.058543 1.028387 0.126122
v 0.053965 1.022343 0.129846
v 0.044808 1.024907 0.132532
v 0.045724 1.031378 0.130212
v 0.042122 1.055003 0.150296
v 0.045418 1.058788 0.146389
v 0.036628 1.041634 0.141322
v 0.041206 1.046517 0.132837
v 0.037666 1.034003 0.136195
v 0.040779 1.037360 0.133020
v 0.044808 1.024907 0.132532
v 0.045724 1.031378 0.130212
v 0.177767 1.054392 0.115622
v 0.167389 1.023564 0.110616
v 0.152188 1.047311 0.126854
v 0.187046 1.071424 0.127282
v 0.192235 1.066907 0.119468
v 0.163421 1.065686 0.132227
v 0.223674 1.051523 0.095782
v 0.192052 1.037605 0.104145
v 0.183811 1.014651 0.100299
v 0.203467 1.096209 0.145901
v 0.213418 1.086686 0.131555
v 0.175203 1.078444 0.139247
v 0.167328 1.075819 0.150846
v 0.196569 1.094683 0.157378
v 0.257555 1.134241 0.163299
v 0.383127 1.190953 0.207863
v 0.325255 1.169587 0.175264
v 0.316281 1.161895 0.185276
v 0.252366 1.125450 0.173738
v 0.198950 1.089006 0.169098
v 0.163116 1.065930 0.159514
v 0.444478 1.205665 0.226421
v 0.384653 1.188328 0.188939
v 0.445455 1.203284 0.207741
v 0.516330 1.204200 0.218973
v 0.516086 1.206337 0.236982
v 0.591661 1.193944 0.241194
v 0.591722 1.192052 0.224101
v 0.662963 1.169709 0.240584
v 0.729931 1.130212 0.232648
v 0.728344 1.129968 0.218302
v 0.789146 1.074415 0.213845
v 0.786155 1.066846 0.202552
v 0.728710 1.112081 0.209206
v 0.875160 0.900128 0.151822
v 0.853550 0.951712 0.152677
v 0.860143 0.960747 0.167878
v 0.854221 0.963189 0.161956
v 0.834381 1.015994 0.192479
v 0.831512 1.005738 0.179904
v 0.067029 0.702949 0.047006
v 0.058849 0.691777 0.043038
v 0.074049 0.659423 0.027593
v 0.064160 0.658324 0.029119
v 0.091508 0.677126 0.006776
v 0.087235 0.716928 0.005738
v 0.097308 0.709358 -0.003418
v 0.093706 0.732800 -0.014102
v 0.081253 0.733350 0.015994
v 0.068677 0.737073 0.041390
v 0.059154 0.718759 0.060253
v 0.051706 0.714547 0.059887
v 0.058238 0.700018 0.049448
v 0.034369 0.664367 0.064099
v 0.039558 0.661925 0.063855
v 0.034308 0.660460 0.060497
v 0.075026 0.750382 0.026677
v 0.079299 0.751602 0.000244
v 0.085709 0.743300 -0.006105
v 0.081680 0.768146 -0.015689
v 0.423906 1.089189 0.139552
v 0.426409 1.096331 0.135828
v 0.349918 1.082474 0.155974
v 0.352482 1.091509 0.153654
v 0.491728 1.081497 0.126366
v 0.494720 1.087418 0.121665
v 0.556437 1.064770 0.109395
v 0.555094 1.060558 0.111593
v 0.549722 1.057628 0.104389
v 0.488126 1.078261 0.115256
v 0.419938 1.084061 0.127160
v 0.342714 1.074293 0.141689
v 0.278432 1.061535 0.153898
v 0.283072 1.069837 0.168976
v 0.232648 1.059276 0.169098
v 0.209206 1.044747 0.153471
v 0.609365 1.029485 0.097552
v 0.606678 1.025273 0.099200
v 0.650143 0.988584 0.083634
v 0.648251 0.985288 0.083573
v 0.603748 1.023808 0.093584
v 0.192968 1.048715 0.165924
v 0.184604 1.023991 0.139491
v 0.161345 1.033026 0.154936
v 0.170502 1.005372 0.140163
v 0.184238 0.981747 0.124107
v 0.197912 1.008119 0.121849
v 0.262194 1.016605 0.096881
v 0.257799 1.008608 0.087113
v 0.134607 1.044014 0.155668
v 0.160186 1.053416 0.161285
v 0.133264 1.025639 0.149197
v 0.101642 1.039497 0.150174
v 0.093645 1.031622 0.147610
v 0.080581 1.042427 0.152006
v 0.059154 1.031927 0.154264
v 0.064160 1.045174 0.158476
v 0.056224 1.045052 0.159575
v 0.042244 1.036323 0.150235
v 0.047921 1.049325 0.156645
v 0.036628 1.041634 0.141322
v 0.042122 1.055003 0.150296
v 0.046884 1.025029 0.139552
v 0.041023 1.032538 0.141200
v 0.044808 1.024907 0.132532
v 0.037666 1.034003 0.136195
v 0.085282 1.028692 0.143276
v 0.108907 1.027776 0.141567
v 0.119223 1.024602 0.136561
v 0.133569 1.014224 0.134119
v 0.131494 1.014529 0.124107
v 0.115805 1.025456 0.129907
v 0.101276 1.030218 0.133325
v 0.077040 1.030767 0.133814
v 0.058482 1.021427 0.137721
v 0.053965 1.022343 0.129846
v 0.044808 1.024907 0.132532
v 0.046884 1.025029 0.139552
v 0.159758 0.994079 0.133692
v 0.152311 0.990172 0.124718
v 0.150540 0.991454 0.113729
v 0.168488 0.958611 0.110616
v 0.167939 0.959343 0.098346
v 0.170014 0.934864 0.093096
v 0.173921 0.931384 0.101032
v 0.166351 0.914230 0.086137
v 0.168427 0.908247 0.092668
v 0.153471 0.893779 0.079055
v 0.154875 0.887064 0.084977
v 0.136011 0.872596 0.070997
v 0.179110 0.925584 0.102924
v 0.178377 0.955986 0.115256
v 0.137720 0.866003 0.076613
v 0.119834 0.850681 0.061108
v 0.122215 0.844027 0.066235
v 0.142116 0.859166 0.077041
v 0.159514 0.879800 0.085221
v 0.173555 0.901105 0.093096
v 0.183444 0.919846 0.097308
v 0.186863 0.930346 0.097980
v 0.191563 0.953422 0.105183
v 0.107686 0.823515 0.057384
v 0.127282 0.837312 0.066663
v 0.110555 0.811184 0.055308
v 0.132226 0.835419 0.060375
v 0.151334 0.856297 0.063305
v 0.166473 0.870704 0.066358
v 0.146694 0.857335 0.070387
v 0.165130 0.877602 0.078078
v 0.142055 0.839876 0.053782
v 0.104572 0.782492 0.031622
v 0.119162 0.810939 0.047494
v 0.095538 0.782248 0.040413
v 0.091753 0.797570 0.051706
v 0.092851 0.807277 0.053110
v 0.081558 0.810939 0.049081
v 0.075209 0.800256 0.050791
v 0.079543 0.789207 0.051462
v 0.071607 0.786826 0.050424
v 0.083511 0.777547 0.044015
v 0.071607 0.762164 0.045602
v 0.081192 0.766742 0.031744
v 0.075026 0.750382 0.026677
v 0.085953 0.760088 0.021183
v 0.875160 0.900128 0.151822
v 0.860143 0.960747 0.167878
v 0.860570 0.960015 0.170686
v 0.834381 1.015994 0.192479
v 0.836274 1.008180 0.193151
v 0.853550 0.951712 0.152677
v 0.875160 0.900128 0.151822
v 0.851291 0.957390 0.158599
v 0.855381 0.956047 0.164703
v 0.857213 0.957206 0.168732
v 0.828277 0.999328 0.181796
v 0.830719 1.003113 0.189549
v 0.833588 1.004395 0.192235
v 0.859166 0.957146 0.169709
v 0.836274 1.008180 0.193151
v 0.789085 1.069043 0.216837
v 0.789146 1.074415 0.213845
v 0.729931 1.130212 0.232648
v 0.728771 1.125572 0.235456
v 0.662963 1.169709 0.240584
v 0.662048 1.164581 0.244002
v 0.591661 1.193944 0.241194
v 0.591356 1.187778 0.245040
v 0.516086 1.206337 0.236982
v 0.726451 1.119285 0.234296
v 0.660949 1.156950 0.242659
v 0.591112 1.179354 0.243453
v 0.515719 1.199438 0.241255
v 0.516147 1.190159 0.239546
v 0.444539 1.198217 0.230999
v 0.445028 1.188267 0.229290
v 0.383432 1.183200 0.212502
v 0.384592 1.172883 0.210671
v 0.323729 1.144130 0.190343
v 0.324706 1.157744 0.193273
v 0.255174 1.113729 0.179721
v 0.782919 1.061962 0.211831
v 0.723704 1.116354 0.228924
v 0.658812 1.153348 0.236249
v 0.590013 1.175081 0.236005
v 0.515414 1.185459 0.231305
v 0.445150 1.183261 0.220377
v 0.385508 1.167633 0.201575
v 0.339418 1.145168 0.184055
v 0.300958 1.122947 0.178866
v 0.250839 1.098346 0.177096
v 0.198950 1.089006 0.169098
v 0.192968 1.070325 0.168427
v 0.163116 1.065930 0.159514
v 0.140712 1.055369 0.152555
v 0.110250 1.049142 0.149442
v 0.089189 1.049936 0.149075
v 0.072218 1.050546 0.156279
v 0.076369 1.052317 0.150479
v 0.252366 1.125450 0.173738
v 0.316281 1.161895 0.185276
v 0.383127 1.190953 0.207863
v 0.444478 1.205665 0.226421
v 0.055430 1.068799 0.142543
v 0.058299 1.068860 0.149503
v 0.069593 1.065991 0.144985
v 0.066907 1.066907 0.151090
v 0.050241 1.067883 0.151761
v 0.043404 1.067822 0.147000
v 0.047067 1.066235 0.156706
v 0.039131 1.063732 0.156096
v 0.042122 1.055003 0.150296
v 0.045418 1.058788 0.146389
v 0.055857 1.058421 0.140529
v 0.068555 1.059642 0.143032
v 0.076369 1.052317 0.150479
v 0.077040 1.061535 0.155485
v 0.070753 1.062328 0.155180
v 0.059154 0.718759 0.060253
v 0.068677 0.737073 0.041390
v 0.069593 0.748733 0.060070
v 0.075026 0.750382 0.026677
v 0.071607 0.762164 0.045602
v 0.071607 0.786826 0.050424
v 0.786399 1.063793 0.215738
v 0.060009 0.791405 -0.009401
v 0.052500 0.797631 -0.013674
v 0.054698 0.804347 0.006654
v 0.049814 0.816373 0.004823
v 0.053660 0.818448 0.015872
v 0.056346 0.808254 0.020390
v 0.055308 0.818204 0.031195
v 0.062206 0.805140 0.033515
v 0.072218 1.050546 0.156279
v 0.075026 1.056590 0.159453
v 0.064160 1.045174 0.158476
v 0.066724 1.054148 0.165192
v 0.053599 1.055186 0.167755
v 0.056224 1.045052 0.159575
v 0.044381 1.057628 0.164398
v 0.047921 1.049325 0.156645
v 0.039131 1.063732 0.156096
v 0.042122 1.055003 0.150296
v 0.072218 1.050546 0.156279
v 0.076369 1.052317 0.150479
v 0.075026 1.056590 0.159453
v 0.077040 1.061535 0.155485
v 0.070753 1.062328 0.155180
v 0.064526 1.061962 0.160552
v 0.057689 1.061535 0.162750
v 0.050180 1.062939 0.160491
v 0.047067 1.066235 0.156706
v 0.000122 0.654539 -0.115866
v 0.000122 0.696783 -0.110188
v 0.035590 0.656798 -0.112386
v 0.039192 0.703925 -0.102741
v -0.000488 0.753922 -0.086686
v 0.034003 0.745620 -0.086319
v 0.066113 0.692204 -0.095171
v 0.066113 0.655638 -0.100543
v 0.084000 0.681949 -0.073500
v 0.091814 0.711434 -0.060680
v 0.070875 0.724315 -0.077162
v 0.088700 0.748489 -0.036506
v 0.036933 0.781942 -0.044197
v 0.037299 0.720713 0.122459
v 0.027776 0.713693 0.157744
v 0.023442 0.713387 0.150968
v 0.031683 0.718515 0.123863
v 0.037299 0.720713 0.122459
v 0.023442 0.713387 0.150968
v 0.027776 0.713693 0.157744
v 0.024235 0.702094 0.138636
v 0.020817 0.703620 0.135096
v 0.181308 0.941640 0.078933
v 0.187229 0.916367 0.061596
v 0.170685 0.913864 0.075820
v 0.169343 0.888163 0.056285
v 0.000427 0.813564 0.151273
v 0.000672 0.808437 0.153959
v 0.004884 0.811855 0.147854
v 0.000244 0.800806 0.164032
v 0.000061 0.856175 0.098895
v 0.027959 0.847995 0.090043
v 0.000122 0.863439 0.091631
v 0.000122 0.864905 0.081741
v 0.004456 0.863134 0.080398
v 0.000122 0.867285 0.079849
v 0.003358 0.866064 0.079238
v 0.000122 0.865454 0.078078
v 0.032477 0.844515 0.052561
v 0.024541 0.848727 0.052256
v 0.029363 0.849154 0.073439
v 0.016910 0.856236 0.068738
v 0.050729 0.831207 0.069471
v 0.047616 0.833344 0.051584
v 0.186863 0.930346 0.097980
v 0.183444 0.919846 0.097308
v 0.191685 0.899212 0.072401
v 0.179171 0.897320 0.085892
v 0.166473 0.870704 0.066358
v 0.165130 0.877602 0.078078
v 0.159514 0.879800 0.085221
v 0.173555 0.901105 0.093096
v -0.049386 0.831146 0.071852
v -0.044808 0.833038 0.053049
v -0.059032 0.813503 0.052012
v -0.055735 0.819913 0.031378
v -0.042061 0.834259 0.027959
v -0.029424 0.846957 0.052500
v -0.026250 0.850681 0.075087
v -0.023808 0.848971 0.052683
v -0.017154 0.857029 0.066052
v -0.023930 0.850497 0.090349
v -0.003663 0.864111 0.079971
v -0.002442 0.866797 0.078872
v -0.015872 0.858373 0.065320
v -0.014712 0.857090 0.064221
v 0.000122 0.865454 0.078078
v 0.000122 0.867285 0.079849
v 0.000122 0.864905 0.081741
v 0.000122 0.863439 0.091631
v 0.000061 0.856175 0.098895
v 0.000244 0.800806 0.164032
v 0.000672 0.808437 0.153959
v -0.003358 0.809780 0.148526
v 0.000427 0.813564 0.151273
v -0.012942 0.822416 0.139064
v -0.013552 0.816434 0.140956
v -0.013613 0.803187 0.145351
v -0.010256 0.787864 0.164093
v -0.003113 0.796349 0.165497
v 0.209206 1.044747 0.153471
v 0.232648 1.059276 0.169098
v 0.192968 1.048715 0.165924
v 0.192968 1.070325 0.168427
v 0.161345 1.033026 0.154936
v 0.160186 1.053416 0.161285
v 0.349918 1.082474 0.155974
v 0.352482 1.091509 0.153654
v 0.283072 1.069837 0.168976
v 0.286002 1.079238 0.167084
v 0.191563 0.953422 0.105183
v 0.184238 0.981747 0.124107
v 0.178377 0.955986 0.115256
v 0.170502 1.005372 0.140163
v 0.159758 0.994079 0.133692
v 0.143459 1.055674 0.138636
v 0.152616 1.066174 0.144741
v 0.163421 1.065686 0.132227
v 0.167328 1.075819 0.150846
v 0.140712 1.055369 0.152555
v 0.132226 0.835419 0.060375
v 0.110555 0.811184 0.055308
v 0.119162 0.810939 0.047494
v 0.165130 0.877602 0.078078
v 0.159514 0.879800 0.085221
v 0.142116 0.859166 0.077041
v 0.383432 1.183200 0.212502
v 0.383127 1.190953 0.207863
v 0.324706 1.157744 0.193273
v 0.516086 1.206337 0.236982
v 0.515719 1.199438 0.241255
v 0.591356 1.187778 0.245040
v 0.410292 0.934497 0.005372
v 0.381662 0.971369 0.027410
v 0.383188 0.966180 0.020573
v 0.423417 0.852939 -0.022221
v 0.429522 0.853489 -0.020511
v 0.413284 0.893657 -0.014590
v 0.420548 0.896343 -0.012026
v 0.396191 0.929797 -0.000427
v 0.406996 0.942250 -0.001831
v 0.370551 0.961480 0.016483
v 0.383188 0.966180 0.020573
v 0.423845 0.895489 -0.010256
v 0.427202 0.897442 -0.011354
v 0.414199 0.936878 0.004457
v 0.381662 0.971369 0.027410
v 0.339662 0.997863 0.050791
v 0.333740 0.992308 0.047311
v 0.292717 1.004151 0.073195
v 0.257799 1.008608 0.087113
v 0.262194 1.016605 0.096881
v 0.305232 1.017276 0.074538
v 0.321958 1.020634 0.066052
v 0.258226 1.061962 0.087846
v 0.223674 1.051523 0.095782
v 0.209755 1.070814 0.106282
v 0.384653 1.188328 0.188939
v 0.325255 1.169587 0.175264
v 0.383127 1.190953 0.207863
v 0.213418 1.086686 0.131555
v 0.203467 1.096209 0.145901
v 0.263293 1.130517 0.151090
v 0.257555 1.134241 0.163299
v 0.425493 0.909712 -0.023869
v 0.434223 0.857884 -0.027043
v 0.425066 0.854832 -0.026738
v 0.041267 0.570356 -0.112142
v 0.037666 0.603138 -0.111837
v 0.066724 0.604847 -0.096392
v 0.000122 0.622612 -0.111409
v 0.036872 0.623405 -0.111104
v 0.000122 0.593737 -0.113424
v 0.000488 0.703376 0.221293
v -0.035346 0.697882 0.221720
v -0.031195 0.703559 0.207375
v -0.027105 0.693242 0.220683
v 0.000488 0.703376 0.221293
v 0.001160 0.697515 0.229901
v 0.026860 0.698675 0.217569
v 0.031805 0.700568 0.211343
v 0.017215 0.694646 0.221049
v -0.012759 0.689762 0.229229
v 0.001160 0.697515 0.229901
v 0.002259 0.677492 0.253342
v -0.004212 0.674196 0.256212
v 0.002747 0.687321 0.245590
v -0.002869 0.682864 0.240645
v 0.000122 0.690800 0.238020
v 0.009706 0.689885 0.236433
v 0.014407 0.680972 0.243331
v 0.007265 0.674928 0.254380
v 0.002747 0.674440 0.262011
v 0.005372 0.664795 0.262683
v 0.000794 0.667114 0.260668
v 0.005860 0.667481 0.269886
v 0.002747 0.674440 0.262011
v -0.005555 0.662047 0.265246
v 0.000794 0.667114 0.260668
v -0.005555 0.662047 0.265246
v -0.001831 0.667481 0.269886
v 0.001160 0.697515 0.229901
v 0.017215 0.694646 0.221049
v -0.028448 0.764178 0.192113
v -0.017398 0.765582 0.201636
v -0.018741 0.769672 0.189915
v -0.011721 0.744277 0.229595
v -0.007814 0.732983 0.244247
v -0.006471 0.738722 0.239363
v -0.018985 0.747207 0.225505
v -0.018070 0.745376 0.234784
v 0.009951 0.733289 0.242904
v 0.012026 0.744277 0.229351
v 0.006410 0.739149 0.238997
v 0.591722 1.192052 0.224101
v 0.662963 1.169709 0.240584
v 0.661986 1.168427 0.224590
v 0.728344 1.129968 0.218302
v 0.000122 0.533667 0.053904
v -0.039985 0.553324 0.038948
v -0.045663 0.550821 0.040046
v -0.071913 0.560833 0.006715
v 0.076552 0.587754 0.004273
v 0.067029 0.585617 0.006593
v 0.082413 0.559429 0.003175
v 0.072157 0.560833 0.006715
v 0.045907 0.548684 0.040046
v 0.040230 0.551431 0.038948
v 0.000122 0.528417 0.057139
v -0.045663 0.550821 0.040046
v -0.040168 0.545937 0.038154
v -0.072218 0.553568 0.005799
v -0.082168 0.559429 0.003175
v -0.066785 0.585617 0.005799
v -0.076308 0.587754 0.003480
v -0.094988 0.598498 -0.027715
v -0.095782 0.563824 -0.028142
v -0.097369 0.567426 -0.054026
v -0.100360 0.605763 -0.055125
v -0.068433 0.568219 -0.092424
v -0.066479 0.604847 -0.096392
v -0.040962 0.570356 -0.112142
v -0.037421 0.603138 -0.111837
v 0.648251 0.985288 0.083573
v 0.603748 1.023808 0.093584
v 0.645992 0.984738 0.080887
v 0.600940 1.019840 0.086137
v 0.650143 0.988584 0.083634
v 0.671815 0.950369 0.065442
v 0.668702 0.948782 0.061230
v 0.665344 0.954215 0.058971
v 0.638362 0.979550 0.064648
v 0.645809 1.001831 0.069898
v 0.630670 0.998657 0.073683
v 0.601306 1.025273 0.080764
v 0.012026 0.744277 0.229351
v 0.018314 0.747146 0.225872
v 0.000672 0.758867 0.218729
v 0.017948 0.755021 0.216837
v 0.002015 0.762408 0.212136
v -0.018985 0.747207 0.225505
v -0.011721 0.744277 0.229595
v -0.016421 0.754838 0.217020
v 0.000672 0.758867 0.218729
v 0.002015 0.762408 0.212136
v 0.081558 0.810939 0.049081
v 0.107686 0.823515 0.057384
v 0.103962 0.828765 0.052256
v 0.122215 0.844027 0.066235
v 0.119834 0.850681 0.061108
v 0.150540 0.991454 0.113729
v 0.150296 1.003480 0.105427
v 0.167939 0.959343 0.098346
v 0.173372 0.977901 0.088945
v 0.181308 0.941640 0.078933
v 0.172639 0.931567 0.083573
v 0.782919 1.061962 0.211831
v 0.830719 1.003113 0.189549
v 0.786399 1.063793 0.215738
v 0.833588 1.004395 0.192235
v 0.789085 1.069043 0.216837
v 0.836274 1.008180 0.193151
v 0.859166 0.957146 0.169709
v 0.860570 0.960015 0.170686
v 0.169343 0.888163 0.056285
v 0.139613 0.873695 0.062206
v 0.158293 0.895000 0.069410
v 0.153471 0.893779 0.079055
v 0.136011 0.872596 0.070997
v 0.122520 0.852573 0.053110
v 0.119834 0.850681 0.061108
v 0.104450 0.830474 0.043038
v 0.103962 0.828765 0.052256
v 0.000000 0.692082 0.105366
v -0.026372 0.695501 0.115927
v -0.022831 0.696111 0.111471
v -0.038642 0.719858 0.126854
v -0.033392 0.717111 0.120322
v 0.006532 0.648984 0.258531
v 0.012453 0.636530 0.252366
v 0.009462 0.633356 0.250595
v 0.015384 0.643734 0.239302
v 0.010012 0.641536 0.235883
v 0.009767 0.655210 0.237043
v 0.012148 0.644405 0.231122
v 0.020023 0.672792 0.229962
v 0.020084 0.658324 0.220316
v 0.016116 0.650693 0.218973
v 0.012148 0.644405 0.231122
v 0.015445 0.650143 0.232526
v 0.020023 0.672792 0.229962
v 0.009767 0.655210 0.237043
v 0.015445 0.650143 0.232526
v 0.024052 0.681460 0.219645
v 0.023625 0.666504 0.211342
v 0.023625 0.666504 0.211342
v 0.015628 0.655821 0.209694
v 0.020084 0.658324 0.220316
v 0.024052 0.681460 0.219645
v 0.034613 0.693547 0.201758
v 0.030462 0.685184 0.202125
v 0.037482 0.692754 0.211282
v 0.027593 0.680545 0.207863
v 0.015628 0.655821 0.209694
v 0.038703 0.697943 0.191380
v 0.030462 0.685184 0.202125
v 0.006532 0.648984 0.258531
v 0.009462 0.633356 0.250595
v 0.004212 0.633234 0.256395
v 0.007997 0.647030 0.249252
v 0.015384 0.643734 0.239302
v 0.002503 0.641536 0.266101
v 0.005860 0.634760 0.261889
v -0.000122 0.635004 0.259813
v 0.005860 0.634760 0.261889
v 0.006532 0.648984 0.258531
v 0.004212 0.633234 0.256395
v 0.012453 0.636530 0.252366
v 0.007997 0.647030 0.249252
v 0.009462 0.633356 0.250595
v 0.023625 0.666504 0.211342
v 0.027837 0.677981 0.213113
v 0.027593 0.680545 0.207863
v 0.020695 0.648861 0.228497
v 0.020023 0.672792 0.229962
v 0.015445 0.650143 0.232526
v 0.037482 0.692754 0.211282
v 0.027593 0.680545 0.207863
v 0.031561 0.678225 0.206154
v 0.035651 0.690007 0.200354
v 0.038703 0.697943 0.191380
v 0.034613 0.693547 0.201758
v 0.031561 0.678225 0.206154
v 0.034491 0.687015 0.203712
v 0.037482 0.692754 0.211282
v 0.034613 0.693547 0.201758
v 0.027837 0.677981 0.213113
v 0.029974 0.670838 0.208412
v 0.026250 0.661925 0.210732
v 0.023625 0.666504 0.211342
v 0.024357 0.661986 0.217325
v 0.023320 0.656309 0.216776
v 0.023625 0.666504 0.211342
v 0.024052 0.681460 0.219645
v 0.020084 0.658324 0.220316
v 0.021488 0.652707 0.222819
v 0.020023 0.672792 0.229962
v 0.020695 0.648861 0.228497
v 0.015445 0.650143 0.232526
v 0.019474 0.642757 0.237470
v 0.016849 0.649655 0.237531
v 0.015384 0.643734 0.239302
v 0.009767 0.655210 0.237043
v 0.007997 0.647030 0.249252
v 0.015811 0.641902 0.246505
v 0.012453 0.636530 0.252366
v 0.006532 0.648984 0.258531
v 0.010988 0.635248 0.258043
v 0.005860 0.634760 0.261889
v 0.002503 0.641536 0.266101
v 0.003785 0.636347 0.267383
v 0.007203 0.635004 0.263842
v 0.012026 0.634210 0.260180
v -0.003968 0.635370 0.267627
v -0.000122 0.636591 0.267566
v -0.003541 0.635798 0.266284
v -0.000122 0.637568 0.266712
v 0.004212 0.635920 0.268787
v 0.031805 0.700568 0.211343
v 0.038276 0.696905 0.206215
v 0.039070 0.695012 0.211465
v -0.020634 0.666199 0.232526
v -0.019046 0.653013 0.229718
v -0.013674 0.648495 0.227764
v -0.011416 0.643001 0.237470
v -0.018436 0.655210 0.237043
v -0.019046 0.653013 0.229718
v -0.018436 0.655210 0.237043
v -0.017520 0.646297 0.239180
v -0.009767 0.633356 0.250595
v -0.010134 0.647030 0.249252
v -0.017520 0.646297 0.239180
v -0.020756 0.666321 0.213418
v -0.022282 0.678530 0.227031
v -0.016421 0.650693 0.218973
v -0.020389 0.658324 0.220316
v -0.020634 0.666199 0.232526
v -0.020756 0.666321 0.213418
v -0.015933 0.655821 0.209694
v -0.019108 0.668824 0.200965
v -0.022831 0.684574 0.207374
v -0.020756 0.666321 0.213418
v -0.019108 0.668824 0.200965
v -0.029119 0.677675 0.199377
v -0.025639 0.689885 0.201758
v -0.029119 0.677675 0.199377
v -0.021855 0.679995 0.193395
v -0.038459 0.697943 0.191380
v -0.033026 0.691899 0.193456
v -0.034186 0.693364 0.191930
v -0.015811 0.717539 0.229351
v -0.029302 0.726085 0.226177
v -0.031256 0.718576 0.222697
v -0.031256 0.718576 0.222697
v -0.028509 0.712655 0.226421
v -0.024968 0.710762 0.231305
v -0.015506 0.713387 0.234235
v -0.017826 0.716867 0.233502
v -0.023137 0.722056 0.232709
v -0.015811 0.717539 0.229351
v -0.029302 0.726085 0.226177
v 0.027837 0.677981 0.213113
v 0.031561 0.678225 0.206154
v 0.027593 0.680545 0.207863
v -0.039863 0.699896 0.198157
v -0.038459 0.697943 0.191380
v -0.035712 0.697088 0.199561
v -0.030401 0.670472 0.206947
v -0.022038 0.664489 0.211953
v -0.020756 0.666321 0.213418
v -0.020634 0.666199 0.232526
v -0.020389 0.658324 0.220316
v -0.025151 0.652707 0.222819
v -0.021061 0.655332 0.218180
v -0.023625 0.662353 0.216837
v -0.024541 0.659545 0.215310
v -0.020756 0.666321 0.213418
v -0.022282 0.678530 0.227031
v -0.021061 0.648861 0.228497
v -0.020634 0.666199 0.232526
v -0.019046 0.653013 0.229718
v -0.017520 0.646297 0.239180
v -0.018436 0.655210 0.237043
v -0.020023 0.649472 0.234662
v -0.019046 0.653013 0.229718
v -0.022099 0.645321 0.233746
v -0.019718 0.642390 0.238081
v -0.017032 0.639033 0.246261
v -0.010134 0.647030 0.249252
v -0.012759 0.636530 0.252366
v -0.013980 0.633966 0.253709
v -0.018802 0.637263 0.243941
v -0.021855 0.679995 0.193395
v -0.033026 0.691899 0.193456
v -0.025639 0.689885 0.201758
v 0.016055 0.717539 0.229351
v 0.032782 0.719675 0.222636
v 0.028142 0.726573 0.226055
v 0.027044 0.725108 0.233014
v 0.020023 0.715890 0.236555
v 0.015933 0.714181 0.237470
v 0.025517 0.710457 0.233502
v 0.030767 0.712044 0.226665
v 0.016055 0.717539 0.229351
v 0.032782 0.719675 0.222636
v 0.028142 0.726573 0.226055
v 0.027044 0.725108 0.233014
v 0.016055 0.717539 0.229351
v 0.038703 0.697943 0.191380
v 0.040474 0.698065 0.213601
v 0.038276 0.696905 0.206215
v 0.039070 0.695012 0.211465
v 0.038703 0.697943 0.191380
v 0.038276 0.696905 0.206215
v 0.031439 0.703559 0.207375
v 0.031805 0.700568 0.211343
v -0.029119 0.677675 0.199377
v -0.025639 0.689885 0.201758
v -0.033026 0.680239 0.196814
v -0.033026 0.691899 0.193456
v -0.020756 0.666321 0.213418
v -0.022831 0.684574 0.207374
v -0.030401 0.670472 0.206947
v -0.038459 0.697943 0.191380
v -0.034552 0.691472 0.191686
v -0.033026 0.691899 0.193456
v -0.033026 0.680239 0.196814
v -0.031195 0.703559 0.207375
v -0.033087 0.687748 0.207130
v -0.034613 0.703254 0.199866
v -0.035712 0.697088 0.199561
v -0.038459 0.697943 0.191380
v 0.002503 0.641536 0.266101
v -0.000122 0.635004 0.259813
v -0.000122 0.637568 0.266712
v -0.000122 0.637568 0.266712
v -0.000916 0.641536 0.266101
v -0.000916 0.641536 0.266101
v -0.006166 0.634760 0.261889
v -0.004334 0.633295 0.256517
v -0.009767 0.633356 0.250595
v -0.006227 0.648984 0.258531
v -0.006227 0.648984 0.258531
v -0.006166 0.634760 0.261889
v -0.010134 0.647030 0.249252
v -0.012759 0.636530 0.252366
v 0.018802 0.682559 0.241133
v 0.018619 0.678225 0.241866
v 0.018314 0.662780 0.233075
v 0.003724 0.637812 0.261828
v 0.004517 0.666138 0.271351
v 0.005860 0.667481 0.269886
v 0.005372 0.664795 0.262683
v 0.003724 0.637812 0.261828
v 0.005860 0.667481 0.269886
v 0.011049 0.667297 0.260973
v 0.009523 0.664184 0.263903
v 0.005372 0.664795 0.262683
v 0.003724 0.637812 0.261828
v 0.009523 0.664184 0.263903
v 0.007265 0.674928 0.254380
v 0.011049 0.667297 0.260973
v 0.005372 0.664795 0.262683
v 0.009706 0.689885 0.236433
v 0.018314 0.662780 0.233075
v 0.018619 0.678225 0.241866
v 0.018619 0.678225 0.241866
v 0.014407 0.680972 0.243331
v 0.018314 0.662780 0.233075
v 0.022831 0.687870 0.232709
v 0.017215 0.694646 0.221049
v 0.031561 0.679140 0.216959
v 0.033881 0.693730 0.223063
v 0.026860 0.698675 0.217569
v 0.021427 0.668763 0.223735
v 0.026860 0.698675 0.217569
v 0.033881 0.693730 0.223063
v 0.017215 0.694646 0.221049
v 0.026860 0.698675 0.217569
v 0.021427 0.668763 0.223735
v 0.022831 0.687870 0.232709
v 0.031805 0.700568 0.211343
v 0.039070 0.695012 0.211465
v 0.031561 0.679140 0.216959
v 0.000794 0.667114 0.260668
v 0.005860 0.667481 0.269886
v 0.004517 0.666138 0.271351
v 0.000794 0.641475 0.265491
v 0.000794 0.667114 0.260668
v 0.004517 0.666138 0.271351
v -0.000977 0.666687 0.271168
v 0.000794 0.641475 0.265491
v -0.001831 0.667481 0.269886
v 0.000794 0.667114 0.260668
v -0.009767 0.633356 0.250595
v -0.012759 0.636530 0.252366
v -0.006227 0.648984 0.258531
v -0.002137 0.637812 0.261828
v -0.006227 0.667175 0.273976
v -0.006349 0.665954 0.265735
v 0.003724 0.637812 0.261828
v 0.011049 0.668335 0.271534
v 0.004517 0.666138 0.271351
v 0.001953 0.666626 0.276540
v 0.000794 0.641475 0.265491
v -0.000977 0.666687 0.271168
v -0.002137 0.637812 0.261828
v 0.011049 0.667297 0.260973
v 0.016727 0.672669 0.262621
v 0.009523 0.664184 0.263903
v 0.012698 0.671265 0.265979
v 0.003724 0.637812 0.261828
v -0.013613 0.668824 0.270130
v -0.006349 0.665954 0.265735
v -0.012881 0.658995 0.266284
v -0.007631 0.658446 0.263965
v -0.012759 0.639094 0.252915
v -0.018924 0.659361 0.261095
v -0.022770 0.670350 0.262805
v -0.018924 0.659361 0.261095
v -0.012759 0.639094 0.252915
v -0.018314 0.661376 0.255113
v -0.022770 0.670350 0.262805
v -0.021732 0.672853 0.253709
v -0.018314 0.661376 0.255113
v -0.010622 0.662841 0.251877
v -0.021732 0.672853 0.253709
v -0.009890 0.679140 0.248337
v -0.021732 0.672853 0.253709
v -0.018192 0.682132 0.246688
v -0.039863 0.699896 0.198157
v -0.035712 0.697088 0.199561
v -0.033087 0.687748 0.207130
v -0.031317 0.678713 0.214273
v -0.032782 0.694097 0.226055
v -0.041145 0.699225 0.220988
v -0.026006 0.673951 0.216532
v -0.029241 0.691594 0.231976
v -0.018436 0.689396 0.233747
v -0.015750 0.668457 0.230206
v -0.017154 0.686466 0.239729
v -0.010622 0.678225 0.238752
v -0.011049 0.682559 0.240828
v -0.031317 0.678713 0.214273
v -0.034796 0.693303 0.213052
v -0.036933 0.697821 0.213601
v -0.041512 0.698065 0.206215
v -0.033087 0.687748 0.207130
v -0.039863 0.699896 0.198157
v -0.001831 0.667481 0.269886
v -0.000977 0.666687 0.271168
v -0.002137 0.637812 0.261828
v -0.001831 0.667481 0.269886
v -0.002137 0.637812 0.261828
v -0.005555 0.662047 0.265246
v -0.007631 0.658446 0.263965
v -0.004212 0.674196 0.256212
v -0.004212 0.674196 0.256212
v -0.008058 0.661925 0.257005
v -0.012759 0.639094 0.252915
v -0.010622 0.662841 0.251877
v -0.008058 0.661925 0.257005
v -0.009890 0.679140 0.248337
v -0.002869 0.682864 0.240645
v -0.005555 0.662047 0.265246
v -0.007631 0.658446 0.263965
v -0.006349 0.665954 0.265735
v -0.010622 0.678225 0.238752
v -0.015750 0.668457 0.230206
v -0.012759 0.689762 0.229229
v -0.026006 0.673951 0.216532
v -0.027105 0.693242 0.220683
v -0.034796 0.693303 0.213052
v -0.035346 0.697882 0.221720
v -0.026006 0.673951 0.216532
v -0.018436 0.689396 0.233747
v -0.012026 0.654172 0.240584
v -0.010622 0.678225 0.238752
v -0.002869 0.682864 0.240645
v -0.009890 0.679140 0.248337
v -0.002869 0.682864 0.240645
v -0.034796 0.693303 0.213052
v -0.031195 0.703559 0.207375
v -0.033087 0.687748 0.207130
v -0.027105 0.693242 0.220683
v -0.032782 0.694097 0.226055
v -0.031317 0.678713 0.214273
v -0.027105 0.693242 0.220683
v -0.031317 0.678713 0.214273
v -0.034796 0.693303 0.213052
v -0.032782 0.694097 0.226055
v -0.027105 0.693242 0.220683
v -0.026006 0.673951 0.216532
v -0.006349 0.665954 0.265735
v -0.005555 0.662047 0.265246
v -0.002137 0.637812 0.261828
v -0.018436 0.689396 0.233747
v -0.012759 0.689762 0.229229
v -0.015750 0.668457 0.230206
v 0.022038 0.678469 0.245590
v 0.018619 0.678225 0.241866
v 0.018802 0.682559 0.241133
v 0.018314 0.662780 0.233075
v 0.023564 0.684574 0.237959
v 0.022831 0.687870 0.232709
v 0.021427 0.668763 0.223735
v 0.031317 0.690922 0.231183
v 0.033881 0.693730 0.223063
v 0.039070 0.695012 0.211465
v 0.040474 0.698065 0.213601
v 0.031561 0.679140 0.216959
v 0.042732 0.699225 0.220988
v 0.002503 0.641536 0.266101
v -0.000122 0.637568 0.266712
v 0.003785 0.636347 0.267383
v -0.000916 0.641536 0.266101
v -0.003541 0.635798 0.266284
v -0.006166 0.634760 0.261889
v -0.013980 0.633966 0.253709
v -0.012148 0.633111 0.258898
v -0.012759 0.636530 0.252366
v -0.010622 0.634332 0.257555
v -0.006227 0.648984 0.258531
v -0.006166 0.634760 0.261889
v -0.007570 0.635004 0.263842
v -0.003968 0.635370 0.267627
v -0.018192 0.682132 0.246688
v -0.012026 0.654172 0.240584
v -0.009890 0.679140 0.248337
v -0.012026 0.654172 0.240584
v -0.018192 0.682132 0.246688
v -0.010622 0.678225 0.238752
v -0.011049 0.682559 0.240828
v 0.019535 0.662658 0.251084
v 0.011233 0.646725 0.244308
v 0.019352 0.663818 0.244979
v 0.017581 0.666321 0.242537
v 0.011233 0.646725 0.244308
v 0.011110 0.659850 0.254930
v 0.011049 0.667297 0.260973
v 0.016727 0.672669 0.262621
v 0.022648 0.675539 0.255296
v 0.022038 0.678469 0.245590
v 0.018619 0.678225 0.241866
v 0.014407 0.680972 0.243331
v 0.011110 0.659850 0.254930
v 0.008241 0.663452 0.250290
v 0.007265 0.674928 0.254380
v 0.011049 0.667297 0.260973
v 0.014407 0.680972 0.243331
v 0.017581 0.666321 0.242537
v 0.011233 0.646725 0.244308
v -0.103107 0.608998 0.112936
v -0.100177 0.618582 0.114950
v -0.104572 0.610891 0.120261
v -0.097613 0.594103 0.112081
v -0.088212 0.580978 0.116782
v -0.095965 0.581344 0.118125
v -0.097613 0.608998 0.112936
v -0.087357 0.609242 0.112814
v -0.100177 0.618582 0.114950
v -0.097613 0.608998 0.112936
v -0.096270 0.610769 0.119468
v -0.097613 0.608998 0.112936
v -0.097613 0.594103 0.112081
v -0.090288 0.646908 -0.000855
v -0.091142 0.629632 0.002625
v -0.084061 0.643245 -0.015139
v -0.089738 0.612173 0.124901
v -0.100177 0.618582 0.114950
v -0.096270 0.610769 0.119468
v -0.017154 0.716257 0.237165
v -0.024785 0.721812 0.243087
v -0.024480 0.724193 0.233686
v -0.031134 0.727062 0.238142
v -0.100849 0.686893 -0.004639
v -0.101459 0.666199 -0.003846
v -0.092974 0.671082 -0.009401
v -0.093035 0.665588 -0.010866
v -0.090043 0.664550 -0.022465
v -0.085587 0.653135 -0.018192
v -0.114767 0.656004 -0.004945
v -0.100604 0.658446 0.001160
v -0.113851 0.645748 -0.000183
v -0.118796 0.654050 -0.017276
v -0.119529 0.643734 -0.015445
v -0.111776 0.638911 -0.026738
v -0.111043 0.650571 -0.032110
v -0.102802 0.634027 -0.030706
v -0.098712 0.650571 -0.035224
v -0.091020 0.640315 -0.026128
v -0.084061 0.643245 -0.015139
v -0.091081 0.651670 -0.027471
v -0.099078 0.659911 -0.034613
v -0.109517 0.660338 -0.032843
v -0.115133 0.664856 -0.021549
v -0.110921 0.663574 -0.010011
v -0.100849 0.686893 -0.004639
v -0.111837 0.678591 -0.009706
v -0.118430 0.675233 -0.024724
v -0.085587 0.653135 -0.018192
v -0.090043 0.664550 -0.022465
v -0.095110 0.662353 -0.040229
v -0.099628 0.667908 -0.042732
v -0.111104 0.670838 -0.040168
v -0.092485 0.657286 0.058849
v -0.093035 0.642635 0.040657
v -0.099139 0.660277 0.056651
v -0.100360 0.644832 0.038276
v -0.107258 0.659239 0.057994
v -0.108235 0.643611 0.037360
v -0.100360 0.641292 0.019718
v -0.099628 0.667908 -0.042732
v -0.097125 0.678164 -0.055003
v -0.095110 0.662353 -0.040229
v -0.112508 0.684635 -0.045357
v -0.101093 0.690434 -0.054942
v -0.111471 0.695989 -0.046395
v -0.106037 0.705818 -0.045724
v -0.113363 0.701422 -0.039131
v -0.111837 0.706672 -0.023869
v -0.105671 0.711556 -0.029546
v -0.105671 0.702887 -0.011293
v -0.114035 0.698126 -0.019474
v -0.117148 0.693181 -0.030279
v -0.006837 0.759050 0.105488
v -0.003358 0.715036 0.146206
v 0.011233 0.725353 0.151395
v -0.006837 0.759050 0.105488
v -0.015201 0.723704 0.151639
v -0.003358 0.715036 0.146206
v 0.097308 0.709358 -0.003418
v 0.105915 0.711556 -0.029546
v 0.100665 0.720713 -0.022892
v 0.100543 0.723094 -0.031744
v -0.015201 0.723704 0.151639
v -0.006837 0.759050 0.105488
v -0.003297 0.731152 0.156767
v 0.011233 0.725353 0.151395
v -0.007814 0.732983 0.244247
v -0.011721 0.744277 0.229595
v -0.018497 0.734632 0.236372
v -0.018070 0.745376 0.234784
v 0.009951 0.733289 0.242904
v 0.018802 0.734632 0.236372
v 0.012026 0.744277 0.229351
v 0.020451 0.744277 0.236066
v 0.018314 0.747146 0.225872
v -0.035346 0.656798 -0.112386
v -0.036506 0.625969 -0.110982
v -0.065930 0.658690 -0.100482
v -0.065259 0.627923 -0.098834
v -0.094072 0.655027 -0.062694
v -0.100849 0.686893 -0.004639
v -0.095232 0.710701 -0.001770
v -0.105671 0.702887 -0.011293
v -0.105671 0.711556 -0.029546
v -0.098712 0.723704 -0.020756
v -0.096942 0.730297 -0.033087
v -0.106037 0.705818 -0.045724
v -0.093584 0.710640 -0.058543
v -0.101093 0.690434 -0.054942
v -0.086320 0.681216 -0.069898
v -0.097125 0.678164 -0.055003
v -0.095110 0.662353 -0.040229
v -0.834076 1.015994 0.192479
v -0.785910 1.066846 0.202552
v -0.831268 1.005738 0.179904
v -0.853245 0.951712 0.152677
v -0.853916 0.963189 0.161956
v -0.835480 0.981930 0.159331
v -0.825224 0.998108 0.167206
v -0.779134 1.051767 0.183994
v -0.802027 1.014895 0.157866
v -0.756425 1.023442 0.135096
v -0.799463 0.999206 0.150662
v -0.817716 0.996887 0.155424
v -0.830780 0.977230 0.152616
v -0.658446 0.995360 0.077529
v -0.667420 1.021671 0.105793
v -0.624626 1.032538 0.094866
v -0.576766 1.078322 0.115256
v -0.667786 1.046945 0.126122
v -0.716623 1.002442 0.116599
v -0.736158 1.067883 0.174348
v -0.666076 1.092119 0.163910
v -0.728405 1.112081 0.209206
v -0.661498 1.146511 0.210305
v -0.584091 1.128136 0.165130
v -0.588792 1.172944 0.209755
v -0.512972 1.148465 0.166657
v -0.499786 1.109639 0.126732
v -0.440632 1.154569 0.164215
v -0.431170 1.121055 0.132227
v -0.379037 1.148648 0.157927
v -0.363043 1.122032 0.135706
v -0.255723 1.096697 0.123802
v -0.300958 1.113546 0.133875
v -0.271168 1.113363 0.134913
v -0.317197 1.133814 0.148160
v -0.325499 1.150235 0.160430
v -0.383310 1.174592 0.180392
v -0.443868 1.187473 0.196325
v -0.515170 1.186802 0.205787
v -0.638178 0.969172 0.059215
v -0.663635 0.945486 0.054270
v -0.665100 0.954215 0.058971
v -0.186191 1.043648 0.163543
v -0.192723 1.070325 0.168427
v -0.236066 1.075331 0.171907
v -0.250534 1.098346 0.177096
v -0.268238 1.100910 0.168061
v -0.297418 1.121238 0.175569
v -0.312069 1.122276 0.162200
v -0.349429 1.139308 0.171662
v -0.339173 1.145168 0.184055
v -0.385263 1.167633 0.201575
v -0.389659 1.161407 0.187657
v -0.444906 1.183261 0.220377
v -0.445455 1.172700 0.202186
v -0.515048 1.172456 0.210610
v -0.515170 1.185459 0.231305
v -0.588059 1.160064 0.213968
v -0.589769 1.175081 0.236005
v -0.513400 1.138636 0.171601
v -0.446188 1.146267 0.172334
v -0.400586 1.147976 0.171601
v -0.379403 1.128625 0.157194
v -0.424883 1.113607 0.143581
v -0.500885 1.103596 0.134119
v -0.577315 1.074415 0.119102
v -0.583786 1.120017 0.168610
v -0.665344 1.085770 0.166290
v -0.659850 1.135218 0.214151
v -0.725353 1.101398 0.211648
v -0.734937 1.060802 0.175264
v -0.780538 1.055369 0.200904
v -0.777791 1.040352 0.180697
v -0.828032 0.999328 0.181796
v -0.830413 1.003113 0.189549
v -0.782675 1.061962 0.211831
v -0.723460 1.116354 0.228924
v -0.658568 1.153348 0.236249
v -0.667603 1.044259 0.127587
v -0.756425 1.023442 0.135096
v -0.853245 0.951712 0.152677
v -0.830780 0.977230 0.152616
v -0.851047 0.957390 0.158599
v -0.825163 0.991454 0.166962
v -0.855076 0.956047 0.164703
v -0.799463 0.999206 0.150662
v -0.716623 1.002442 0.116599
v -0.667359 1.020084 0.107442
v -0.625542 1.029424 0.099262
v -0.556193 1.064770 0.109395
v -0.494475 1.087418 0.121665
v -0.426164 1.096331 0.135828
v -0.609059 1.029485 0.097552
v -0.649899 0.988584 0.083634
v -0.659484 0.989012 0.084061
v -0.683109 0.983395 0.089006
v -0.701483 0.974055 0.089677
v -0.687626 0.955192 0.071974
v -0.694829 0.948111 0.069959
v -0.689091 0.907881 0.052317
v -0.677309 0.952811 0.066480
v -0.222148 1.080947 0.117209
v -0.213113 1.086686 0.131555
v -0.191991 1.066907 0.119468
v -0.186802 1.071424 0.127282
v -0.096392 0.766376 0.017643
v -0.104328 0.782492 0.031622
v -0.117941 0.789573 0.024907
v -0.118857 0.810939 0.047494
v -0.095293 0.782248 0.040413
v -0.080947 0.766742 0.031744
v -0.085648 0.760088 0.021183
v -0.086564 0.761126 0.006593
v -0.111471 0.776204 0.012087
v -0.100177 0.772114 0.000855
v -0.090715 0.766864 -0.005494
v -0.074782 0.750382 0.026677
v -0.079055 0.751602 0.000244
v -0.081436 0.768146 -0.015689
v -0.125939 0.792503 0.022465
v -0.123924 0.788047 0.015750
v -0.138453 0.804774 0.026616
v -0.135767 0.806971 0.031622
v -0.154569 0.820219 0.034247
v -0.153043 0.830596 0.042855
v -0.171845 0.840852 0.040413
v -0.161040 0.851841 0.053782
v -0.141811 0.839876 0.053782
v -0.130090 0.814480 0.039741
v -0.206703 0.869483 0.033209
v -0.187779 0.869056 0.050913
v -0.166229 0.870704 0.066358
v -0.191441 0.899212 0.072401
v -0.229900 0.948904 0.062512
v -0.203101 0.941640 0.086686
v -0.222636 0.979977 0.082474
v -0.207435 0.969110 0.094988
v -0.214822 0.997375 0.098834
v -0.199927 0.983762 0.111227
v -0.191258 0.953422 0.105183
v -0.186619 0.930346 0.097980
v -0.326781 0.958061 0.020145
v -0.279348 0.939015 0.021550
v -0.309627 0.979000 0.034674
v -0.266406 0.969233 0.044320
v -0.245895 0.993773 0.068128
v -0.224040 1.006105 0.095538
v -0.243453 1.009035 0.087785
v -0.274892 0.999695 0.059459
v -0.301264 0.999756 0.056285
v -0.335999 0.986509 0.035529
v -0.370307 0.961480 0.016483
v -0.271534 0.901227 0.011355
v -0.290703 0.916000 0.009340
v -0.330993 0.935718 0.010317
v -0.350955 0.925768 0.005067
v -0.269642 0.889750 0.008791
v -0.297967 0.890971 0.001343
v -0.297051 0.900800 0.002686
v -0.298211 0.910811 0.003602
v -0.305293 0.901838 0.000794
v -0.310299 0.892559 -0.001526
v -0.360906 0.894695 -0.008485
v -0.372077 0.912032 -0.003113
v -0.397595 0.883646 -0.015628
v -0.389537 0.873451 -0.017337
v -0.414199 0.853428 -0.022038
v -0.410903 0.845186 -0.022709
v -0.432147 0.800501 -0.025822
v -0.423173 0.852939 -0.022221
v -0.413040 0.893657 -0.014590
v -0.676943 0.959038 0.059337
v -0.687565 0.956535 0.070570
v -0.689091 0.907881 0.052317
v -0.694829 0.948111 0.069959
v -0.432147 0.800501 -0.025822
v -0.424821 0.854832 -0.026738
v -0.410903 0.845186 -0.022709
v -0.414199 0.854527 -0.023136
v -0.389537 0.873451 -0.017337
v -0.397595 0.885233 -0.018070
v -0.360906 0.894695 -0.008485
v -0.372016 0.914840 -0.008424
v -0.350772 0.929186 -0.001526
v -0.310299 0.892559 -0.001526
v -0.330505 0.939503 0.003663
v -0.305293 0.901838 0.000794
v -0.298211 0.910811 0.003602
v -0.299005 0.931384 0.007020
v -0.326232 0.964105 0.010927
v -0.283560 0.943715 0.014102
v -0.309627 0.988035 0.024663
v -0.267200 0.971064 0.032538
v -0.272938 1.015262 0.050180
v -0.239668 0.999328 0.057689
v -0.396923 0.935108 -0.009218
v -0.414138 0.896893 -0.019168
v -0.370673 0.969233 0.004273
v -0.335938 1.000427 0.023503
v -0.300287 1.024602 0.045297
v -0.275380 1.046639 0.069044
v -0.287956 0.914291 0.006593
v -0.297051 0.900800 0.002686
v -0.297967 0.890971 0.001343
v -0.271046 0.903058 0.009462
v -0.269642 0.889750 0.008791
v -0.203467 1.012453 0.086381
v -0.210488 0.990965 0.075270
v -0.183566 1.014651 0.100299
v -0.191808 1.037605 0.104145
v -0.214883 1.025762 0.083878
v -0.223430 1.051523 0.095782
v -0.238447 1.037421 0.078872
v -0.257982 1.061962 0.087846
v -0.185947 0.993041 0.092546
v -0.173066 0.977901 0.088945
v -0.202247 0.964105 0.070936
v -0.181002 0.941640 0.078933
v -0.186985 0.916367 0.061596
v -0.642818 0.982541 0.075026
v -0.596850 1.009157 0.074171
v -0.600635 1.019840 0.086137
v -0.542214 1.048349 0.089494
v -0.549478 1.057628 0.104389
v -0.603443 1.023808 0.093584
v -0.545937 0.989744 0.041267
v -0.556193 1.008363 0.058544
v -0.577926 0.994445 0.053477
v -0.573286 1.014285 0.068616
v -0.605519 0.990721 0.060863
v -0.668396 0.948782 0.061230
v -0.645687 0.984738 0.080887
v -0.671571 0.950369 0.065442
v -0.663268 0.949087 0.057872
v -0.637690 0.976680 0.066480
v -0.638178 0.969172 0.059215
v -0.663635 0.945486 0.054270
v -0.518711 0.979733 0.029486
v -0.532263 1.009462 0.055797
v -0.490568 0.997558 0.043709
v -0.492583 0.964105 0.017398
v -0.455284 0.960869 0.016300
v -0.473353 0.938038 0.002625
v -0.442403 0.931628 -0.000183
v -0.460961 0.912826 -0.007814
v -0.468531 1.019718 0.059642
v -0.472987 1.067456 0.101825
v -0.432696 1.039802 0.074904
v -0.378670 1.053904 0.090776
v -0.337342 1.031378 0.072035
v -0.378426 1.011599 0.049631
v -0.413589 0.979000 0.026006
v -0.423112 0.937122 0.001954
v -0.413955 0.936878 0.004457
v -0.391246 0.971003 0.023381
v -0.357609 0.999084 0.042305
v -0.321714 1.020634 0.066052
v -0.269153 1.034613 0.095477
v -0.304926 1.017276 0.074538
v -0.261950 1.016605 0.096881
v -0.242476 1.030401 0.111959
v -0.178622 1.025029 0.152494
v -0.229168 1.047738 0.142238
v -0.268482 1.056285 0.133325
v -0.278188 1.061535 0.153898
v -0.340822 1.067395 0.128258
v -0.342470 1.074293 0.141689
v -0.419694 1.084061 0.127160
v -0.338136 1.057811 0.109761
v -0.408339 1.074660 0.113974
v -0.303278 1.042977 0.103168
v -0.577926 0.994445 0.053477
v -0.560466 1.015750 0.061474
v -0.545937 0.989744 0.041267
v -0.505036 1.005921 0.041267
v -0.518711 0.979733 0.029486
v -0.351688 1.094256 0.104450
v -0.380868 1.064953 0.074538
v -0.411513 1.089006 0.098651
v -0.432696 1.047067 0.061962
v -0.473659 1.076308 0.091203
v -0.472193 1.026860 0.049936
v -0.540382 1.053904 0.082901
v -0.596667 1.012087 0.070326
v -0.605519 0.990721 0.060863
v -0.460228 0.954032 0.003114
v -0.492583 0.964105 0.017398
v -0.474635 0.978573 0.017948
v -0.415970 0.988096 0.013552
v -0.376595 1.019413 0.034186
v -0.337952 1.043282 0.054148
v -0.346804 1.077956 0.086930
v -0.311703 1.067090 0.077956
v -0.301508 1.087479 0.101276
v -0.293938 1.058604 0.072218
v -0.276113 1.075758 0.093401
v -0.387156 0.986631 0.000855
v -0.350589 1.015445 0.019535
v -0.316647 1.040046 0.041145
v -0.426653 0.946951 -0.005433
v -0.410354 0.943532 -0.008791
v -0.473353 0.938038 0.002625
v -0.460961 0.925768 -0.007325
v -0.460961 0.912826 -0.007814
v -0.454429 0.909651 -0.014041
v -0.449118 0.881265 -0.017581
v -0.445821 0.886454 -0.019107
v -0.437946 0.912521 -0.015384
v -0.425249 0.909712 -0.023869
v -0.433978 0.857884 -0.027043
v -0.272267 1.089555 0.163116
v -0.346377 1.117758 0.150235
v -0.095171 0.807643 0.010317
v -0.077468 0.800867 -0.000549
v -0.104755 0.793358 0.005800
v -0.088090 0.777242 -0.010195
v -0.112936 0.787620 0.006959
v -0.100177 0.772114 0.000855
v -0.090715 0.766864 -0.005494
v -0.081436 0.768146 -0.015689
v -0.189976 0.874611 0.040901
v -0.162749 0.856114 0.043343
v -0.206703 0.869483 0.033209
v -0.171845 0.840852 0.040413
v -0.141444 0.841035 0.044625
v -0.149503 0.829253 0.033148
v -0.154569 0.820219 0.034247
v -0.133875 0.807033 0.021916
v -0.138453 0.804774 0.026616
v -0.123924 0.788047 0.015750
v -0.111471 0.776204 0.012087
v -0.118796 0.822416 0.025823
v -0.129296 0.848910 0.044381
v -0.148037 0.868079 0.052195
v -0.169098 0.888163 0.056285
v -0.442037 0.890666 -0.014956
v -0.432391 0.896649 -0.013552
v -0.438007 0.853794 -0.022221
v -0.433856 0.853550 -0.021915
v -0.426897 0.897442 -0.011354
v -0.588792 1.172944 0.209755
v -0.515170 1.186802 0.205787
v -0.512972 1.148465 0.166657
v -0.433856 0.853550 -0.021915
v -0.429278 0.853489 -0.020511
v -0.426897 0.897442 -0.011354
v -0.817716 0.996887 0.155424
v -0.799463 0.999206 0.150662
v -0.830780 0.977230 0.152616
v -0.785910 1.066846 0.202552
v -0.728405 1.112081 0.209206
v -0.736158 1.067883 0.174348
v -0.756425 1.023442 0.135096
v -0.779134 1.051767 0.183994
v -0.831268 1.005738 0.179904
v -0.649899 0.988584 0.083634
v -0.659484 0.989012 0.084061
v -0.671571 0.950369 0.065442
v -0.677309 0.952811 0.066480
v -0.472987 1.067456 0.101825
v -0.487821 1.078261 0.115256
v -0.542214 1.048349 0.089494
v -0.549478 1.057628 0.104389
v -0.545937 0.989744 0.041267
v -0.532263 1.009462 0.055797
v -0.556193 1.008363 0.058544
v -0.573286 1.014285 0.068616
v -0.596850 1.009157 0.074171
v -0.638178 0.969172 0.059215
v -0.605519 0.990721 0.060863
v -0.637690 0.976680 0.066480
v -0.642818 0.982541 0.075026
v -0.659850 1.135218 0.214151
v -0.588059 1.160064 0.213968
v -0.658568 1.153348 0.236249
v -0.589769 1.175081 0.236005
v -0.301264 0.999756 0.056285
v -0.274892 0.999695 0.059459
v -0.257555 1.008608 0.087113
v -0.243453 1.009035 0.087785
v -0.756425 1.023442 0.135096
v -0.734937 1.060802 0.175264
v -0.799463 0.999206 0.150662
v -0.777791 1.040352 0.180697
v -0.186191 1.043648 0.163543
v -0.236066 1.075331 0.171907
v -0.232403 1.053965 0.169098
v -0.285758 1.079238 0.167084
v -0.346377 1.117758 0.150235
v -0.347354 1.106709 0.148526
v -0.272267 1.089555 0.163116
v -0.352176 1.091509 0.153654
v -0.268238 1.100910 0.168061
v -0.438984 0.847750 -0.023136
v -0.449118 0.881265 -0.017581
v -0.433978 0.857884 -0.027043
v -0.445821 0.886454 -0.019107
v -0.437946 0.912521 -0.015384
v -0.596667 1.012087 0.070326
v -0.605519 0.990721 0.060863
v -0.638117 0.979550 0.064648
v -0.638178 0.969172 0.059215
v -0.665100 0.954215 0.058971
v -0.540382 1.053904 0.082901
v -0.601062 1.025273 0.080764
v -0.630364 0.998657 0.073683
v -0.370307 0.961480 0.016483
v -0.395947 0.929797 -0.000427
v -0.350955 0.925768 0.005067
v -0.372077 0.912032 -0.003113
v -0.413040 0.893657 -0.014590
v -0.397595 0.883646 -0.015628
v -0.389537 0.873451 -0.017337
v -0.414199 0.854527 -0.023136
v -0.397595 0.885233 -0.018070
v -0.424821 0.854832 -0.026738
v -0.414138 0.896893 -0.019168
v -0.372016 0.914840 -0.008424
v -0.438984 0.847750 -0.023136
v -0.438007 0.853794 -0.022221
v -0.449118 0.881265 -0.017581
v -0.442037 0.890666 -0.014956
v -0.460961 0.912826 -0.007814
v -0.442403 0.931628 -0.000183
v -0.423112 0.937122 0.001954
v -0.203467 1.012453 0.086381
v -0.239668 0.999328 0.057689
v -0.214883 1.025762 0.083878
v -0.272938 1.015262 0.050180
v -0.238447 1.037421 0.078872
v -0.275380 1.046639 0.069044
v -0.257982 1.061962 0.087846
v -0.325499 1.150235 0.160430
v -0.268604 1.116476 0.138697
v -0.317197 1.133814 0.148160
v -0.271168 1.113363 0.134913
v -0.255723 1.096697 0.123802
v -0.222148 1.080947 0.117209
v -0.263049 1.130517 0.151090
v -0.213113 1.086686 0.131555
v -0.694829 0.948111 0.069959
v -0.701483 0.974055 0.089677
v -0.687565 0.956535 0.070570
v -0.683109 0.984983 0.087052
v -0.658446 0.995360 0.077529
v -0.667420 1.021671 0.105793
v -0.716623 1.002442 0.116599
v -0.011538 0.703437 0.204872
v -0.001831 0.708137 0.202064
v -0.031195 0.703559 0.207375
v -0.003358 0.715036 0.146206
v -0.021855 0.711251 0.166351
v -0.000977 0.675233 0.177096
v -0.022831 0.716074 0.162994
v -0.015201 0.723704 0.151639
v -0.003358 0.715036 0.146206
v -0.021855 0.679995 0.193395
v -0.034186 0.693364 0.191930
v -0.038459 0.697943 0.191380
v -0.021855 0.679995 0.193395
v -0.000977 0.675233 0.177096
v -0.000855 0.656553 0.192174
v -0.019108 0.668824 0.200965
v -0.015933 0.655821 0.209694
v 0.011233 0.725353 0.151395
v -0.003358 0.715036 0.146206
v 0.026616 0.710885 0.171113
v -0.000855 0.649106 0.202674
v -0.016421 0.650693 0.218973
v -0.000855 0.643978 0.211953
v -0.000855 0.656553 0.192174
v 0.030462 0.685184 0.202125
v 0.015628 0.655821 0.209694
v 0.016116 0.650693 0.218973
v -0.000855 0.637629 0.224101
v 0.012148 0.644405 0.231122
v -0.000855 0.631280 0.234052
v 0.010012 0.641536 0.235883
v -0.000244 0.630303 0.247665
v 0.009462 0.633356 0.250595
v 0.004212 0.633234 0.256395
v -0.013674 0.648495 0.227764
v -0.011416 0.643001 0.237470
v -0.009767 0.633356 0.250595
v 0.091325 0.652219 -0.068799
v 0.095354 0.662353 -0.040229
v 0.095293 0.646969 -0.048165
v 0.095354 0.662353 -0.040229
v 0.097430 0.678164 -0.055003
v 0.084000 0.681949 -0.073500
v 0.099200 0.691289 -0.056590
v 0.091814 0.711434 -0.060680
v 0.106282 0.705818 -0.045724
v 0.100543 0.723094 -0.031744
v 0.105915 0.711556 -0.029546
v 0.087357 0.643673 -0.023503
v 0.090288 0.664550 -0.022465
v 0.093218 0.671082 -0.009401
v 0.085526 0.666382 0.005433
v 0.101093 0.686893 -0.004639
v 0.091508 0.677126 0.006776
v 0.105915 0.702887 -0.011293
v 0.097308 0.709358 -0.003418
v -0.030645 0.767597 0.160247
v -0.040107 0.743300 0.150113
v -0.040657 0.744399 0.153043
v -0.040657 0.744399 0.153043
v -0.033759 0.756547 0.161346
v -0.033331 0.762652 0.189000
v -0.028448 0.764178 0.192113
v -0.031988 0.765643 0.171540
v -0.020878 0.776326 0.170686
v -0.033759 0.756547 0.161346
v 0.045113 0.250229 -0.007814
v 0.052622 0.247116 -0.011171
v 0.048776 0.321775 -0.004273
v 0.054514 0.370673 -0.012331
v 0.049020 0.334168 -0.003907
v 0.056895 0.330627 -0.007081
v 0.033698 0.306147 0.024113
v 0.028936 0.300836 0.022465
v 0.000122 0.286063 0.032782
v 0.000122 0.288932 0.036201
v 0.029058 0.313107 0.022953
v 0.000122 0.298272 0.033331
v -0.028814 0.313107 0.022953
v -0.033453 0.306147 0.024113
v -0.028631 0.300836 0.022465
v -0.048532 0.318112 -0.004273
v -0.056651 0.326354 -0.007081
v -0.048776 0.330505 -0.003907
v -0.054270 0.369086 -0.011904
v -0.052378 0.250412 -0.011171
v -0.044869 0.253098 -0.007814
v -0.057445 0.304133 -0.032293
v -0.052378 0.250412 -0.011171
v -0.056651 0.326354 -0.007081
v -0.063000 0.370368 -0.015139
v -0.067822 0.365973 -0.031561
v -0.062145 0.366217 -0.055369
v -0.047616 0.304804 -0.057750
v -0.035895 0.369147 -0.081863
v -0.028997 0.306147 -0.075819
v 0.000122 0.368476 -0.090287
v 0.000122 0.306086 -0.087785
v -0.024113 0.714486 0.150724
v -0.038642 0.719858 0.126854
v -0.033026 0.717783 0.127587
v -0.027471 0.713693 0.157744
v -0.023442 0.702094 0.138636
v -0.020512 0.704047 0.134180
v -0.024113 0.714486 0.150724
v -0.040107 0.743300 0.150113
v -0.045296 0.760759 0.126854
v -0.029852 0.770649 0.156523
v -0.037666 0.778219 0.134546
v -0.026006 0.793602 0.142482
v -0.018802 0.778829 0.161956
v -0.030645 0.767597 0.160247
v -0.013613 0.803187 0.145351
v -0.010256 0.787864 0.164093
v -0.020878 0.776326 0.170686
v -0.014651 0.784018 0.173433
v -0.017398 0.780966 0.176302
v -0.015139 0.784262 0.176485
v -0.016116 0.783102 0.178133
v -0.012759 0.773884 0.190221
v 0.002015 0.762408 0.212136
v 0.000610 0.768024 0.202369
v -0.016421 0.754838 0.217020
v -0.003113 0.769184 0.199439
v -0.017398 0.765582 0.201636
v -0.018741 0.769672 0.189915
v -0.028448 0.764178 0.192113
v -0.011782 0.776387 0.190343
v -0.001038 0.770832 0.199805
v 0.000549 0.770222 0.201270
v 0.000122 0.769977 0.198889
v -0.010683 0.775838 0.189305
v -0.014407 0.782248 0.177828
v -0.018070 0.702338 0.140163
v -0.023442 0.702094 0.138636
v 0.000366 0.698126 0.133081
v -0.018070 0.702338 0.140163
v 0.000366 0.698126 0.133081
v 0.000305 0.699225 0.135889
v -0.021183 0.711251 0.154936
v -0.023442 0.702094 0.138636
v -0.000305 -0.048654 0.003846
v 0.000122 -0.057994 0.003113
v 0.015323 -0.042000 0.002198
v 0.010256 -0.103290 -0.005494
v 0.012209 -0.050974 -0.001831
v -0.015078 -0.042000 0.002198
v 0.000122 -0.057994 0.003113
v -0.000305 -0.048654 0.003846
v -0.011904 -0.050974 -0.001831
v -0.010012 -0.103290 -0.005494
v -0.010012 -0.103290 -0.005494
v -0.007875 -0.099506 -0.007997
v -0.009584 -0.129540 -0.001831
v 0.000122 -0.128564 0.003174
v 0.000122 -0.119590 -0.001099
v 0.010256 -0.103290 -0.005494
v 0.009828 -0.129540 -0.001831
v 0.013796 -0.105122 -0.015078
v 0.008180 -0.099506 -0.007997
v 0.012209 -0.050974 -0.001831
v 0.000122 -0.140101 -0.018741
v 0.000122 -0.124168 -0.027593
v 0.011049 -0.118979 -0.023442
v 0.000122 -0.101703 -0.029180
v 0.009157 -0.101276 -0.024358
v 0.012331 -0.042061 -0.028326
v 0.012209 -0.050974 -0.001831
v 0.015323 -0.042000 0.002198
v 0.000122 -0.057994 0.003113
v 0.000122 -0.057994 0.003113
v 0.000122 -0.063671 -0.001160
v -0.015078 -0.042000 0.002198
v -0.011904 -0.050974 -0.001831
v 0.000122 -0.057994 0.003113
v 0.000122 -0.063671 -0.001160
v 0.016849 0.778829 0.161956
v 0.033209 0.793602 0.142482
v 0.012820 0.789329 0.164032
v 0.020084 0.805445 0.145474
v 0.000061 0.657042 0.170930
v 0.000610 0.659667 0.171785
v 0.012942 0.666931 0.162811
v 0.011660 0.669617 0.163726
v 0.058788 0.304072 -0.027410
v 0.056895 0.330627 -0.007081
v 0.052622 0.247116 -0.011171
v 0.048776 0.321775 -0.004273
v 0.000122 0.306086 -0.087785
v 0.000122 0.368476 -0.090287
v 0.029241 0.306147 -0.075819
v 0.036200 0.369147 -0.081863
v 0.047860 0.304804 -0.057750
v 0.062450 0.366217 -0.055369
v 0.068433 0.365912 -0.027349
v 0.063244 0.371955 -0.015628
v 0.000122 0.798852 0.166718
v 0.000244 0.801416 0.165558
v -0.002198 0.798242 0.166351
v 0.000244 0.800806 0.164032
v -0.003113 0.796349 0.165497
v -0.038459 0.697943 0.191380
v -0.022831 0.716074 0.162994
v -0.034613 0.703254 0.199866
v -0.011538 0.703437 0.204872
v -0.031195 0.703559 0.207375
v -0.015201 0.723704 0.151639
v -0.003297 0.731152 0.156767
v -0.001831 0.708137 0.202064
v 0.013064 0.703559 0.207375
v 0.011233 0.725353 0.151395
v 0.026616 0.710885 0.171113
v 0.000488 0.703376 0.221293
v 0.031805 0.700568 0.211343
v 0.031439 0.703559 0.207375
v 0.038703 0.697943 0.191380
v 0.033087 0.761065 0.164520
v 0.034552 0.744338 0.152921
v 0.028387 0.764361 0.157133
v 0.032232 0.743300 0.150113
v 0.027105 0.766132 0.152860
v 0.033209 0.793602 0.142482
v 0.016849 0.778829 0.161956
v 0.038764 0.777914 0.135035
v 0.042793 0.760759 0.126854
v 0.037299 0.720713 0.122459
v 0.027776 0.713693 0.157744
v 0.018924 0.776326 0.170686
v 0.031317 0.763690 0.179476
v 0.026860 0.764849 0.193944
v 0.032599 0.762469 0.189976
v 0.002015 0.762408 0.212136
v 0.017948 0.755021 0.216837
v 0.000610 0.768024 0.202369
v 0.004090 0.768817 0.199561
v 0.020573 0.763934 0.202064
v 0.019901 0.768695 0.190037
v 0.013125 0.774861 0.188755
v 0.016971 0.780294 0.175508
v 0.016360 0.782675 0.177584
v 0.011538 0.776570 0.190770
v 0.002320 0.770588 0.199866
v 0.009951 0.776326 0.189915
v 0.000122 0.769977 0.198889
v 0.000549 0.770222 0.201270
v -0.013552 -0.105122 -0.015078
v -0.008913 -0.101276 -0.024358
v -0.010805 -0.118979 -0.023442
v 0.000122 -0.101703 -0.029180
v 0.000122 -0.124168 -0.027593
v 0.000122 -0.140101 -0.018741
v 0.000244 0.800806 0.164032
v 0.000244 0.801416 0.165558
v 0.002991 0.798303 0.166412
v 0.000122 0.798852 0.166718
v 0.014712 0.782248 0.177828
v 0.014529 0.784873 0.175753
v 0.003846 0.796288 0.165558
v -0.031866 0.393016 0.025884
v 0.000122 0.373176 0.034430
v -0.037055 0.398938 0.027593
v 0.000122 0.377755 0.037483
v -0.031561 0.404859 0.026555
v 0.000122 0.385080 0.034980
v 0.031805 0.403089 0.026555
v 0.037299 0.396862 0.027593
v 0.032171 0.391246 0.025884
v 0.097430 0.678164 -0.055003
v 0.099200 0.691289 -0.056590
v 0.112753 0.684635 -0.045357
v 0.111226 0.693425 -0.048898
v 0.117392 0.693181 -0.030279
v 0.114340 0.700140 -0.037971
v 0.112447 0.704292 -0.024113
v 0.114340 0.698126 -0.019474
v 0.105915 0.702887 -0.011293
v 0.105915 0.711556 -0.029546
v 0.106282 0.705818 -0.045724
v 0.081253 0.733350 0.015994
v 0.075026 0.750382 0.026677
v 0.068677 0.737073 0.041390
v 0.093706 0.732800 -0.014102
v 0.085709 0.743300 -0.006105
v 0.082352 0.760210 -0.025334
v 0.081680 0.768146 -0.015689
v 0.057261 0.784445 -0.022709
v 0.060009 0.791405 -0.009401
v 0.088700 0.748489 -0.036506
v 0.100543 0.723094 -0.031744
v 0.091814 0.711434 -0.060680
v 0.036933 0.781942 -0.044197
v 0.040718 0.804652 -0.019962
v 0.024968 0.813931 -0.020634
v 0.042000 0.825713 0.003358
v 0.023930 0.833771 0.004395
v 0.000122 0.818387 -0.021610
v 0.000122 0.835297 0.005738
v 0.000122 0.841341 0.015323
v 0.026860 0.838960 0.014468
v 0.043709 0.831268 0.015445
v 0.026677 0.841646 0.025029
v 0.042305 0.834259 0.027959
v 0.060009 0.791405 -0.009401
v 0.052500 0.797631 -0.013674
v 0.049814 0.816373 0.004823
v 0.053660 0.818448 0.015872
v 0.055308 0.818204 0.031195
v 0.002625 0.845003 0.018253
v -0.000061 0.844027 0.016788
v 0.000122 0.843538 0.020084
v 0.005921 0.843172 0.020084
v 0.017398 0.845431 0.033637
v 0.015811 0.848422 0.034613
v 0.013430 0.846591 0.034980
v -0.000122 0.635004 0.259813
v 0.004212 0.633234 0.256395
v -0.000244 0.630303 0.247665
v -0.009767 0.633356 0.250595
v -0.004334 0.633295 0.256517
v -0.000244 0.630303 0.247665
v -0.000122 0.635004 0.259813
v 0.013796 -0.105122 -0.015078
v 0.015323 -0.042000 0.002198
v 0.010256 -0.103290 -0.005494
v 0.000122 -0.119590 -0.001099
v 0.008180 -0.099506 -0.007997
v -0.007875 -0.099506 -0.007997
v -0.010012 -0.103290 -0.005494
v -0.000305 -0.048654 0.003846
v 0.012209 -0.035773 0.002442
v 0.017581 -0.024785 -0.006349
v -0.009584 -0.129540 -0.001831
v -0.013552 -0.105122 -0.015078
v -0.015078 -0.042000 0.002198
v -0.000305 -0.048654 0.003846
v -0.012637 -0.035468 0.002442
v -0.019352 -0.024907 -0.006593
v -0.282828 1.069837 0.168976
v -0.232403 1.053965 0.169098
v -0.285758 1.079238 0.167084
v -0.382944 0.966180 0.020573
v -0.381418 0.971369 0.027410
v -0.410048 0.934497 0.005372
v -0.381418 0.971369 0.027410
v -0.413955 0.936878 0.004457
v -0.423600 0.895489 -0.010256
v -0.420304 0.896343 -0.012026
v -0.429278 0.853489 -0.020511
v -0.426897 0.897442 -0.011354
v -0.395947 0.929797 -0.000427
v -0.413040 0.893657 -0.014590
v -0.423173 0.852939 -0.022221
v -0.333496 0.992308 0.047311
v -0.339418 0.997863 0.050791
v -0.292473 1.004151 0.073195
v -0.301264 0.999756 0.056285
v -0.257555 1.008608 0.087113
v -0.261950 1.016605 0.096881
v -0.304926 1.017276 0.074538
v -0.321714 1.020634 0.066052
v -0.118796 0.822416 0.025823
v -0.082840 0.814663 0.018314
v -0.095171 0.807643 0.010317
v 0.034308 0.660460 0.060497
v 0.039558 0.661925 0.063855
v 0.002991 0.645931 0.064831
v -0.054148 0.714975 0.059093
v -0.061596 0.719126 0.059459
v -0.066724 0.702949 0.047006
v -0.095110 0.662353 -0.040229
v -0.086930 0.642330 -0.023564
v -0.090043 0.664550 -0.022465
v -0.092974 0.671082 -0.009401
v -0.086564 0.667175 0.002930
v -0.073805 0.659423 0.027593
v -0.090410 0.676332 0.007753
v -0.058177 0.689946 0.043892
v -0.063916 0.658324 0.029119
v -0.060497 0.632745 0.013430
v -0.069410 0.630059 0.009462
v -0.095049 0.651425 -0.045846
v -0.094072 0.655027 -0.062694
v -0.094988 0.632684 -0.055430
v -0.089738 0.624687 -0.024479
v -0.062939 0.612905 0.021366
v -0.054514 0.617972 0.023686
v -0.039192 0.614798 0.041756
v -0.045235 0.609242 0.042183
v 0.000122 0.606068 0.051523
v 0.000122 0.599109 0.053416
v 0.045480 0.609242 0.042183
v -0.100360 0.605763 -0.055125
v -0.094988 0.598498 -0.027715
v -0.076308 0.587754 0.003480
v -0.066785 0.585617 0.005799
v -0.055125 0.607655 0.022587
v -0.039619 0.604420 0.040840
v 0.000122 0.595568 0.050669
v 0.039863 0.604420 0.040840
v 0.063244 0.612905 0.021366
v 0.055369 0.607655 0.022587
v 0.054820 0.617972 0.023686
v 0.062206 0.631585 0.021977
v 0.071119 0.628777 0.019962
v 0.064160 0.658324 0.029119
v 0.074049 0.659423 0.027593
v 0.087357 0.643673 -0.023503
v 0.067029 0.585617 0.006593
v 0.076552 0.587754 0.004273
v 0.090226 0.624687 -0.024479
v 0.095293 0.646969 -0.048165
v 0.095232 0.632684 -0.055430
v 0.091325 0.652219 -0.068799
v 0.065503 0.627923 -0.098834
v 0.066724 0.604847 -0.096392
v 0.037666 0.603138 -0.111837
v 0.036872 0.623405 -0.111104
v 0.066113 0.655638 -0.100543
v 0.084000 0.681949 -0.073500
v 0.085526 0.666382 0.005433
v 0.091508 0.677126 0.006776
v -0.030889 0.685611 0.081802
v -0.051889 0.716379 0.078078
v -0.045113 0.711678 0.076430
v -0.051889 0.716379 0.078078
v -0.054148 0.714975 0.059093
v -0.061596 0.719126 0.059459
v -0.059093 0.736097 0.076430
v -0.069349 0.748733 0.060070
v -0.071363 0.786826 0.050424
v -0.071302 0.762164 0.045602
v -0.074782 0.750382 0.026677
v -0.035590 0.686405 0.084244
v -0.030767 0.688175 0.086686
v 0.000061 0.679263 0.083634
v -0.044869 0.714059 0.081375
v -0.051889 0.716379 0.078078
v -0.030889 0.685611 0.081802
v 0.000122 0.676638 0.078750
v 0.000122 0.676027 0.080703
v 0.000061 0.679263 0.083634
v 0.000366 0.698126 0.133081
v 0.024235 0.702094 0.138636
v 0.018741 0.702338 0.140163
v 0.000305 0.699225 0.135889
v 0.000366 0.698126 0.133081
v 0.020817 0.703620 0.135096
v 0.024235 0.702094 0.138636
v 0.000244 0.699286 0.129479
v -0.023442 0.702094 0.138636
v -0.020512 0.704047 0.134180
v 0.018924 0.776326 0.170686
v 0.016849 0.778829 0.161956
v 0.012820 0.789329 0.164032
v 0.009951 0.776326 0.189915
v 0.011538 0.776570 0.190770
v 0.014712 0.782248 0.177828
v 0.016360 0.782675 0.177584
v 0.014529 0.784873 0.175753
v 0.016971 0.780294 0.175508
v 0.013919 0.785178 0.172151
v 0.003846 0.796288 0.165558
v 0.033087 0.761065 0.164520
v 0.028387 0.764361 0.157133
v 0.027105 0.766132 0.152860
v 0.016849 0.778829 0.161956
v -0.038642 0.719858 0.126854
v -0.026372 0.695501 0.115927
v -0.033026 0.717783 0.127587
v -0.022587 0.697027 0.118247
v 0.045480 0.609242 0.042183
v 0.039436 0.614798 0.041756
v 0.034369 0.664367 0.064099
v 0.002991 0.649777 0.068372
v 0.039558 0.661925 0.063855
v 0.003419 0.645138 0.068799
v 0.002991 0.645931 0.064831
v -0.788841 1.069043 0.216837
v -0.833344 1.004395 0.192235
v -0.786094 1.063793 0.215738
v -0.830413 1.003113 0.189549
v -0.782675 1.061962 0.211831
v -0.015139 0.784262 0.176485
v -0.002198 0.798242 0.166351
v -0.014651 0.784018 0.173433
v -0.003113 0.796349 0.165497
v -0.010256 0.787864 0.164093
v 0.000122 0.798852 0.166718
v -0.014407 0.782248 0.177828
v -0.016116 0.783102 0.178133
v -0.352176 1.091509 0.153654
v -0.426164 1.096331 0.135828
v -0.349673 1.082474 0.155974
v -0.423662 1.089189 0.139552
v -0.419694 1.084061 0.127160
v -0.487821 1.078261 0.115256
v -0.423967 1.113241 0.109334
v -0.354252 1.116171 0.114584
v -0.351688 1.094256 0.104450
v -0.301508 1.087479 0.101276
v -0.295159 1.110128 0.114462
v -0.276113 1.075758 0.093401
v -0.275380 1.046639 0.069044
v -0.257982 1.061962 0.087846
v -0.233991 1.080947 0.102558
v -0.209511 1.070814 0.106282
v -0.222148 1.080947 0.117209
v -0.255845 1.095477 0.106404
v -0.255723 1.096697 0.123802
v -0.054453 0.804347 0.006654
v -0.055735 0.819913 0.031378
v -0.050546 0.814297 0.004640
v -0.042061 0.834259 0.027959
v -0.041756 0.825713 0.003358
v -0.024785 0.842134 0.024724
v -0.005799 0.843294 0.019657
v -0.021732 0.834320 0.004518
v -0.021061 0.815274 -0.020756
v -0.040474 0.804652 -0.019962
v -0.053965 0.797998 -0.013796
v -0.059764 0.791405 -0.009401
v -0.036689 0.781942 -0.044197
v -0.024968 0.789818 -0.044625
v -0.033698 0.745620 -0.086319
v -0.000488 0.753922 -0.086686
v 0.000122 0.793908 -0.045418
v 0.000122 0.818387 -0.021610
v 0.000122 0.835297 0.005738
v 0.000122 0.841341 0.015323
v -0.000061 0.844027 0.016788
v -0.002381 0.845064 0.017948
v 0.000122 0.843538 0.020084
v -0.058788 0.787009 -0.017581
v -0.081436 0.768146 -0.015689
v 0.034003 0.745620 -0.086319
v 0.021671 0.790855 -0.044686
v -0.000488 0.753922 -0.086686
v 0.000122 0.793908 -0.045418
v -0.146450 0.857335 0.070387
v -0.131982 0.835419 0.060375
v -0.141872 0.859166 0.077041
v -0.127037 0.837312 0.066663
v -0.121971 0.844027 0.066235
v -0.137476 0.866003 0.076613
v -0.119590 0.850681 0.061108
v -0.135767 0.872596 0.070997
v -0.151090 0.856297 0.063305
v -0.166229 0.870704 0.066358
v -0.164825 0.877602 0.078078
v -0.159270 0.879800 0.085221
v -0.154630 0.887064 0.084977
v -0.153165 0.893779 0.079055
v -0.103718 0.828765 0.052256
v -0.107381 0.823515 0.057384
v -0.110250 0.811184 0.055308
v -0.118857 0.810939 0.047494
v -0.095293 0.782248 0.040413
v -0.091508 0.797570 0.051706
v -0.092607 0.807277 0.053110
v 0.000122 0.731762 0.250168
v 0.001953 0.723704 0.253403
v 0.011294 0.723216 0.245345
v 0.018802 0.734632 0.236372
v 0.027776 0.734265 0.244247
v 0.011294 0.723216 0.245345
v 0.009951 0.733289 0.242904
v 0.026860 0.737440 0.240156
v 0.018802 0.734632 0.236372
v 0.027349 0.723399 0.249619
v 0.027776 0.734265 0.244247
v 0.031256 0.733350 0.242720
v 0.032721 0.738172 0.235578
v 0.026860 0.737440 0.240156
v 0.020451 0.744277 0.236066
v 0.018314 0.747146 0.225872
v 0.032416 0.740309 0.221110
v 0.036994 0.735975 0.229718
v 0.035346 0.731946 0.224040
v 0.038642 0.720286 0.217936
v 0.033270 0.726879 0.237654
v 0.029913 0.725719 0.234601
v 0.027044 0.725108 0.233014
v 0.021122 0.715646 0.240889
v 0.020023 0.715890 0.236555
v 0.015933 0.714181 0.237470
v 0.015811 0.712105 0.242415
v 0.025517 0.710457 0.233502
v 0.026677 0.707832 0.232159
v 0.021549 0.701728 0.243392
v 0.014224 0.713815 0.248215
v 0.017215 0.707222 0.255235
v 0.027166 0.720591 0.243148
v 0.001953 0.721201 0.258531
v 0.001953 0.723704 0.253403
v 0.027349 0.723399 0.249619
v 0.031256 0.733350 0.242720
v 0.010988 0.635248 0.258043
v 0.012026 0.634210 0.260180
v 0.012453 0.636530 0.252366
v 0.018436 0.640132 0.246261
v 0.015811 0.641902 0.246505
v 0.019474 0.642757 0.237470
v 0.015384 0.643734 0.239302
v 0.008730 0.639766 0.201270
v 0.000672 0.636774 0.200354
v 0.009828 0.647091 0.191380
v 0.038642 0.720286 0.217936
v 0.028142 0.726573 0.226055
v 0.027044 0.725108 0.233014
v 0.028142 0.726573 0.226055
v 0.000672 0.636774 0.200354
v 0.000672 0.633295 0.211220
v -0.004456 0.634638 0.211098
v 0.000672 0.636774 0.200354
v -0.007265 0.639766 0.201270
v -0.013247 0.636896 0.210976
v -0.005250 0.614309 0.222209
v 0.000672 0.633295 0.211220
v 0.000488 0.613577 0.222026
v -0.028020 0.657347 0.185581
v -0.016666 0.651303 0.193883
v -0.017337 0.653440 0.196142
v -0.015445 0.650510 0.196508
v -0.019657 0.641353 0.215860
v -0.014346 0.642390 0.202064
v -0.013186 0.616202 0.223430
v -0.019657 0.632196 0.225139
v -0.023442 0.648800 0.219218
v -0.024785 0.653684 0.204627
v -0.028081 0.658140 0.197485
v -0.026921 0.657835 0.189793
v -0.019657 0.621696 0.235822
v -0.016666 0.638361 0.235212
v -0.020084 0.643611 0.227154
v -0.013186 0.616202 0.223430
v -0.013552 0.605763 0.237714
v -0.014102 0.606801 0.243941
v -0.015750 0.614248 0.248276
v -0.011782 0.629693 0.254441
v -0.018802 0.637263 0.243941
v -0.019718 0.642390 0.238081
v -0.022099 0.645321 0.233746
v -0.021061 0.648861 0.228497
v -0.025151 0.652707 0.222819
v -0.021061 0.655332 0.218180
v -0.024541 0.659545 0.215310
v -0.024357 0.660888 0.211465
v -0.022038 0.664489 0.211953
v -0.030401 0.670472 0.206947
v -0.028631 0.663390 0.204505
v -0.035224 0.673097 0.175081
v -0.042610 0.682681 0.182529
v -0.037605 0.687687 0.172822
v -0.045296 0.700934 0.183872
v -0.041878 0.689030 0.189122
v -0.036628 0.680972 0.191136
v -0.035956 0.666382 0.185154
v -0.031866 0.673585 0.195409
v -0.033026 0.680239 0.196814
v -0.029119 0.677675 0.199377
v -0.036628 0.680972 0.191136
v -0.034552 0.691472 0.191686
v -0.038459 0.697943 0.191380
v -0.039863 0.699896 0.198157
v -0.046700 0.703559 0.197241
v -0.046151 0.707100 0.195226
v -0.007020 0.652402 0.188878
v 0.000672 0.636774 0.200354
v -0.007265 0.639766 0.201270
v -0.107441 0.652402 0.071363
v -0.109395 0.652524 0.077895
v -0.116659 0.662597 0.078689
v -0.109395 0.652524 0.077895
v -0.100360 0.651120 0.076003
v -0.100360 0.650449 0.071424
v -0.093035 0.655149 0.072035
v -0.091936 0.652036 0.077895
v -0.090043 0.613577 0.027166
v -0.088700 0.633783 0.043038
v -0.092485 0.628716 0.046334
v -0.089555 0.654478 0.065198
v -0.100360 0.625237 0.046640
v -0.109212 0.625481 0.045296
v -0.111165 0.654478 0.065198
v -0.116659 0.662597 0.078689
v -0.107258 0.659239 0.057994
v -0.109944 0.670838 0.067334
v -0.100360 0.671388 0.063427
v -0.100360 0.677187 0.082046
v -0.090043 0.674013 0.081436
v -0.108235 0.643611 0.037360
v -0.112020 0.633783 0.043038
v -0.113546 0.612173 0.025640
v -0.100360 0.606190 0.027898
v -0.100360 0.602772 -0.001648
v -0.110799 0.605274 -0.000244
v -0.116659 0.617911 0.000122
v -0.107319 0.612234 -0.008852
v -0.100360 0.611867 -0.013674
v -0.113729 0.638484 0.018863
v -0.100360 0.641292 0.019718
v -0.116659 0.622978 0.023320
v -0.113790 0.626458 0.002930
v -0.100360 0.631036 0.006166
v -0.084061 0.643245 -0.015139
v -0.084061 0.617911 0.000122
v -0.091020 0.640315 -0.026128
v -0.094011 0.610891 -0.006959
v -0.102802 0.634027 -0.030706
v -0.111776 0.638911 -0.026738
v -0.119529 0.643734 -0.015445
v -0.113851 0.645748 -0.000183
v -0.099811 0.649716 0.004456
v -0.100604 0.658446 0.001160
v -0.090288 0.646908 -0.000855
v -0.091142 0.629632 0.002625
v -0.100360 0.631036 0.006166
v -0.084061 0.643245 -0.015139
v -0.085587 0.653135 -0.018192
v -0.091325 0.656126 -0.004212
v -0.093035 0.665588 -0.010866
v -0.101459 0.666199 -0.003846
v -0.084061 0.617911 0.000122
v -0.093035 0.655149 0.072035
v -0.089555 0.654478 0.065198
v -0.084061 0.662597 0.078689
v -0.091936 0.652036 0.077895
v -0.084061 0.662597 0.078689
v -0.084061 0.617911 0.000122
v -0.091142 0.629632 0.002625
v -0.084061 0.622978 0.023320
v -0.089006 0.635615 0.020145
v -0.100360 0.644832 0.038276
v -0.093035 0.642635 0.040657
v -0.088700 0.633783 0.043038
v -0.092485 0.657286 0.058849
v -0.089311 0.670716 0.072889
v -0.099139 0.660277 0.056651
v -0.109700 0.656614 0.098712
v -0.109273 0.645382 0.103779
v -0.100360 0.664428 0.094195
v -0.100360 0.642024 0.103962
v -0.090226 0.644894 0.102558
v -0.090471 0.657103 0.097308
v -0.083267 0.639216 0.098651
v -0.084061 0.662597 0.078689
v -0.075881 0.621757 0.110128
v -0.087296 0.629143 0.118247
v -0.100360 0.631891 0.119224
v -0.115133 0.630792 0.116354
v -0.118918 0.613760 0.125450
v -0.122398 0.610586 0.118918
v -0.124840 0.621757 0.110128
v -0.117453 0.639216 0.098651
v -0.110372 0.673097 0.080581
v -0.100360 0.664428 0.094195
v -0.119101 0.599658 0.129602
v -0.123924 0.596056 0.120811
v -0.118003 0.584274 0.128258
v -0.119834 0.581649 0.121849
v -0.119468 0.568830 0.127282
v -0.123619 0.568524 0.119162
v -0.124351 0.565899 0.116171
v -0.120444 0.563336 0.126244
v -0.110982 0.567243 0.127831
v -0.110372 0.563030 0.126854
v -0.103229 0.565289 0.120628
v -0.105061 0.569013 0.122398
v -0.103107 0.569868 0.112753
v -0.102008 0.566754 0.111165
v -0.105610 0.563580 0.112325
v -0.105671 0.562664 0.118064
v -0.110982 0.560039 0.121726
v -0.118308 0.559551 0.121238
v -0.119834 0.562359 0.115622
v -0.110982 0.582138 0.128014
v -0.105305 0.582199 0.124229
v -0.104755 0.581344 0.118125
v -0.105122 0.596484 0.123619
v -0.103168 0.593676 0.112325
v -0.104572 0.610891 0.120261
v -0.110982 0.598193 0.130456
v -0.104572 0.610891 0.120261
v -0.110982 0.612173 0.124901
v -0.007020 0.652402 0.188878
v -0.007265 0.639766 0.201270
v -0.016666 0.651303 0.193883
v -0.007509 0.651548 0.187107
v -0.007020 0.652402 0.188878
v 0.000672 0.650937 0.179171
v -0.007509 0.651548 0.187107
v 0.000122 0.651487 0.175325
v -0.007020 0.653745 0.187534
v 0.000672 0.656370 0.173555
v -0.036323 0.670533 0.174593
v -0.034735 0.670106 0.175569
v -0.026433 0.657774 0.186436
v -0.015872 0.653440 0.194494
v -0.026921 0.657835 0.189793
v -0.028081 0.658140 0.197485
v -0.029363 0.660399 0.186069
v -0.035956 0.666382 0.185154
v -0.035956 0.672059 0.176607
v -0.028020 0.657347 0.185581
v -0.017337 0.653440 0.196142
v -0.000977 0.675233 0.177096
v -0.000855 0.656553 0.192174
v 0.030462 0.685184 0.202125
v 0.026616 0.710885 0.171113
v -0.000977 0.675233 0.177096
v 0.038703 0.697943 0.191380
v 0.021061 0.710152 0.155912
v 0.027776 0.713693 0.157744
v 0.012576 0.696294 0.153776
v 0.000610 0.659667 0.171785
v 0.000061 0.657042 0.170930
v -0.014651 0.668091 0.163665
v 0.012942 0.666931 0.162811
v 0.013980 0.666443 0.164886
v 0.000672 0.656370 0.173555
v -0.014529 0.667786 0.165802
v 0.000061 0.657042 0.170930
v -0.034735 0.670106 0.175569
v -0.036323 0.670533 0.174593
v -0.014651 0.671082 0.164581
v 0.000000 0.685672 0.157683
v 0.016238 0.694280 0.156218
v 0.014285 0.670106 0.163787
v 0.035834 0.675111 0.174776
v 0.036200 0.671327 0.175142
v 0.034980 0.670106 0.175569
v 0.000000 0.692510 0.151578
v 0.012576 0.696294 0.153776
v 0.000000 0.694890 0.150174
v -0.011843 0.696294 0.153776
v -0.015445 0.694280 0.156218
v -0.012392 0.670350 0.164642
v 0.000610 0.659667 0.171785
v 0.011660 0.669617 0.163726
v 0.012942 0.666931 0.162811
v 0.038032 0.687687 0.172822
v 0.027776 0.713693 0.157744
v -0.021183 0.711251 0.154936
v -0.027471 0.713693 0.157744
v -0.037605 0.687687 0.172822
v -0.035224 0.673097 0.175081
v 0.038642 0.704292 0.175264
v 0.045724 0.700934 0.183872
v 0.048898 0.706428 0.186069
v 0.045357 0.711800 0.172517
v 0.050791 0.712350 0.169160
v 0.056102 0.707466 0.185764
v 0.051828 0.715768 0.170625
v 0.057078 0.713265 0.186985
v 0.045357 0.711800 0.172517
v 0.043953 0.726512 0.160003
v 0.050791 0.712350 0.169160
v 0.041450 0.723582 0.158049
v 0.032232 0.743300 0.150113
v 0.034552 0.744338 0.152921
v 0.049753 0.729870 0.156157
v -0.014651 0.671082 0.164581
v -0.105610 0.563580 0.112325
v -0.112631 0.565350 0.109944
v -0.102008 0.566754 0.111165
v -0.104755 0.581344 0.118125
v -0.103107 0.569868 0.112753
v -0.113119 0.572309 0.110372
v -0.113790 0.568891 0.107869
v -0.123619 0.568524 0.119162
v -0.124351 0.565899 0.116171
v -0.119834 0.562359 0.115622
v -0.122398 0.610586 0.118918
v -0.112203 0.607716 0.112386
v -0.123924 0.596056 0.120811
v -0.114401 0.595385 0.112325
v -0.119834 0.581649 0.121849
v -0.111776 0.583908 0.116599
v -0.103168 0.593676 0.112325
v -0.124840 0.621757 0.110128
v -0.114157 0.614798 0.100910
v -0.101215 0.615530 0.103351
v -0.103107 0.608998 0.112936
v -0.087663 0.614920 0.101825
v -0.100360 0.635065 0.090715
v -0.110921 0.635492 0.090104
v -0.117453 0.639216 0.098651
v -0.109395 0.652524 0.077895
v -0.100360 0.651120 0.076003
v -0.091936 0.652036 0.077895
v -0.084061 0.662597 0.078689
v -0.083267 0.639216 0.098651
v -0.090471 0.635859 0.091203
v -0.075881 0.621757 0.110128
v 0.034491 0.687015 0.203712
v 0.031561 0.678225 0.206154
v 0.034003 0.664428 0.202979
v 0.029974 0.670838 0.208412
v 0.019474 0.642757 0.237470
v 0.018192 0.638361 0.235212
v 0.020695 0.648861 0.228497
v 0.020878 0.643978 0.226604
v 0.021488 0.652707 0.222819
v 0.023137 0.648800 0.219218
v 0.023320 0.656309 0.216776
v 0.026250 0.661925 0.210732
v 0.034003 0.664428 0.202979
v 0.007448 0.602283 0.247055
v 0.013186 0.605763 0.237714
v 0.014956 0.607350 0.244613
v 0.019291 0.621696 0.235822
v 0.021122 0.631707 0.224284
v 0.022892 0.641719 0.212808
v 0.029180 0.651120 0.201514
v 0.035773 0.661498 0.193151
v 0.041878 0.691777 0.189366
v 0.035651 0.690007 0.200354
v 0.038703 0.697943 0.191380
v 0.014163 0.616995 0.222758
v 0.014712 0.636896 0.210976
v 0.045724 0.700934 0.183872
v 0.042855 0.682681 0.182529
v 0.038032 0.687687 0.172822
v 0.043099 0.672731 0.186314
v 0.037238 0.673646 0.177523
v 0.030828 0.661010 0.186924
v 0.035773 0.661498 0.193151
v 0.028814 0.657225 0.189854
v 0.029180 0.651120 0.201514
v 0.025273 0.652952 0.191991
v 0.025945 0.654539 0.187229
v 0.028203 0.657713 0.185459
v 0.023320 0.653867 0.187229
v 0.034980 0.670106 0.175569
v 0.036200 0.671327 0.175142
v 0.035834 0.675111 0.174776
v 0.038032 0.687687 0.172822
v 0.042855 0.682681 0.182529
v 0.019657 0.651609 0.189488
v 0.023808 0.652097 0.188145
v 0.019657 0.651609 0.189488
v 0.017337 0.651975 0.194494
v 0.010134 0.649106 0.188633
v 0.009462 0.647030 0.188206
v 0.009828 0.647091 0.191380
v 0.008730 0.639766 0.201270
v 0.000672 0.656370 0.173555
v 0.000122 0.651487 0.175325
v 0.009462 0.647030 0.188206
v 0.000672 0.650937 0.179171
v 0.009828 0.647091 0.191380
v 0.000672 0.636774 0.200354
v 0.015811 0.642390 0.202064
v 0.008730 0.639766 0.201270
v 0.006288 0.613882 0.222514
v 0.005921 0.634638 0.211098
v 0.000672 0.633295 0.211220
v 0.000488 0.613577 0.222026
v -0.000122 0.598803 0.238813
v 0.006288 0.600085 0.238264
v 0.000305 0.599841 0.247848
v -0.006654 0.600085 0.238264
v -0.006776 0.601978 0.246627
v -0.000122 0.607716 0.255784
v -0.007936 0.610280 0.252976
v 0.000488 0.613577 0.222026
v -0.000122 0.598803 0.238813
v -0.006959 0.624321 0.259691
v -0.000122 0.625175 0.263354
v 0.006593 0.624321 0.259691
v 0.007570 0.610280 0.252976
v -0.000122 0.626885 0.271290
v 0.003480 0.626030 0.267566
v 0.008180 0.625664 0.265735
v 0.003602 0.632318 0.269764
v -0.000122 0.631707 0.273732
v -0.000122 0.636591 0.267566
v 0.004212 0.635920 0.268787
v 0.009523 0.632257 0.266223
v 0.007203 0.635004 0.263842
v 0.015445 0.614248 0.248276
v 0.011965 0.629693 0.254441
v 0.013613 0.633966 0.253709
v 0.018436 0.640132 0.246261
v 0.019474 0.642757 0.237470
v 0.050607 0.713510 0.204078
v 0.056102 0.707466 0.185764
v 0.055308 0.715158 0.204566
v 0.057078 0.713265 0.186985
v 0.050607 0.713510 0.204078
v 0.048898 0.706428 0.186069
v 0.042916 0.709542 0.214700
v 0.042732 0.699225 0.220988
v 0.040474 0.698065 0.213601
v 0.038703 0.697943 0.191380
v -0.046151 0.707100 0.195226
v -0.049325 0.708198 0.192723
v -0.045296 0.700934 0.183872
v -0.050485 0.705940 0.186802
v -0.037666 0.760820 0.186253
v -0.035712 0.766254 0.171662
v -0.037360 0.760515 0.171907
v -0.036506 0.757890 0.163238
v -0.041328 0.745742 0.156584
v 0.037788 0.760515 0.171907
v 0.036323 0.764300 0.178805
v 0.038703 0.760576 0.186802
v 0.037055 0.763995 0.189793
v 0.039741 0.755204 0.202552
v 0.039741 0.755204 0.202552
v 0.039070 0.756852 0.204689
v 0.032599 0.762469 0.189976
v 0.031317 0.763690 0.179476
v 0.033087 0.761065 0.164520
v -0.084061 0.622978 0.023320
v -0.084061 0.617911 0.000122
v -0.090898 0.606373 -0.001160
v -0.046517 0.712106 0.173860
v -0.043892 0.726757 0.159392
v -0.038215 0.704292 0.175264
v -0.041023 0.723582 0.158049
v -0.027471 0.713693 0.157744
v -0.037605 0.687687 0.172822
v -0.045296 0.700934 0.183872
v -0.050485 0.705940 0.186802
v -0.046517 0.712106 0.173860
v -0.100849 0.686893 -0.004639
v -0.105671 0.702887 -0.011293
v -0.111837 0.678591 -0.009706
v -0.114035 0.698126 -0.019474
v -0.118430 0.675233 -0.024724
v -0.117148 0.693181 -0.030279
v -0.112508 0.684635 -0.045357
v -0.111104 0.670838 -0.040168
v -0.097125 0.678164 -0.055003
v -0.099628 0.667908 -0.042732
v -0.000122 0.631707 0.273732
v -0.000122 0.636591 0.267566
v -0.003541 0.632135 0.269031
v -0.003968 0.635370 0.267627
v -0.008852 0.632562 0.266101
v -0.007570 0.635004 0.263842
v -0.012148 0.633111 0.258898
v -0.007081 0.625298 0.264270
v -0.022282 0.713387 0.234174
v -0.018009 0.712533 0.236555
v -0.019169 0.713510 0.234662
v -0.018009 0.712533 0.236555
v -0.009462 0.714425 0.234540
v -0.027410 0.719065 0.224529
v -0.031256 0.716379 0.226604
v -0.027471 0.714975 0.230145
v -0.028692 0.714059 0.230511
v -0.024174 0.712228 0.235029
v -0.027410 0.719065 0.224529
v -0.033270 0.719492 0.221354
v -0.009462 0.714425 0.234540
v -0.016544 0.709725 0.234479
v -0.024174 0.712228 0.235029
v -0.021366 0.707954 0.231549
v -0.028692 0.714059 0.230511
v -0.026921 0.709603 0.227398
v -0.029791 0.712289 0.224101
v -0.031256 0.716379 0.226604
v -0.033270 0.719492 0.221354
v 0.024785 0.713387 0.234174
v 0.021671 0.712960 0.234662
v 0.020573 0.712533 0.236555
v 0.011965 0.714425 0.234540
v 0.034980 0.728649 0.215860
v 0.029974 0.719065 0.224529
v 0.033209 0.716745 0.226909
v 0.029974 0.714975 0.230145
v 0.031195 0.714059 0.230511
v 0.026677 0.712228 0.235029
v 0.020573 0.712533 0.236555
v 0.020756 0.710030 0.236433
v 0.011965 0.714425 0.234540
v 0.026677 0.712228 0.235029
v 0.025151 0.708137 0.232037
v 0.031195 0.714059 0.230511
v 0.029424 0.709603 0.227398
v 0.031744 0.712716 0.224406
v 0.033209 0.716745 0.226909
v 0.034980 0.728649 0.215860
v 0.033759 0.715646 0.229840
v 0.034369 0.719858 0.225139
v 0.033514 0.724193 0.225444
v 0.033698 0.724132 0.220255
v 0.030340 0.728405 0.228252
v 0.029485 0.727611 0.231976
v 0.032477 0.721446 0.230511
v 0.028631 0.718088 0.235761
v 0.025395 0.723094 0.236311
v 0.022099 0.717966 0.238020
v 0.024968 0.715646 0.236982
v 0.015628 0.713082 0.236188
v 0.025334 0.712472 0.236616
v 0.030096 0.713448 0.233686
v 0.022648 0.713754 0.232526
v 0.025334 0.712472 0.236616
v 0.028814 0.713204 0.232526
v 0.030096 0.713448 0.233686
v 0.031988 0.715463 0.227886
v 0.033759 0.715646 0.229840
v 0.033026 0.719004 0.224468
v 0.034369 0.719858 0.225139
v 0.033698 0.724132 0.220255
v -0.029974 0.721446 0.230511
v -0.026982 0.727611 0.231976
v -0.031012 0.724193 0.225444
v -0.027776 0.728405 0.228252
v -0.033942 0.720469 0.218546
v -0.032904 0.719065 0.224529
v -0.031256 0.715646 0.229840
v -0.026128 0.718088 0.235761
v -0.027532 0.713448 0.233686
v -0.022465 0.715646 0.236982
v -0.022831 0.712472 0.236616
v -0.013125 0.713082 0.236188
v -0.018924 0.717966 0.238020
v -0.022892 0.723094 0.236311
v -0.033942 0.720469 0.218546
v -0.031561 0.718210 0.223796
v -0.032904 0.719065 0.224529
v -0.031256 0.715646 0.229840
v -0.029485 0.715463 0.227886
v -0.027532 0.713448 0.233686
v -0.026250 0.713204 0.232526
v -0.022831 0.712472 0.236616
v -0.020145 0.713754 0.232526
v -0.017337 0.033698 0.004151
v 0.000122 0.007692 0.012270
v 0.000183 0.017398 0.007570
v 0.000122 0.007692 0.012270
v -0.020328 0.027349 0.009157
v -0.026799 0.049875 -0.010012
v -0.031378 0.042610 -0.009218
v -0.025151 0.033453 -0.006105
v -0.016238 0.021488 0.005006
v 0.000305 0.004090 0.008119
v 0.000183 0.017398 0.007570
v 0.000122 0.007692 0.012270
v 0.017764 0.033698 0.004151
v 0.020573 0.027349 0.009157
v 0.031622 0.042610 -0.003663
v 0.026372 0.032843 -0.006044
v 0.017154 0.021061 0.005067
v 0.017581 -0.024785 -0.006349
v 0.023686 -0.037971 -0.010805
v 0.015323 -0.042000 0.002198
v 0.013796 -0.105122 -0.015078
v 0.012331 -0.042061 -0.028326
v 0.025090 0.018619 -0.035163
v 0.015323 0.019169 -0.045357
v 0.027837 0.066052 -0.041573
v 0.017520 0.069104 -0.054881
v 0.000122 0.069959 -0.059825
v 0.000122 0.018558 -0.046578
v 0.000122 -0.045724 -0.032110
v 0.000122 -0.101703 -0.029180
v 0.042183 0.072340 -0.027105
v 0.034308 0.019230 -0.017398
v 0.031622 0.042610 -0.003663
v 0.023686 -0.037971 -0.010805
v 0.026372 0.032843 -0.006044
v -0.067273 0.692204 -0.095171
v -0.035346 0.656798 -0.112386
v -0.065930 0.658690 -0.100482
v -0.094072 0.655027 -0.062694
v -0.086320 0.681216 -0.069898
v -0.093584 0.710640 -0.058543
v 0.045235 0.814847 0.112203
v 0.021244 0.824492 0.125328
v 0.033209 0.793602 0.142482
v 0.020084 0.805445 0.145474
v 0.062817 0.808803 0.070814
v 0.060558 0.803003 0.089250
v 0.068067 0.783041 0.072340
v 0.057933 0.780172 0.089677
v 0.055430 0.797998 0.101215
v 0.042793 0.760759 0.126854
v 0.038764 0.777914 0.135035
v 0.033209 0.793602 0.142482
v 0.022953 0.696111 0.112264
v 0.032171 0.717844 0.117942
v 0.037299 0.720713 0.122459
v 0.039680 0.728222 0.095416
v 0.046151 0.731457 0.094134
v 0.060192 0.735303 0.079666
v 0.051157 0.716012 0.077590
v 0.044137 0.713815 0.080948
v 0.031683 0.718515 0.123863
v 0.026677 0.695501 0.115927
v 0.022587 0.697027 0.118247
v 0.000000 0.693059 0.109761
v 0.000122 0.690861 0.107869
v -0.022587 0.697027 0.118247
v -0.026372 0.695501 0.115927
v 0.000000 0.692082 0.105366
v 0.022953 0.696111 0.112264
v 0.037299 0.720713 0.122459
v 0.009828 -0.129540 -0.001831
v 0.000122 -0.128564 0.003174
v 0.000122 -0.145962 -0.001648
v -0.009584 -0.129540 -0.001831
v 0.100543 0.723094 -0.031744
v 0.093706 0.732800 -0.014102
v 0.100665 0.720713 -0.022892
v 0.097308 0.709358 -0.003418
v -0.063732 0.783041 0.072706
v -0.056834 0.802576 0.089311
v -0.060131 0.809474 0.072340
v -0.045480 0.830657 0.088700
v -0.049386 0.831146 0.071852
v -0.023930 0.850497 0.090349
v -0.038642 0.719858 0.126854
v -0.045296 0.760759 0.126854
v -0.045968 0.730236 0.098590
v -0.056712 0.780172 0.089677
v -0.059093 0.736097 0.076430
v -0.052988 0.797937 0.100299
v -0.042610 0.814847 0.112203
v -0.024480 0.827239 0.117331
v -0.020451 0.834992 0.112570
v -0.021488 0.844027 0.101337
v -0.004884 0.850986 0.102070
v 0.000061 0.856175 0.098895
v -0.052988 0.797937 0.100299
v -0.037666 0.778219 0.134546
v -0.042610 0.814847 0.112203
v -0.026006 0.793602 0.142482
v -0.021427 0.823698 0.123314
v -0.013613 0.803187 0.145351
v -0.013552 0.816434 0.140956
v -0.012942 0.822416 0.139064
v -0.022526 0.830719 0.118979
v -0.019840 0.830413 0.118979
v -0.011660 0.822355 0.137782
v 0.000122 0.813809 0.148587
v 0.000427 0.813564 0.151273
v 0.000122 -0.045724 -0.032110
v 0.000122 -0.101703 -0.029180
v -0.012087 -0.042061 -0.028326
v -0.008913 -0.101276 -0.024358
v -0.013552 -0.105122 -0.015078
v -0.023381 -0.037971 -0.010805
v -0.015078 -0.042000 0.002198
v -0.019352 -0.024907 -0.006593
v -0.033698 0.019230 -0.017703
v -0.024846 0.018619 -0.035163
v -0.015078 0.019169 -0.045357
v 0.000122 0.018558 -0.046578
v 0.000122 0.069959 -0.059825
v -0.017276 0.069104 -0.054881
v -0.027593 0.066052 -0.041573
v -0.038154 0.066174 -0.026433
v -0.037116 0.070081 -0.018924
v -0.031378 0.042610 -0.009218
v -0.019352 -0.024907 -0.006593
v 0.014285 0.823088 0.136805
v 0.000122 0.813809 0.148587
v 0.015750 0.823637 0.137965
v 0.000427 0.813564 0.151273
v 0.004884 0.811855 0.147854
v 0.016483 0.818448 0.140773
v 0.021244 0.824492 0.125328
v 0.012820 0.789329 0.164032
v 0.003846 0.796288 0.165558
v 0.000244 0.800806 0.164032
v 0.000061 0.856175 0.098895
v 0.004640 0.851169 0.101703
v 0.027959 0.847995 0.090043
v 0.023381 0.843172 0.099139
v 0.048105 0.830657 0.088700
v 0.021183 0.834503 0.112631
v 0.023747 0.828338 0.118369
v 0.050729 0.831207 0.069471
v 0.097857 0.608998 0.112936
v 0.101459 0.615530 0.103351
v 0.101459 0.621207 0.115134
v 0.097247 0.611196 0.120444
v 0.101459 0.621207 0.115134
v 0.095843 0.597155 0.125328
v 0.097857 0.608998 0.112936
v 0.097857 0.594103 0.112081
v 0.096209 0.581344 0.118125
v 0.096087 0.582626 0.125084
v 0.097857 0.569868 0.112753
v 0.096209 0.569440 0.123375
v 0.098956 0.567426 0.111349
v 0.098285 0.566449 0.123131
v 0.090776 0.563152 0.127526
v 0.089982 0.560039 0.121726
v 0.082596 0.561443 0.127099
v 0.084183 0.558879 0.121787
v 0.081131 0.562359 0.115622
v 0.089982 0.582138 0.128014
v 0.082779 0.565655 0.127037
v 0.089982 0.567243 0.127831
v 0.095843 0.597155 0.125328
v 0.090165 0.597705 0.130090
v 0.089982 0.612173 0.124901
v 0.097247 0.611196 0.120444
v 0.101459 0.621207 0.115134
v 0.076735 0.566144 0.117575
v 0.077224 0.568708 0.119285
v 0.083633 0.583908 0.128014
v 0.081985 0.599170 0.128930
v 0.083633 0.613516 0.125694
v 0.100604 0.631891 0.119224
v 0.111287 0.612173 0.124901
v 0.105061 0.611013 0.121604
v 0.105183 0.596484 0.124412
v 0.081131 0.581649 0.121849
v 0.077040 0.596056 0.120811
v 0.078567 0.610586 0.118918
v 0.076125 0.621757 0.110128
v 0.087540 0.629143 0.118247
v 0.100604 0.642024 0.103962
v 0.109517 0.645382 0.103779
v 0.115378 0.630792 0.116354
v 0.119162 0.613760 0.125450
v 0.111287 0.598193 0.130456
v 0.111287 0.582138 0.128014
v 0.105671 0.582077 0.125389
v 0.109334 0.567670 0.127831
v 0.104145 0.569074 0.123253
v 0.102741 0.565411 0.121421
v 0.103413 0.569868 0.112753
v 0.102192 0.565777 0.111165
v 0.105305 0.563641 0.120139
v 0.105854 0.563580 0.112325
v 0.119346 0.599658 0.129602
v 0.118247 0.584274 0.128258
v 0.119773 0.570356 0.127160
v 0.102741 0.565411 0.121421
v 0.108357 0.564679 0.128075
v 0.120628 0.566937 0.126732
v 0.124718 0.564312 0.116965
v 0.123924 0.568524 0.119162
v 0.120139 0.581649 0.121849
v 0.124168 0.596056 0.120811
v 0.122642 0.610586 0.118918
v 0.125145 0.621757 0.110128
v 0.117758 0.639216 0.098651
v 0.124718 0.564312 0.116965
v 0.117758 0.563519 0.122337
v 0.109883 0.562908 0.123741
v 0.120139 0.562359 0.115622
v 0.109944 0.656614 0.098712
v 0.116965 0.662597 0.078689
v 0.110616 0.673097 0.080581
v 0.110189 0.670838 0.067334
v 0.100604 0.677187 0.082046
v 0.100604 0.671388 0.063427
v 0.090288 0.674013 0.081436
v 0.089555 0.670716 0.072889
v 0.084305 0.662597 0.078689
v 0.092729 0.657286 0.058849
v 0.089860 0.654478 0.065198
v 0.088945 0.633783 0.043038
v 0.099383 0.660277 0.056651
v 0.107503 0.659239 0.057994
v 0.100604 0.664428 0.094195
v 0.090715 0.657103 0.097308
v 0.084305 0.662597 0.078689
v 0.083511 0.639216 0.098651
v 0.100604 0.664428 0.094195
v 0.090471 0.644894 0.102558
v 0.084305 0.662597 0.078689
v 0.093279 0.655149 0.072035
v 0.092241 0.652036 0.077895
v 0.100604 0.641292 0.019718
v 0.100604 0.644832 0.038276
v 0.108479 0.643611 0.037360
v 0.111410 0.654478 0.065198
v 0.107686 0.652402 0.071363
v 0.091386 0.629632 0.002625
v 0.089250 0.635615 0.020145
v 0.100604 0.631036 0.006166
v 0.113973 0.638484 0.018863
v 0.112264 0.633783 0.043038
v 0.109456 0.625481 0.045296
v 0.100604 0.625237 0.046640
v 0.100604 0.650449 0.071424
v 0.100604 0.651120 0.076003
v 0.093279 0.655149 0.072035
v 0.092241 0.652036 0.077895
v 0.100604 0.606190 0.027898
v 0.113790 0.612173 0.025640
v 0.114096 0.626458 0.002930
v 0.116965 0.622978 0.023320
v 0.116965 0.617911 0.000122
v 0.111104 0.605274 -0.000244
v 0.100604 0.602772 -0.001648
v 0.100604 0.611867 -0.013674
v 0.107564 0.612234 -0.008852
v 0.103046 0.634027 -0.030706
v 0.112020 0.638911 -0.026738
v 0.119773 0.643734 -0.015445
v 0.114096 0.645748 -0.000183
v 0.100055 0.649716 0.004456
v 0.090532 0.646908 -0.000855
v 0.100910 0.658446 0.001160
v 0.091569 0.656126 -0.004212
v 0.084305 0.643245 -0.015139
v 0.091386 0.629632 0.002625
v 0.084305 0.617911 0.000122
v 0.101093 0.686893 -0.004639
v 0.093218 0.671082 -0.009401
v 0.101703 0.666199 -0.003846
v 0.093340 0.665588 -0.010866
v 0.085831 0.653135 -0.018192
v 0.090288 0.664550 -0.022465
v 0.111410 0.670838 -0.040168
v 0.112753 0.684635 -0.045357
v 0.118674 0.675233 -0.024724
v 0.117392 0.693181 -0.030279
v 0.114340 0.698126 -0.019474
v 0.112081 0.678591 -0.009706
v 0.105915 0.702887 -0.011293
v 0.101093 0.686893 -0.004639
v 0.111165 0.663574 -0.010011
v 0.115011 0.656004 -0.004945
v 0.115378 0.664856 -0.021549
v 0.119040 0.654050 -0.017276
v 0.109822 0.660338 -0.032843
v 0.097430 0.678164 -0.055003
v 0.099933 0.667908 -0.042732
v 0.095354 0.662353 -0.040229
v 0.099383 0.659911 -0.034613
v 0.090288 0.664550 -0.022465
v 0.091325 0.651670 -0.027471
v 0.085831 0.653135 -0.018192
v 0.084305 0.643245 -0.015139
v 0.091264 0.640315 -0.026128
v 0.098956 0.650571 -0.035224
v 0.094256 0.610891 -0.006959
v 0.084305 0.617911 0.000122
v 0.091203 0.606373 -0.001160
v 0.090288 0.613577 0.027166
v 0.084305 0.617911 0.000122
v 0.084305 0.622978 0.023320
v 0.116965 0.662597 0.078689
v 0.109639 0.652524 0.077895
v 0.109639 0.652524 0.077895
v 0.084305 0.617911 0.000122
v 0.084305 0.622978 0.023320
v 0.087052 0.567487 0.107625
v 0.076735 0.566144 0.117575
v 0.077224 0.568708 0.119285
v 0.087052 0.567487 0.107625
v 0.081131 0.562359 0.115622
v 0.088029 0.563030 0.108479
v 0.081131 0.581649 0.121849
v 0.088456 0.580978 0.116782
v 0.086747 0.568891 0.110433
v 0.095415 0.563580 0.112325
v 0.098956 0.567426 0.111349
v 0.097857 0.569868 0.112753
v 0.096209 0.581344 0.118125
v 0.097857 0.594103 0.112081
v 0.077040 0.596056 0.120811
v 0.087479 0.594530 0.113119
v 0.087601 0.609242 0.112814
v 0.078567 0.610586 0.118918
v 0.087907 0.614920 0.101825
v 0.101459 0.615530 0.103351
v 0.100604 0.635065 0.090715
v 0.114462 0.614798 0.100910
v 0.111165 0.635492 0.090104
v 0.076125 0.621757 0.110128
v 0.090776 0.635859 0.091203
v 0.092241 0.652036 0.077895
v 0.100604 0.651120 0.076003
v 0.109639 0.652524 0.077895
v 0.083511 0.639216 0.098651
v 0.084305 0.662597 0.078689
v 0.097857 0.608998 0.112936
v 0.116965 0.662597 0.078689
v 0.117758 0.639216 0.098651
v 0.125145 0.621757 0.110128
v 0.122642 0.610586 0.118918
v 0.112447 0.607716 0.112386
v 0.124168 0.596056 0.120811
v 0.114645 0.595385 0.112325
v 0.120139 0.581649 0.121849
v 0.112020 0.583908 0.116599
v 0.123924 0.568524 0.119162
v 0.113485 0.571394 0.111959
v 0.113119 0.567609 0.109090
v 0.103413 0.569868 0.112753
v 0.102192 0.565777 0.111165
v 0.103473 0.593676 0.112325
v 0.105061 0.581344 0.118125
v 0.124718 0.564312 0.116965
v 0.105854 0.563580 0.112325
v 0.112997 0.564434 0.111532
v 0.120139 0.562359 0.115622
v 0.113119 0.567609 0.109090
v -0.040107 0.743300 0.150113
v -0.027471 0.713693 0.157744
v -0.041023 0.723582 0.158049
v -0.040657 0.744399 0.153043
v -0.040107 0.743300 0.150113
v -0.048471 0.729321 0.156950
v -0.040657 0.744399 0.153043
v -0.043892 0.726757 0.159392
v -0.033759 0.756547 0.161346
v -0.042732 0.746658 0.153410
v -0.049875 0.731518 0.157500
v -0.041328 0.745742 0.156584
v -0.036506 0.757890 0.163238
v -0.035712 0.766254 0.171662
v -0.031988 0.765643 0.171540
v -0.036506 0.764483 0.189122
v -0.033331 0.762652 0.189000
v -0.037666 0.760820 0.186253
v -0.031134 0.711617 0.226299
v -0.038215 0.720286 0.217936
v -0.036200 0.708504 0.231061
v -0.026860 0.702277 0.239851
v -0.025884 0.708748 0.232648
v -0.036200 0.708504 0.231061
v -0.038215 0.720286 0.217936
v -0.040840 0.699652 0.231793
v -0.026860 0.702277 0.239851
v 0.030767 0.712044 0.226665
v 0.025517 0.710457 0.233502
v 0.026677 0.707832 0.232159
v 0.021549 0.701728 0.243392
v 0.031744 0.702460 0.236372
v 0.036933 0.706245 0.228619
v 0.032355 0.710030 0.226238
v 0.038642 0.720286 0.217936
v 0.032782 0.719675 0.222636
v 0.103413 0.608998 0.112936
v 0.092790 0.628716 0.046334
v 0.089860 0.654478 0.065198
v 0.088945 0.633783 0.043038
v 0.037543 0.745742 0.156584
v 0.050302 0.731518 0.157500
v 0.037788 0.746475 0.153226
v 0.049753 0.729870 0.156157
v 0.034552 0.744338 0.152921
v 0.034552 0.744338 0.152921
v 0.033087 0.761065 0.164520
v 0.037116 0.762347 0.166962
v 0.037788 0.760515 0.171907
v 0.036323 0.764300 0.178805
v 0.095538 0.563030 0.119224
v 0.095415 0.563580 0.112325
v 0.105061 0.581344 0.118125
v 0.105183 0.596484 0.124412
v 0.103473 0.593676 0.112325
v 0.103413 0.608998 0.112936
v 0.105061 0.611013 0.121604
v 0.101459 0.621207 0.115134
v 0.101459 0.615530 0.103351
v 0.111165 0.635492 0.090104
v 0.100604 0.635065 0.090715
v 0.109639 0.652524 0.077895
v 0.103473 0.593676 0.112325
v 0.103413 0.608998 0.112936
v 0.112447 0.607716 0.112386
v 0.014224 0.699286 0.263965
v 0.000366 0.709603 0.259203
v 0.000977 0.709847 0.267078
v 0.001953 0.704169 0.269581
v 0.014224 0.699286 0.263965
v 0.017215 0.707222 0.255235
v 0.001953 0.721201 0.258531
v 0.029913 0.670655 0.263903
v 0.032721 0.675417 0.256517
v 0.023320 0.691289 0.267444
v 0.028814 0.684329 0.249558
v 0.020512 0.688419 0.241988
v 0.021549 0.701728 0.243392
v 0.031744 0.702460 0.236372
v 0.033087 0.693181 0.234967
v 0.040535 0.696539 0.227154
v 0.036933 0.706245 0.228619
v 0.022648 0.675539 0.255296
v 0.022038 0.678469 0.245590
v 0.018802 0.682559 0.241133
v 0.023564 0.684574 0.237959
v 0.022831 0.687870 0.232709
v 0.031317 0.690922 0.231183
v 0.033881 0.693730 0.223063
v 0.042732 0.699225 0.220988
v 0.042916 0.709542 0.214700
v 0.032355 0.710030 0.226238
v 0.038642 0.720286 0.217936
v 0.046456 0.725597 0.213235
v 0.050607 0.713510 0.204078
v 0.055308 0.715158 0.204566
v 0.050546 0.729748 0.213052
v 0.053232 0.730236 0.209145
v 0.057078 0.713265 0.186985
v 0.055308 0.719919 0.201209
v 0.055308 0.715158 0.204566
v 0.014712 0.695318 0.281485
v 0.021061 0.698736 0.271778
v 0.019169 0.699286 0.276967
v 0.021061 0.698736 0.271778
v 0.022770 0.696050 0.272938
v 0.013491 0.690556 0.281912
v 0.008546 0.689030 0.282523
v 0.013186 0.686710 0.280996
v 0.006227 0.671876 0.283499
v 0.015628 0.688053 0.276845
v 0.012148 0.687015 0.273182
v 0.019169 0.699286 0.276967
v 0.013369 0.698980 0.271412
v 0.001953 0.704169 0.269581
v 0.000610 0.666992 0.290642
v 0.000977 0.674562 0.289909
v 0.002015 0.685550 0.278860
v 0.008730 0.694158 0.279287
v 0.013369 0.698980 0.271412
v 0.019169 0.699286 0.276967
v 0.020695 0.670106 0.270741
v 0.015139 0.680728 0.273182
v 0.020328 0.683475 0.269581
v 0.012148 0.687015 0.273182
v 0.006227 0.671876 0.283499
v 0.014651 0.667114 0.277761
v 0.012698 0.671265 0.265979
v 0.011049 0.668335 0.271534
v 0.000061 0.660155 0.288444
v 0.001953 0.666626 0.276540
v 0.016727 0.672669 0.262621
v 0.020695 0.670106 0.270741
v 0.014651 0.667114 0.277761
v -0.016727 0.669739 0.272267
v -0.010622 0.667114 0.277761
v -0.005677 0.671510 0.282400
v -0.022770 0.670350 0.262805
v -0.028264 0.672547 0.263903
v -0.016360 0.683475 0.269581
v -0.019291 0.691289 0.267444
v -0.008180 0.686466 0.273182
v -0.011843 0.679507 0.274098
v -0.005677 0.671510 0.282400
v -0.005372 0.689030 0.282523
v -0.010012 0.686710 0.280996
v -0.012453 0.688053 0.276845
v -0.010317 0.690556 0.281912
v -0.005372 0.689030 0.282523
v -0.011538 0.695318 0.281485
v -0.018741 0.696050 0.272938
v -0.011538 0.695318 0.281485
v -0.017032 0.698736 0.271778
v -0.010561 0.699286 0.263965
v -0.008180 0.686466 0.273182
v -0.015201 0.699286 0.276967
v -0.005555 0.694158 0.279287
v 0.002015 0.685550 0.278860
v 0.000244 0.694341 0.274342
v -0.009340 0.698980 0.271412
v -0.015201 0.699286 0.276967
v -0.017032 0.698736 0.271778
v 0.000977 0.709847 0.267078
v 0.000366 0.709603 0.259203
v -0.010561 0.699286 0.263965
v 0.019169 0.699286 0.276967
v 0.008730 0.694158 0.279287
v 0.014712 0.695318 0.281485
v 0.014712 0.695318 0.281485
v 0.008730 0.694158 0.279287
v 0.008546 0.689030 0.282523
v 0.032782 0.719675 0.222636
v 0.038642 0.720286 0.217936
v 0.028142 0.726573 0.226055
v 0.013613 0.633966 0.253709
v 0.012026 0.634210 0.260180
v 0.011965 0.629693 0.254441
v 0.011965 0.629693 0.254441
v 0.009523 0.632257 0.266223
v 0.007203 0.635004 0.263842
v 0.015445 0.614248 0.248276
v 0.007570 0.610280 0.252976
v 0.006593 0.624321 0.259691
v 0.008180 0.625664 0.265735
v 0.003602 0.632318 0.269764
v -0.112203 0.607716 0.112386
v -0.103107 0.608998 0.112936
v -0.103168 0.593676 0.112325
v -0.104572 0.610891 0.120261
v -0.103168 0.593676 0.112325
v -0.103107 0.608998 0.112936
v 0.000977 0.674562 0.289909
v 0.002015 0.685550 0.278860
v 0.000610 0.666992 0.290642
v 0.000977 0.674562 0.289909
v -0.010561 0.699286 0.263965
v 0.001953 0.721201 0.258531
v -0.013186 0.707222 0.255235
v 0.001953 0.723704 0.253403
v -0.028264 0.683169 0.250412
v -0.020023 0.688419 0.241988
v -0.019474 0.701056 0.242049
v -0.034918 0.694890 0.238020
v -0.026860 0.702277 0.239851
v -0.040840 0.699652 0.231793
v -0.037910 0.696539 0.227154
v -0.032782 0.692876 0.235639
v -0.038215 0.720286 0.217936
v -0.042488 0.709542 0.214700
v -0.041145 0.699225 0.220988
v -0.032782 0.694097 0.226055
v -0.029241 0.691594 0.231976
v -0.018436 0.689396 0.233747
v -0.017154 0.686466 0.239729
v -0.011049 0.682559 0.240828
v -0.046151 0.707100 0.195226
v -0.046700 0.703559 0.197241
v -0.044503 0.699896 0.207375
v -0.036933 0.697821 0.213601
v -0.041512 0.698065 0.206215
v -0.039863 0.699896 0.198157
v -0.008852 0.744643 0.228924
v -0.009645 0.745315 0.229718
v -0.005738 0.741164 0.237470
v -0.007814 0.732983 0.244247
v 0.000122 0.731762 0.250168
v -0.006471 0.738722 0.239363
v 0.000244 0.735791 0.244369
v -0.006105 0.740919 0.238874
v 0.000305 0.737562 0.243758
v 0.000122 0.737379 0.242476
v -0.005738 0.741164 0.237470
v -0.011721 0.744277 0.229595
v 0.000305 0.757219 0.221171
v 0.000610 0.758745 0.220500
v -0.008852 0.744643 0.228924
v -0.007265 0.723216 0.245345
v 0.001953 0.723704 0.253403
v 0.000122 0.731762 0.250168
v -0.007814 0.732983 0.244247
v -0.007265 0.723216 0.245345
v -0.018802 0.637263 0.243941
v -0.011782 0.629693 0.254441
v -0.013980 0.633966 0.253709
v -0.011782 0.629693 0.254441
v -0.012148 0.633111 0.258898
v -0.006959 0.624321 0.259691
v -0.007081 0.625298 0.264270
v -0.003480 0.626030 0.267627
v -0.003541 0.632135 0.269031
v -0.000122 0.631707 0.273732
v -0.000122 0.626885 0.271290
v -0.000122 0.625175 0.263354
v -0.018192 0.682132 0.246688
v -0.020023 0.688419 0.241988
v -0.011049 0.682559 0.240828
v 0.001953 0.721201 0.258531
v -0.031073 0.677248 0.256517
v -0.022770 0.670350 0.262805
v -0.021732 0.672853 0.253709
v -0.028264 0.683169 0.250412
v 0.001953 0.704169 0.269581
v -0.009340 0.698980 0.271412
v -0.017032 0.698736 0.271778
v 0.001953 0.666626 0.276540
v -0.006227 0.667175 0.273976
v -0.010622 0.667114 0.277761
v -0.013613 0.668824 0.270130
v -0.016727 0.669739 0.272267
v 0.009096 0.744643 0.228924
v 0.000610 0.758745 0.220500
v 0.000305 0.757219 0.221171
v 0.012026 0.744277 0.229351
v 0.000672 0.758867 0.218729
v 0.010317 0.745315 0.229718
v 0.009096 0.744643 0.228924
v -0.029302 0.726085 0.226177
v -0.038215 0.720286 0.217936
v -0.031256 0.718576 0.222697
v 0.051828 0.715768 0.170625
v 0.049753 0.729870 0.156157
v 0.050302 0.731518 0.157500
v 0.031683 0.755448 0.207191
v 0.040230 0.740126 0.215738
v 0.035407 0.753617 0.205909
v 0.039070 0.756852 0.204689
v 0.043709 0.742751 0.215494
v 0.040230 0.740126 0.215738
v 0.050546 0.729748 0.213052
v 0.046151 0.741408 0.211526
v 0.053232 0.730236 0.209145
v 0.043709 0.742751 0.215494
v 0.039741 0.755204 0.202552
v 0.031683 0.755448 0.207191
v 0.032416 0.740309 0.221110
v 0.038642 0.720286 0.217936
v 0.046456 0.725597 0.213235
v 0.018314 0.747146 0.225872
v 0.017948 0.755021 0.216837
v 0.020573 0.763934 0.202064
v 0.026860 0.764849 0.193944
v 0.032599 0.762469 0.189976
v 0.035407 0.753617 0.205909
v 0.039070 0.756852 0.204689
v -0.050485 0.705940 0.186802
v -0.055491 0.707344 0.186680
v -0.050974 0.713632 0.171479
v -0.046517 0.712106 0.173860
v -0.050974 0.713632 0.171479
v -0.046517 0.712106 0.173860
v -0.043892 0.726757 0.159392
v -0.048471 0.729321 0.156950
v -0.051401 0.715768 0.170625
v -0.056651 0.710518 0.186985
v -0.049875 0.731518 0.157500
v -0.042732 0.746658 0.153410
v -0.055491 0.707344 0.186680
v -0.050485 0.705940 0.186802
v -0.049325 0.708198 0.192723
v -0.054636 0.709053 0.191380
v -0.056651 0.710518 0.186985
v -0.054881 0.719919 0.201209
v -0.055186 0.718576 0.205055
v -0.050974 0.730236 0.209145
v -0.050302 0.729137 0.212869
v -0.050729 0.716440 0.205726
v -0.046151 0.707100 0.195226
v -0.042488 0.709542 0.214700
v -0.046823 0.726146 0.212747
v -0.050729 0.716440 0.205726
v -0.038215 0.720286 0.217936
v -0.042488 0.709542 0.214700
v -0.049325 0.708198 0.192723
v -0.054636 0.709053 0.191380
v -0.055491 0.707344 0.186680
v -0.028448 0.764178 0.192113
v -0.033331 0.762652 0.189000
v -0.032843 0.753373 0.204078
v -0.037666 0.760820 0.186253
v -0.038337 0.753617 0.199927
v -0.036506 0.764483 0.189122
v -0.037543 0.755692 0.203223
v -0.034674 0.753434 0.202674
v -0.032843 0.753373 0.204078
v -0.038337 0.753617 0.199927
v -0.046823 0.744155 0.214151
v -0.048898 0.743239 0.209267
v -0.050302 0.729137 0.212869
v -0.050974 0.730236 0.209145
v -0.037543 0.755692 0.203223
v -0.034674 0.753434 0.202674
v -0.041267 0.741896 0.214639
v -0.031988 0.740309 0.221110
v -0.038215 0.720286 0.217936
v -0.046823 0.726146 0.212747
v 0.000672 0.758867 0.218729
v -0.011721 0.744277 0.229595
v -0.009645 0.745315 0.229718
v -0.008852 0.744643 0.228924
v 0.000610 0.758745 0.220500
v 0.000672 0.758867 0.218729
v -0.005677 0.671510 0.282400
v -0.012453 0.688053 0.276845
v -0.008180 0.686466 0.273182
v 0.113973 0.638484 0.018863
v 0.112264 0.633783 0.043038
v 0.116965 0.622978 0.023320
v 0.113790 0.612173 0.025640
v 0.012026 0.634210 0.260180
v 0.013613 0.633966 0.253709
v 0.012453 0.636530 0.252366
v 0.018436 0.640132 0.246261
v 0.115011 0.656004 -0.004945
v 0.101703 0.666199 -0.003846
v 0.100910 0.658446 0.001160
v 0.091569 0.656126 -0.004212
v 0.091325 0.651670 -0.027471
v 0.099383 0.659911 -0.034613
v 0.098956 0.650571 -0.035224
v 0.111287 0.650571 -0.032110
v 0.103046 0.634027 -0.030706
v 0.112020 0.638911 -0.026738
v 0.119040 0.654050 -0.017276
v 0.119773 0.643734 -0.015445
v 0.114096 0.645748 -0.000183
v 0.100055 0.649716 0.004456
v 0.109822 0.660338 -0.032843
v 0.099933 0.667908 -0.042732
v 0.111410 0.670838 -0.040168
v -0.117453 0.639216 0.098651
v -0.116659 0.662597 0.078689
v -0.110921 0.635492 0.090104
v -0.109395 0.652524 0.077895
v -0.100360 0.635065 0.090715
v -0.087663 0.614920 0.101825
v -0.090471 0.635859 0.091203
v -0.091936 0.652036 0.077895
v -0.084061 0.662597 0.078689
v 0.005311 0.740736 0.237837
v 0.000122 0.737379 0.242476
v 0.005921 0.741102 0.238630
v 0.000305 0.737562 0.243758
v 0.000244 0.735791 0.244369
v 0.000122 0.731762 0.250168
v 0.009951 0.733289 0.242904
v 0.006410 0.739149 0.238997
v 0.012026 0.744277 0.229351
v 0.010317 0.745315 0.229718
v 0.009096 0.744643 0.228924
v -0.018985 0.747207 0.225505
v -0.016421 0.754838 0.217020
v -0.031988 0.740309 0.221110
v -0.032843 0.753373 0.204078
v -0.017398 0.765582 0.201636
v -0.028448 0.764178 0.192113
v 0.081131 0.581649 0.121849
v 0.087479 0.594530 0.113119
v 0.088456 0.580978 0.116782
v 0.097857 0.594103 0.112081
v 0.087601 0.609242 0.112814
v 0.097857 0.608998 0.112936
v -0.025884 0.708748 0.232648
v -0.024968 0.710762 0.231305
v -0.031134 0.711617 0.226299
v -0.028509 0.712655 0.226421
v -0.031256 0.718576 0.222697
v 0.100604 0.641292 0.019718
v 0.089250 0.635615 0.020145
v 0.100604 0.644832 0.038276
v 0.093279 0.642635 0.040657
v 0.099383 0.660277 0.056651
v 0.107503 0.659239 0.057994
v 0.091386 0.629632 0.002625
v 0.084305 0.622978 0.023320
v 0.088945 0.633783 0.043038
v 0.092729 0.657286 0.058849
v 0.100604 0.650449 0.071424
v 0.092790 0.628716 0.046334
v 0.100604 0.625237 0.046640
v 0.100604 0.606190 0.027898
v 0.090288 0.613577 0.027166
v 0.088945 0.633783 0.043038
v 0.084305 0.622978 0.023320
v 0.076125 0.621757 0.110128
v 0.087540 0.629143 0.118247
v 0.083511 0.639216 0.098651
v 0.090471 0.644894 0.102558
v 0.100604 0.642024 0.103962
v 0.100604 0.664428 0.094195
v 0.109517 0.645382 0.103779
v 0.109944 0.656614 0.098712
v -0.002381 0.845064 0.017948
v -0.013369 0.846896 0.034735
v 0.000122 0.843538 0.020084
v -0.023808 0.848971 0.052683
v -0.021977 0.851413 0.052622
v -0.016727 0.845797 0.032782
v -0.015384 0.848361 0.033759
v -0.013369 0.846896 0.034735
v -0.005799 0.843294 0.019657
v -0.024785 0.842134 0.024724
v -0.023808 0.848971 0.052683
v -0.029424 0.846957 0.052500
v -0.042061 0.834259 0.027959
v -0.014712 0.857090 0.064221
v -0.019840 0.849887 0.052195
v -0.015872 0.858373 0.065320
v -0.017154 0.857029 0.066052
v 0.017764 0.033698 0.004151
v 0.031622 0.042610 -0.003663
v 0.027288 0.049875 -0.010012
v 0.027288 0.049875 -0.010012
v 0.032232 0.074782 -0.012759
v 0.036017 0.125755 -0.011721
v 0.039924 0.072401 -0.015017
v 0.031622 0.042610 -0.003663
v 0.042183 0.072340 -0.027105
v 0.043160 0.136316 -0.005983
v 0.000122 0.069959 -0.059825
v 0.000122 0.125389 -0.070814
v 0.017520 0.069104 -0.054881
v 0.021610 0.124535 -0.061413
v 0.027837 0.066052 -0.041573
v 0.034186 0.122276 -0.045113
v 0.045418 0.120872 -0.020145
v 0.047250 0.178072 -0.016605
v 0.041450 0.177767 -0.014712
v 0.052622 0.247116 -0.011171
v 0.000122 0.306086 -0.087785
v 0.029241 0.306147 -0.075819
v 0.000122 0.242903 -0.074538
v 0.025090 0.243636 -0.068128
v 0.000122 0.179415 -0.078322
v 0.022221 0.179782 -0.068555
v 0.037116 0.178622 -0.050668
v 0.048593 0.178316 -0.025823
v 0.052622 0.247116 -0.011171
v 0.054698 0.242781 -0.027532
v 0.058788 0.304072 -0.027410
v 0.047860 0.304804 -0.057750
v 0.043709 0.242842 -0.053171
v 0.046151 0.238264 -0.009035
v 0.037849 0.141139 -0.004456
v 0.043160 0.136316 -0.005983
v 0.027532 0.217569 0.015506
v 0.031439 0.223491 0.016788
v 0.045113 0.250229 -0.007814
v 0.026921 0.230023 0.016177
v 0.000122 0.207313 0.025578
v 0.000122 0.216165 0.023686
v -0.026677 0.233624 0.016177
v -0.031134 0.227703 0.016788
v -0.044869 0.253098 -0.007814
v -0.052378 0.250412 -0.011171
v -0.045907 0.241194 -0.009035
v -0.027288 0.221232 0.015506
v 0.000122 0.203406 0.023198
v -0.031805 0.074782 -0.015689
v -0.031378 0.042610 -0.009218
v -0.026799 0.049875 -0.010012
v 0.000122 0.458153 0.045235
v -0.042122 0.478359 0.032416
v -0.035895 0.472499 0.030706
v -0.079788 0.488249 -0.007753
v -0.067945 0.480923 -0.003541
v -0.062389 0.454612 -0.009401
v -0.073439 0.458336 -0.013369
v -0.081253 0.465356 -0.024235
v -0.084183 0.496246 -0.033270
v -0.073072 0.472438 -0.072828
v -0.077651 0.507783 -0.069898
v -0.031561 0.404859 0.026555
v -0.056712 0.426042 0.000733
v -0.037055 0.398938 0.027593
v -0.066602 0.423784 -0.002686
v -0.073744 0.422258 -0.030279
v -0.070142 0.420792 -0.056285
v -0.037421 0.425798 -0.086380
v -0.039192 0.475978 -0.103901
v -0.041206 0.519687 -0.104878
v -0.031866 0.393016 0.025884
v -0.057384 0.414444 -0.000183
v -0.054270 0.369086 -0.011904
v -0.063000 0.370368 -0.015139
v -0.067822 0.365973 -0.031561
v -0.062145 0.366217 -0.055369
v -0.035895 0.369147 -0.081863
v 0.000122 0.368476 -0.090287
v 0.000122 0.426836 -0.095598
v 0.000122 0.475734 -0.114523
v 0.000122 0.526769 -0.118796
v -0.040962 0.570356 -0.112142
v 0.000122 0.568952 -0.115072
v -0.037421 0.603138 -0.111837
v 0.000122 0.593737 -0.113424
v -0.036506 0.625969 -0.110982
v 0.000122 0.622612 -0.111409
v 0.000122 0.654539 -0.115866
v -0.035346 0.656798 -0.112386
v -0.065259 0.627923 -0.098834
v -0.066479 0.604847 -0.096392
v -0.100360 0.605763 -0.055125
v -0.094988 0.632684 -0.055430
v -0.094072 0.655027 -0.062694
v -0.068433 0.568219 -0.092424
v -0.097369 0.567426 -0.054026
v -0.095782 0.563824 -0.028142
v -0.082168 0.559429 0.003175
v -0.070203 0.490935 -0.003846
v -0.072218 0.553568 0.005799
v -0.042122 0.478359 0.032416
v -0.037055 0.482266 0.031500
v 0.000122 0.461510 0.049448
v 0.000122 0.467371 0.046456
v 0.037299 0.482266 0.031500
v 0.042427 0.478359 0.032416
v 0.070447 0.490935 -0.003846
v 0.080093 0.488249 -0.007753
v 0.082413 0.559429 0.003175
v 0.072523 0.553568 0.005799
v 0.045907 0.548684 0.040046
v 0.040413 0.544106 0.038154
v 0.000122 0.526281 0.053232
v 0.036139 0.472499 0.030706
v 0.068189 0.480923 -0.003541
v 0.061413 0.457420 -0.012087
v 0.072096 0.460595 -0.015994
v 0.066907 0.423784 -0.002686
v 0.057017 0.426042 0.000733
v 0.031805 0.403089 0.026555
v 0.037299 0.396862 0.027593
v 0.068433 0.365912 -0.027349
v 0.075087 0.422502 -0.026250
v 0.063244 0.371955 -0.015628
v 0.054514 0.370673 -0.012331
v 0.057628 0.414444 -0.000183
v 0.032171 0.391246 0.025884
v 0.082657 0.464502 -0.024846
v 0.084854 0.494842 -0.028814
v 0.096087 0.563702 -0.027349
v 0.094500 0.598498 -0.027715
v 0.076552 0.587754 0.004273
v 0.090226 0.624687 -0.024479
v 0.073317 0.472438 -0.072828
v 0.077956 0.507783 -0.069898
v 0.097613 0.567426 -0.054026
v 0.068677 0.568219 -0.092424
v 0.100604 0.605763 -0.055125
v 0.095232 0.632684 -0.055430
v 0.066724 0.604847 -0.096392
v 0.041267 0.570356 -0.112142
v 0.041450 0.519687 -0.104878
v 0.039497 0.475978 -0.103901
v 0.037666 0.425798 -0.086380
v 0.070447 0.420792 -0.056285
v 0.000122 0.593737 -0.113424
v 0.037666 0.603138 -0.111837
v 0.000122 0.568952 -0.115072
v 0.000122 0.526769 -0.118796
v 0.000122 0.475734 -0.114523
v 0.000122 0.426836 -0.095598
v 0.000122 0.368476 -0.090287
v 0.036200 0.369147 -0.081863
v 0.062450 0.366217 -0.055369
v 0.051706 0.714547 0.059887
v 0.059154 0.718759 0.060253
v 0.051157 0.716012 0.077590
v 0.030889 0.688175 0.086686
v 0.051157 0.716012 0.077590
v 0.044137 0.713815 0.080948
v 0.030889 0.688175 0.086686
v 0.035834 0.686405 0.084244
v 0.000061 0.679263 0.083634
v 0.035834 0.686405 0.084244
v 0.031195 0.685611 0.081802
v 0.044503 0.711373 0.076003
v 0.051706 0.714547 0.059887
v 0.059154 0.718759 0.060253
v 0.060192 0.735303 0.079666
v 0.069593 0.748733 0.060070
v 0.068067 0.783041 0.072340
v 0.057933 0.780172 0.089677
v 0.055308 0.818204 0.031195
v 0.058238 0.817594 0.041451
v 0.062206 0.805140 0.033515
v 0.064526 0.801660 0.042000
v 0.071607 0.786826 0.050424
v 0.059398 0.815823 0.051523
v 0.047616 0.833344 0.051584
v 0.050729 0.831207 0.069471
v 0.062817 0.808803 0.070814
v 0.045846 0.834442 0.039741
v 0.042305 0.834259 0.027959
v 0.032477 0.844515 0.052561
v 0.030096 0.843477 0.037055
v 0.026677 0.841646 0.025029
v 0.017398 0.845431 0.033637
v 0.024541 0.848727 0.052256
v 0.000122 0.865454 0.078078
v 0.003358 0.866064 0.079238
v 0.014102 0.856663 0.066846
v 0.015811 0.858373 0.067639
v 0.020084 0.849887 0.052195
v 0.022038 0.851413 0.052134
v 0.013430 0.846591 0.034980
v 0.015811 0.848422 0.034613
v 0.016910 0.856236 0.068738
v 0.004456 0.863134 0.080398
v -0.021488 0.844027 0.101337
v -0.020451 0.834992 0.112570
v -0.004884 0.850986 0.102070
v -0.021977 0.851413 0.052622
v -0.019840 0.849887 0.052195
v -0.013369 0.846896 0.034735
v -0.031378 0.042610 -0.009218
v -0.031805 0.074782 -0.015689
v -0.037116 0.070081 -0.018924
v -0.036689 0.127160 -0.012514
v 0.043160 0.136316 -0.005983
v 0.023747 0.113424 0.015567
v 0.023014 0.109761 0.009523
v 0.000183 0.094561 0.014956
v 0.000916 0.099628 0.020939
v -0.021244 0.117636 0.013552
v -0.022526 0.111226 0.009523
v -0.042855 0.139491 -0.013430
v -0.037116 0.070081 -0.018924
v 0.000122 0.105305 0.017398
v 0.023381 0.122581 0.013125
v 0.000916 0.099628 0.020939
v 0.000122 0.105305 0.017398
v -0.023137 0.124412 0.013125
v -0.037543 0.143947 -0.004456
v -0.047006 0.182834 -0.016299
v -0.041145 0.182528 -0.014468
v -0.052378 0.250412 -0.011171
v -0.045907 0.241194 -0.009035
v -0.036811 0.178622 -0.050668
v -0.047677 0.178316 -0.027593
v -0.053477 0.242842 -0.030706
v -0.057445 0.304133 -0.032293
v -0.047616 0.304804 -0.057750
v -0.043404 0.242842 -0.053171
v -0.028997 0.306147 -0.075819
v -0.024846 0.243636 -0.068128
v -0.021977 0.179782 -0.068555
v -0.021305 0.124535 -0.061413
v -0.033942 0.122276 -0.045113
v -0.027593 0.066052 -0.041573
v -0.017276 0.069104 -0.054881
v 0.000122 0.306086 -0.087785
v 0.000122 0.242903 -0.074538
v 0.000122 0.179415 -0.078322
v 0.000122 0.125389 -0.070814
v 0.000122 0.069959 -0.059825
v -0.043892 0.121116 -0.024480
v -0.042855 0.139491 -0.013430
v -0.038154 0.066174 -0.026433
v -0.074782 0.750382 0.026677
v -0.069104 0.738539 0.039741
v -0.069349 0.748733 0.060070
v -0.061596 0.719126 0.059459
v -0.060131 0.809474 0.072340
v -0.071363 0.786826 0.050424
v -0.063732 0.783041 0.072706
v -0.059093 0.736097 0.076430
v -0.065259 0.802576 0.043465
v -0.059032 0.813503 0.052012
v -0.049386 0.831146 0.071852
v 0.045907 0.548684 0.040046
v 0.000122 0.528417 0.057139
v -0.040168 0.545937 0.038154
v 0.000122 0.622612 -0.111409
v 0.000122 0.654539 -0.115866
v 0.036872 0.623405 -0.111104
v 0.035590 0.656798 -0.112386
v 0.066113 0.655638 -0.100543
v -0.074782 0.750382 0.026677
v -0.082229 0.732129 0.015201
v -0.069104 0.738539 0.039741
v -0.066724 0.702949 0.047006
v -0.061596 0.719126 0.059459
v -0.186191 1.043648 0.163543
v -0.232403 1.053965 0.169098
v -0.229168 1.047738 0.142238
v -0.324461 1.157744 0.193273
v -0.382883 1.190953 0.207863
v -0.383188 1.183200 0.212502
v -0.647946 0.985288 0.083573
v -0.649899 0.988584 0.083634
v -0.671571 0.950369 0.065442
v 0.024235 0.702094 0.138636
v 0.027776 0.713693 0.157744
v 0.021061 0.710152 0.155912
v 0.018741 0.702338 0.140163
v 0.024235 0.702094 0.138636
v 0.021061 0.710152 0.155912
v -0.021183 0.711251 0.154936
v -0.027471 0.713693 0.157744
v -0.023442 0.702094 0.138636
v 0.021244 0.824492 0.125328
v 0.022526 0.831695 0.118735
v 0.015750 0.823637 0.137965
v 0.022526 0.831695 0.118735
v 0.020084 0.830413 0.118979
v 0.014285 0.823088 0.136805
v 0.000122 0.853122 0.102314
v 0.000305 0.856236 0.100666
v 0.004640 0.851169 0.101703
v 0.023381 0.843172 0.099139
v 0.021183 0.834503 0.112631
v 0.023747 0.828338 0.118369
v 0.021244 0.824492 0.125328
v 0.045235 0.814847 0.112203
v 0.004640 0.851169 0.101703
v 0.000061 0.856175 0.098895
v 0.000305 0.856236 0.100666
v 0.000061 0.856175 0.098895
v -0.004884 0.850986 0.102070
v 0.000305 0.856236 0.100666
v -0.019840 0.830413 0.118979
v 0.000122 0.853122 0.102314
v -0.515414 1.199438 0.241255
v -0.515841 1.206337 0.236982
v -0.591112 1.187778 0.245040
v -0.591417 1.193944 0.241194
v -0.045968 0.730236 0.098590
v -0.039741 0.727001 0.099872
v -0.038642 0.719858 0.126854
v -0.033392 0.717111 0.120322
v -0.044869 0.714059 0.081375
v -0.051889 0.716379 0.078078
v -0.059093 0.736097 0.076430
v -0.092974 0.671082 -0.009401
v -0.086564 0.667175 0.002930
v -0.100849 0.686893 -0.004639
v -0.090410 0.676332 0.007753
v -0.095232 0.710701 -0.001770
v -0.601062 1.025273 0.080764
v -0.630364 0.998657 0.073683
v -0.645504 1.001831 0.069898
v -0.638117 0.979550 0.064648
v -0.665100 0.954215 0.058971
v -0.382883 1.190953 0.207863
v -0.324950 1.169587 0.175264
v -0.384348 1.188328 0.188939
v -0.325499 1.150235 0.160430
v -0.383310 1.174592 0.180392
v -0.252121 1.125450 0.173738
v -0.196264 1.092119 0.158782
v -0.257249 1.134241 0.163299
v -0.203223 1.096209 0.145901
v -0.263049 1.130517 0.151090
v -0.268604 1.116476 0.138697
v -0.162872 1.065930 0.159514
v -0.167023 1.073256 0.152250
v -0.174959 1.078444 0.139247
v -0.213113 1.086686 0.131555
v -0.019840 0.830413 0.118979
v 0.000305 0.856236 0.100666
v -0.022526 0.830719 0.118979
v -0.004884 0.850986 0.102070
v -0.020451 0.834992 0.112570
v -0.024480 0.827239 0.117331
v -0.021427 0.823698 0.123314
v -0.728405 1.112081 0.209206
v -0.661681 1.168427 0.224590
v -0.661498 1.146511 0.210305
v -0.588792 1.172944 0.209755
v -0.591478 1.192052 0.224101
v -0.515170 1.186802 0.205787
v -0.516086 1.204200 0.218973
v -0.591417 1.193944 0.241194
v -0.515841 1.206337 0.236982
v -0.103107 0.608998 0.112936
v -0.101215 0.615530 0.103351
v -0.100177 0.618582 0.114950
v -0.100177 0.618582 0.114950
v -0.101215 0.615530 0.103351
v -0.097613 0.608998 0.112936
v -0.100177 0.618582 0.114950
v -0.100360 0.631891 0.119224
v -0.104572 0.610891 0.120261
v -0.076979 0.568708 0.119285
v -0.080886 0.581649 0.121849
v -0.083389 0.583908 0.128014
v -0.081741 0.599170 0.128930
v -0.076796 0.596056 0.120811
v -0.078322 0.610586 0.118918
v -0.083328 0.613516 0.125694
v -0.075881 0.621757 0.110128
v -0.087296 0.629143 0.118247
v -0.089738 0.612173 0.124901
v -0.100177 0.618582 0.114950
v -0.097430 0.569379 0.121543
v -0.093279 0.568219 0.126671
v -0.095232 0.582138 0.123924
v -0.089738 0.582138 0.128014
v -0.082718 0.569929 0.127465
v -0.089921 0.597705 0.130090
v -0.096270 0.610769 0.119468
v -0.095538 0.596484 0.123192
v -0.096270 0.610769 0.119468
v -0.097613 0.594103 0.112081
v -0.095965 0.581344 0.118125
v -0.097613 0.569868 0.112753
v -0.097857 0.566693 0.111165
v -0.098285 0.565472 0.120261
v -0.093889 0.563580 0.124718
v -0.081619 0.563702 0.125878
v -0.076430 0.564495 0.117026
v -0.080886 0.562359 0.115622
v -0.083939 0.558696 0.121116
v -0.093279 0.561077 0.120567
v -0.096270 0.562603 0.118186
v -0.095171 0.563580 0.112325
v -0.032355 0.739332 0.236249
v -0.025029 0.732190 0.245223
v -0.026555 0.737440 0.240156
v -0.018497 0.734632 0.236372
v -0.007265 0.723216 0.245345
v -0.007814 0.732983 0.244247
v -0.007265 0.723216 0.245345
v -0.023625 0.724437 0.249863
v -0.029424 0.731030 0.243880
v -0.036750 0.735975 0.229718
v -0.031988 0.740309 0.221110
v -0.035102 0.731946 0.224040
v -0.038215 0.720286 0.217936
v -0.029302 0.726085 0.226177
v 0.001953 0.723704 0.253403
v -0.010195 0.713815 0.248215
v -0.023625 0.724437 0.249863
v -0.024785 0.721812 0.243087
v -0.031134 0.727062 0.238142
v -0.024480 0.724193 0.233686
v -0.023137 0.722056 0.232709
v -0.017154 0.716257 0.237165
v -0.015323 0.711495 0.236372
v -0.019474 0.701056 0.242049
v -0.013186 0.707222 0.255235
v 0.001953 0.723704 0.253403
v -0.023137 0.722056 0.232709
v -0.017826 0.716867 0.233502
v -0.015506 0.713387 0.234235
v -0.024968 0.710762 0.231305
v -0.025884 0.708748 0.232648
v -0.026860 0.702277 0.239851
v -0.018985 0.747207 0.225505
v -0.026555 0.737440 0.240156
v -0.018070 0.745376 0.234784
v -0.018497 0.734632 0.236372
v -0.097613 0.608998 0.112936
v -0.101215 0.615530 0.103351
v -0.087357 0.609242 0.112814
v -0.087663 0.614920 0.101825
v -0.078322 0.610586 0.118918
v -0.075881 0.621757 0.110128
v -0.076796 0.596056 0.120811
v -0.087235 0.594530 0.113119
v -0.097613 0.594103 0.112081
v -0.088212 0.580978 0.116782
v -0.080886 0.581649 0.121849
v -0.095171 0.563580 0.112325
v -0.097857 0.566693 0.111165
v -0.088700 0.563458 0.108479
v -0.087601 0.565289 0.107258
v -0.080886 0.562359 0.115622
v -0.076430 0.564495 0.117026
v -0.076979 0.568708 0.119285
v -0.087418 0.569318 0.110433
v -0.097613 0.569868 0.112753
v -0.095965 0.581344 0.118125
v -0.022465 0.718088 0.238752
v -0.017154 0.716867 0.236311
v -0.013613 0.714914 0.237959
v -0.027288 0.724498 0.219584
v -0.029485 0.722056 0.226543
v -0.031256 0.722727 0.226482
v -0.028631 0.721446 0.230145
v -0.030035 0.721934 0.231671
v -0.026433 0.719736 0.236372
v -0.025151 0.719492 0.235212
v -0.017154 0.716867 0.236311
v -0.023442 0.713937 0.234052
v -0.018985 0.712533 0.236860
v -0.020084 0.713265 0.235090
v -0.010561 0.713876 0.234662
v -0.030218 0.719004 0.224712
v -0.029913 0.715097 0.230755
v -0.028875 0.716379 0.230206
v -0.025395 0.712960 0.234906
v -0.018985 0.712533 0.236860
v -0.010561 0.713876 0.234662
v -0.016483 0.710701 0.233869
v -0.025395 0.712960 0.234906
v -0.023503 0.710396 0.230145
v -0.028509 0.712411 0.226543
v -0.030401 0.715036 0.223674
v -0.031439 0.717294 0.226299
v -0.031195 0.721507 0.220072
v -0.029913 0.715097 0.230755
v -0.031439 0.717294 0.226299
v 0.024296 0.712594 0.235883
v 0.021183 0.713326 0.236433
v 0.020023 0.712960 0.238325
v 0.011843 0.715158 0.236188
v 0.020023 0.712960 0.238325
v 0.026189 0.711434 0.236799
v 0.030767 0.712533 0.232342
v 0.029791 0.713510 0.231793
v 0.032904 0.715158 0.228252
v 0.031012 0.718515 0.223186
v 0.032599 0.719858 0.219767
v 0.031439 0.712716 0.225444
v 0.029302 0.710335 0.228680
v 0.026189 0.711434 0.236799
v 0.023747 0.708748 0.232342
v 0.017215 0.711190 0.235578
v 0.011843 0.715158 0.236188
v -0.027654 0.728344 0.232587
v -0.028509 0.729137 0.228863
v -0.031927 0.727062 0.226726
v -0.027288 0.724498 0.219584
v -0.030889 0.724315 0.231793
v -0.026799 0.721995 0.238142
v -0.023381 0.724864 0.238081
v -0.023137 0.719553 0.239363
v -0.021305 0.719736 0.239729
v -0.022465 0.718088 0.238752
v -0.026433 0.719736 0.236372
v -0.030035 0.721934 0.231671
v -0.031256 0.722727 0.226482
v -0.027288 0.724498 0.219584
v 0.033087 0.720713 0.232404
v 0.033331 0.723826 0.227825
v 0.033575 0.727062 0.227764
v 0.028448 0.727367 0.222514
v 0.032538 0.724315 0.232831
v 0.030340 0.719004 0.236005
v 0.028692 0.720957 0.238081
v 0.025029 0.718515 0.239302
v 0.024357 0.717050 0.238691
v 0.015506 0.713876 0.237898
v 0.023198 0.718698 0.239668
v 0.025212 0.723826 0.238020
v 0.029302 0.728344 0.233624
v 0.030157 0.729137 0.229962
v 0.028448 0.727367 0.222514
v 0.020084 0.715829 0.235578
v 0.024357 0.717050 0.238691
v 0.029058 0.718759 0.234845
v 0.030340 0.719004 0.236005
v 0.033087 0.720713 0.232404
v 0.031439 0.721568 0.230633
v 0.033331 0.723826 0.227825
v 0.031561 0.723155 0.227886
v 0.028448 0.727367 0.222514
v -0.042000 1.054392 0.145901
v -0.047616 1.049081 0.150235
v -0.040779 1.032538 0.141200
v -0.063732 1.043953 0.154875
v -0.058910 1.031927 0.154264
v -0.057017 1.042549 0.156462
v -0.040779 1.032538 0.141200
v -0.044991 1.025884 0.139674
v -0.043282 1.025578 0.132593
v -0.037421 1.034003 0.136195
v -0.042000 1.054392 0.145901
v -0.080337 1.042427 0.152006
v -0.073439 1.049142 0.153593
v -0.092119 1.030828 0.147549
v -0.100116 1.038703 0.150174
v -0.133020 1.025639 0.149197
v -0.134363 1.044014 0.155668
v -0.161101 1.033026 0.154936
v -0.159941 1.053416 0.161285
v -0.162872 1.065930 0.159514
v -0.140468 1.055369 0.152555
v -0.110005 1.049142 0.149442
v -0.088945 1.049936 0.149075
v -0.077040 1.054148 0.150052
v -0.229168 1.047738 0.142238
v -0.178622 1.025029 0.152494
v -0.186191 1.043648 0.163543
v -0.192723 1.070325 0.168427
v -0.198645 1.089006 0.169098
v -0.250534 1.098346 0.177096
v -0.254930 1.113729 0.179721
v -0.297418 1.121238 0.175569
v -0.323424 1.144130 0.190343
v -0.339173 1.145168 0.184055
v -0.384287 1.172883 0.210671
v -0.385263 1.167633 0.201575
v -0.444906 1.183261 0.220377
v -0.252121 1.125450 0.173738
v -0.324461 1.157744 0.193273
v -0.383188 1.183200 0.212502
v -0.444784 1.188267 0.229290
v -0.444295 1.198217 0.230999
v -0.515903 1.190159 0.239546
v -0.515414 1.199438 0.241255
v -0.590806 1.179354 0.243453
v -0.591112 1.187778 0.245040
v -0.660704 1.156950 0.242659
v -0.515170 1.185459 0.231305
v -0.589769 1.175081 0.236005
v -0.658568 1.153348 0.236249
v -0.723460 1.116354 0.228924
v -0.726207 1.119285 0.234296
v -0.782675 1.061962 0.211831
v -0.786094 1.063793 0.215738
v -0.728527 1.125572 0.235456
v -0.788841 1.069043 0.216837
v -0.729687 1.130212 0.232648
v -0.661742 1.164581 0.244002
v -0.591417 1.193944 0.241194
v -0.662719 1.169709 0.240584
v -0.788841 1.074415 0.213845
v -0.834076 1.015994 0.192479
v -0.836030 1.008180 0.193151
v -0.833344 1.004395 0.192235
v -0.858922 0.957146 0.169709
v -0.860265 0.960015 0.170686
v -0.874916 0.900128 0.151822
v -0.856907 0.957206 0.168732
v -0.830413 1.003113 0.189549
v -0.828032 0.999328 0.181796
v -0.855076 0.956047 0.164703
v -0.853245 0.951712 0.152677
v -0.851047 0.957390 0.158599
v -0.836030 1.008180 0.193151
v -0.859838 0.960747 0.167878
v -0.874916 0.900128 0.151822
v -0.118857 0.810939 0.047494
v -0.104328 0.782492 0.031622
v -0.095293 0.782248 0.040413
v -0.080947 0.766742 0.031744
v -0.083267 0.777547 0.044015
v -0.091508 0.797570 0.051706
v -0.079299 0.789207 0.051462
v -0.092607 0.807277 0.053110
v -0.103718 0.828765 0.052256
v -0.107381 0.823515 0.057384
v -0.081253 0.810939 0.049081
v -0.074965 0.800256 0.050791
v -0.071363 0.786826 0.050424
v -0.071302 0.762164 0.045602
v -0.074782 0.750382 0.026677
v -0.085648 0.760088 0.021183
v -0.042000 1.054392 0.145901
v -0.037421 1.034003 0.136195
v -0.040535 1.037360 0.133020
v -0.040535 1.037360 0.133020
v -0.043282 1.025578 0.132593
v -0.045480 1.031317 0.129785
v -0.059581 1.047067 0.126671
v -0.058299 1.028387 0.126122
v -0.043282 1.025578 0.132593
v -0.053660 1.022343 0.129846
v -0.076735 1.030767 0.133814
v -0.085465 1.036078 0.130945
v -0.101032 1.030218 0.133325
v -0.108785 1.037055 0.128258
v -0.118918 1.031500 0.126915
v -0.115561 1.025456 0.129907
v -0.134180 1.023869 0.120445
v -0.131189 1.014529 0.124107
v -0.150052 1.003480 0.105427
v -0.150296 0.991454 0.113729
v -0.093462 1.042732 0.131982
v -0.079665 1.050241 0.140163
v -0.101642 1.047006 0.140040
v -0.128808 1.053660 0.138758
v -0.132409 1.042488 0.124657
v -0.162017 1.012698 0.107930
v -0.185947 0.993041 0.092546
v -0.173066 0.977901 0.088945
v -0.167694 0.959343 0.098346
v -0.143337 1.059703 0.137843
v -0.151944 1.047311 0.126854
v -0.167145 1.023564 0.110616
v -0.183566 1.014651 0.100299
v -0.191808 1.037605 0.104145
v -0.163116 1.065686 0.132227
v -0.177523 1.054392 0.115622
v -0.223430 1.051523 0.095782
v -0.209511 1.070814 0.106282
v -0.257982 1.061962 0.087846
v -0.186802 1.071424 0.127282
v -0.191991 1.066907 0.119468
v -0.222148 1.080947 0.117209
v -0.162872 1.065930 0.159514
v -0.140468 1.055369 0.152555
v -0.167023 1.073256 0.152250
v -0.152311 1.063610 0.146145
v -0.174959 1.078444 0.139247
v -0.213113 1.086686 0.131555
v -0.110005 1.049142 0.149442
v -0.088945 1.049936 0.149075
v -0.077040 1.054148 0.150052
v -0.070264 1.053843 0.142543
v -0.055552 1.058971 0.138575
v -0.046823 1.059520 0.139430
v -0.042000 1.054392 0.145901
v -0.046761 1.066235 0.156706
v -0.049936 1.062939 0.160491
v -0.039863 1.064770 0.153104
v -0.047616 1.049081 0.150235
v -0.042000 1.054392 0.145901
v -0.045174 1.057689 0.163665
v -0.049936 1.062939 0.160491
v -0.054392 1.055308 0.169343
v -0.057017 1.042549 0.156462
v -0.047616 1.049081 0.150235
v -0.045174 1.057689 0.163665
v -0.057445 1.061535 0.162750
v -0.064282 1.061962 0.160552
v -0.067517 1.053232 0.162628
v -0.070509 1.062328 0.155180
v -0.076613 1.060924 0.153776
v -0.073439 1.049142 0.153593
v -0.077040 1.054148 0.150052
v -0.057017 1.042549 0.156462
v -0.063732 1.043953 0.154875
v -0.073439 1.049142 0.153593
v -0.432147 0.800501 -0.025822
v -0.438984 0.847750 -0.023136
v -0.433978 0.857884 -0.027043
v -0.424821 0.854832 -0.026738
v -0.425249 0.909712 -0.023869
v -0.414138 0.896893 -0.019168
v -0.396923 0.935108 -0.009218
v -0.410354 0.943532 -0.008791
v -0.370673 0.969233 0.004273
v -0.387156 0.986631 0.000855
v -0.350589 1.015445 0.019535
v -0.335938 1.000427 0.023503
v -0.300287 1.024602 0.045297
v -0.316647 1.040046 0.041145
v -0.275380 1.046639 0.069044
v -0.293938 1.058604 0.072218
v -0.276113 1.075758 0.093401
v -0.252121 1.125450 0.173738
v -0.198645 1.089006 0.169098
v -0.196264 1.092119 0.158782
v -0.257249 1.134241 0.163299
v -0.316037 1.161895 0.185276
v -0.324950 1.169587 0.175264
v -0.382883 1.190953 0.207863
v -0.515841 1.206337 0.236982
v -0.444234 1.205665 0.226421
v -0.516086 1.204200 0.218973
v -0.445211 1.203284 0.207741
v -0.515170 1.186802 0.205787
v -0.443868 1.187473 0.196325
v -0.383310 1.174592 0.180392
v -0.384348 1.188328 0.188939
v -0.135767 0.872596 0.070997
v -0.119590 0.850681 0.061108
v -0.122276 0.852573 0.053110
v -0.166046 0.914230 0.086137
v -0.153165 0.893779 0.079055
v -0.157988 0.895000 0.069410
v -0.139369 0.873695 0.062206
v -0.169098 0.888163 0.056285
v -0.148037 0.868079 0.052195
v -0.129296 0.848910 0.044381
v -0.181002 0.941640 0.078933
v -0.172334 0.931567 0.083573
v -0.169770 0.934864 0.093096
v -0.170380 0.913864 0.075820
v -0.186985 0.916367 0.061596
v -0.104206 0.830474 0.043038
v -0.103718 0.828765 0.052256
v -0.109639 0.828948 0.033454
v -0.118796 0.822416 0.025823
v -0.082840 0.814663 0.018314
v -0.079238 0.819547 0.024846
v -0.075270 0.816739 0.031927
v -0.078506 0.817227 0.043404
v -0.081253 0.810939 0.049081
v -0.095171 0.807643 0.010317
v -0.077468 0.800867 -0.000549
v -0.067029 0.811855 0.012454
v -0.066541 0.816251 0.023076
v -0.066052 0.812893 0.033087
v -0.070447 0.810329 0.044015
v -0.074965 0.800256 0.050791
v -0.081436 0.768146 -0.015689
v -0.088090 0.777242 -0.010195
v -0.059764 0.791405 -0.009401
v -0.054453 0.804347 0.006654
v -0.056529 0.810207 0.021427
v -0.061107 0.807155 0.035041
v -0.065259 0.802576 0.043465
v -0.071363 0.786826 0.050424
v -0.316037 1.161895 0.185276
v -0.382883 1.190953 0.207863
v -0.444234 1.205665 0.226421
v -0.515841 1.206337 0.236982
v -0.788841 1.074415 0.213845
v -0.729687 1.130212 0.232648
v -0.728100 1.129968 0.218302
v -0.662719 1.169709 0.240584
v -0.834076 1.015994 0.192479
v -0.785910 1.066846 0.202552
v -0.728405 1.112081 0.209206
v -0.661681 1.168427 0.224590
v -0.591478 1.192052 0.224101
v -0.591417 1.193944 0.241194
v -0.874916 0.900128 0.151822
v -0.859838 0.960747 0.167878
v -0.853245 0.951712 0.152677
v -0.853916 0.963189 0.161956
v -0.831268 1.005738 0.179904
v -0.070509 1.062328 0.155180
v -0.066663 1.066907 0.151090
v -0.076613 1.060924 0.153776
v -0.070020 1.065808 0.144497
v -0.077040 1.054148 0.150052
v -0.042000 1.054392 0.145901
v -0.046823 1.059520 0.139430
v -0.039863 1.064770 0.153104
v -0.044137 1.069898 0.144008
v -0.046761 1.066235 0.156706
v -0.049936 1.067883 0.151761
v -0.058055 1.068860 0.149503
v -0.056224 1.070814 0.139552
v -0.070264 1.053843 0.142543
v -0.077040 1.054148 0.150052
v -0.046823 1.059520 0.139430
v -0.055552 1.058971 0.138575
v -0.423173 0.852939 -0.022221
v -0.429278 0.853489 -0.020511
v -0.432147 0.800501 -0.025822
v -0.433856 0.853550 -0.021915
v -0.438007 0.853794 -0.022221
v -0.438984 0.847750 -0.023136
v -0.663268 0.949087 0.057872
v -0.668396 0.948782 0.061230
v -0.663635 0.945486 0.054270
v -0.689091 0.907881 0.052317
v -0.671571 0.950369 0.065442
v -0.677309 0.952811 0.066480
v -0.642818 0.982541 0.075026
v -0.600635 1.019840 0.086137
v -0.645687 0.984738 0.080887
v -0.603443 1.023808 0.093584
v -0.647946 0.985288 0.083573
v -0.556193 1.064770 0.109395
v -0.609059 1.029485 0.097552
v -0.554850 1.060558 0.111593
v -0.606434 1.025273 0.099200
v -0.549478 1.057628 0.104389
v -0.649899 0.988584 0.083634
v -0.426164 1.096331 0.135828
v -0.494475 1.087418 0.121665
v -0.423662 1.089189 0.139552
v -0.491484 1.081497 0.126366
v -0.487821 1.078261 0.115256
v -0.321714 1.020634 0.066052
v -0.357609 0.999084 0.042305
v -0.339418 0.997863 0.050791
v -0.381418 0.971369 0.027410
v -0.391246 0.971003 0.023381
v -0.413955 0.936878 0.004457
v -0.301264 0.999756 0.056285
v -0.333496 0.992308 0.047311
v -0.335999 0.986509 0.035529
v -0.347537 0.988035 0.036689
v -0.382944 0.966180 0.020573
v -0.370307 0.961480 0.016483
v -0.406752 0.942250 -0.001831
v -0.395947 0.929797 -0.000427
v -0.420304 0.896343 -0.012026
v -0.410048 0.934497 0.005372
v -0.065259 0.802576 0.043465
v -0.059032 0.813503 0.052012
v -0.061107 0.807155 0.035041
v -0.055735 0.819913 0.031378
v -0.056529 0.810207 0.021427
v -0.054453 0.804347 0.006654
v -0.232403 1.053965 0.169098
v -0.278188 1.061535 0.153898
v -0.282828 1.069837 0.168976
v -0.342470 1.074293 0.141689
v -0.349673 1.082474 0.155974
v -0.419694 1.084061 0.127160
v -0.178866 0.925584 0.102924
v -0.173311 0.901105 0.093096
v -0.168183 0.908247 0.092668
v -0.154630 0.887064 0.084977
v -0.159270 0.879800 0.085221
v -0.153165 0.893779 0.079055
v -0.166046 0.914230 0.086137
v -0.173616 0.931384 0.101032
v -0.178133 0.955986 0.115256
v -0.168244 0.958611 0.110616
v -0.169770 0.934864 0.093096
v -0.183200 0.919846 0.097308
v -0.178927 0.897320 0.085892
v -0.164825 0.877602 0.078078
v -0.166229 0.870704 0.066358
v -0.191441 0.899212 0.072401
v -0.186619 0.930346 0.097980
v -0.191258 0.953422 0.105183
v -0.176851 0.997375 0.129663
v -0.199927 0.983762 0.111227
v -0.179537 1.015139 0.137599
v -0.167694 0.959343 0.098346
v -0.150296 0.991454 0.113729
v -0.152066 0.990172 0.124718
v -0.131189 1.014529 0.124107
v -0.133264 1.014224 0.134119
v -0.118918 1.024602 0.136561
v -0.115561 1.025456 0.129907
v -0.108663 1.027776 0.141567
v -0.101032 1.030218 0.133325
v -0.085038 1.028692 0.143276
v -0.076735 1.030767 0.133814
v -0.058238 1.021427 0.137721
v -0.053660 1.022343 0.129846
v -0.043282 1.025578 0.132593
v -0.159514 0.994079 0.133692
v -0.170258 1.005372 0.140163
v -0.179537 1.015139 0.137599
v -0.261950 1.016605 0.096881
v -0.257555 1.008608 0.087113
v -0.243453 1.009035 0.087785
v -0.224040 1.006105 0.095538
v -0.214822 0.997375 0.098834
v -0.255723 1.096697 0.123802
v -0.295159 1.110128 0.114462
v -0.300958 1.113546 0.133875
v -0.354252 1.116171 0.114584
v -0.363043 1.122032 0.135706
v -0.431170 1.121055 0.132227
v -0.423967 1.113241 0.109334
v -0.490019 1.101459 0.102558
v -0.499786 1.109639 0.126732
v -0.576766 1.078322 0.115256
v -0.552164 1.078322 0.093523
v -0.604786 1.043587 0.083084
v -0.624626 1.032538 0.094866
v -0.411513 1.089006 0.098651
v -0.351688 1.094256 0.104450
v -0.473659 1.076308 0.091203
v -0.540382 1.053904 0.082901
v -0.601062 1.025273 0.080764
v -0.645504 1.001831 0.069898
v -0.658446 0.995360 0.077529
v -0.676943 0.959038 0.059337
v -0.665100 0.954215 0.058971
v -0.689091 0.907881 0.052317
v -0.663635 0.945486 0.054270
vt 0.561768 0.421143
vt 0.552979 0.408203
vt 0.568115 0.401123
vt 0.546875 0.395996
vt 0.420166 0.262207
vt 0.449707 0.254395
vt 0.437744 0.251221
vt 0.416016 0.219482
vt 0.390625 0.249512
vt 0.381836 0.263184
vt 0.342529 0.242676
vt 0.336914 0.251221
vt 0.284668 0.233398
vt 0.365234 0.201904
vt 0.327637 0.212158
vt 0.350342 0.231201
vt 0.297363 0.225830
vt 0.384522 0.226562
vt 0.380127 0.196777
vt 0.347656 0.171631
vt 0.366699 0.166260
vt 0.338135 0.134277
vt 0.355957 0.134033
vt 0.354248 0.100342
vt 0.348633 0.097412
vt 0.317383 0.109375
vt 0.337647 0.088379
vt 0.298340 0.184570
vt 0.258301 0.201416
vt 0.283203 0.157959
vt 0.219971 0.167969
vt 0.244385 0.134521
vt 0.277832 0.133057
vt 0.243652 0.113770
vt 0.266846 0.110107
vt 0.291260 0.102539
vt 0.314453 0.085938
vt 0.332275 0.069580
vt 0.175293 0.096924
vt 0.174805 0.064941
vt 0.170898 0.064697
vt 0.181885 0.091553
vt 0.197998 0.124756
vt 0.190186 0.134521
vt 0.213135 0.131836
vt 0.218750 0.113037
vt 0.200195 0.106445
vt 0.185303 0.084229
vt 0.176270 0.061279
vt 0.171143 0.030762
vt 0.167480 0.066162
vt 0.162842 0.066650
vt 0.154297 0.067627
vt 0.160645 0.099854
vt 0.145752 0.092285
vt 0.136230 0.082031
vt 0.151855 0.060547
vt 0.076660 0.115234
vt 0.131104 0.147461
vt 0.112793 0.105469
vt 0.141846 0.125488
vt 0.168457 0.138916
vt 0.183594 0.185791
vt 0.202393 0.181641
vt 0.223145 0.228271
vt 0.234619 0.215332
vt 0.269531 0.256348
vt 0.275147 0.242676
vt 0.317139 0.274170
vt 0.323242 0.263916
vt 0.113281 0.187500
vt 0.072754 0.157715
vt 0.060791 0.197998
vt 0.093750 0.236328
vt 0.156982 0.229980
vt 0.197754 0.260010
vt 0.240234 0.281494
vt 0.270508 0.293457
vt 0.270996 0.310303
vt 0.227539 0.308594
vt 0.179688 0.294189
vt 0.269531 0.320068
vt 0.221680 0.321533
vt 0.172119 0.309326
vt 0.134277 0.269531
vt 0.124756 0.286133
vt 0.307373 0.300781
vt 0.292969 0.281738
vt 0.433838 0.294678
vt 0.440918 0.280273
vt 0.385010 0.301270
vt 0.402832 0.288330
vt 0.373291 0.293213
vt 0.344971 0.302246
vt 0.335205 0.293457
vt 0.310303 0.311279
vt 0.364014 0.658203
vt 0.366455 0.645996
vt 0.412109 0.628662
vt 0.292969 0.569336
vt 0.341553 0.586426
vt 0.328369 0.620117
vt 0.374023 0.620605
vt 0.389893 0.596191
vt 0.420654 0.613770
vt 0.435059 0.596680
vt 0.456543 0.600342
vt 0.457520 0.604248
vt 0.319580 0.654053
vt 0.316406 0.668945
vt 0.275635 0.609131
vt 0.266357 0.649658
vt 0.262940 0.666016
vt 0.443115 0.587402
vt 0.400391 0.584717
vt 0.351318 0.572998
vt 0.304932 0.555176
vt 0.239746 0.535645
vt 0.261963 0.529541
vt 0.225830 0.497070
vt 0.209229 0.492432
vt 0.199219 0.459961
vt 0.224609 0.587402
vt 0.165527 0.554443
vt 0.159668 0.608887
vt 0.111572 0.578613
vt 0.113037 0.534912
vt 0.071533 0.540283
vt 0.080078 0.523682
vt 0.043213 0.486328
vt 0.050049 0.476807
vt 0.044189 0.462158
vt 0.030273 0.448730
vt 0.049072 0.456787
vt 0.032715 0.437744
vt 0.057861 0.472168
vt 0.068604 0.486572
vt 0.406250 0.162842
vt 0.418945 0.192871
vt 0.438721 0.199219
vt 0.391846 0.162354
vt 0.383057 0.170166
vt 0.401611 0.185303
vt 0.403320 0.196045
vt 0.423096 0.212158
vt 0.380371 0.159424
vt 0.367432 0.135498
vt 0.374023 0.130859
vt 0.403565 0.140625
vt 0.440918 0.140625
vt 0.436523 0.170654
vt 0.456055 0.201172
vt 0.464111 0.173096
vt 0.479980 0.183350
vt 0.467285 0.202393
vt 0.465088 0.218994
vt 0.453125 0.219727
vt 0.451416 0.237549
vt 0.438477 0.218994
vt 0.474365 0.226074
vt 0.481201 0.199951
vt 0.492676 0.184082
vt 0.491211 0.531982
vt 0.471924 0.502197
vt 0.507324 0.529053
vt 0.536377 0.504639
vt 0.526367 0.514404
vt 0.512207 0.503418
vt 0.526611 0.531982
vt 0.514893 0.522705
vt 0.519775 0.547363
vt 0.498779 0.549561
vt 0.475342 0.549316
vt 0.466553 0.529785
vt 0.453369 0.503174
vt 0.450684 0.469971
vt 0.431885 0.474854
vt 0.441406 0.447021
vt 0.494629 0.498535
vt 0.479736 0.467041
vt 0.471435 0.439941
vt 0.461670 0.427246
vt 0.439697 0.427734
vt 0.463135 0.412598
vt 0.458496 0.404785
vt 0.455322 0.397217
vt 0.426025 0.416748
vt 0.410645 0.442871
vt 0.469971 0.417236
vt 0.464111 0.405762
vt 0.463623 0.398926
vt 0.481445 0.412842
vt 0.482666 0.404053
vt 0.420166 0.390381
vt 0.412109 0.402100
vt 0.395508 0.376221
vt 0.401367 0.369629
vt 0.377685 0.349854
vt 0.383789 0.381592
vt 0.394287 0.412354
vt 0.384522 0.352295
vt 0.386963 0.346680
vt 0.372315 0.323730
vt 0.369629 0.028564
vt 0.368164 0.032959
vt 0.389160 0.006592
vt 0.371094 0.033936
vt 0.373779 0.035645
vt 0.389160 0.034180
vt 0.384277 0.038818
vt 0.378418 0.036133
vt 0.371338 0.066895
vt 0.385010 0.063965
vt 0.393799 0.059082
vt 0.405029 0.082520
vt 0.391357 0.092529
vt 0.399902 0.109131
vt 0.438232 0.095947
vt 0.409180 0.122070
vt 0.438477 0.103760
vt 0.439941 0.112305
vt 0.442383 0.119141
vt 0.443848 0.105957
vt 0.446533 0.098877
vt 0.459473 0.115234
vt 0.464600 0.107666
vt 0.168701 0.426025
vt 0.168457 0.451660
vt 0.154785 0.443604
vt 0.138428 0.471191
vt 0.176270 0.484863
vt 0.171875 0.509521
vt 0.106201 0.488037
vt 0.188232 0.457520
vt 0.178467 0.424316
vt 0.171143 0.386963
vt 0.163574 0.419678
vt 0.189209 0.415039
vt 0.187256 0.422363
vt 0.206543 0.435303
vt 0.205566 0.444092
vt 0.229736 0.453613
vt 0.577881 0.371582
vt 0.595947 0.354736
vt 0.602295 0.358643
vt 0.617432 0.343506
vt 0.621826 0.360352
vt 0.608398 0.370850
vt 0.560547 0.382080
vt 0.573975 0.370117
vt 0.587158 0.355225
vt 0.591065 0.343262
vt 0.603271 0.336182
vt 0.613037 0.332520
vt 0.624268 0.329102
vt 0.332764 0.442871
vt 0.346191 0.422607
vt 0.375977 0.453857
vt 0.372070 0.418213
vt 0.399414 0.450928
vt 0.422119 0.481201
vt 0.306152 0.466797
vt 0.328125 0.487549
vt 0.354248 0.509766
vt 0.400391 0.486816
vt 0.424316 0.514648
vt 0.442139 0.509766
vt 0.438477 0.542725
vt 0.452393 0.536865
vt 0.389160 0.532227
vt 0.411377 0.549561
vt 0.441162 0.566650
vt 0.461182 0.558594
vt 0.362305 0.554199
vt 0.318848 0.536133
vt 0.272461 0.510742
vt 0.262207 0.475098
vt 0.276611 0.451660
vt 0.298828 0.443359
vt 0.320068 0.431396
vt 0.336670 0.410400
vt 0.347656 0.399902
vt 0.347900 0.391357
vt 0.384522 0.416504
vt 0.365967 0.390625
vt 0.376709 0.386719
vt 0.371094 0.350586
vt 0.361084 0.371094
vt 0.358398 0.368164
vt 0.353760 0.387451
vt 0.518799 0.579346
vt 0.499023 0.588135
vt 0.516602 0.572754
vt 0.495361 0.577637
vt 0.506592 0.567871
vt 0.489746 0.570312
vt 0.473145 0.578857
vt 0.469727 0.586670
vt 0.032471 0.053467
vt 0.029785 0.058350
vt 0.038086 0.073730
vt 0.035156 0.088867
vt 0.052734 0.094727
vt 0.049561 0.135986
vt 0.028320 0.098145
vt 0.026367 0.058594
vt 0.085205 0.255615
vt 0.054443 0.213867
vt 0.034424 0.159180
vt 0.039795 0.151611
vt 0.024170 0.102783
vt 0.634766 0.073975
vt 0.637207 0.067383
vt 0.625244 0.075439
vt 0.626953 0.071045
vt 0.616943 0.075684
vt 0.602051 0.077881
vt 0.615479 0.072510
vt 0.623291 0.066895
vt 0.629883 0.063721
vt 0.608887 0.093750
vt 0.624756 0.084473
vt 0.604248 0.088623
vt 0.593994 0.088623
vt 0.590332 0.087891
vt 0.592285 0.082520
vt 0.575440 0.092529
vt 0.575684 0.096191
vt 0.558594 0.100830
vt 0.554932 0.110840
vt 0.575928 0.105225
vt 0.112793 0.105469
vt 0.145752 0.092285
vt 0.136230 0.082031
vt 0.358398 0.368164
vt 0.366699 0.345215
vt 0.371094 0.350586
vt 0.347656 0.399902
vt 0.347900 0.391357
vt 0.353760 0.387451
vt 0.595947 0.354736
vt 0.603271 0.336182
vt 0.591065 0.343262
vt 0.577881 0.371582
vt 0.602295 0.358643
vt 0.582519 0.375977
vt 0.608398 0.370850
vt 0.588135 0.384033
vt 0.568115 0.401123
vt 0.564453 0.387939
vt 0.266357 0.649658
vt 0.262940 0.666016
vt 0.207520 0.651855
vt 0.110107 0.593994
vt 0.111572 0.578613
vt 0.156738 0.628906
vt 0.159668 0.608887
vt 0.212158 0.634033
vt 0.224609 0.587402
vt 0.275635 0.609131
vt 0.076660 0.115234
vt 0.052734 0.094727
vt 0.072754 0.157715
vt 0.049561 0.135986
vt 0.532715 0.476074
vt 0.536377 0.504639
vt 0.518799 0.485107
vt 0.512207 0.503418
vt 0.199219 0.459961
vt 0.209229 0.492432
vt 0.188232 0.457520
vt 0.176270 0.484863
vt 0.410645 0.442871
vt 0.394287 0.412354
vt 0.426025 0.416748
vt 0.412109 0.402100
vt 0.369141 0.277100
vt 0.323242 0.263916
vt 0.373535 0.272461
vt 0.327148 0.259521
vt 0.318603 0.270264
vt 0.275147 0.242676
vt 0.269531 0.256348
vt 0.315430 0.278076
vt 0.292969 0.281738
vt 0.441162 0.566650
vt 0.411377 0.549561
vt 0.404297 0.566650
vt 0.389160 0.532227
vt 0.401367 0.369629
vt 0.395508 0.376221
vt 0.384522 0.352295
vt 0.377685 0.349854
vt 0.342529 0.242676
vt 0.297363 0.225830
vt 0.284668 0.233398
vt 0.242920 0.208984
vt 0.327637 0.212158
vt 0.258301 0.201416
vt 0.219971 0.167969
vt 0.209717 0.177246
vt 0.190186 0.134521
vt 0.185791 0.138916
vt 0.244385 0.134521
vt 0.243652 0.113770
vt 0.228271 0.128906
vt 0.218750 0.113037
vt 0.213135 0.131836
vt 0.604248 0.088623
vt 0.593994 0.088623
vt 0.583008 0.108398
vt 0.575928 0.105225
vt 0.564697 0.125000
vt 0.557861 0.123047
vt 0.554932 0.110840
vt 0.530029 0.140869
vt 0.544922 0.134277
vt 0.541260 0.125977
vt 0.539795 0.111816
vt 0.558594 0.100830
vt 0.307373 0.300781
vt 0.335205 0.293457
vt 0.317139 0.274170
vt 0.373291 0.293213
vt 0.440918 0.280273
vt 0.410645 0.278320
vt 0.402832 0.288330
vt 0.369141 0.277100
vt 0.323242 0.263916
vt 0.269531 0.320068
vt 0.310303 0.311279
vt 0.270996 0.310303
vt 0.270508 0.293457
vt 0.362305 0.554199
vt 0.389160 0.532227
vt 0.404297 0.566650
vt 0.411377 0.549561
vt 0.441162 0.566650
vt 0.229004 0.484619
vt 0.234375 0.472168
vt 0.272461 0.510742
vt 0.262207 0.475098
vt 0.276611 0.451660
vt 0.251221 0.456055
vt 0.229736 0.453613
vt 0.205566 0.444092
vt 0.209229 0.461182
vt 0.371094 0.033936
vt 0.368164 0.032959
vt 0.357422 0.064453
vt 0.353027 0.057861
vt 0.373779 0.035645
vt 0.360352 0.066895
vt 0.354248 0.100342
vt 0.348633 0.097412
vt 0.337647 0.088379
vt 0.332275 0.069580
vt 0.351562 0.049316
vt 0.369629 0.028564
vt 0.179688 0.294189
vt 0.197754 0.260010
vt 0.134277 0.269531
vt 0.156982 0.229980
vt 0.093750 0.236328
vt 0.124756 0.286133
vt 0.085205 0.255615
vt 0.060791 0.197998
vt 0.342529 0.242676
vt 0.284668 0.233398
vt 0.297363 0.225830
vt 0.242920 0.208984
vt 0.258301 0.201416
vt 0.327637 0.212158
vt 0.385010 0.063965
vt 0.371338 0.066895
vt 0.391357 0.092529
vt 0.372315 0.101562
vt 0.399902 0.109131
vt 0.374023 0.130859
vt 0.456055 0.201172
vt 0.438721 0.199219
vt 0.453125 0.219727
vt 0.438477 0.218994
vt 0.418945 0.192871
vt 0.423096 0.212158
vt 0.495361 0.577637
vt 0.457520 0.604248
vt 0.469727 0.586670
vt 0.456543 0.600342
vt 0.435059 0.596680
vt 0.443115 0.587402
vt 0.364014 0.658203
vt 0.412109 0.628662
vt 0.409668 0.647217
vt 0.459228 0.618896
vt 0.499023 0.588135
vt 0.202393 0.181641
vt 0.179688 0.142334
vt 0.168457 0.138916
vt 0.167236 0.101807
vt 0.160645 0.099854
vt 0.167480 0.066162
vt 0.162842 0.066650
vt 0.113037 0.534912
vt 0.080078 0.523682
vt 0.106201 0.488037
vt 0.068604 0.486572
vt 0.072021 0.473877
vt 0.057861 0.472168
vt 0.049072 0.456787
vt 0.380127 0.196777
vt 0.384522 0.226562
vt 0.390869 0.201660
vt 0.398193 0.228760
vt 0.416016 0.219482
vt 0.437744 0.251221
vt 0.420166 0.262207
vt 0.390625 0.249512
vt 0.608398 0.370850
vt 0.588135 0.384033
vt 0.582519 0.375977
vt 0.568115 0.401123
vt 0.564453 0.387939
vt 0.546875 0.395996
vt 0.560547 0.382080
vt 0.577881 0.371582
vt 0.602295 0.358643
vt 0.530029 0.140869
vt 0.541260 0.125977
vt 0.544922 0.134277
vt 0.557861 0.123047
vt 0.546631 0.138672
vt 0.564697 0.125000
vt 0.583008 0.108398
vt 0.575928 0.105225
vt 0.593994 0.088623
vt 0.575684 0.096191
vt 0.590332 0.087891
vt 0.602051 0.077881
vt 0.616943 0.075684
vt 0.523193 0.407959
vt 0.502930 0.409180
vt 0.518799 0.428955
vt 0.533691 0.416016
vt 0.545654 0.433594
vt 0.531738 0.451904
vt 0.511475 0.472168
vt 0.518799 0.485107
vt 0.512207 0.503418
vt 0.494629 0.498535
vt 0.479736 0.467041
vt 0.502197 0.450928
vt 0.490723 0.426758
vt 0.481445 0.412842
vt 0.482666 0.404053
vt 0.469971 0.417236
vt 0.471435 0.439941
vt 0.545654 0.433594
vt 0.533691 0.416016
vt 0.561768 0.421143
vt 0.552979 0.408203
vt 0.546875 0.395996
vt 0.523193 0.407959
vt 0.518799 0.428955
vt 0.531738 0.451904
vt 0.502930 0.409180
vt 0.490723 0.426758
vt 0.532715 0.476074
vt 0.518799 0.485107
vt 0.511475 0.472168
vt 0.502197 0.450928
vt 0.479736 0.467041
vt 0.471435 0.439941
vt 0.469971 0.417236
vt 0.481445 0.412842
vt 0.482666 0.404053
vt 0.512207 0.503418
vt 0.494629 0.498535
vt 0.503418 0.154541
vt 0.479980 0.183350
vt 0.474121 0.149414
vt 0.464111 0.173096
vt 0.436523 0.170654
vt 0.440918 0.140625
vt 0.518555 0.129150
vt 0.489258 0.129883
vt 0.469238 0.124023
vt 0.459473 0.115234
vt 0.464600 0.107666
vt 0.484863 0.116211
vt 0.508789 0.118652
vt 0.541260 0.125977
vt 0.518555 0.129150
vt 0.530029 0.140869
vt 0.503418 0.154541
vt 0.489258 0.129883
vt 0.474121 0.149414
vt 0.469238 0.124023
vt 0.539795 0.111816
vt 0.508789 0.118652
vt 0.484863 0.116211
vt 0.464600 0.107666
vt 0.459473 0.115234
vt 0.440918 0.140625
vt 0.436523 0.170654
vt 0.464111 0.173096
vt 0.479980 0.183350
vt 0.492676 0.184082
vt 0.373779 0.035645
vt 0.378418 0.036133
vt 0.389160 0.006592
vt 0.167480 0.066162
vt 0.170898 0.064697
vt 0.171143 0.030762
vt 0.190186 0.134521
vt 0.175293 0.096924
vt 0.171631 0.099609
vt 0.520264 0.299316
vt 0.522705 0.302002
vt 0.532715 0.305664
vt 0.818604 0.452393
vt 0.821533 0.442139
vt 0.846435 0.425537
vt 0.822754 0.434570
vt 0.846435 0.425537
vt 0.843018 0.422852
vt 0.855713 0.400635
vt 0.861328 0.396484
vt 0.848389 0.391846
vt 0.859375 0.405762
vt 0.848877 0.430664
vt 0.818604 0.452393
vt 0.909668 0.376953
vt 0.902344 0.381348
vt 0.898926 0.375244
vt 0.891846 0.390137
vt 0.886963 0.385986
vt 0.885742 0.413330
vt 0.880615 0.375488
vt 0.924072 0.390381
vt 0.941162 0.384277
vt 0.948486 0.406738
vt 0.911865 0.364502
vt 0.904297 0.352539
vt 0.930176 0.346680
vt 0.915771 0.317139
vt 0.892334 0.333496
vt 0.889893 0.356201
vt 0.894287 0.365479
vt 0.872803 0.363037
vt 0.963135 0.373535
vt 0.966553 0.427002
vt 0.964356 0.404541
vt 0.987060 0.371582
vt 0.987060 0.409424
vt 0.987060 0.428711
vt 0.794678 0.129639
vt 0.795166 0.122803
vt 0.817871 0.122559
vt 0.566162 0.429688
vt 0.545654 0.433594
vt 0.561768 0.421143
vt 0.595215 0.397705
vt 0.580322 0.414307
vt 0.593262 0.392334
vt 0.576904 0.407471
vt 0.588135 0.384033
vt 0.568115 0.401123
vt 0.624268 0.383057
vt 0.616943 0.386230
vt 0.625732 0.376221
vt 0.615723 0.382568
vt 0.626953 0.370850
vt 0.614258 0.378662
vt 0.621826 0.360352
vt 0.608398 0.370850
vt 0.624268 0.329102
vt 0.639404 0.346680
vt 0.617432 0.343506
vt 0.646484 0.361816
vt 0.645019 0.368652
vt 0.643310 0.376465
vt 0.642090 0.381348
vt 0.624023 0.388916
vt 0.624023 0.394043
vt 0.640137 0.390381
vt 0.614014 0.398682
vt 0.615479 0.392578
vt 0.596435 0.406494
vt 0.383057 0.170166
vt 0.380371 0.159424
vt 0.361572 0.137939
vt 0.367432 0.135498
vt 0.354248 0.100342
vt 0.355957 0.134033
vt 0.366699 0.166260
vt 0.377685 0.172852
vt 0.380127 0.196777
vt 0.377685 0.349854
vt 0.371094 0.350586
vt 0.372315 0.323730
vt 0.366699 0.345215
vt 0.383789 0.381592
vt 0.376709 0.386719
vt 0.394287 0.412354
vt 0.384522 0.416504
vt 0.410645 0.442871
vt 0.399414 0.450928
vt 0.422119 0.481201
vt 0.431885 0.474854
vt 0.453369 0.503174
vt 0.442139 0.509766
vt 0.466553 0.529785
vt 0.452393 0.536865
vt 0.461182 0.558594
vt 0.475342 0.549316
vt 0.489746 0.570312
vt 0.506592 0.567871
vt 0.473145 0.578857
vt 0.443115 0.587402
vt 0.441162 0.566650
vt 0.400391 0.584717
vt 0.404297 0.566650
vt 0.351318 0.572998
vt 0.362305 0.554199
vt 0.304932 0.555176
vt 0.318848 0.536133
vt 0.261963 0.529541
vt 0.272461 0.510742
vt 0.225830 0.497070
vt 0.229004 0.484619
vt 0.199219 0.459961
vt 0.171143 0.386963
vt 0.187256 0.422363
vt 0.178467 0.424316
vt 0.188232 0.457520
vt 0.817871 0.122559
vt 0.795166 0.122803
vt 0.817139 0.116943
vt 0.815430 0.111084
vt 0.541016 0.458008
vt 0.548096 0.465088
vt 0.543701 0.483887
vt 0.538330 0.496826
vt 0.538086 0.472412
vt 0.532715 0.476074
vt 0.554932 0.450195
vt 0.551269 0.444336
vt 0.585693 0.573486
vt 0.610840 0.577393
vt 0.593750 0.582764
vt 0.611816 0.583740
vt 0.598877 0.586182
vt 0.589356 0.587158
vt 0.585205 0.584961
vt 0.578125 0.578613
vt 0.569824 0.582275
vt 0.556885 0.577637
vt 0.547363 0.584229
vt 0.538818 0.583496
vt 0.546631 0.577881
vt 0.558594 0.565430
vt 0.591797 0.569580
vt 0.574951 0.566162
vt 0.567871 0.560791
vt 0.558106 0.551514
vt 0.540527 0.536133
vt 0.549805 0.530518
vt 0.526367 0.514404
vt 0.536377 0.504639
vt 0.553955 0.525146
vt 0.563965 0.544434
vt 0.572754 0.553223
vt 0.581299 0.561035
vt 0.595215 0.561768
vt 0.611816 0.565186
vt 0.614502 0.556152
vt 0.620606 0.562988
vt 0.618652 0.571533
vt 0.626221 0.590820
vt 0.621094 0.587402
vt 0.628174 0.583984
vt 0.623047 0.581543
vt 0.629394 0.572754
vt 0.623291 0.575684
vt 0.620606 0.562988
vt 0.618652 0.571533
vt 0.527832 0.564697
vt 0.536377 0.543701
vt 0.544190 0.567383
vt 0.518799 0.579346
vt 0.516602 0.572754
vt 0.534912 0.580322
vt 0.498779 0.549561
vt 0.519775 0.547363
vt 0.526611 0.531982
vt 0.503418 0.601074
vt 0.499023 0.588135
vt 0.525146 0.590088
vt 0.527832 0.593750
vt 0.503662 0.606689
vt 0.460938 0.626953
vt 0.361328 0.667725
vt 0.409668 0.647217
vt 0.413574 0.653320
vt 0.461182 0.632568
vt 0.501953 0.614014
vt 0.532471 0.596924
vt 0.313232 0.677979
vt 0.364014 0.658203
vt 0.316406 0.668945
vt 0.262940 0.666016
vt 0.259522 0.674805
vt 0.204102 0.660156
vt 0.207520 0.651855
vt 0.152832 0.636230
vt 0.102051 0.603027
vt 0.110107 0.593994
vt 0.067139 0.549316
vt 0.071533 0.540283
vt 0.111572 0.578613
vt 0.017334 0.401367
vt 0.032715 0.437744
vt 0.024902 0.448975
vt 0.030273 0.448730
vt 0.038574 0.497559
vt 0.043213 0.486328
vt 0.777344 0.395508
vt 0.777832 0.407227
vt 0.767578 0.424316
vt 0.771729 0.424561
vt 0.753906 0.412109
vt 0.753418 0.385254
vt 0.747559 0.390381
vt 0.744873 0.367676
vt 0.760254 0.374023
vt 0.775635 0.371582
vt 0.791504 0.388672
vt 0.793457 0.391357
vt 0.782471 0.397217
vt 0.797363 0.422852
vt 0.793945 0.428223
vt 0.788818 0.430664
vt 0.767578 0.362549
vt 0.761231 0.355469
vt 0.753906 0.360840
vt 0.742920 0.336670
vt 0.278320 0.239990
vt 0.275147 0.242676
vt 0.327148 0.259521
vt 0.323242 0.263916
vt 0.237549 0.213867
vt 0.234619 0.215332
vt 0.202393 0.181641
vt 0.204102 0.180176
vt 0.209717 0.177246
vt 0.242920 0.208984
vt 0.284668 0.233398
vt 0.336914 0.251221
vt 0.381836 0.263184
vt 0.373535 0.272461
vt 0.410645 0.278320
vt 0.420166 0.262207
vt 0.179688 0.142334
vt 0.182617 0.141113
vt 0.167236 0.101807
vt 0.169678 0.100342
vt 0.185791 0.138916
vt 0.440918 0.280273
vt 0.449707 0.254395
vt 0.468750 0.274414
vt 0.473633 0.249756
vt 0.474365 0.226074
vt 0.451416 0.237549
vt 0.416016 0.219482
vt 0.423096 0.212158
vt 0.483154 0.288330
vt 0.462158 0.289795
vt 0.490723 0.274658
vt 0.507080 0.292480
vt 0.515137 0.288574
vt 0.520264 0.299316
vt 0.537598 0.298584
vt 0.532715 0.305664
vt 0.537109 0.304932
vt 0.548096 0.304199
vt 0.544678 0.309082
vt 0.555664 0.307373
vt 0.551514 0.312744
vt 0.548096 0.293213
vt 0.551758 0.299072
vt 0.551758 0.288330
vt 0.558350 0.296143
vt 0.522949 0.286377
vt 0.507568 0.279541
vt 0.502685 0.273193
vt 0.496582 0.262451
vt 0.499512 0.259766
vt 0.505615 0.272461
vt 0.511719 0.276855
vt 0.525146 0.283447
vt 0.543945 0.286621
vt 0.546875 0.282959
vt 0.551758 0.288330
vt 0.548096 0.293213
vt 0.485352 0.243164
vt 0.492920 0.239502
vt 0.497315 0.237793
vt 0.494141 0.210693
vt 0.498779 0.209961
vt 0.505615 0.190186
vt 0.500488 0.188965
vt 0.515625 0.175781
vt 0.512695 0.172852
vt 0.532227 0.163818
vt 0.529541 0.160400
vt 0.551758 0.152100
vt 0.498535 0.184570
vt 0.487549 0.208252
vt 0.548828 0.148438
vt 0.569336 0.139893
vt 0.567627 0.134766
vt 0.548096 0.143066
vt 0.528565 0.154541
vt 0.511475 0.167236
vt 0.498291 0.178223
vt 0.492676 0.184082
vt 0.481201 0.199951
vt 0.585205 0.122559
vt 0.566406 0.129395
vt 0.587402 0.113281
vt 0.564697 0.125000
vt 0.544922 0.134277
vt 0.530029 0.140869
vt 0.546631 0.138672
vt 0.526856 0.149414
vt 0.557861 0.123047
vt 0.604248 0.088623
vt 0.583008 0.108398
vt 0.608887 0.093750
vt 0.604736 0.108154
vt 0.600830 0.114502
vt 0.607910 0.118164
vt 0.615234 0.113525
vt 0.615479 0.105713
vt 0.621826 0.105957
vt 0.617676 0.094971
vt 0.630127 0.088623
vt 0.624756 0.084473
vt 0.634766 0.073975
vt 0.625244 0.075439
vt 0.032471 0.013916
vt 0.016846 0.061279
vt 0.019531 0.062256
vt 0.013428 0.112061
vt 0.017090 0.108154
vt 0.032471 0.053467
vt 0.032471 0.013916
vt 0.029785 0.058350
vt 0.026367 0.058594
vt 0.024170 0.060059
vt 0.028320 0.098145
vt 0.024170 0.102783
vt 0.021484 0.103760
vt 0.022705 0.060059
vt 0.017090 0.108154
vt 0.027344 0.163818
vt 0.020020 0.167969
vt 0.043213 0.224365
vt 0.047119 0.220459
vt 0.074707 0.270020
vt 0.078369 0.264404
vt 0.115723 0.303467
vt 0.118408 0.296875
vt 0.163574 0.327148
vt 0.050781 0.216797
vt 0.081787 0.259521
vt 0.121338 0.291016
vt 0.166016 0.321533
vt 0.168945 0.314941
vt 0.215820 0.334717
vt 0.218750 0.327881
vt 0.264404 0.333984
vt 0.267090 0.326660
vt 0.320068 0.316650
vt 0.314697 0.325928
vt 0.376953 0.310547
vt 0.034424 0.159180
vt 0.054443 0.213867
vt 0.085205 0.255615
vt 0.124756 0.286133
vt 0.172119 0.309326
vt 0.221680 0.321533
vt 0.269531 0.320068
vt 0.310303 0.311279
vt 0.344971 0.302246
vt 0.385010 0.301270
vt 0.424072 0.305176
vt 0.433838 0.294678
vt 0.456543 0.296387
vt 0.476074 0.292725
vt 0.498779 0.295410
vt 0.512695 0.300781
vt 0.522705 0.302002
vt 0.515869 0.303711
vt 0.373291 0.316895
vt 0.315185 0.332031
vt 0.263428 0.339844
vt 0.214111 0.340332
vt 0.612549 0.587891
vt 0.607422 0.601074
vt 0.602539 0.588623
vt 0.600830 0.599365
vt 0.612793 0.602051
vt 0.620361 0.590332
vt 0.617188 0.606689
vt 0.625000 0.595215
vt 0.626221 0.590820
vt 0.621094 0.587402
vt 0.611816 0.583740
vt 0.598877 0.586182
vt 0.589356 0.587158
vt 0.593506 0.589600
vt 0.597168 0.597656
vt 0.776367 0.163818
vt 0.768799 0.202393
vt 0.756836 0.191162
vt 0.764648 0.223389
vt 0.753906 0.211914
vt 0.737549 0.201660
vt 0.030762 0.160645
vt 0.763672 0.292236
vt 0.746582 0.295654
vt 0.745117 0.251709
vt 0.725098 0.262939
vt 0.724609 0.251709
vt 0.741455 0.240479
vt 0.723633 0.235840
vt 0.736816 0.226807
vt 0.522705 0.302002
vt 0.524414 0.304199
vt 0.532715 0.305664
vt 0.529541 0.310059
vt 0.536621 0.309326
vt 0.537109 0.304932
vt 0.542725 0.312012
vt 0.544678 0.309082
vt 0.548828 0.316162
vt 0.551514 0.312744
vt 0.522705 0.302002
vt 0.515869 0.303711
vt 0.524414 0.304199
vt 0.519287 0.306885
vt 0.520264 0.315186
vt 0.523682 0.318359
vt 0.528076 0.320557
vt 0.532959 0.322510
vt 0.541016 0.326904
vt 0.653076 0.427002
vt 0.653076 0.407715
vt 0.673828 0.425537
vt 0.676025 0.403076
vt 0.653320 0.369873
vt 0.677246 0.372070
vt 0.691894 0.405273
vt 0.691406 0.426514
vt 0.707519 0.408691
vt 0.714600 0.388672
vt 0.699219 0.383057
vt 0.728271 0.363770
vt 0.708496 0.340820
vt 0.765137 0.096191
vt 0.760742 0.063965
vt 0.760742 0.063965
vt 0.767578 0.089111
vt 0.765137 0.096191
vt 0.760742 0.063965
vt 0.760742 0.063965
vt 0.790527 0.067139
vt 0.789062 0.071777
vt 0.532715 0.476074
vt 0.531738 0.451904
vt 0.541016 0.458008
vt 0.545654 0.433594
vt 0.653076 0.123047
vt 0.651611 0.119873
vt 0.656006 0.124268
vt 0.651123 0.104004
vt 0.653320 0.193115
vt 0.673340 0.196533
vt 0.653565 0.204590
vt 0.653809 0.214600
vt 0.656738 0.217529
vt 0.653809 0.216553
vt 0.655762 0.217773
vt 0.653809 0.218262
vt 0.683594 0.229736
vt 0.675293 0.233154
vt 0.676025 0.212402
vt 0.665771 0.224854
vt 0.695312 0.207520
vt 0.699463 0.223389
vt 0.492676 0.184082
vt 0.498291 0.178223
vt 0.503418 0.154541
vt 0.510010 0.161133
vt 0.530029 0.140869
vt 0.526856 0.149414
vt 0.528565 0.154541
vt 0.511475 0.167236
vt 0.943604 0.203369
vt 0.939941 0.221191
vt 0.924072 0.212646
vt 0.915283 0.233643
vt 0.934326 0.246094
vt 0.956543 0.227539
vt 0.965332 0.209717
vt 0.965088 0.230957
vt 0.974854 0.222412
vt 0.968018 0.195312
vt 0.983398 0.215088
vt 0.984131 0.215088
vt 0.975342 0.223145
vt 0.975342 0.224121
vt 0.985107 0.215576
vt 0.985107 0.213623
vt 0.985107 0.211670
vt 0.984863 0.201660
vt 0.984619 0.190430
vt 0.982422 0.101318
vt 0.982666 0.116943
vt 0.978027 0.121582
vt 0.981201 0.120117
vt 0.974365 0.139893
vt 0.973144 0.135254
vt 0.963379 0.119629
vt 0.964600 0.093994
vt 0.978516 0.096436
vt 0.420166 0.262207
vt 0.410645 0.278320
vt 0.440918 0.280273
vt 0.433838 0.294678
vt 0.468750 0.274414
vt 0.462158 0.289795
vt 0.327148 0.259521
vt 0.323242 0.263916
vt 0.373535 0.272461
vt 0.369141 0.277100
vt 0.481201 0.199951
vt 0.474365 0.226074
vt 0.487549 0.208252
vt 0.473633 0.249756
vt 0.485352 0.243164
vt 0.546631 0.577881
vt 0.538818 0.583496
vt 0.534912 0.580322
vt 0.527832 0.593750
vt 0.547363 0.584229
vt 0.564697 0.125000
vt 0.587402 0.113281
vt 0.583008 0.108398
vt 0.526856 0.149414
vt 0.528565 0.154541
vt 0.548096 0.143066
vt 0.264404 0.333984
vt 0.263428 0.339844
vt 0.314697 0.325928
vt 0.163574 0.327148
vt 0.166016 0.321533
vt 0.118408 0.296875
vt 0.357422 0.100098
vt 0.361572 0.137939
vt 0.367432 0.135498
vt 0.378418 0.036133
vt 0.373779 0.035645
vt 0.371338 0.066895
vt 0.365234 0.067627
vt 0.372315 0.101562
vt 0.363525 0.102783
vt 0.374023 0.130859
vt 0.367432 0.135498
vt 0.363037 0.066895
vt 0.360352 0.066895
vt 0.354248 0.100342
vt 0.361572 0.137939
vt 0.377685 0.172852
vt 0.383057 0.170166
vt 0.403320 0.196045
vt 0.423096 0.212158
vt 0.416016 0.219482
vt 0.390869 0.201660
vt 0.380127 0.196777
vt 0.475342 0.549316
vt 0.498779 0.549561
vt 0.506592 0.567871
vt 0.364014 0.658203
vt 0.409668 0.647217
vt 0.361328 0.667725
vt 0.499023 0.588135
vt 0.503418 0.601074
vt 0.459228 0.618896
vt 0.460938 0.626953
vt 0.376709 0.386719
vt 0.371094 0.350586
vt 0.377685 0.349854
vt 0.676025 0.484131
vt 0.674316 0.461914
vt 0.692139 0.460938
vt 0.653076 0.448730
vt 0.674072 0.448242
vt 0.653076 0.468262
vt 0.105225 0.673828
vt 0.130859 0.630615
vt 0.104004 0.624512
vt 0.139160 0.637695
vt 0.105225 0.673828
vt 0.120117 0.681885
vt 0.096436 0.720947
vt 0.085449 0.718994
vt 0.112305 0.723877
vt 0.154541 0.650635
vt 0.120117 0.681885
vt 0.163330 0.701904
vt 0.176514 0.676025
vt 0.147461 0.695801
vt 0.163330 0.661865
vt 0.135498 0.687744
vt 0.116455 0.724854
vt 0.131104 0.724854
vt 0.150635 0.726318
vt 0.177246 0.709961
vt 0.167725 0.727539
vt 0.183350 0.711426
vt 0.195801 0.721680
vt 0.177246 0.709961
vt 0.187500 0.688721
vt 0.183350 0.711426
vt 0.187500 0.688721
vt 0.198730 0.716064
vt 0.120117 0.681885
vt 0.112305 0.723877
vt 0.948242 0.053711
vt 0.963379 0.044678
vt 0.958008 0.058594
vt 0.044434 0.728271
vt 0.019531 0.770020
vt 0.032715 0.732910
vt 0.055664 0.734619
vt 0.048584 0.743652
vt 0.024658 0.924805
vt 0.052734 0.984131
vt 0.036865 0.976807
vt 0.207520 0.651855
vt 0.152832 0.636230
vt 0.156738 0.628906
vt 0.110107 0.593994
vt 0.820801 0.490234
vt 0.854981 0.488770
vt 0.854736 0.496338
vt 0.880615 0.487793
vt 0.758301 0.472168
vt 0.761963 0.473877
vt 0.751953 0.491699
vt 0.758057 0.484619
vt 0.785889 0.496826
vt 0.785889 0.488770
vt 0.820801 0.497803
vt 0.854736 0.496338
vt 0.854248 0.505127
vt 0.884033 0.500977
vt 0.886719 0.492920
vt 0.876953 0.475342
vt 0.880615 0.474121
vt 0.906738 0.466309
vt 0.905518 0.489746
vt 0.920166 0.487305
vt 0.920410 0.461426
vt 0.945801 0.487061
vt 0.948242 0.462158
vt 0.964356 0.485596
vt 0.966065 0.463379
vt 0.169678 0.100342
vt 0.185791 0.138916
vt 0.171631 0.099609
vt 0.190186 0.134521
vt 0.167236 0.101807
vt 0.167480 0.066162
vt 0.170898 0.064697
vt 0.187256 0.422363
vt 0.205566 0.444092
vt 0.199219 0.459961
vt 0.209229 0.461182
vt 0.229004 0.484619
vt 0.660156 0.013184
vt 0.668213 0.014648
vt 0.649658 0.028320
vt 0.668213 0.027344
vt 0.651367 0.038086
vt 0.959961 0.012451
vt 0.969727 0.010498
vt 0.962646 0.024414
vt 0.980713 0.025391
vt 0.982666 0.035400
vt 0.607910 0.118164
vt 0.585205 0.122559
vt 0.589111 0.127930
vt 0.567627 0.134766
vt 0.569336 0.139893
vt 0.553955 0.525146
vt 0.549805 0.530518
vt 0.538330 0.496826
vt 0.536377 0.504639
vt 0.532715 0.476074
vt 0.538086 0.472412
vt 0.034424 0.159180
vt 0.024170 0.102783
vt 0.030762 0.160645
vt 0.021484 0.103760
vt 0.027344 0.163818
vt 0.017090 0.108154
vt 0.022705 0.060059
vt 0.019531 0.062256
vt 0.545654 0.433594
vt 0.566162 0.429688
vt 0.551269 0.444336
vt 0.554932 0.450195
vt 0.569092 0.437012
vt 0.580322 0.414307
vt 0.583984 0.421631
vt 0.595215 0.397705
vt 0.596435 0.406494
vt 0.816162 0.095215
vt 0.842773 0.092041
vt 0.841065 0.098389
vt 0.867432 0.096680
vt 0.859131 0.101074
vt 0.299072 0.052490
vt 0.310547 0.060059
vt 0.316650 0.071533
vt 0.319824 0.050049
vt 0.327881 0.059326
vt 0.318848 0.036621
vt 0.333008 0.049805
vt 0.323975 0.023682
vt 0.331299 0.029053
vt 0.339600 0.041504
vt 0.333008 0.049805
vt 0.324951 0.037109
vt 0.323975 0.023682
vt 0.318848 0.036621
vt 0.324951 0.037109
vt 0.329102 0.015137
vt 0.337891 0.020752
vt 0.337891 0.020752
vt 0.344482 0.035645
vt 0.331299 0.029053
vt 0.329102 0.015137
vt 0.347412 0.016846
vt 0.349609 0.026855
vt 0.339355 0.014404
vt 0.338867 0.015869
vt 0.344482 0.035645
vt 0.352783 0.008301
vt 0.349609 0.026855
vt 0.299072 0.052490
vt 0.316650 0.071533
vt 0.295898 0.072754
vt 0.316162 0.051514
vt 0.319824 0.050049
vt 0.288330 0.056396
vt 0.298584 0.065186
vt 0.283691 0.073975
vt 0.298584 0.065186
vt 0.299072 0.052490
vt 0.295898 0.072754
vt 0.310547 0.060059
vt 0.316162 0.051514
vt 0.316650 0.071533
vt 0.337891 0.020752
vt 0.338623 0.017334
vt 0.338867 0.015869
vt 0.019531 0.292480
vt 0.052734 0.272217
vt 0.021973 0.282959
vt 0.037598 0.235596
vt 0.017090 0.245117
vt 0.017090 0.249023
vt 0.017578 0.236572
vt 0.019287 0.216309
vt 0.020508 0.235107
vt 0.017090 0.249023
vt 0.016846 0.244385
vt 0.037598 0.235596
vt 0.020508 0.235107
vt 0.031250 0.243408
vt 0.017334 0.251709
vt 0.017822 0.258301
vt 0.029053 0.251221
vt 0.027100 0.260742
vt 0.018555 0.271240
vt 0.029053 0.251221
vt 0.044678 0.248291
vt 0.024902 0.270264
vt 0.019287 0.281738
vt 0.052734 0.272217
vt 0.019531 0.292480
vt 0.021973 0.282959
vt 0.020264 0.309814
vt 0.027100 0.295898
vt 0.027344 0.304932
vt 0.047119 0.290527
vt 0.047852 0.307861
vt 0.027832 0.318604
vt 0.028076 0.331787
vt 0.051514 0.318604
vt 0.032715 0.338623
vt 0.036865 0.344482
vt 0.061523 0.325684
vt 0.048096 0.345703
vt 0.034912 0.348145
vt 0.030762 0.343506
vt 0.055420 0.356934
vt 0.053467 0.350830
vt 0.058350 0.353760
vt 0.056641 0.346680
vt 0.045654 0.349609
vt 0.586426 0.232910
vt 0.610107 0.227783
vt 0.599365 0.229980
vt 0.224854 0.071289
vt 0.232422 0.084717
vt 0.231689 0.094971
vt 0.241455 0.098145
vt 0.237549 0.081299
vt 0.232422 0.084717
vt 0.237549 0.081299
vt 0.239746 0.079346
vt 0.260986 0.089355
vt 0.242920 0.080078
vt 0.239746 0.079346
vt 0.209473 0.075684
vt 0.215088 0.067627
vt 0.219727 0.090576
vt 0.218018 0.083008
vt 0.224854 0.071289
vt 0.209473 0.075684
vt 0.210449 0.086914
vt 0.204590 0.083496
vt 0.206787 0.072754
vt 0.209473 0.075684
vt 0.204590 0.083496
vt 0.203369 0.069336
vt 0.197021 0.074951
vt 0.203369 0.069336
vt 0.199463 0.080811
vt 0.186279 0.070312
vt 0.191650 0.072510
vt 0.189697 0.072998
vt 0.120117 0.750732
vt 0.098389 0.751465
vt 0.123291 0.739746
vt 0.123291 0.739746
vt 0.127930 0.750244
vt 0.130371 0.761475
vt 0.120850 0.770020
vt 0.118652 0.760498
vt 0.112793 0.757812
vt 0.120117 0.750732
vt 0.098389 0.751465
vt 0.031250 0.243408
vt 0.017090 0.249023
vt 0.017090 0.245117
vt 0.586670 0.067383
vt 0.591553 0.069092
vt 0.585938 0.070068
vt 0.178955 0.369873
vt 0.166260 0.371582
vt 0.170166 0.359375
vt 0.152588 0.332520
vt 0.152832 0.366455
vt 0.144775 0.374268
vt 0.151855 0.373535
vt 0.161621 0.362793
vt 0.158447 0.372559
vt 0.170166 0.359375
vt 0.167236 0.338135
vt 0.133545 0.375488
vt 0.152588 0.332520
vt 0.135498 0.366699
vt 0.115967 0.368896
vt 0.126465 0.349121
vt 0.125244 0.367920
vt 0.135498 0.366699
vt 0.123047 0.376709
vt 0.114502 0.377441
vt 0.097168 0.367676
vt 0.106201 0.345459
vt 0.084229 0.366699
vt 0.079590 0.374756
vt 0.099854 0.376465
vt 0.199463 0.080811
vt 0.191650 0.072510
vt 0.197021 0.074951
vt 0.123779 0.957275
vt 0.132080 0.967773
vt 0.106689 0.958008
vt 0.116699 0.949951
vt 0.121338 0.945068
vt 0.125000 0.942871
vt 0.131104 0.951904
vt 0.133301 0.959717
vt 0.123779 0.957275
vt 0.132080 0.967773
vt 0.106689 0.958008
vt 0.116699 0.949951
vt 0.123779 0.957275
vt 0.412842 0.007324
vt 0.433105 0.011230
vt 0.422119 0.017090
vt 0.429199 0.016846
vt 0.610352 0.210449
vt 0.610107 0.227783
vt 0.588135 0.212891
vt 0.586426 0.232910
vt 0.183350 0.360840
vt 0.179199 0.344727
vt 0.186523 0.368408
vt 0.195312 0.363037
vt 0.170166 0.359375
vt 0.175537 0.342285
vt 0.178955 0.369873
vt 0.202148 0.364014
vt 0.195312 0.365967
vt 0.195312 0.363037
vt 0.186523 0.368408
vt 0.453125 0.354004
vt 0.471924 0.378174
vt 0.452393 0.364258
vt 0.459717 0.374756
vt 0.451660 0.375977
vt 0.288330 0.056396
vt 0.283691 0.073975
vt 0.280518 0.063232
vt 0.280518 0.063232
vt 0.270020 0.062500
vt 0.270020 0.062500
vt 0.267090 0.075439
vt 0.273682 0.080078
vt 0.260986 0.089355
vt 0.256592 0.073975
vt 0.256592 0.073975
vt 0.267090 0.075439
vt 0.242920 0.080078
vt 0.253662 0.081787
vt 0.448730 0.048096
vt 0.444336 0.057129
vt 0.437012 0.058594
vt 0.592285 0.320312
vt 0.580566 0.319824
vt 0.575195 0.314453
vt 0.588379 0.304443
vt 0.592285 0.320312
vt 0.575195 0.314453
vt 0.605225 0.316162
vt 0.592773 0.312988
vt 0.588379 0.304443
vt 0.592285 0.320312
vt 0.592773 0.312988
vt 0.588379 0.291260
vt 0.605225 0.316162
vt 0.588379 0.304443
vt 0.580810 0.255127
vt 0.606934 0.275879
vt 0.598877 0.277832
vt 0.598877 0.277832
vt 0.587402 0.273438
vt 0.606934 0.275879
vt 0.592773 0.260498
vt 0.585938 0.254395
vt 0.604004 0.243408
vt 0.593750 0.245117
vt 0.584473 0.240723
vt 0.608154 0.260742
vt 0.584473 0.240723
vt 0.593750 0.245117
vt 0.585938 0.254395
vt 0.584473 0.240723
vt 0.608154 0.260742
vt 0.592773 0.260498
vt 0.586426 0.232910
vt 0.599365 0.229980
vt 0.604004 0.243408
vt 0.567383 0.329346
vt 0.575195 0.314453
vt 0.580566 0.319824
vt 0.582764 0.334473
vt 0.567383 0.329346
vt 0.580566 0.319824
vt 0.572998 0.336182
vt 0.582764 0.334473
vt 0.567871 0.333008
vt 0.567383 0.329346
vt 0.260986 0.089355
vt 0.253662 0.081787
vt 0.256592 0.073975
vt 0.506104 0.112061
vt 0.516357 0.093018
vt 0.517578 0.108154
vt 0.477783 0.105957
vt 0.481934 0.079102
vt 0.487060 0.088379
vt 0.498291 0.087891
vt 0.490234 0.109131
vt 0.506104 0.095947
vt 0.506104 0.112061
vt 0.456055 0.096680
vt 0.463623 0.079346
vt 0.469482 0.087891
vt 0.472656 0.079346
vt 0.477783 0.105957
vt 0.520019 0.094238
vt 0.517578 0.108154
vt 0.522949 0.103760
vt 0.519287 0.107910
vt 0.525146 0.112793
vt 0.525391 0.099609
vt 0.522705 0.095459
vt 0.525391 0.099609
vt 0.525146 0.112793
vt 0.529297 0.094971
vt 0.522705 0.095459
vt 0.531982 0.088867
vt 0.529297 0.094971
vt 0.531006 0.099365
vt 0.531982 0.088867
vt 0.532227 0.094238
vt 0.531982 0.088867
vt 0.541992 0.083008
vt 0.586670 0.067383
vt 0.585938 0.070068
vt 0.579102 0.080078
vt 0.570312 0.090576
vt 0.566162 0.065918
vt 0.571777 0.059814
vt 0.565674 0.091064
vt 0.562012 0.068115
vt 0.555664 0.071533
vt 0.557617 0.096191
vt 0.551025 0.075439
vt 0.546631 0.086182
vt 0.547363 0.078369
vt 0.570312 0.090576
vt 0.573242 0.067627
vt 0.575440 0.063477
vt 0.580810 0.065186
vt 0.579102 0.080078
vt 0.586670 0.067383
vt 0.567871 0.333008
vt 0.572998 0.336182
vt 0.580078 0.342041
vt 0.567871 0.333008
vt 0.580078 0.342041
vt 0.565674 0.340820
vt 0.571777 0.349365
vt 0.547363 0.340332
vt 0.547363 0.340332
vt 0.557617 0.348389
vt 0.573731 0.361328
vt 0.559326 0.355469
vt 0.557617 0.348389
vt 0.550781 0.352783
vt 0.525879 0.340332
vt 0.565674 0.340820
vt 0.571777 0.349365
vt 0.571777 0.345459
vt 0.519287 0.355957
vt 0.510986 0.364014
vt 0.497559 0.338379
vt 0.498047 0.367676
vt 0.479736 0.347656
vt 0.470703 0.363525
vt 0.473145 0.350830
vt 0.498047 0.367676
vt 0.500732 0.351807
vt 0.541016 0.371826
vt 0.519287 0.355957
vt 0.525879 0.340332
vt 0.550781 0.352783
vt 0.525879 0.340332
vt 0.470703 0.363525
vt 0.453125 0.354004
vt 0.471924 0.378174
vt 0.479736 0.347656
vt 0.483887 0.357178
vt 0.482910 0.366211
vt 0.479736 0.347656
vt 0.482910 0.366211
vt 0.470703 0.363525
vt 0.483887 0.357178
vt 0.479736 0.347656
vt 0.498047 0.367676
vt 0.571777 0.345459
vt 0.565674 0.340820
vt 0.580078 0.342041
vt 0.500732 0.351807
vt 0.497559 0.338379
vt 0.510986 0.364014
vt 0.450440 0.057617
vt 0.444336 0.057129
vt 0.448730 0.048096
vt 0.437012 0.058594
vt 0.448242 0.042969
vt 0.447022 0.034424
vt 0.431641 0.045166
vt 0.444336 0.027344
vt 0.441895 0.020264
vt 0.429199 0.016846
vt 0.433105 0.011230
vt 0.429688 0.029297
vt 0.440430 0.009766
vt 0.061523 0.325684
vt 0.056641 0.346680
vt 0.048096 0.345703
vt 0.075684 0.335938
vt 0.058350 0.353760
vt 0.061279 0.364014
vt 0.079590 0.374756
vt 0.070068 0.371094
vt 0.084229 0.366699
vt 0.073242 0.365479
vt 0.091797 0.338135
vt 0.061279 0.364014
vt 0.058594 0.366699
vt 0.055420 0.356934
vt 0.541992 0.083008
vt 0.538818 0.105225
vt 0.532227 0.094238
vt 0.538818 0.105225
vt 0.541992 0.083008
vt 0.546631 0.086182
vt 0.547363 0.078369
vt 1.095703 -1.578125
vt 1.065186 -1.614990
vt 1.082031 -1.572754
vt 1.067383 -1.569092
vt 1.065186 -1.614990
vt 1.113525 -1.604980
vt 1.146240 -1.602295
vt 1.146729 -1.585938
vt 1.140137 -1.566162
vt 1.110107 -1.537109
vt 1.099365 -1.531982
vt 1.076904 -1.529785
vt 1.113525 -1.604980
vt 1.096436 -1.586426
vt 1.131348 -1.551514
vt 1.146240 -1.602295
vt 1.076904 -1.529785
vt 1.067383 -1.569092
vt 1.065186 -1.614990
vt 0.554443 0.695801
vt 0.552246 0.716309
vt 0.563232 0.697510
vt 0.457031 0.720215
vt 0.472900 0.700684
vt 0.460693 0.700195
vt 0.456787 0.740234
vt 0.472900 0.741211
vt 0.552246 0.716309
vt 0.543945 0.697266
vt 0.539307 0.701172
vt 0.543945 0.697266
vt 0.540527 0.675781
vt 0.550781 0.908447
vt 0.557861 0.889648
vt 0.532959 0.905273
vt 0.533203 0.705811
vt 0.552246 0.716309
vt 0.539307 0.701172
vt 0.115723 0.772461
vt 0.092285 0.776611
vt 0.105713 0.765137
vt 0.084473 0.769531
vt 0.551514 0.951660
vt 0.558106 0.931885
vt 0.543213 0.941406
vt 0.543701 0.929688
vt 0.526856 0.928711
vt 0.530762 0.916016
vt 0.576660 0.927734
vt 0.560303 0.922607
vt 0.578857 0.916016
vt 0.588623 0.934082
vt 0.593018 0.923828
vt 0.605957 0.926025
vt 0.604004 0.939453
vt 0.614746 0.924316
vt 0.614746 0.942383
vt 0.625000 0.930420
vt 0.637940 0.931885
vt 0.624268 0.942383
vt 0.613281 0.951416
vt 0.602295 0.949219
vt 0.586914 0.946045
vt 0.572754 0.936279
vt 0.551514 0.951660
vt 0.564697 0.949463
vt 0.582519 0.956787
vt 0.635742 0.942627
vt 0.631592 0.955322
vt 0.618896 0.961670
vt 0.610107 0.961914
vt 0.599609 0.962158
vt 0.548340 0.815430
vt 0.547363 0.843262
vt 0.557617 0.814453
vt 0.564453 0.841309
vt 0.566650 0.811768
vt 0.578613 0.840088
vt 0.568848 0.862793
vt 0.610107 0.961914
vt 0.607666 0.976318
vt 0.618896 0.961670
vt 0.595703 0.977295
vt 0.596435 0.986816
vt 0.589600 0.987793
vt 0.582519 1.000000
vt 0.579834 0.991211
vt 0.559815 0.986816
vt 0.555908 0.996094
vt 0.549805 0.970459
vt 0.562500 0.980713
vt 0.577148 0.981689
vt 0.456787 0.828857
vt 0.457031 0.884033
vt 0.483398 0.860840
vt 0.456787 0.828857
vt 0.431885 0.856201
vt 0.457031 0.884033
vt 0.747559 0.390381
vt 0.733154 0.388672
vt 0.738281 0.379639
vt 0.731690 0.380859
vt 0.042969 0.614990
vt 0.004395 0.623779
vt 0.044434 0.643799
vt 0.020264 0.661621
vt 0.019531 0.770020
vt 0.044434 0.728271
vt 0.036133 0.756104
vt 0.048584 0.743652
vt 0.024658 0.924805
vt 0.034912 0.931885
vt 0.052734 0.984131
vt 0.055420 0.965576
vt 0.061768 0.979492
vt 0.966553 0.427002
vt 0.966309 0.447998
vt 0.948975 0.425781
vt 0.949463 0.446533
vt 0.921143 0.428467
vt 0.894287 0.406250
vt 0.891846 0.390137
vt 0.897949 0.395508
vt 0.907227 0.389648
vt 0.902344 0.381348
vt 0.909668 0.376953
vt 0.915039 0.393555
vt 0.924072 0.390381
vt 0.918213 0.404053
vt 0.930420 0.410400
vt 0.920898 0.412354
vt 0.913330 0.423096
vt 0.038574 0.497559
vt 0.071533 0.540283
vt 0.043213 0.486328
vt 0.032715 0.437744
vt 0.030273 0.448730
vt 0.044189 0.462158
vt 0.050049 0.476807
vt 0.080078 0.523682
vt 0.068604 0.486572
vt 0.106201 0.488037
vt 0.072021 0.473877
vt 0.057861 0.472168
vt 0.049072 0.456787
vt 0.188232 0.457520
vt 0.176270 0.484863
vt 0.209229 0.492432
vt 0.239746 0.535645
vt 0.171875 0.509521
vt 0.138428 0.471191
vt 0.113037 0.534912
vt 0.165527 0.554443
vt 0.111572 0.578613
vt 0.159668 0.608887
vt 0.224609 0.587402
vt 0.212158 0.634033
vt 0.275635 0.609131
vt 0.292969 0.569336
vt 0.328369 0.620117
vt 0.341553 0.586426
vt 0.374023 0.620605
vt 0.389893 0.596191
vt 0.469727 0.586670
vt 0.435059 0.596680
vt 0.456543 0.600342
vt 0.420654 0.613770
vt 0.412109 0.628662
vt 0.366455 0.645996
vt 0.319580 0.654053
vt 0.266357 0.649658
vt 0.206543 0.435303
vt 0.189209 0.415039
vt 0.187256 0.422363
vt 0.440918 0.280273
vt 0.433838 0.294678
vt 0.402832 0.288330
vt 0.385010 0.301270
vt 0.362305 0.297119
vt 0.344971 0.302246
vt 0.335205 0.293457
vt 0.307373 0.300781
vt 0.310303 0.311279
vt 0.269531 0.320068
vt 0.270996 0.310303
vt 0.221680 0.321533
vt 0.227539 0.308594
vt 0.179688 0.294189
vt 0.172119 0.309326
vt 0.134277 0.269531
vt 0.124756 0.286133
vt 0.197754 0.260010
vt 0.240234 0.281494
vt 0.270508 0.293457
vt 0.292969 0.281738
vt 0.269531 0.256348
vt 0.223145 0.228271
vt 0.183594 0.185791
vt 0.156982 0.229980
vt 0.113281 0.187500
vt 0.093750 0.236328
vt 0.060791 0.197998
vt 0.072754 0.157715
vt 0.039795 0.151611
vt 0.049561 0.135986
vt 0.028320 0.098145
vt 0.024170 0.102783
vt 0.034424 0.159180
vt 0.054443 0.213867
vt 0.085205 0.255615
vt 0.131104 0.147461
vt 0.076660 0.115234
vt 0.032471 0.053467
vt 0.038086 0.073730
vt 0.029785 0.058350
vt 0.035156 0.088867
vt 0.026367 0.058594
vt 0.052734 0.094727
vt 0.112793 0.105469
vt 0.141846 0.125488
vt 0.168457 0.138916
vt 0.202393 0.181641
vt 0.234619 0.215332
vt 0.275147 0.242676
vt 0.179688 0.142334
vt 0.167236 0.101807
vt 0.160645 0.099854
vt 0.145752 0.092285
vt 0.136230 0.082031
vt 0.154297 0.067627
vt 0.151855 0.060547
vt 0.171143 0.030762
vt 0.162842 0.066650
vt 0.495361 0.577637
vt 0.499023 0.588135
vt 0.516602 0.572754
vt 0.518799 0.579346
vt 0.616943 0.075684
vt 0.604248 0.088623
vt 0.593994 0.088623
vt 0.583008 0.108398
vt 0.608887 0.093750
vt 0.624756 0.084473
vt 0.625244 0.075439
vt 0.626953 0.071045
vt 0.602051 0.077881
vt 0.615479 0.072510
vt 0.623291 0.066895
vt 0.634766 0.073975
vt 0.637207 0.067383
vt 0.629883 0.063721
vt 0.590332 0.087891
vt 0.592285 0.082520
vt 0.575440 0.092529
vt 0.575684 0.096191
vt 0.558594 0.100830
vt 0.554932 0.110840
vt 0.539795 0.111816
vt 0.541260 0.125977
vt 0.557861 0.123047
vt 0.575928 0.105225
vt 0.508789 0.118652
vt 0.518555 0.129150
vt 0.530029 0.140869
vt 0.503418 0.154541
vt 0.464111 0.173096
vt 0.479980 0.183350
vt 0.456055 0.201172
vt 0.467285 0.202393
vt 0.453125 0.219727
vt 0.465088 0.218994
vt 0.481201 0.199951
vt 0.492676 0.184082
vt 0.403565 0.140625
vt 0.440918 0.140625
vt 0.406250 0.162842
vt 0.436523 0.170654
vt 0.438721 0.199219
vt 0.444824 0.221680
vt 0.432373 0.216309
vt 0.418945 0.192871
vt 0.401611 0.185303
vt 0.391846 0.162354
vt 0.374023 0.130859
vt 0.459473 0.115234
vt 0.442383 0.119141
vt 0.409180 0.122070
vt 0.399902 0.109131
vt 0.464600 0.107666
vt 0.446533 0.098877
vt 0.443848 0.105957
vt 0.439941 0.112305
vt 0.438477 0.103760
vt 0.438232 0.095947
vt 0.405029 0.082520
vt 0.391357 0.092529
vt 0.385010 0.063965
vt 0.393799 0.059082
vt 0.384277 0.038818
vt 0.389160 0.034180
vt 0.389160 0.006592
vt 0.378418 0.036133
vt 0.371338 0.066895
vt 0.178467 0.424316
vt 0.168701 0.426025
vt 0.171143 0.386963
vt 0.163574 0.419678
vt 0.372315 0.323730
vt 0.377685 0.349854
vt 0.386963 0.346680
vt 0.384522 0.352295
vt 0.401367 0.369629
vt 0.395508 0.376221
vt 0.420166 0.390381
vt 0.412109 0.402100
vt 0.426025 0.416748
vt 0.455322 0.397217
vt 0.439697 0.427734
vt 0.458496 0.404785
vt 0.463135 0.412598
vt 0.461670 0.427246
vt 0.441406 0.447021
vt 0.471435 0.439941
vt 0.450684 0.469971
vt 0.479736 0.467041
vt 0.471924 0.502197
vt 0.494629 0.498535
vt 0.394287 0.412354
vt 0.383789 0.381592
vt 0.410645 0.442871
vt 0.431885 0.474854
vt 0.453369 0.503174
vt 0.466553 0.529785
vt 0.469971 0.417236
vt 0.464111 0.405762
vt 0.463623 0.398926
vt 0.481445 0.412842
vt 0.482666 0.404053
vt 0.514893 0.522705
vt 0.512207 0.503418
vt 0.526611 0.531982
vt 0.519775 0.547363
vt 0.507324 0.529053
vt 0.498779 0.549561
vt 0.491211 0.531982
vt 0.475342 0.549316
vt 0.526367 0.514404
vt 0.536377 0.504639
vt 0.518799 0.485107
vt 0.532715 0.476074
vt 0.531738 0.451904
vt 0.175293 0.096924
vt 0.197998 0.124756
vt 0.190186 0.134521
vt 0.219971 0.167969
vt 0.209717 0.177246
vt 0.185791 0.138916
vt 0.243652 0.113770
vt 0.228271 0.128906
vt 0.218750 0.113037
vt 0.213135 0.131836
vt 0.200195 0.106445
vt 0.170898 0.064697
vt 0.171631 0.099609
vt 0.167480 0.066162
vt 0.174805 0.064941
vt 0.181885 0.091553
vt 0.185303 0.084229
vt 0.176270 0.061279
vt 0.266846 0.110107
vt 0.244385 0.134521
vt 0.277832 0.133057
vt 0.291260 0.102539
vt 0.317383 0.109375
vt 0.314453 0.085938
vt 0.337647 0.088379
vt 0.332275 0.069580
vt 0.283203 0.157959
vt 0.258301 0.201416
vt 0.298340 0.184570
vt 0.327637 0.212158
vt 0.365234 0.201904
vt 0.347656 0.171631
vt 0.338135 0.134277
vt 0.348633 0.097412
vt 0.354248 0.100342
vt 0.355957 0.134033
vt 0.366699 0.166260
vt 0.380127 0.196777
vt 0.394043 0.227051
vt 0.390869 0.201660
vt 0.416016 0.219482
vt 0.414062 0.240967
vt 0.449707 0.254395
vt 0.420166 0.262207
vt 0.390625 0.249512
vt 0.381836 0.263184
vt 0.342529 0.242676
vt 0.336914 0.251221
vt 0.284668 0.233398
vt 0.350342 0.231201
vt 0.297363 0.225830
vt 0.379150 0.228027
vt 0.251221 0.456055
vt 0.262207 0.475098
vt 0.276611 0.451660
vt 0.306152 0.466797
vt 0.298828 0.443359
vt 0.404297 0.566650
vt 0.389160 0.532227
vt 0.362305 0.554199
vt 0.354248 0.509766
vt 0.318848 0.536133
vt 0.328125 0.487549
vt 0.272461 0.510742
vt 0.234375 0.472168
vt 0.229736 0.453613
vt 0.346191 0.422607
vt 0.320068 0.431396
vt 0.332764 0.442871
vt 0.375977 0.453857
vt 0.400391 0.486816
vt 0.424316 0.514648
vt 0.411377 0.549561
vt 0.438477 0.542725
vt 0.441162 0.566650
vt 0.452393 0.536865
vt 0.461182 0.558594
vt 0.399414 0.450928
vt 0.422119 0.481201
vt 0.442139 0.509766
vt 0.372070 0.418213
vt 0.384522 0.416504
vt 0.336670 0.410400
vt 0.347656 0.399902
vt 0.347900 0.391357
vt 0.353760 0.387451
vt 0.358398 0.368164
vt 0.361084 0.371094
vt 0.365967 0.390625
vt 0.376709 0.386719
vt 0.371094 0.350586
vt 0.360840 0.287598
vt 0.315430 0.278076
vt 0.608398 0.370850
vt 0.621826 0.360352
vt 0.602295 0.358643
vt 0.617432 0.343506
vt 0.595947 0.354736
vt 0.603271 0.336182
vt 0.613037 0.332520
vt 0.624268 0.329102
vt 0.533691 0.416016
vt 0.552979 0.408203
vt 0.523193 0.407959
vt 0.546875 0.395996
vt 0.568115 0.401123
vt 0.564453 0.387939
vt 0.560547 0.382080
vt 0.577881 0.371582
vt 0.573975 0.370117
vt 0.587158 0.355225
vt 0.591065 0.343262
vt 0.588135 0.384033
vt 0.576904 0.407471
vt 0.561768 0.421143
vt 0.545654 0.433594
vt 0.353027 0.057861
vt 0.357422 0.064453
vt 0.368164 0.032959
vt 0.371094 0.033936
vt 0.360352 0.066895
vt 0.212158 0.634033
vt 0.266357 0.649658
vt 0.275635 0.609131
vt 0.371094 0.033936
vt 0.373779 0.035645
vt 0.360352 0.066895
vt 0.057861 0.472168
vt 0.072021 0.473877
vt 0.049072 0.456787
vt 0.071533 0.540283
vt 0.111572 0.578613
vt 0.113037 0.534912
vt 0.106201 0.488037
vt 0.080078 0.523682
vt 0.043213 0.486328
vt 0.167236 0.101807
vt 0.160645 0.099854
vt 0.167480 0.066162
vt 0.162842 0.066650
vt 0.258301 0.201416
vt 0.242920 0.208984
vt 0.219971 0.167969
vt 0.209717 0.177246
vt 0.243652 0.113770
vt 0.244385 0.134521
vt 0.228271 0.128906
vt 0.213135 0.131836
vt 0.197998 0.124756
vt 0.185303 0.084229
vt 0.200195 0.106445
vt 0.181885 0.091553
vt 0.175293 0.096924
vt 0.093750 0.236328
vt 0.134277 0.269531
vt 0.085205 0.255615
vt 0.124756 0.286133
vt 0.401611 0.185303
vt 0.418945 0.192871
vt 0.423096 0.212158
vt 0.432373 0.216309
vt 0.076660 0.115234
vt 0.072754 0.157715
vt 0.052734 0.094727
vt 0.049561 0.135986
vt 0.440918 0.280273
vt 0.402832 0.288330
vt 0.410645 0.278320
vt 0.369141 0.277100
vt 0.315430 0.278076
vt 0.318603 0.270264
vt 0.360840 0.287598
vt 0.323242 0.263916
vt 0.362305 0.297119
vt 0.366699 0.345215
vt 0.358398 0.368164
vt 0.371094 0.350586
vt 0.361084 0.371094
vt 0.365967 0.390625
vt 0.234375 0.472168
vt 0.229736 0.453613
vt 0.205566 0.444092
vt 0.206543 0.435303
vt 0.187256 0.422363
vt 0.272461 0.510742
vt 0.229004 0.484619
vt 0.209229 0.461182
vt 0.374023 0.130859
vt 0.372315 0.101562
vt 0.399902 0.109131
vt 0.391357 0.092529
vt 0.371338 0.066895
vt 0.385010 0.063965
vt 0.401367 0.369629
vt 0.384522 0.352295
vt 0.395508 0.376221
vt 0.377685 0.349854
vt 0.383789 0.381592
vt 0.412109 0.402100
vt 0.369629 0.028564
vt 0.368164 0.032959
vt 0.351562 0.049316
vt 0.353027 0.057861
vt 0.332275 0.069580
vt 0.337647 0.088379
vt 0.348633 0.097412
vt 0.514893 0.522705
vt 0.494629 0.498535
vt 0.507324 0.529053
vt 0.471924 0.502197
vt 0.491211 0.531982
vt 0.466553 0.529785
vt 0.475342 0.549316
vt 0.412109 0.628662
vt 0.457520 0.604248
vt 0.420654 0.613770
vt 0.456543 0.600342
vt 0.469727 0.586670
vt 0.495361 0.577637
vt 0.459228 0.618896
vt 0.499023 0.588135
vt 0.163574 0.419678
vt 0.154785 0.443604
vt 0.168701 0.426025
vt 0.168457 0.451660
vt 0.188232 0.457520
vt 0.176270 0.484863
vt 0.138428 0.471191
vt 0.087891 0.647217
vt 0.083984 0.663574
vt 0.104004 0.624512
vt 0.457031 0.884033
vt 0.429932 0.882568
vt 0.455566 0.903809
vt 0.422607 0.868652
vt 0.431885 0.856201
vt 0.457031 0.884033
vt 0.426270 0.921875
vt 0.421875 0.904541
vt 0.420410 0.898438
vt 0.426270 0.921875
vt 0.455566 0.903809
vt 0.454590 0.915527
vt 0.426514 0.927979
vt 0.426758 0.935059
vt 0.483398 0.860840
vt 0.457031 0.884033
vt 0.491699 0.871338
vt 0.455078 0.928711
vt 0.426025 0.946289
vt 0.455322 0.939941
vt 0.454590 0.915527
vt 0.486328 0.919434
vt 0.486816 0.932617
vt 0.488037 0.943848
vt 0.455810 0.954590
vt 0.487793 0.958496
vt 0.456299 0.966797
vt 0.484619 0.970703
vt 0.458008 0.981201
vt 0.476562 0.982422
vt 0.466797 0.989014
vt 0.427246 0.960938
vt 0.431152 0.972900
vt 0.439941 0.983887
vt 0.719238 0.430908
vt 0.726807 0.422119
vt 0.722900 0.432373
vt 0.726807 0.422119
vt 0.719482 0.411377
vt 0.707519 0.408691
vt 0.722168 0.402588
vt 0.714600 0.388672
vt 0.725342 0.392578
vt 0.731690 0.380859
vt 0.733154 0.388672
vt 0.736084 0.434814
vt 0.736816 0.420654
vt 0.744141 0.416260
vt 0.753906 0.419434
vt 0.746094 0.405518
vt 0.753906 0.412109
vt 0.742188 0.394775
vt 0.747559 0.390381
vt 0.701660 0.081299
vt 0.719482 0.078857
vt 0.719482 0.076416
vt 0.719482 0.076416
vt 0.704102 0.072998
vt 0.690674 0.053223
vt 0.683106 0.056152
vt 0.699463 0.069092
vt 0.683106 0.083984
vt 0.704102 0.072998
vt 0.755371 0.699707
vt 0.747803 0.705078
vt 0.758057 0.680908
vt 0.756592 0.623779
vt 0.757812 0.655762
vt 0.749268 0.664795
vt 0.787109 0.670410
vt 0.786865 0.679688
vt 0.821777 0.686279
vt 0.821533 0.677246
vt 0.784668 0.658936
vt 0.821533 0.665771
vt 0.857422 0.655762
vt 0.857422 0.667725
vt 0.858643 0.676270
vt 0.886475 0.673340
vt 0.891357 0.665771
vt 0.885986 0.657471
vt 0.883057 0.622803
vt 0.891113 0.704590
vt 0.887207 0.695312
vt 0.913330 0.665771
vt 0.891113 0.704590
vt 0.891357 0.665771
vt 0.891846 0.623535
vt 0.910400 0.624023
vt 0.929443 0.623779
vt 0.937500 0.665527
vt 0.958008 0.622070
vt 0.960449 0.664795
vt 0.987060 0.622559
vt 0.987060 0.665039
vt 0.866699 0.072998
vt 0.867432 0.096680
vt 0.863525 0.090576
vt 0.873535 0.061035
vt 0.840820 0.070557
vt 0.844238 0.076416
vt 0.866699 0.072998
vt 0.912842 0.077148
vt 0.912842 0.114746
vt 0.933106 0.084717
vt 0.928955 0.115967
vt 0.945801 0.117432
vt 0.950195 0.091309
vt 0.930908 0.079346
vt 0.963379 0.119629
vt 0.964600 0.093994
vt 0.949463 0.081787
vt 0.967529 0.083008
vt 0.964600 0.078857
vt 0.968018 0.080322
vt 0.967529 0.078125
vt 0.971191 0.064941
vt 0.982666 0.035400
vt 0.981690 0.047363
vt 0.962646 0.024414
vt 0.977783 0.050293
vt 0.963379 0.044678
vt 0.958008 0.058594
vt 0.948242 0.053711
vt 0.973144 0.066162
vt 0.979736 0.051270
vt 0.981445 0.049561
vt 0.981201 0.051758
vt 0.973877 0.066895
vt 0.968750 0.078125
vt 0.840332 0.070312
vt 0.840332 0.070312
vt 0.816894 0.071777
vt 0.840332 0.070312
vt 0.816894 0.071777
vt 0.817139 0.069092
vt 0.860107 0.062500
vt 0.840332 0.070312
vt 0.817627 0.876221
vt 0.818604 0.887939
vt 0.790283 0.890137
vt 0.791016 0.941162
vt 0.794190 0.881348
vt 0.850586 0.889893
vt 0.818604 0.887939
vt 0.817627 0.876221
vt 0.847168 0.877686
vt 0.849854 0.941895
vt 0.849854 0.941895
vt 0.843262 0.935791
vt 0.843506 0.959717
vt 0.820068 0.959473
vt 0.819580 0.950928
vt 0.791016 0.941162
vt 0.796875 0.959473
vt 0.763184 0.942627
vt 0.797363 0.937988
vt 0.794190 0.881348
vt 0.820068 0.993408
vt 0.653076 0.955078
vt 0.732178 0.951904
vt 0.653076 0.939697
vt 0.726074 0.939941
vt 0.713135 0.899658
vt 0.794190 0.881348
vt 0.790283 0.890137
vt 0.818604 0.887939
vt 0.818604 0.887939
vt 0.817627 0.876221
vt 0.850586 0.889893
vt 0.847168 0.877686
vt 0.818604 0.887939
vt 0.817627 0.876221
vt 0.682861 0.093506
vt 0.688477 0.119629
vt 0.668945 0.096436
vt 0.670166 0.122070
vt 0.814453 0.009521
vt 0.814453 0.010986
vt 0.794190 0.031494
vt 0.796875 0.032227
vt 0.731445 0.665039
vt 0.749268 0.664795
vt 0.747803 0.705078
vt 0.758057 0.680908
vt 0.653076 0.663330
vt 0.653076 0.620850
vt 0.679688 0.663330
vt 0.682129 0.620605
vt 0.702881 0.664307
vt 0.710938 0.622803
vt 0.733154 0.623047
vt 0.746338 0.622803
vt 0.982422 0.097168
vt 0.982422 0.098877
vt 0.979492 0.096680
vt 0.982422 0.101318
vt 0.978516 0.096436
vt 0.086426 0.605225
vt 0.051758 0.613037
vt 0.095703 0.615479
vt 0.087891 0.647217
vt 0.104004 0.624512
vt 0.042969 0.614990
vt 0.044434 0.643799
vt 0.083984 0.663574
vt 0.075684 0.679688
vt 0.020264 0.661621
vt 0.027100 0.677979
vt 0.105225 0.673828
vt 0.085449 0.718994
vt 0.063965 0.702637
vt 0.036865 0.701416
vt 0.704346 0.071777
vt 0.719482 0.076416
vt 0.701172 0.081299
vt 0.719482 0.078857
vt 0.700440 0.086426
vt 0.688477 0.119629
vt 0.682861 0.093506
vt 0.704102 0.117920
vt 0.721435 0.116455
vt 0.765137 0.096191
vt 0.760742 0.063965
vt 0.683106 0.083984
vt 0.699463 0.069336
vt 0.683106 0.054199
vt 0.692383 0.056885
vt 0.651367 0.038086
vt 0.668213 0.027344
vt 0.650391 0.050293
vt 0.654053 0.052734
vt 0.670410 0.045898
vt 0.675293 0.060547
vt 0.662598 0.068359
vt 0.670166 0.081787
vt 0.666260 0.081055
vt 0.659180 0.067383
vt 0.652100 0.053711
vt 0.657227 0.068359
vt 0.649902 0.054443
vt 0.650146 0.052490
vt 0.887207 0.942627
vt 0.910156 0.939453
vt 0.905762 0.956055
vt 0.987060 0.941406
vt 0.987060 0.956787
vt 0.820068 0.993408
vt 0.651123 0.104004
vt 0.651123 0.101562
vt 0.653076 0.099609
vt 0.651123 0.099854
vt 0.663818 0.080566
vt 0.664795 0.083740
vt 0.654541 0.099121
vt 0.855225 0.594238
vt 0.820068 0.594971
vt 0.853760 0.587402
vt 0.820557 0.584229
vt 0.853760 0.572510
vt 0.819824 0.572021
vt 0.785889 0.572266
vt 0.786621 0.585449
vt 0.785889 0.595215
vt 0.607666 0.976318
vt 0.595947 0.987305
vt 0.595703 0.977295
vt 0.590332 0.986572
vt 0.577148 0.981689
vt 0.580078 0.991455
vt 0.559326 0.987793
vt 0.562500 0.980713
vt 0.549805 0.970459
vt 0.555908 0.996094
vt 0.582519 1.000000
vt 0.760254 0.374023
vt 0.767578 0.362549
vt 0.775635 0.371582
vt 0.744873 0.367676
vt 0.753906 0.360840
vt 0.735840 0.349609
vt 0.742920 0.336670
vt 0.729736 0.316406
vt 0.763672 0.292236
vt 0.728271 0.363770
vt 0.731690 0.380859
vt 0.714600 0.388672
vt 0.708496 0.340820
vt 0.719727 0.301025
vt 0.700928 0.301025
vt 0.706055 0.273682
vt 0.690185 0.273193
vt 0.670898 0.300781
vt 0.668945 0.272705
vt 0.658691 0.263916
vt 0.688721 0.263184
vt 0.706055 0.260986
vt 0.687012 0.252930
vt 0.706055 0.248047
vt 0.763672 0.292236
vt 0.746582 0.295654
vt 0.725098 0.262939
vt 0.724609 0.251709
vt 0.723633 0.235840
vt 0.658203 0.260010
vt 0.656982 0.262451
vt 0.654785 0.260742
vt 0.661865 0.259033
vt 0.667481 0.248291
vt 0.665527 0.247559
vt 0.663574 0.248047
vt 0.458496 0.989502
vt 0.466797 0.989014
vt 0.458008 0.981201
vt 0.439941 0.983887
vt 0.450440 0.989746
vt 0.458008 0.981201
vt 0.458496 0.989502
vt 0.763184 0.942627
vt 0.790283 0.890137
vt 0.791016 0.941162
vt 0.819580 0.950928
vt 0.797363 0.937988
vt 0.843262 0.935791
vt 0.849854 0.941895
vt 0.817627 0.876221
vt 0.794190 0.881348
vt 0.766602 0.890625
vt 0.843506 0.959717
vt 0.887207 0.942627
vt 0.850586 0.889893
vt 0.817627 0.876221
vt 0.847168 0.877686
vt 0.874756 0.890625
vt 0.373535 0.272461
vt 0.410645 0.278320
vt 0.369141 0.277100
vt 0.367432 0.135498
vt 0.361572 0.137939
vt 0.357422 0.100098
vt 0.361572 0.137939
vt 0.354248 0.100342
vt 0.363037 0.066895
vt 0.365234 0.067627
vt 0.373779 0.035645
vt 0.360352 0.066895
vt 0.372315 0.101562
vt 0.371338 0.066895
vt 0.378418 0.036133
vt 0.383057 0.170166
vt 0.377685 0.172852
vt 0.403320 0.196045
vt 0.401611 0.185303
vt 0.423096 0.212158
vt 0.416016 0.219482
vt 0.390869 0.201660
vt 0.380127 0.196777
vt 0.588135 0.384033
vt 0.614258 0.378662
vt 0.608398 0.370850
vt 0.788818 0.430664
vt 0.793945 0.428223
vt 0.818604 0.452393
vt 0.848389 0.391846
vt 0.850586 0.389160
vt 0.861328 0.396484
vt 0.913330 0.423096
vt 0.904297 0.436523
vt 0.903565 0.421387
vt 0.896240 0.416992
vt 0.888184 0.419678
vt 0.872315 0.425537
vt 0.885742 0.413330
vt 0.859375 0.405762
vt 0.866211 0.426514
vt 0.875244 0.445557
vt 0.878906 0.444336
vt 0.916260 0.430420
vt 0.921143 0.428467
vt 0.921387 0.443115
vt 0.904785 0.448486
vt 0.874756 0.455322
vt 0.868896 0.453125
vt 0.852295 0.455811
vt 0.854004 0.461426
vt 0.821045 0.459473
vt 0.820312 0.464355
vt 0.788086 0.459961
vt 0.920410 0.461426
vt 0.906738 0.466309
vt 0.880615 0.474121
vt 0.876953 0.475342
vt 0.871338 0.459473
vt 0.853760 0.465088
vt 0.819824 0.468750
vt 0.786621 0.462646
vt 0.765869 0.455078
vt 0.769531 0.460693
vt 0.772461 0.453369
vt 0.772217 0.444336
vt 0.767822 0.444092
vt 0.771729 0.424561
vt 0.767578 0.424316
vt 0.736084 0.434814
vt 0.761963 0.473877
vt 0.758301 0.472168
vt 0.735352 0.447754
vt 0.722900 0.432373
vt 0.718994 0.442139
vt 0.719238 0.430908
vt 0.690918 0.445312
vt 0.692139 0.460938
vt 0.674316 0.461914
vt 0.674072 0.448242
vt 0.691406 0.426514
vt 0.707519 0.408691
vt 0.753906 0.419434
vt 0.753906 0.412109
vt 0.841553 0.129639
vt 0.861572 0.139160
vt 0.853516 0.146973
vt 0.861572 0.139160
vt 0.858643 0.163086
vt 0.858643 0.163086
vt 0.870606 0.154541
vt 0.879639 0.190186
vt 0.900879 0.200195
vt 0.883545 0.210693
vt 0.873291 0.222412
vt 0.839844 0.124023
vt 0.839356 0.115967
vt 0.815430 0.111084
vt 0.855469 0.126221
vt 0.861572 0.139160
vt 0.841553 0.129639
vt 0.817871 0.122559
vt 0.817139 0.116943
vt 0.815430 0.111084
vt 0.816894 0.071777
vt 0.791504 0.065430
vt 0.792725 0.063721
vt 0.817139 0.069092
vt 0.816894 0.071777
vt 0.789062 0.071777
vt 0.791260 0.066406
vt 0.816406 0.076416
vt 0.840332 0.070312
vt 0.844238 0.076416
vt 0.683106 0.083984
vt 0.682861 0.093506
vt 0.668945 0.096436
vt 0.657227 0.068359
vt 0.659180 0.067383
vt 0.663818 0.080566
vt 0.666260 0.081055
vt 0.664795 0.083740
vt 0.670166 0.081787
vt 0.666016 0.087158
vt 0.654541 0.099121
vt 0.704346 0.071777
vt 0.701172 0.081299
vt 0.700440 0.086426
vt 0.682861 0.093506
vt 0.867432 0.096680
vt 0.842773 0.092041
vt 0.863525 0.090576
vt 0.843506 0.085205
vt 0.788086 0.459961
vt 0.788330 0.455322
vt 0.797363 0.422852
vt 0.822754 0.434570
vt 0.793945 0.428223
vt 0.821533 0.442139
vt 0.818604 0.452393
vt 0.027344 0.163818
vt 0.021484 0.103760
vt 0.030762 0.160645
vt 0.024170 0.102783
vt 0.034424 0.159180
vt 0.968018 0.080322
vt 0.979492 0.096680
vt 0.967529 0.083008
vt 0.978516 0.096436
vt 0.964600 0.093994
vt 0.982422 0.097168
vt 0.968750 0.078125
vt 0.967529 0.078125
vt 0.323242 0.263916
vt 0.275147 0.242676
vt 0.327148 0.259521
vt 0.278320 0.239990
vt 0.284668 0.233398
vt 0.242920 0.208984
vt 0.351318 0.572998
vt 0.400391 0.584717
vt 0.404297 0.566650
vt 0.441162 0.566650
vt 0.443115 0.587402
vt 0.461182 0.558594
vt 0.466553 0.529785
vt 0.475342 0.549316
vt 0.489746 0.570312
vt 0.506592 0.567871
vt 0.495361 0.577637
vt 0.473145 0.578857
vt 0.469727 0.586670
vt 0.895508 0.250488
vt 0.915283 0.233643
vt 0.908935 0.260498
vt 0.934326 0.246094
vt 0.931885 0.277588
vt 0.955566 0.250977
vt 0.979981 0.256592
vt 0.957764 0.272461
vt 0.958984 0.301270
vt 0.934570 0.303955
vt 0.903809 0.305908
vt 0.887695 0.306885
vt 0.930176 0.346680
vt 0.947021 0.341309
vt 0.963135 0.373535
vt 0.987060 0.371582
vt 0.982666 0.329834
vt 0.985596 0.298340
vt 0.986084 0.267090
vt 0.986084 0.260498
vt 0.986084 0.259277
vt 0.983154 0.257324
vt 0.986084 0.258057
vt 0.915771 0.317139
vt 0.892334 0.333496
vt 0.677246 0.372070
vt 0.685547 0.337402
vt 0.653320 0.369873
vt 0.653320 0.332520
vt 0.546631 0.138672
vt 0.564697 0.125000
vt 0.548096 0.143066
vt 0.566406 0.129395
vt 0.567627 0.134766
vt 0.548828 0.148438
vt 0.569336 0.139893
vt 0.551758 0.152100
vt 0.544922 0.134277
vt 0.530029 0.140869
vt 0.526856 0.149414
vt 0.528565 0.154541
vt 0.529541 0.160400
vt 0.532227 0.163818
vt 0.589111 0.127930
vt 0.585205 0.122559
vt 0.587402 0.113281
vt 0.583008 0.108398
vt 0.608887 0.093750
vt 0.604736 0.108154
vt 0.600830 0.114502
vt 0.013428 0.916992
vt 0.035400 0.852295
vt 0.062500 0.910156
vt 0.034912 0.931885
vt 0.065186 0.944824
vt 0.062500 0.910156
vt 0.024658 0.924805
vt 0.056885 0.952637
vt 0.034912 0.931885
vt 0.082520 0.928467
vt 0.065186 0.944824
vt 0.072754 0.942871
vt 0.065186 0.953857
vt 0.056885 0.952637
vt 0.055420 0.965576
vt 0.061768 0.979492
vt 0.075195 0.966309
vt 0.075195 0.955322
vt 0.094238 0.958740
vt 0.134766 0.974609
vt 0.087402 0.943604
vt 0.112305 0.944092
vt 0.116699 0.949951
vt 0.119385 0.938232
vt 0.121338 0.945068
vt 0.125000 0.942871
vt 0.123535 0.930176
vt 0.131104 0.951904
vt 0.138428 0.940918
vt 0.154297 0.923584
vt 0.110840 0.922363
vt 0.119385 0.910645
vt 0.095947 0.935303
vt 0.058594 0.856445
vt 0.035400 0.852295
vt 0.082520 0.928467
vt 0.072754 0.942871
vt 0.032715 0.338623
vt 0.030762 0.343506
vt 0.028076 0.331787
vt 0.022949 0.323730
vt 0.027832 0.318604
vt 0.020264 0.309814
vt 0.027344 0.304932
vt 0.383789 0.915283
vt 0.403076 0.848877
vt 0.369629 0.952393
vt 0.134766 0.974609
vt 0.106689 0.958008
vt 0.116699 0.949951
vt 0.106689 0.958008
vt 0.403076 0.848877
vt 0.392334 0.849365
vt 0.388184 0.819824
vt 0.403076 0.848877
vt 0.380859 0.783936
vt 0.378418 0.791260
vt 0.380127 0.826172
vt 0.392334 0.849365
vt 0.384277 0.849609
vt 0.333496 0.744873
vt 0.351807 0.765137
vt 0.344238 0.764893
vt 0.357178 0.767822
vt 0.317871 0.784180
vt 0.372315 0.780029
vt 0.368408 0.805176
vt 0.316895 0.794434
vt 0.262451 0.778076
vt 0.306152 0.771729
vt 0.300781 0.751953
vt 0.328857 0.746338
vt 0.315674 0.806152
vt 0.270264 0.797852
vt 0.266357 0.787842
vt 0.368408 0.805176
vt 0.357666 0.820312
vt 0.339111 0.820801
vt 0.319824 0.821289
vt 0.268799 0.820068
vt 0.256348 0.810303
vt 0.255127 0.800781
vt 0.252930 0.794922
vt 0.250000 0.787842
vt 0.246826 0.780029
vt 0.245605 0.773926
vt 0.244629 0.768066
vt 0.259522 0.764893
vt 0.243652 0.761230
vt 0.241699 0.750488
vt 0.256836 0.752686
vt 0.318603 0.729736
vt 0.282227 0.742676
vt 0.281250 0.734619
vt 0.229980 0.741699
vt 0.242432 0.743408
vt 0.247803 0.744141
vt 0.289795 0.746826
vt 0.252441 0.748291
vt 0.237793 0.747803
vt 0.239014 0.748535
vt 0.247803 0.744141
vt 0.231934 0.748535
vt 0.227295 0.749023
vt 0.216553 0.755615
vt 0.214355 0.750000
vt 0.207031 0.747070
vt 0.362793 0.741699
vt 0.403076 0.848877
vt 0.380859 0.783936
vt 0.580322 0.797607
vt 0.581543 0.790039
vt 0.576172 0.775391
vt 0.581543 0.790039
vt 0.595947 0.789795
vt 0.596924 0.794922
vt 0.619385 0.785889
vt 0.609131 0.784424
vt 0.617920 0.858398
vt 0.619141 0.830322
vt 0.612549 0.830566
vt 0.623779 0.792969
vt 0.605713 0.833496
vt 0.599121 0.836426
vt 0.574951 0.804443
vt 0.576172 0.775391
vt 0.566650 0.811768
vt 0.562256 0.796387
vt 0.556152 0.801514
vt 0.552734 0.785156
vt 0.538330 0.786377
vt 0.578613 0.840088
vt 0.592041 0.836182
vt 0.603760 0.864014
vt 0.611816 0.862793
vt 0.619385 0.888916
vt 0.607422 0.887939
vt 0.597412 0.891113
vt 0.611328 0.893066
vt 0.621338 0.896484
vt 0.583008 0.862305
vt 0.568848 0.862793
vt 0.596680 0.862549
vt 0.589600 0.890869
vt 0.571289 0.888672
vt 0.637940 0.931885
vt 0.642822 0.892822
vt 0.625000 0.930420
vt 0.632324 0.895020
vt 0.614746 0.924316
vt 0.605957 0.926025
vt 0.593018 0.923828
vt 0.578857 0.916016
vt 0.562500 0.912842
vt 0.560303 0.922607
vt 0.550781 0.908447
vt 0.557861 0.889648
vt 0.571289 0.888672
vt 0.532959 0.905273
vt 0.530762 0.916016
vt 0.548584 0.918701
vt 0.543701 0.929688
vt 0.558106 0.931885
vt 0.549316 0.888184
vt 0.529541 0.809326
vt 0.540039 0.811768
vt 0.527588 0.783936
vt 0.525391 0.802246
vt 0.527588 0.783936
vt 0.549316 0.888184
vt 0.557861 0.889648
vt 0.543457 0.873535
vt 0.553955 0.868164
vt 0.564453 0.841309
vt 0.547363 0.843262
vt 0.537109 0.847412
vt 0.548340 0.815430
vt 0.545410 0.793701
vt 0.557617 0.814453
vt 0.572754 0.760986
vt 0.571045 0.745361
vt 0.555176 0.774414
vt 0.553467 0.743164
vt 0.534180 0.750244
vt 0.535644 0.767090
vt 0.518555 0.743652
vt 0.527588 0.783936
vt 0.504150 0.721924
vt 0.530029 0.730225
vt 0.555908 0.730469
vt 0.583008 0.724121
vt 0.589356 0.699707
vt 0.599854 0.693604
vt 0.598144 0.712646
vt 0.584961 0.740723
vt 0.566406 0.781494
vt 0.555176 0.774414
vt 0.588135 0.679688
vt 0.601562 0.672363
vt 0.582275 0.657471
vt 0.593506 0.653809
vt 0.582031 0.636719
vt 0.590820 0.627686
vt 0.586914 0.622803
vt 0.578857 0.631836
vt 0.565430 0.634766
vt 0.563721 0.629395
vt 0.555176 0.631348
vt 0.556152 0.636963
vt 0.546387 0.638916
vt 0.548096 0.633789
vt 0.549560 0.629150
vt 0.554688 0.626953
vt 0.562012 0.623535
vt 0.575440 0.626709
vt 0.581543 0.615967
vt 0.568604 0.656494
vt 0.559815 0.656006
vt 0.553467 0.655762
vt 0.562256 0.676758
vt 0.551269 0.673340
vt 0.563232 0.697510
vt 0.572510 0.680176
vt 0.563232 0.697510
vt 0.573731 0.699463
vt 0.362793 0.741699
vt 0.380859 0.783936
vt 0.351807 0.765137
vt 0.361816 0.739502
vt 0.362793 0.741699
vt 0.388916 0.751465
vt 0.361816 0.739502
vt 0.386963 0.738770
vt 0.360840 0.737061
vt 0.383301 0.713623
vt 0.322266 0.729736
vt 0.326416 0.728760
vt 0.341309 0.744141
vt 0.351807 0.763428
vt 0.328857 0.746338
vt 0.300781 0.751953
vt 0.325195 0.744873
vt 0.289795 0.746826
vt 0.319580 0.730957
vt 0.333496 0.744873
vt 0.344238 0.764893
vt 0.455566 0.903809
vt 0.454590 0.915527
vt 0.486328 0.919434
vt 0.491699 0.871338
vt 0.455566 0.903809
vt 0.494141 0.890381
vt 0.760742 0.063965
vt 0.760742 0.063965
vt 0.795898 0.059082
vt 0.814453 0.010986
vt 0.814453 0.009521
vt 0.835693 0.031006
vt 0.794190 0.031494
vt 0.793457 0.030029
vt 0.814453 0.007080
vt 0.836426 0.029541
vt 0.814453 0.009521
vt 0.851807 0.021484
vt 0.853027 0.022461
vt 0.836426 0.032715
vt 0.815185 0.042725
vt 0.796143 0.054688
vt 0.793701 0.033203
vt 0.774170 0.025635
vt 0.775879 0.023926
vt 0.777588 0.022217
vt 0.816162 0.057617
vt 0.795898 0.059082
vt 0.815918 0.062988
vt 0.834961 0.060059
vt 0.835205 0.054199
vt 0.833496 0.031494
vt 0.814453 0.010986
vt 0.796875 0.032227
vt 0.794190 0.031494
vt 0.765137 0.034180
vt 0.760742 0.063965
vt 0.860107 0.062500
vt 0.873535 0.061035
vt 0.864990 0.033203
vt 0.854004 0.023438
vt 0.747803 0.040771
vt 0.743896 0.031006
vt 0.742432 0.032227
vt 0.743408 0.042480
vt 0.742188 0.042725
vt 0.740967 0.033447
vt 0.741211 0.043213
vt 0.739746 0.034424
vt 0.743408 0.042480
vt 0.732422 0.059082
vt 0.742188 0.042725
vt 0.734375 0.058838
vt 0.719482 0.078857
vt 0.719482 0.076416
vt 0.730713 0.059570
vt 0.836426 0.032715
vt 0.445312 0.677979
vt 0.433838 0.679199
vt 0.447266 0.682129
vt 0.446533 0.699707
vt 0.449219 0.686523
vt 0.432861 0.688477
vt 0.433350 0.683105
vt 0.416992 0.680664
vt 0.419678 0.677734
vt 0.422852 0.674072
vt 0.417480 0.738037
vt 0.433350 0.737793
vt 0.415772 0.717285
vt 0.430176 0.720947
vt 0.422852 0.697510
vt 0.435303 0.703369
vt 0.448242 0.719238
vt 0.412598 0.757080
vt 0.428955 0.752441
vt 0.449707 0.753174
vt 0.447754 0.739746
vt 0.471435 0.753906
vt 0.449219 0.785400
vt 0.432373 0.785645
vt 0.422607 0.786621
vt 0.433105 0.814453
vt 0.447266 0.813965
vt 0.460938 0.814941
vt 0.473389 0.829346
vt 0.477295 0.788574
vt 0.465088 0.786865
vt 0.490723 0.760010
vt 0.246094 0.954834
vt 0.246582 0.950928
vt 0.261230 0.951904
vt 0.246826 0.948975
vt 0.257324 0.904785
vt 0.272705 0.906006
vt 0.252930 0.916992
vt 0.268799 0.916992
vt 0.250000 0.925049
vt 0.265869 0.926270
vt 0.249023 0.933350
vt 0.247559 0.943848
vt 0.261230 0.951904
vt 0.346680 0.864990
vt 0.359131 0.879883
vt 0.338135 0.880371
vt 0.317627 0.895996
vt 0.319336 0.906738
vt 0.320801 0.917725
vt 0.309815 0.930664
vt 0.305176 0.950684
vt 0.252685 0.960938
vt 0.242432 0.957764
vt 0.234375 0.968506
vt 0.372070 0.889893
vt 0.383301 0.898193
vt 0.234863 0.974121
vt 0.287109 0.960938
vt 0.286621 0.968994
vt 0.294434 0.956299
vt 0.319092 0.970947
vt 0.326416 0.956543
vt 0.305176 0.950684
vt 0.328125 0.954102
vt 0.309815 0.930664
vt 0.333984 0.948242
vt 0.335693 0.955322
vt 0.331787 0.956787
vt 0.345947 0.956787
vt 0.331787 0.975098
vt 0.324707 0.973389
vt 0.318848 0.973389
vt 0.286621 0.968994
vt 0.287109 0.960938
vt 0.351074 0.946289
vt 0.339844 0.952393
vt 0.351074 0.946289
vt 0.355713 0.936768
vt 0.365723 0.962891
vt 0.367432 0.958740
vt 0.369629 0.952393
vt 0.383789 0.915283
vt 0.377930 0.991211
vt 0.382568 0.964844
vt 0.367432 0.958740
vt 0.385010 0.951660
vt 0.369629 0.952393
vt 0.403076 0.848877
vt 0.375488 0.919434
vt 0.383789 0.915283
vt 0.380859 0.872803
vt 0.389404 0.879150
vt 0.392334 0.849365
vt 0.384277 0.849609
vt 0.372315 0.849609
vt 0.369873 0.864746
vt 0.351807 0.850098
vt 0.369385 0.834961
vt 0.347412 0.835449
vt 0.328613 0.850830
vt 0.324707 0.836182
vt 0.384277 0.849609
vt 0.372315 0.849609
vt 0.276855 0.839111
vt 0.269775 0.852051
vt 0.277344 0.864746
vt 0.325440 0.865479
vt 0.254150 0.852295
vt 0.261719 0.858643
vt 0.268310 0.864258
vt 0.241455 0.859619
vt 0.237549 0.852783
vt 0.232422 0.852783
vt 0.234863 0.859619
vt 0.244873 0.865967
vt 0.238525 0.869385
vt 0.321045 0.880615
vt 0.270020 0.884033
vt 0.259033 0.881592
vt 0.258301 0.892822
vt 0.257324 0.904785
vt 0.166992 0.962891
vt 0.224609 0.976074
vt 0.167236 0.967773
vt 0.220703 0.977783
vt 0.166992 0.962891
vt 0.229492 0.975098
vt 0.168945 0.951904
vt 0.188477 0.942383
vt 0.206543 0.947754
vt 0.234375 0.968506
vt 0.211670 0.966309
vt 0.215088 0.968506
vt 0.234863 0.974121
vt 0.228516 0.976074
vt 0.696289 0.051514
vt 0.702637 0.066162
vt 0.707275 0.062012
vt 0.705078 0.069336
vt 0.719238 0.073486
vt 0.707275 0.062012
vt 0.703857 0.065186
vt 0.697998 0.052979
vt 0.694824 0.053955
vt 0.686035 0.041504
vt 0.686035 0.041504
vt 0.684815 0.041016
vt 0.692383 0.056885
vt 0.699463 0.069336
vt 0.704346 0.071777
vt 0.625488 0.856201
vt 0.642822 0.892822
vt 0.634766 0.891113
vt 0.743652 0.042236
vt 0.732910 0.059082
vt 0.747803 0.040771
vt 0.734375 0.058838
vt 0.760742 0.063965
vt 0.765137 0.034180
vt 0.743896 0.031006
vt 0.741943 0.032471
vt 0.743652 0.042236
vt 0.551514 0.951660
vt 0.549805 0.970459
vt 0.564697 0.949463
vt 0.562500 0.980713
vt 0.582519 0.956787
vt 0.577148 0.981689
vt 0.595703 0.977295
vt 0.599609 0.962158
vt 0.607666 0.976318
vt 0.610107 0.961914
vt 0.237549 0.852783
vt 0.232422 0.852783
vt 0.240967 0.845947
vt 0.234375 0.846191
vt 0.244385 0.839111
vt 0.237305 0.835205
vt 0.248535 0.828613
vt 0.267822 0.839844
vt 0.115723 0.868896
vt 0.123535 0.877930
vt 0.119141 0.877441
vt 0.123535 0.877930
vt 0.117920 0.894531
vt 0.114990 0.833496
vt 0.118896 0.835693
vt 0.111816 0.854004
vt 0.116211 0.850342
vt 0.119141 0.866455
vt 0.114990 0.833496
vt 0.114746 0.822021
vt 0.117920 0.894531
vt 0.104004 0.893799
vt 0.119141 0.866455
vt 0.090576 0.885254
vt 0.116211 0.850342
vt 0.093506 0.864258
vt 0.102783 0.846680
vt 0.118896 0.835693
vt 0.114746 0.822021
vt 0.115723 0.868896
vt 0.119141 0.877441
vt 0.123535 0.877930
vt 0.117920 0.894531
vt 0.114746 0.822021
vt 0.114990 0.833496
vt 0.118896 0.835693
vt 0.111816 0.854004
vt 0.116211 0.850342
vt 0.119141 0.866455
vt 0.123535 0.877930
vt 0.104004 0.893799
vt 0.117920 0.894531
vt 0.119141 0.866455
vt 0.090576 0.885254
vt 0.116211 0.850342
vt 0.093506 0.864258
vt 0.102783 0.846680
vt 0.118896 0.835693
vt 0.114746 0.822021
vt 0.123779 0.857666
vt 0.121826 0.872070
vt 0.114502 0.879395
vt 0.114258 0.886719
vt 0.103271 0.878906
vt 0.100098 0.870850
vt 0.114014 0.864502
vt 0.111816 0.846924
vt 0.101318 0.851807
vt 0.109375 0.836914
vt 0.112305 0.837891
vt 0.114502 0.825928
vt 0.115723 0.835449
vt 0.120605 0.846680
vt 0.113770 0.837402
vt 0.115723 0.835449
vt 0.117432 0.847900
vt 0.120605 0.846680
vt 0.119873 0.859131
vt 0.123779 0.857666
vt 0.118896 0.871826
vt 0.121826 0.872070
vt 0.114258 0.886719
vt 0.114014 0.864502
vt 0.100098 0.870850
vt 0.114502 0.879395
vt 0.103271 0.878906
vt 0.114258 0.886719
vt 0.121826 0.872070
vt 0.123779 0.857666
vt 0.111816 0.846924
vt 0.120605 0.846680
vt 0.112305 0.837891
vt 0.115723 0.835449
vt 0.114502 0.825928
vt 0.109375 0.836914
vt 0.101318 0.851807
vt 0.114258 0.886719
vt 0.118896 0.871826
vt 0.121826 0.872070
vt 0.123779 0.857666
vt 0.119873 0.859131
vt 0.120605 0.846680
vt 0.117432 0.847900
vt 0.115723 0.835449
vt 0.113770 0.837402
vt 0.852051 0.843506
vt 0.819824 0.854492
vt 0.820068 0.844482
vt 0.819824 0.854492
vt 0.852051 0.851807
vt 0.873779 0.845947
vt 0.876221 0.856201
vt 0.872559 0.860596
vt 0.850586 0.857910
vt 0.819824 0.863525
vt 0.820068 0.844482
vt 0.819824 0.854492
vt 0.788818 0.843994
vt 0.790283 0.852295
vt 0.761475 0.857422
vt 0.765869 0.863525
vt 0.789795 0.857666
vt 0.766602 0.890625
vt 0.761475 0.897217
vt 0.790283 0.890137
vt 0.763184 0.942627
vt 0.713135 0.899658
vt 0.711670 0.858398
vt 0.684326 0.857910
vt 0.704834 0.826172
vt 0.679443 0.823975
vt 0.653076 0.823242
vt 0.653076 0.858398
vt 0.653076 0.901855
vt 0.653076 0.939697
vt 0.740234 0.826416
vt 0.741943 0.858154
vt 0.761475 0.857422
vt 0.761475 0.897217
vt 0.765869 0.863525
vt 0.948486 0.406738
vt 0.966553 0.427002
vt 0.948975 0.425781
vt 0.921143 0.428467
vt 0.930420 0.410400
vt 0.924072 0.390381
vt 0.689453 0.159180
vt 0.667725 0.154785
vt 0.688477 0.119629
vt 0.670166 0.122070
vt 0.711914 0.194092
vt 0.709961 0.174072
vt 0.730957 0.178955
vt 0.725830 0.161377
vt 0.707031 0.160400
vt 0.721435 0.116455
vt 0.704102 0.117920
vt 0.688477 0.119629
vt 0.790771 0.097900
vt 0.776123 0.104004
vt 0.765137 0.096191
vt 0.777832 0.128174
vt 0.773193 0.138916
vt 0.765381 0.162598
vt 0.774658 0.150391
vt 0.779541 0.137451
vt 0.767578 0.089111
vt 0.791748 0.090820
vt 0.790527 0.083740
vt 0.817139 0.081787
vt 0.816650 0.090820
vt 0.843506 0.085205
vt 0.842773 0.092041
vt 0.816162 0.095215
vt 0.790771 0.097900
vt 0.765137 0.096191
vt 0.796875 0.959473
vt 0.820068 0.959473
vt 0.820068 0.970703
vt 0.843506 0.959717
vt 0.731690 0.380859
vt 0.744873 0.367676
vt 0.738281 0.379639
vt 0.747559 0.390381
vt 0.906250 0.177246
vt 0.925537 0.171143
vt 0.925537 0.190918
vt 0.946777 0.187256
vt 0.943604 0.203369
vt 0.968018 0.195312
vt 0.867432 0.096680
vt 0.912842 0.114746
vt 0.862305 0.118652
vt 0.910400 0.159912
vt 0.870606 0.154541
vt 0.927490 0.158447
vt 0.946777 0.156982
vt 0.966309 0.158447
vt 0.968994 0.165771
vt 0.968262 0.186768
vt 0.980713 0.186279
vt 0.984619 0.190430
vt 0.927490 0.158447
vt 0.928955 0.115967
vt 0.946777 0.156982
vt 0.945801 0.117432
vt 0.968018 0.150635
vt 0.963379 0.119629
vt 0.973144 0.135254
vt 0.974365 0.139893
vt 0.968018 0.158447
vt 0.969238 0.158691
vt 0.975830 0.140869
vt 0.982910 0.122070
vt 0.981201 0.120117
vt 0.987060 0.903564
vt 0.987060 0.941406
vt 0.927246 0.900635
vt 0.910156 0.939453
vt 0.887207 0.942627
vt 0.878662 0.896484
vt 0.850586 0.889893
vt 0.874756 0.890625
vt 0.898682 0.858887
vt 0.928467 0.859619
vt 0.955810 0.859375
vt 0.987060 0.860107
vt 0.987060 0.824951
vt 0.960938 0.825439
vt 0.935547 0.827393
vt 0.905762 0.827148
vt 0.881836 0.825684
vt 0.876221 0.856201
vt 0.874756 0.890625
vt 0.660400 0.145264
vt 0.651611 0.124756
vt 0.661377 0.144775
vt 0.653076 0.123047
vt 0.656006 0.124268
vt 0.662109 0.140137
vt 0.667725 0.154785
vt 0.668945 0.096436
vt 0.654541 0.099121
vt 0.651123 0.104004
vt 0.653320 0.193115
vt 0.656738 0.188965
vt 0.673340 0.196533
vt 0.671631 0.189209
vt 0.690918 0.189453
vt 0.668457 0.170166
vt 0.669434 0.161133
vt 0.695312 0.207520
vt 0.543945 0.697266
vt 0.549316 0.704346
vt 0.552734 0.718262
vt 0.539795 0.700684
vt 0.552734 0.718262
vt 0.535644 0.681396
vt 0.543945 0.697266
vt 0.540527 0.675781
vt 0.536621 0.658447
vt 0.532959 0.660156
vt 0.535889 0.640625
vt 0.530029 0.640869
vt 0.532471 0.636230
vt 0.527832 0.635498
vt 0.522949 0.635010
vt 0.521484 0.630127
vt 0.511719 0.641357
vt 0.511475 0.636230
vt 0.503174 0.635254
vt 0.527832 0.662842
vt 0.511719 0.647217
vt 0.524658 0.641113
vt 0.535644 0.681396
vt 0.531982 0.685547
vt 0.533203 0.705811
vt 0.539795 0.700684
vt 0.552734 0.718262
vt 0.500732 0.640625
vt 0.498047 0.645996
vt 0.516113 0.667236
vt 0.516357 0.689941
vt 0.521484 0.709961
vt 0.555908 0.730469
vt 0.573731 0.699463
vt 0.564453 0.697754
vt 0.562744 0.677002
vt 0.505371 0.664307
vt 0.503906 0.685791
vt 0.509277 0.706299
vt 0.504150 0.721924
vt 0.530029 0.730225
vt 0.553467 0.743164
vt 0.571045 0.745361
vt 0.583008 0.724121
vt 0.589356 0.699707
vt 0.572510 0.680176
vt 0.568604 0.656494
vt 0.560791 0.656250
vt 0.565430 0.634766
vt 0.556641 0.636719
vt 0.557129 0.631592
vt 0.546387 0.638916
vt 0.548096 0.633789
vt 0.555420 0.626465
vt 0.549560 0.629150
vt 0.588135 0.679688
vt 0.582275 0.657471
vt 0.582031 0.636719
vt 0.557129 0.631592
vt 0.563965 0.629639
vt 0.578613 0.631592
vt 0.586426 0.622070
vt 0.590820 0.627686
vt 0.593506 0.653809
vt 0.601562 0.672363
vt 0.599854 0.693604
vt 0.598144 0.712646
vt 0.584961 0.740723
vt 0.586426 0.622070
vt 0.575440 0.626709
vt 0.562012 0.623535
vt 0.581543 0.615967
vt 0.572754 0.760986
vt 0.576172 0.775391
vt 0.566406 0.781494
vt 0.562256 0.796387
vt 0.552734 0.785156
vt 0.556152 0.801514
vt 0.538330 0.786377
vt 0.545410 0.793701
vt 0.527588 0.783936
vt 0.548340 0.815430
vt 0.540039 0.811768
vt 0.537109 0.847412
vt 0.557617 0.814453
vt 0.566650 0.811768
vt 0.555176 0.774414
vt 0.535644 0.767090
vt 0.527588 0.783936
vt 0.518555 0.743652
vt 0.555176 0.774414
vt 0.534180 0.750244
vt 0.527588 0.783936
vt 0.529541 0.809326
vt 0.525391 0.802246
vt 0.568848 0.862793
vt 0.564453 0.841309
vt 0.578613 0.840088
vt 0.574951 0.804443
vt 0.580322 0.797607
vt 0.557861 0.889648
vt 0.553955 0.868164
vt 0.571289 0.888672
vt 0.583008 0.862305
vt 0.592041 0.836182
vt 0.599121 0.836426
vt 0.605713 0.833496
vt 0.596924 0.794922
vt 0.595947 0.789795
vt 0.619385 0.785889
vt 0.609131 0.784424
vt 0.611816 0.862793
vt 0.603760 0.864014
vt 0.589600 0.890869
vt 0.596680 0.862549
vt 0.597412 0.891113
vt 0.607422 0.887939
vt 0.619385 0.888916
vt 0.621338 0.896484
vt 0.611328 0.893066
vt 0.614746 0.924316
vt 0.605957 0.926025
vt 0.593018 0.923828
vt 0.578857 0.916016
vt 0.562500 0.912842
vt 0.550781 0.908447
vt 0.560303 0.922607
vt 0.548584 0.918701
vt 0.532959 0.905273
vt 0.557861 0.889648
vt 0.549316 0.888184
vt 0.551514 0.951660
vt 0.543213 0.941406
vt 0.558106 0.931885
vt 0.543701 0.929688
vt 0.530762 0.916016
vt 0.526856 0.928711
vt 0.599609 0.962158
vt 0.595703 0.977295
vt 0.582519 0.956787
vt 0.577148 0.981689
vt 0.562500 0.980713
vt 0.564697 0.949463
vt 0.549805 0.970459
vt 0.551514 0.951660
vt 0.572754 0.936279
vt 0.576660 0.927734
vt 0.586914 0.946045
vt 0.588623 0.934082
vt 0.602295 0.949219
vt 0.607666 0.976318
vt 0.610107 0.961914
vt 0.618896 0.961670
vt 0.613281 0.951416
vt 0.631592 0.955322
vt 0.624268 0.942383
vt 0.635742 0.942627
vt 0.637940 0.931885
vt 0.625000 0.930420
vt 0.614746 0.942383
vt 0.632324 0.895020
vt 0.642822 0.892822
vt 0.634766 0.891113
vt 0.617920 0.858398
vt 0.642822 0.892822
vt 0.625488 0.856201
vt 0.576172 0.775391
vt 0.581543 0.790039
vt 0.581543 0.790039
vt 0.549316 0.888184
vt 0.543457 0.873535
vt 0.472412 0.682861
vt 0.488281 0.680176
vt 0.491455 0.683594
vt 0.472412 0.682861
vt 0.485107 0.676514
vt 0.471191 0.678467
vt 0.485107 0.699951
vt 0.472900 0.700684
vt 0.473145 0.685791
vt 0.462158 0.678711
vt 0.460205 0.682617
vt 0.458008 0.686768
vt 0.460693 0.700195
vt 0.457031 0.720215
vt 0.491211 0.720215
vt 0.473633 0.720947
vt 0.472900 0.741211
vt 0.488037 0.740723
vt 0.471435 0.753906
vt 0.449707 0.753174
vt 0.449219 0.785400
vt 0.428955 0.752441
vt 0.432373 0.785645
vt 0.490723 0.760010
vt 0.465088 0.786865
vt 0.460938 0.814941
vt 0.447266 0.813965
vt 0.433105 0.814453
vt 0.477295 0.788574
vt 0.473389 0.829346
vt 0.456787 0.740234
vt 0.421143 0.827393
vt 0.422607 0.786621
vt 0.412598 0.757080
vt 0.417480 0.738037
vt 0.433350 0.737793
vt 0.415772 0.717285
vt 0.430176 0.720947
vt 0.422852 0.697510
vt 0.435303 0.703369
vt 0.416992 0.680664
vt 0.432861 0.688477
vt 0.433350 0.682861
vt 0.449219 0.686523
vt 0.447266 0.682129
vt 0.448242 0.719238
vt 0.446533 0.699707
vt 0.419922 0.677490
vt 0.445312 0.677979
vt 0.433838 0.679199
vt 0.422852 0.674072
vt 0.433350 0.682861
vt 0.719482 0.078857
vt 0.760742 0.063965
vt 0.734375 0.058838
vt 0.719482 0.076416
vt 0.719482 0.078857
vt 0.731201 0.059326
vt 0.719482 0.076416
vt 0.732910 0.059082
vt 0.704102 0.072998
vt 0.719482 0.075439
vt 0.729248 0.059814
vt 0.719238 0.073486
vt 0.705078 0.069336
vt 0.702637 0.066162
vt 0.699463 0.069092
vt 0.692627 0.052246
vt 0.690674 0.053223
vt 0.696289 0.051514
vt 0.131104 0.753662
vt 0.126709 0.731934
vt 0.143555 0.770996
vt 0.145996 0.780518
vt 0.134521 0.769287
vt 0.143555 0.770996
vt 0.126709 0.731934
vt 0.156738 0.769043
vt 0.145996 0.780518
vt 0.133301 0.959717
vt 0.131104 0.951904
vt 0.138428 0.940918
vt 0.154297 0.923584
vt 0.170654 0.927246
vt 0.155029 0.936523
vt 0.136719 0.955811
vt 0.134766 0.974609
vt 0.132080 0.967773
vt 0.447754 0.739746
vt 0.612549 0.830566
vt 0.623779 0.792969
vt 0.619141 0.830322
vt 0.719238 0.073486
vt 0.729248 0.059814
vt 0.719482 0.074951
vt 0.730713 0.059570
vt 0.719482 0.076416
vt 0.719482 0.076416
vt 0.704346 0.071777
vt 0.705322 0.068115
vt 0.707275 0.062012
vt 0.703857 0.065186
vt 0.526123 0.631348
vt 0.529785 0.632080
vt 0.553467 0.655762
vt 0.562744 0.677002
vt 0.551269 0.673340
vt 0.554443 0.695801
vt 0.564453 0.697754
vt 0.552734 0.718262
vt 0.549316 0.704346
vt 0.432373 0.785645
vt 0.449219 0.785400
vt 0.433105 0.814453
vt 0.448242 0.719238
vt 0.447754 0.739746
vt 0.433350 0.737793
vt 0.120605 0.896484
vt 0.078369 0.856201
vt 0.085693 0.856201
vt 0.101807 0.855713
vt 0.120605 0.896484
vt 0.119385 0.910645
vt 0.058594 0.856445
vt 0.208252 0.884277
vt 0.205322 0.893066
vt 0.154297 0.883545
vt 0.192383 0.903076
vt 0.189453 0.916016
vt 0.154297 0.923584
vt 0.170654 0.927246
vt 0.188477 0.927490
vt 0.187500 0.936035
vt 0.155029 0.936523
vt 0.216309 0.889648
vt 0.212158 0.904053
vt 0.206787 0.912354
vt 0.203857 0.916260
vt 0.198730 0.922607
vt 0.197266 0.928955
vt 0.195801 0.935303
vt 0.188477 0.942383
vt 0.168945 0.951904
vt 0.136719 0.955811
vt 0.134766 0.974609
vt 0.137695 0.974365
vt 0.166992 0.962891
vt 0.167236 0.967773
vt 0.139648 0.975586
vt 0.142090 0.976807
vt 0.220703 0.977783
vt 0.167236 0.973389
vt 0.167236 0.967773
vt 0.123535 0.873779
vt 0.127441 0.881348
vt 0.119385 0.874512
vt 0.127441 0.881348
vt 0.133301 0.881592
vt 0.136230 0.871582
vt 0.139404 0.866211
vt 0.148193 0.870605
vt 0.181152 0.869141
vt 0.150146 0.874512
vt 0.153320 0.879395
vt 0.119385 0.874512
vt 0.113525 0.874268
vt 0.101807 0.855713
vt 0.185059 0.854004
vt 0.135254 0.854980
vt 0.127930 0.855225
vt 0.129639 0.867920
vt 0.113525 0.874268
vt 0.119385 0.874512
vt 0.202637 0.872803
vt 0.176025 0.873779
vt 0.172607 0.876709
vt 0.153320 0.879395
vt 0.181152 0.869141
vt 0.198975 0.865234
vt 0.213867 0.873291
vt 0.207275 0.866211
vt 0.198975 0.853516
vt 0.210693 0.853271
vt 0.220459 0.880371
vt 0.202637 0.872803
vt 0.198975 0.865234
vt 0.201660 0.834717
vt 0.198486 0.842041
vt 0.180420 0.839111
vt 0.219238 0.825928
vt 0.206787 0.822510
vt 0.171631 0.831787
vt 0.152832 0.825684
vt 0.149414 0.831787
vt 0.175049 0.834473
vt 0.180420 0.839111
vt 0.138916 0.843750
vt 0.147461 0.838867
vt 0.149170 0.834961
vt 0.135498 0.838623
vt 0.138916 0.843750
vt 0.126221 0.838379
vt 0.132324 0.828613
vt 0.126221 0.838379
vt 0.120361 0.824951
vt 0.117188 0.813721
vt 0.149414 0.831787
vt 0.120117 0.834717
vt 0.126221 0.843262
vt 0.127930 0.855225
vt 0.118896 0.855469
vt 0.114014 0.836670
vt 0.120117 0.834717
vt 0.120361 0.824951
vt 0.085693 0.856201
vt 0.078369 0.856201
vt 0.117188 0.813721
vt 0.119385 0.874512
vt 0.129639 0.867920
vt 0.123535 0.873779
vt 0.123535 0.873779
vt 0.129639 0.867920
vt 0.139404 0.866211
vt 0.132080 0.967773
vt 0.134766 0.974609
vt 0.106689 0.958008
vt 0.259033 0.881592
vt 0.247559 0.874512
vt 0.270020 0.884033
vt 0.270020 0.884033
vt 0.244873 0.865967
vt 0.238525 0.869385
vt 0.321045 0.880615
vt 0.325440 0.865479
vt 0.277344 0.864746
vt 0.268310 0.864258
vt 0.241455 0.859619
vt 0.433350 0.737793
vt 0.447754 0.739746
vt 0.448242 0.719238
vt 0.563232 0.697510
vt 0.551269 0.673340
vt 0.554443 0.695801
vt 0.135254 0.854980
vt 0.127930 0.855225
vt 0.185059 0.854004
vt 0.135254 0.854980
vt 0.117188 0.813721
vt 0.058594 0.856445
vt 0.116943 0.800293
vt 0.035400 0.852295
vt 0.190186 0.804443
vt 0.186768 0.791748
vt 0.148438 0.785156
vt 0.166016 0.780518
vt 0.145996 0.780518
vt 0.156738 0.769043
vt 0.183838 0.771973
vt 0.185059 0.780518
vt 0.126709 0.731934
vt 0.164551 0.756836
vt 0.184570 0.765381
vt 0.192139 0.772217
vt 0.193604 0.777344
vt 0.195557 0.784668
vt 0.200684 0.790527
vt 0.204590 0.794922
vt 0.207031 0.747070
vt 0.214355 0.750000
vt 0.201416 0.756592
vt 0.192139 0.770508
vt 0.203857 0.763184
vt 0.216553 0.755615
vt 0.044189 0.725098
vt 0.044434 0.726807
vt 0.036133 0.723877
vt 0.019531 0.770020
vt 0.007080 0.780518
vt 0.032715 0.732910
vt 0.023193 0.733887
vt 0.034180 0.728760
vt 0.025635 0.726807
vt 0.027344 0.722412
vt 0.036133 0.723877
vt 0.044434 0.728271
vt 0.980469 0.024170
vt 0.980713 0.024658
vt 0.970947 0.010254
vt 0.052490 0.800049
vt 0.035400 0.852295
vt 0.007080 0.780518
vt 0.019531 0.770020
vt 0.052490 0.800049
vt 0.256348 0.810303
vt 0.268799 0.820068
vt 0.257812 0.822998
vt 0.268799 0.820068
vt 0.248535 0.828613
vt 0.276855 0.839111
vt 0.267822 0.839844
vt 0.260010 0.847168
vt 0.240967 0.845947
vt 0.237549 0.852783
vt 0.254150 0.852295
vt 0.269775 0.852051
vt 0.209717 0.802734
vt 0.186768 0.791748
vt 0.204590 0.794922
vt 0.058594 0.856445
vt 0.203613 0.813965
vt 0.219238 0.825928
vt 0.214600 0.816895
vt 0.190186 0.804443
vt 0.101807 0.855713
vt 0.114014 0.836670
vt 0.120361 0.824951
vt 0.210693 0.853271
vt 0.206787 0.840576
vt 0.198486 0.842041
vt 0.213623 0.832520
vt 0.201660 0.834717
vt 0.658447 0.012939
vt 0.649414 0.027344
vt 0.649414 0.026855
vt 0.660156 0.013184
vt 0.649658 0.028320
vt 0.659180 0.012939
vt 0.658447 0.012939
vt 0.098389 0.751465
vt 0.126709 0.731934
vt 0.123291 0.739746
vt 0.741211 0.043213
vt 0.730713 0.059570
vt 0.729248 0.059814
vt 0.683106 0.040527
vt 0.690674 0.024658
vt 0.683594 0.040771
vt 0.684815 0.041016
vt 0.693359 0.027588
vt 0.690674 0.024658
vt 0.705566 0.017334
vt 0.696045 0.030273
vt 0.706299 0.019043
vt 0.693359 0.027588
vt 0.686035 0.041504
vt 0.683106 0.040527
vt 0.683350 0.017578
vt 0.702881 0.009766
vt 0.704834 0.014648
vt 0.668213 0.014648
vt 0.668213 0.027344
vt 0.670410 0.045898
vt 0.683106 0.054199
vt 0.692383 0.056885
vt 0.683594 0.040771
vt 0.684815 0.041016
vt 0.741943 0.032471
vt 0.740967 0.033447
vt 0.742676 0.042725
vt 0.743652 0.042236
vt 0.742676 0.042725
vt 0.743652 0.042236
vt 0.732910 0.059082
vt 0.731201 0.059326
vt 0.741211 0.043213
vt 0.739746 0.034424
vt 0.729248 0.059814
vt 0.719482 0.075439
vt 0.224854 0.976074
vt 0.228516 0.976074
vt 0.215088 0.968506
vt 0.218018 0.970703
vt 0.220703 0.977783
vt 0.167236 0.973389
vt 0.167236 0.968750
vt 0.142090 0.976807
vt 0.139648 0.975586
vt 0.167480 0.962646
vt 0.211670 0.966309
vt 0.168945 0.951904
vt 0.137939 0.974365
vt 0.167480 0.962646
vt 0.134766 0.974609
vt 0.168945 0.951904
vt 0.215088 0.968506
vt 0.218018 0.970703
vt 0.224854 0.976074
vt 0.683106 0.056152
vt 0.690674 0.053223
vt 0.683106 0.040527
vt 0.696289 0.051514
vt 0.686035 0.041504
vt 0.692627 0.052246
vt 0.684570 0.041016
vt 0.684082 0.040771
vt 0.683106 0.040527
vt 0.686035 0.041504
vt 0.693115 0.027100
vt 0.696045 0.030273
vt 0.705566 0.017090
vt 0.706299 0.019043
vt 0.684570 0.041016
vt 0.684082 0.040771
vt 0.690430 0.024658
vt 0.683350 0.017578
vt 0.702881 0.009766
vt 0.704834 0.015137
vt 0.980713 0.025391
vt 0.969727 0.010498
vt 0.970215 0.010498
vt 0.970947 0.010254
vt 0.980713 0.024658
vt 0.980713 0.025391
vt 0.180420 0.839111
vt 0.149170 0.834961
vt 0.149414 0.831787
vt 0.583008 0.862305
vt 0.592041 0.836182
vt 0.596680 0.862549
vt 0.603760 0.864014
vt 0.030762 0.343506
vt 0.025391 0.337158
vt 0.028076 0.331787
vt 0.022949 0.323730
vt 0.576660 0.927734
vt 0.558106 0.931885
vt 0.560303 0.922607
vt 0.548584 0.918701
vt 0.624268 0.942383
vt 0.613281 0.951416
vt 0.614746 0.942383
vt 0.604004 0.939453
vt 0.614746 0.924316
vt 0.605957 0.926025
vt 0.588623 0.934082
vt 0.593018 0.923828
vt 0.578857 0.916016
vt 0.562500 0.912842
vt 0.602295 0.949219
vt 0.610107 0.961914
vt 0.599609 0.962158
vt 0.422607 0.786621
vt 0.421143 0.827393
vt 0.432373 0.785645
vt 0.433105 0.814453
vt 0.449219 0.785400
vt 0.471435 0.753906
vt 0.465088 0.786865
vt 0.460938 0.814941
vt 0.473389 0.829346
vt 0.039307 0.987061
vt 0.027832 0.986084
vt 0.038330 0.983154
vt 0.026611 0.980713
vt 0.024902 0.972412
vt 0.013428 0.916992
vt 0.024658 0.924805
vt 0.036865 0.976807
vt 0.052734 0.984131
vt 0.052734 0.985840
vt 0.052979 0.988281
vt 0.959961 0.012451
vt 0.962646 0.024414
vt 0.946045 0.015381
vt 0.947510 0.038330
vt 0.963379 0.044678
vt 0.948242 0.053711
vt 0.485107 0.699951
vt 0.473633 0.720947
vt 0.472900 0.700684
vt 0.457031 0.720215
vt 0.472900 0.741211
vt 0.456787 0.740234
vt 0.134521 0.769287
vt 0.130371 0.761475
vt 0.131104 0.753662
vt 0.127930 0.750244
vt 0.123291 0.739746
vt 0.568848 0.862793
vt 0.553955 0.868164
vt 0.564453 0.841309
vt 0.547363 0.843262
vt 0.557617 0.814453
vt 0.566650 0.811768
vt 0.557861 0.889648
vt 0.543457 0.873535
vt 0.537109 0.847412
vt 0.548340 0.815430
vt 0.596924 0.794922
vt 0.612549 0.830566
vt 0.605713 0.833496
vt 0.611816 0.862793
vt 0.617920 0.858398
vt 0.619141 0.830322
vt 0.625488 0.856201
vt 0.504150 0.721924
vt 0.530029 0.730225
vt 0.518555 0.743652
vt 0.534180 0.750244
vt 0.553467 0.743164
vt 0.555176 0.774414
vt 0.571045 0.745361
vt 0.572754 0.760986
vt 0.983154 0.257324
vt 0.976074 0.244141
vt 0.986084 0.258057
vt 0.965088 0.230957
vt 0.966309 0.231445
vt 0.973389 0.245361
vt 0.974854 0.244629
vt 0.976074 0.244141
vt 0.979981 0.256592
vt 0.955566 0.250977
vt 0.965088 0.230957
vt 0.956543 0.227539
vt 0.934326 0.246094
vt 0.975342 0.224121
vt 0.966797 0.231445
vt 0.975342 0.223145
vt 0.974854 0.222412
vt 0.788818 0.843994
vt 0.761475 0.857422
vt 0.767334 0.849121
vt 0.767334 0.849121
vt 0.762207 0.825439
vt 0.762451 0.794189
vt 0.756348 0.826172
vt 0.761475 0.857422
vt 0.740234 0.826416
vt 0.754394 0.789795
vt 0.653076 0.823242
vt 0.653076 0.785645
vt 0.679443 0.823975
vt 0.679932 0.786377
vt 0.704834 0.826172
vt 0.705566 0.788086
vt 0.737793 0.789307
vt 0.750488 0.750977
vt 0.760010 0.749756
vt 0.747803 0.705078
vt 0.653076 0.663330
vt 0.679688 0.663330
vt 0.653076 0.706055
vt 0.679932 0.705811
vt 0.653076 0.749023
vt 0.677002 0.749023
vt 0.702148 0.750000
vt 0.731445 0.750244
vt 0.747803 0.705078
vt 0.730957 0.706543
vt 0.731445 0.665039
vt 0.702881 0.664307
vt 0.704102 0.706299
vt 0.754639 0.713135
vt 0.763672 0.778076
vt 0.754394 0.789795
vt 0.785644 0.715576
vt 0.784912 0.703857
vt 0.755371 0.699707
vt 0.783691 0.692871
vt 0.822021 0.703613
vt 0.819092 0.692383
vt 0.856690 0.689697
vt 0.858643 0.702637
vt 0.887207 0.695312
vt 0.891113 0.704590
vt 0.884277 0.714355
vt 0.858643 0.714600
vt 0.823975 0.714600
vt 0.877685 0.825195
vt 0.876221 0.856201
vt 0.873779 0.845947
vt 0.819824 0.545654
vt 0.855225 0.540771
vt 0.854248 0.546631
vt 0.893066 0.540039
vt 0.886231 0.546875
vt 0.888428 0.557861
vt 0.893066 0.557861
vt 0.905273 0.556641
vt 0.909912 0.535645
vt 0.935547 0.552002
vt 0.932617 0.527832
vt 0.853760 0.572510
vt 0.882080 0.574463
vt 0.853760 0.587402
vt 0.889404 0.583496
vt 0.908447 0.585693
vt 0.927490 0.586914
vt 0.958984 0.583740
vt 0.963135 0.549561
vt 0.962402 0.520020
vt 0.855225 0.594238
vt 0.883057 0.593262
vt 0.883057 0.622803
vt 0.891846 0.623535
vt 0.910400 0.624023
vt 0.929443 0.623779
vt 0.958008 0.622070
vt 0.987060 0.622559
vt 0.987060 0.583008
vt 0.987060 0.550049
vt 0.987060 0.515381
vt 0.964356 0.485596
vt 0.987060 0.486816
vt 0.966065 0.463379
vt 0.987060 0.469971
vt 0.966309 0.447998
vt 0.987060 0.450439
vt 0.987060 0.428711
vt 0.966553 0.427002
vt 0.949463 0.446533
vt 0.948242 0.462158
vt 0.920410 0.461426
vt 0.921387 0.443115
vt 0.921143 0.428467
vt 0.945801 0.487061
vt 0.920166 0.487305
vt 0.905518 0.489746
vt 0.886719 0.492920
vt 0.888184 0.534180
vt 0.884033 0.500977
vt 0.855225 0.540771
vt 0.855713 0.534424
vt 0.820801 0.539795
vt 0.820557 0.532227
vt 0.785889 0.527832
vt 0.786133 0.534668
vt 0.755127 0.527832
vt 0.746826 0.538086
vt 0.751953 0.491699
vt 0.756348 0.498779
vt 0.785889 0.496826
vt 0.786621 0.506104
vt 0.821289 0.508057
vt 0.785644 0.543701
vt 0.754150 0.545898
vt 0.748779 0.558838
vt 0.743408 0.561035
vt 0.750977 0.583984
vt 0.756836 0.575195
vt 0.785889 0.572266
vt 0.786621 0.585449
vt 0.733154 0.623047
vt 0.734863 0.584717
vt 0.746338 0.622803
vt 0.756592 0.623779
vt 0.758545 0.596191
vt 0.785889 0.595215
vt 0.734619 0.556152
vt 0.733154 0.535645
vt 0.735352 0.489014
vt 0.733643 0.465332
vt 0.758301 0.472168
vt 0.735352 0.447754
vt 0.704590 0.550781
vt 0.707519 0.526855
vt 0.720215 0.486328
vt 0.694336 0.485840
vt 0.719971 0.460449
vt 0.718994 0.442139
vt 0.692139 0.460938
vt 0.676025 0.484131
vt 0.677979 0.518555
vt 0.677246 0.548096
vt 0.681396 0.582275
vt 0.712891 0.585693
vt 0.653076 0.468262
vt 0.674316 0.461914
vt 0.653076 0.485107
vt 0.653076 0.513672
vt 0.653076 0.548340
vt 0.653076 0.581299
vt 0.653076 0.620850
vt 0.682129 0.620605
vt 0.710938 0.622803
vt 0.776367 0.163818
vt 0.776367 0.163818
vt 0.774658 0.150391
vt 0.793213 0.118896
vt 0.774658 0.150391
vt 0.779541 0.137451
vt 0.793213 0.118896
vt 0.795166 0.122803
vt 0.815430 0.111084
vt 0.795166 0.122803
vt 0.794678 0.129639
vt 0.777344 0.154053
vt 0.776367 0.163818
vt 0.776367 0.163818
vt 0.765381 0.162598
vt 0.756836 0.191162
vt 0.730957 0.178955
vt 0.725830 0.161377
vt 0.723633 0.235840
vt 0.719238 0.225342
vt 0.736816 0.226807
vt 0.737060 0.218262
vt 0.737549 0.201660
vt 0.714600 0.214600
vt 0.699463 0.223389
vt 0.695312 0.207520
vt 0.711914 0.194092
vt 0.702881 0.235840
vt 0.706055 0.248047
vt 0.683594 0.229736
vt 0.685547 0.242676
vt 0.687012 0.252930
vt 0.667481 0.248291
vt 0.675293 0.233154
vt 0.653809 0.218262
vt 0.655762 0.217773
vt 0.664551 0.227051
vt 0.665039 0.226074
vt 0.672852 0.233887
vt 0.673584 0.233643
vt 0.663574 0.248047
vt 0.665527 0.247559
vt 0.665771 0.224854
vt 0.656738 0.217529
vt 0.968262 0.186768
vt 0.968994 0.165771
vt 0.980713 0.186279
vt 0.966309 0.231445
vt 0.966797 0.231445
vt 0.976074 0.244141
vt 0.876221 0.856201
vt 0.877685 0.825195
vt 0.881836 0.825684
vt 0.878418 0.795654
vt 0.763428 0.786621
vt 0.786865 0.784424
vt 0.787109 0.790771
vt 0.820068 0.789795
vt 0.820312 0.783203
vt 0.853516 0.782227
vt 0.853516 0.788574
vt 0.884033 0.790039
vt 0.881836 0.825684
vt 0.820801 0.775391
vt 0.786133 0.777344
vt 0.820312 0.783203
vt 0.820801 0.775391
vt 0.854736 0.774658
vt 0.881104 0.782227
vt 0.888428 0.750977
vt 0.885010 0.750000
vt 0.891113 0.704590
vt 0.884277 0.714355
vt 0.938232 0.751221
vt 0.910889 0.751221
vt 0.912842 0.707520
vt 0.913330 0.665771
vt 0.937500 0.665527
vt 0.936279 0.707520
vt 0.960449 0.664795
vt 0.960449 0.707275
vt 0.963379 0.750488
vt 0.960205 0.787842
vt 0.934815 0.789307
vt 0.935547 0.827393
vt 0.960938 0.825439
vt 0.987060 0.665039
vt 0.987060 0.707764
vt 0.987060 0.750977
vt 0.987060 0.787598
vt 0.987060 0.824951
vt 0.907959 0.790039
vt 0.884033 0.790039
vt 0.905762 0.827148
vt 0.873291 0.222412
vt 0.868652 0.203857
vt 0.879639 0.190186
vt 0.858643 0.163086
vt 0.925537 0.190918
vt 0.900879 0.200195
vt 0.906250 0.177246
vt 0.870606 0.154541
vt 0.902100 0.215088
vt 0.924072 0.212646
vt 0.943604 0.203369
vt 0.785889 0.496826
vt 0.820801 0.497803
vt 0.854248 0.505127
vt 0.653076 0.448730
vt 0.653076 0.427002
vt 0.674072 0.448242
vt 0.673828 0.425537
vt 0.691406 0.426514
vt 0.872803 0.363037
vt 0.880615 0.375488
vt 0.865479 0.371094
vt 0.861328 0.396484
vt 0.850586 0.389160
vt 0.440918 0.280273
vt 0.410645 0.278320
vt 0.420166 0.262207
vt 0.314697 0.325928
vt 0.263428 0.339844
vt 0.264404 0.333984
vt 0.169678 0.100342
vt 0.167236 0.101807
vt 0.167480 0.066162
vt 0.792725 0.063721
vt 0.760742 0.063965
vt 0.760742 0.063965
vt 0.792725 0.063721
vt 0.792725 0.063721
vt 0.760742 0.063965
vt 0.860107 0.062500
vt 0.873535 0.061035
vt 0.840332 0.070312
vt 0.667725 0.154785
vt 0.668213 0.162109
vt 0.661377 0.144775
vt 0.668213 0.162109
vt 0.667236 0.161133
vt 0.660400 0.145264
vt 0.653076 0.188965
vt 0.654053 0.191162
vt 0.656738 0.188965
vt 0.671631 0.189209
vt 0.668457 0.170166
vt 0.669434 0.161133
vt 0.667725 0.154785
vt 0.689453 0.159180
vt 0.656738 0.188965
vt 0.653320 0.193115
vt 0.983398 0.187256
vt 0.984619 0.190430
vt 0.980713 0.186279
vt 0.983398 0.187256
vt 0.969238 0.158691
vt 0.983398 0.187256
vt 0.166016 0.321533
vt 0.163574 0.327148
vt 0.118408 0.296875
vt 0.115723 0.303467
vt 0.862305 0.118652
vt 0.858154 0.116699
vt 0.867432 0.096680
vt 0.859131 0.101074
vt 0.855469 0.126221
vt 0.861572 0.139160
vt 0.870606 0.154541
vt 0.896240 0.416992
vt 0.888184 0.419678
vt 0.894287 0.406250
vt 0.885742 0.413330
vt 0.891846 0.390137
vt 0.229004 0.484619
vt 0.209229 0.461182
vt 0.199219 0.459961
vt 0.205566 0.444092
vt 0.187256 0.422363
vt 0.361328 0.667725
vt 0.409668 0.647217
vt 0.364014 0.658203
vt 0.412109 0.628662
vt 0.366455 0.645996
vt 0.461182 0.632568
vt 0.503662 0.606689
vt 0.460938 0.626953
vt 0.503418 0.601074
vt 0.459228 0.618896
vt 0.457520 0.604248
vt 0.532471 0.596924
vt 0.527832 0.593750
vt 0.525146 0.590088
vt 0.499023 0.588135
vt 0.969238 0.158691
vt 0.983398 0.187256
vt 0.968018 0.158447
vt 0.980713 0.186279
vt 0.968994 0.165771
vt 0.966309 0.158447
vt 0.968018 0.150635
vt 0.111572 0.578613
vt 0.156738 0.628906
vt 0.159668 0.608887
vt 0.212158 0.634033
vt 0.207520 0.651855
vt 0.266357 0.649658
vt 0.262940 0.666016
vt 0.204102 0.660156
vt 0.259522 0.674805
vt 0.554443 0.695801
vt 0.549316 0.704346
vt 0.552246 0.716309
vt 0.552246 0.716309
vt 0.549316 0.704346
vt 0.543945 0.697266
vt 0.552246 0.716309
vt 0.555908 0.730469
vt 0.563232 0.697510
vt 0.498047 0.645996
vt 0.505371 0.664307
vt 0.516113 0.667236
vt 0.516357 0.689941
vt 0.503906 0.685791
vt 0.509277 0.706299
vt 0.521484 0.709961
vt 0.504150 0.721924
vt 0.530029 0.730225
vt 0.533203 0.705811
vt 0.552246 0.716309
vt 0.529785 0.640869
vt 0.524658 0.641113
vt 0.532715 0.660400
vt 0.527832 0.662842
vt 0.511719 0.647217
vt 0.531982 0.685547
vt 0.539307 0.701172
vt 0.535889 0.681152
vt 0.539307 0.701172
vt 0.540527 0.675781
vt 0.536621 0.658447
vt 0.535889 0.640625
vt 0.533203 0.636963
vt 0.527588 0.636230
vt 0.523193 0.635498
vt 0.511719 0.642090
vt 0.500732 0.640137
vt 0.503174 0.635254
vt 0.511475 0.636230
vt 0.521484 0.630127
vt 0.525146 0.630859
vt 0.529785 0.632080
vt 0.060791 0.759521
vt 0.065186 0.771973
vt 0.052734 0.760986
vt 0.036133 0.756104
vt 0.052490 0.800049
vt 0.019531 0.770020
vt 0.052490 0.800049
vt 0.079102 0.783936
vt 0.071045 0.773193
vt 0.070801 0.757568
vt 0.070312 0.746582
vt 0.088623 0.750000
vt 0.126709 0.731934
vt 0.098389 0.751465
vt 0.035400 0.852295
vt 0.098877 0.793701
vt 0.079102 0.783936
vt 0.092285 0.776611
vt 0.084473 0.769531
vt 0.105713 0.765137
vt 0.112793 0.757812
vt 0.115723 0.772461
vt 0.120361 0.780518
vt 0.148438 0.785156
vt 0.116943 0.800293
vt 0.035400 0.852295
vt 0.112793 0.757812
vt 0.118652 0.760498
vt 0.120850 0.770020
vt 0.130371 0.761475
vt 0.134521 0.769287
vt 0.145996 0.780518
vt 0.055664 0.734619
vt 0.052734 0.760986
vt 0.048584 0.743652
vt 0.036133 0.756104
vt 0.456787 0.740234
vt 0.449707 0.753174
vt 0.472900 0.741211
vt 0.471435 0.753906
vt 0.488037 0.740723
vt 0.490723 0.760010
vt 0.491211 0.720215
vt 0.473633 0.720947
vt 0.457031 0.720215
vt 0.472900 0.700684
vt 0.485107 0.699951
vt 0.462158 0.678711
vt 0.459717 0.683350
vt 0.471191 0.678467
vt 0.472168 0.681641
vt 0.485107 0.676514
vt 0.488281 0.679932
vt 0.491455 0.683594
vt 0.473145 0.685791
vt 0.458008 0.686768
vt 0.460693 0.700195
vt 0.115723 0.835449
vt 0.113770 0.837402
vt 0.114502 0.825928
vt 0.114258 0.886719
vt 0.118896 0.871826
vt 0.121826 0.872070
vt 0.119873 0.859131
vt 0.123779 0.857666
vt 0.120605 0.846680
vt 0.117432 0.847900
vt 0.113770 0.837402
vt 0.115723 0.868896
vt 0.123535 0.877930
vt 0.119141 0.877441
vt 0.117920 0.894531
vt 0.114990 0.833496
vt 0.116211 0.850342
vt 0.111816 0.854004
vt 0.119141 0.866455
vt 0.123535 0.877930
vt 0.117920 0.894531
vt 0.104004 0.893799
vt 0.119141 0.866455
vt 0.090576 0.885254
vt 0.093506 0.864258
vt 0.102783 0.846680
vt 0.118896 0.835693
vt 0.114746 0.822021
vt 0.116211 0.850342
vt 0.118896 0.835693
vt 0.115723 0.868896
vt 0.119141 0.877441
vt 0.123535 0.877930
vt 0.117920 0.894531
vt 0.123535 0.877930
vt 0.119141 0.866455
vt 0.116211 0.850342
vt 0.111816 0.854004
vt 0.118896 0.835693
vt 0.114990 0.833496
vt 0.114746 0.822021
vt 0.102783 0.846680
vt 0.093506 0.864258
vt 0.119141 0.866455
vt 0.090576 0.885254
vt 0.104004 0.893799
vt 0.117920 0.894531
vt 0.100098 0.870850
vt 0.103271 0.878906
vt 0.114502 0.879395
vt 0.114258 0.886719
vt 0.114014 0.864502
vt 0.111816 0.846924
vt 0.101318 0.851807
vt 0.112305 0.837891
vt 0.109375 0.836914
vt 0.115723 0.835449
vt 0.120605 0.846680
vt 0.123779 0.857666
vt 0.121826 0.872070
vt 0.114258 0.886719
vt 0.123779 0.857666
vt 0.121826 0.872070
vt 0.114502 0.879395
vt 0.114258 0.886719
vt 0.114014 0.864502
vt 0.120605 0.846680
vt 0.111816 0.846924
vt 0.112305 0.837891
vt 0.115723 0.835449
vt 0.114502 0.825928
vt 0.109375 0.836914
vt 0.101318 0.851807
vt 0.100098 0.870850
vt 0.103271 0.878906
vt 0.114258 0.886719
vt 0.113770 0.837402
vt 0.115723 0.835449
vt 0.117432 0.847900
vt 0.120605 0.846680
vt 0.123779 0.857666
vt 0.119873 0.859131
vt 0.121826 0.872070
vt 0.118896 0.871826
vt 0.114258 0.886719
vt 0.555664 0.307373
vt 0.548096 0.304199
vt 0.551758 0.299072
vt 0.532959 0.305176
vt 0.537598 0.298584
vt 0.537109 0.303223
vt 0.551758 0.299072
vt 0.548340 0.293701
vt 0.551758 0.288574
vt 0.558350 0.296143
vt 0.555664 0.307373
vt 0.520264 0.299316
vt 0.524414 0.304199
vt 0.515137 0.288574
vt 0.507080 0.292480
vt 0.490723 0.274658
vt 0.483154 0.288330
vt 0.468750 0.274414
vt 0.462158 0.289795
vt 0.456543 0.296387
vt 0.476074 0.292725
vt 0.498779 0.295410
vt 0.512695 0.300781
vt 0.519287 0.306885
vt 0.420166 0.262207
vt 0.449707 0.254395
vt 0.440918 0.280273
vt 0.433838 0.294678
vt 0.424072 0.305176
vt 0.385010 0.301270
vt 0.376953 0.310547
vt 0.344971 0.302246
vt 0.320068 0.316650
vt 0.310303 0.311279
vt 0.267090 0.326660
vt 0.269531 0.320068
vt 0.221680 0.321533
vt 0.373291 0.316895
vt 0.314697 0.325928
vt 0.264404 0.333984
vt 0.218750 0.327881
vt 0.215820 0.334717
vt 0.168945 0.314941
vt 0.166016 0.321533
vt 0.121338 0.291016
vt 0.118408 0.296875
vt 0.081787 0.259521
vt 0.172119 0.309326
vt 0.124756 0.286133
vt 0.085205 0.255615
vt 0.054443 0.213867
vt 0.050781 0.216797
vt 0.034424 0.159180
vt 0.030762 0.160645
vt 0.047119 0.220459
vt 0.027344 0.163818
vt 0.043213 0.224365
vt 0.078369 0.264404
vt 0.115723 0.303467
vt 0.074707 0.270020
vt 0.020020 0.167969
vt 0.013428 0.112061
vt 0.017090 0.108154
vt 0.021484 0.103760
vt 0.022705 0.060059
vt 0.019531 0.062256
vt 0.032471 0.013916
vt 0.024170 0.060059
vt 0.024170 0.102783
vt 0.028320 0.098145
vt 0.026367 0.058594
vt 0.032471 0.053467
vt 0.029785 0.058350
vt 0.017090 0.108154
vt 0.016846 0.061279
vt 0.032471 0.013916
vt 0.583008 0.108398
vt 0.604248 0.088623
vt 0.608887 0.093750
vt 0.624756 0.084473
vt 0.617676 0.094971
vt 0.604736 0.108154
vt 0.615479 0.105713
vt 0.600830 0.114502
vt 0.589111 0.127930
vt 0.585205 0.122559
vt 0.607910 0.118164
vt 0.615234 0.113525
vt 0.621826 0.105957
vt 0.630127 0.088623
vt 0.634766 0.073975
vt 0.625244 0.075439
vt 0.628174 0.583984
vt 0.629394 0.572754
vt 0.623291 0.575684
vt 0.623291 0.575684
vt 0.620850 0.563232
vt 0.617920 0.570801
vt 0.610840 0.577393
vt 0.611816 0.565186
vt 0.620850 0.563232
vt 0.614502 0.556152
vt 0.595215 0.561768
vt 0.591797 0.569580
vt 0.581299 0.561035
vt 0.574951 0.566162
vt 0.567871 0.560791
vt 0.572754 0.553223
vt 0.558106 0.551514
vt 0.563965 0.544434
vt 0.549805 0.530518
vt 0.553955 0.525146
vt 0.585693 0.573486
vt 0.593750 0.582764
vt 0.578125 0.578613
vt 0.556885 0.577637
vt 0.558594 0.565430
vt 0.540527 0.536133
vt 0.526367 0.514404
vt 0.536377 0.504639
vt 0.538330 0.496826
vt 0.546631 0.577881
vt 0.544190 0.567383
vt 0.536377 0.543701
vt 0.526611 0.531982
vt 0.519775 0.547363
vt 0.534912 0.580322
vt 0.527832 0.564697
vt 0.498779 0.549561
vt 0.506592 0.567871
vt 0.475342 0.549316
vt 0.518799 0.579346
vt 0.516602 0.572754
vt 0.495361 0.577637
vt 0.532471 0.596924
vt 0.547363 0.584229
vt 0.527832 0.593750
vt 0.538818 0.583496
vt 0.525146 0.590088
vt 0.499023 0.588135
vt 0.569824 0.582275
vt 0.585205 0.584961
vt 0.593506 0.589600
vt 0.597412 0.585205
vt 0.611572 0.581543
vt 0.623047 0.581543
vt 0.628174 0.583984
vt 0.541016 0.326904
vt 0.532959 0.322510
vt 0.548828 0.316162
vt 0.548096 0.304199
vt 0.555664 0.307373
vt 0.542725 0.312012
vt 0.532959 0.322510
vt 0.536621 0.309326
vt 0.537109 0.303223
vt 0.548096 0.304199
vt 0.542725 0.312012
vt 0.528076 0.320557
vt 0.523682 0.318359
vt 0.529541 0.310059
vt 0.520264 0.315186
vt 0.519775 0.310547
vt 0.524414 0.304199
vt 0.519287 0.306885
vt 0.537109 0.303223
vt 0.532959 0.305176
vt 0.524414 0.304199
vt 0.372315 0.323730
vt 0.366699 0.345215
vt 0.371094 0.350586
vt 0.377685 0.349854
vt 0.376709 0.386719
vt 0.383789 0.381592
vt 0.394287 0.412354
vt 0.384522 0.416504
vt 0.410645 0.442871
vt 0.399414 0.450928
vt 0.422119 0.481201
vt 0.431885 0.474854
vt 0.453369 0.503174
vt 0.442139 0.509766
vt 0.466553 0.529785
vt 0.452393 0.536865
vt 0.461182 0.558594
vt 0.461182 0.632568
vt 0.501953 0.614014
vt 0.503662 0.606689
vt 0.460938 0.626953
vt 0.413574 0.653320
vt 0.409668 0.647217
vt 0.361328 0.667725
vt 0.259522 0.674805
vt 0.313232 0.677979
vt 0.262940 0.666016
vt 0.316406 0.668945
vt 0.266357 0.649658
vt 0.319580 0.654053
vt 0.366455 0.645996
vt 0.364014 0.658203
vt 0.569092 0.437012
vt 0.583984 0.421631
vt 0.580322 0.414307
vt 0.548096 0.465088
vt 0.554932 0.450195
vt 0.551269 0.444336
vt 0.566162 0.429688
vt 0.545654 0.433594
vt 0.561768 0.421143
vt 0.576904 0.407471
vt 0.532715 0.476074
vt 0.538086 0.472412
vt 0.543701 0.483887
vt 0.541016 0.458008
vt 0.531738 0.451904
vt 0.595215 0.397705
vt 0.596435 0.406494
vt 0.593262 0.392334
vt 0.588135 0.384033
vt 0.614258 0.378662
vt 0.615479 0.382324
vt 0.616943 0.386230
vt 0.615479 0.393066
vt 0.614014 0.398682
vt 0.608398 0.370850
vt 0.621826 0.360352
vt 0.626953 0.370850
vt 0.625488 0.377197
vt 0.624268 0.383057
vt 0.624023 0.388428
vt 0.624023 0.394043
vt 0.624268 0.329102
vt 0.617432 0.343506
vt 0.639404 0.346680
vt 0.646484 0.361816
vt 0.645019 0.369141
vt 0.643310 0.376465
vt 0.641846 0.382080
vt 0.640137 0.390381
vt 0.315185 0.332031
vt 0.263428 0.339844
vt 0.214111 0.340332
vt 0.163574 0.327148
vt 0.067139 0.549316
vt 0.102051 0.603027
vt 0.110107 0.593994
vt 0.152832 0.636230
vt 0.038574 0.497559
vt 0.071533 0.540283
vt 0.111572 0.578613
vt 0.156738 0.628906
vt 0.207520 0.651855
vt 0.204102 0.660156
vt 0.017334 0.401367
vt 0.024902 0.448975
vt 0.032715 0.437744
vt 0.030273 0.448730
vt 0.043213 0.486328
vt 0.597168 0.597656
vt 0.600830 0.599365
vt 0.595215 0.593262
vt 0.602539 0.588623
vt 0.593506 0.589600
vt 0.628174 0.583984
vt 0.623047 0.581543
vt 0.625000 0.595215
vt 0.620361 0.590332
vt 0.617188 0.606689
vt 0.612793 0.602051
vt 0.607422 0.601074
vt 0.612549 0.587891
vt 0.597412 0.585205
vt 0.593506 0.589600
vt 0.623047 0.581543
vt 0.611572 0.581543
vt 0.378418 0.036133
vt 0.373779 0.035645
vt 0.389160 0.006592
vt 0.371094 0.033936
vt 0.368164 0.032959
vt 0.369629 0.028564
vt 0.174805 0.064941
vt 0.170898 0.064697
vt 0.176270 0.061279
vt 0.171143 0.030762
vt 0.167480 0.066162
vt 0.162842 0.066650
vt 0.175293 0.096924
vt 0.190186 0.134521
vt 0.171631 0.099609
vt 0.185791 0.138916
vt 0.169678 0.100342
vt 0.202393 0.181641
vt 0.179688 0.142334
vt 0.204102 0.180176
vt 0.182617 0.141113
vt 0.209717 0.177246
vt 0.167236 0.101807
vt 0.275147 0.242676
vt 0.234619 0.215332
vt 0.278320 0.239990
vt 0.237549 0.213867
vt 0.242920 0.208984
vt 0.380127 0.196777
vt 0.366699 0.166260
vt 0.377685 0.172852
vt 0.361572 0.137939
vt 0.355957 0.134033
vt 0.354248 0.100342
vt 0.401611 0.185303
vt 0.383057 0.170166
vt 0.391846 0.162354
vt 0.380371 0.159424
vt 0.367432 0.135498
vt 0.374023 0.130859
vt 0.363525 0.102783
vt 0.372315 0.101562
vt 0.365234 0.067627
vt 0.357422 0.100098
vt 0.902100 0.215088
vt 0.924072 0.212646
vt 0.902832 0.225342
vt 0.915283 0.233643
vt 0.899170 0.238037
vt 0.895508 0.250488
vt 0.410645 0.278320
vt 0.381836 0.263184
vt 0.373535 0.272461
vt 0.336914 0.251221
vt 0.327148 0.259521
vt 0.284668 0.233398
vt 0.498535 0.184570
vt 0.511475 0.167236
vt 0.512695 0.172852
vt 0.529541 0.160400
vt 0.528565 0.154541
vt 0.532227 0.163818
vt 0.515625 0.175781
vt 0.500488 0.188965
vt 0.487549 0.208252
vt 0.494141 0.210693
vt 0.505615 0.190186
vt 0.498291 0.178223
vt 0.510010 0.161133
vt 0.526856 0.149414
vt 0.530029 0.140869
vt 0.503418 0.154541
vt 0.492676 0.184082
vt 0.481201 0.199951
vt 0.474365 0.226074
vt 0.465088 0.218994
vt 0.451416 0.237549
vt 0.498779 0.209961
vt 0.497315 0.237793
vt 0.492920 0.239502
vt 0.499512 0.259766
vt 0.496582 0.262451
vt 0.502685 0.273193
vt 0.505615 0.272461
vt 0.507568 0.279541
vt 0.511719 0.276855
vt 0.522949 0.286377
vt 0.525146 0.283447
vt 0.543945 0.286621
vt 0.546875 0.282959
vt 0.551758 0.288574
vt 0.485352 0.243164
vt 0.473633 0.249756
vt 0.451416 0.237549
vt 0.416016 0.219482
vt 0.423096 0.212158
vt 0.432373 0.216309
vt 0.444824 0.221680
vt 0.453125 0.219727
vt 0.469727 0.586670
vt 0.443115 0.587402
vt 0.435059 0.596680
vt 0.400391 0.584717
vt 0.389893 0.596191
vt 0.341553 0.586426
vt 0.351318 0.572998
vt 0.304932 0.555176
vt 0.292969 0.569336
vt 0.239746 0.535645
vt 0.261963 0.529541
vt 0.225830 0.497070
vt 0.209229 0.492432
vt 0.362305 0.554199
vt 0.404297 0.566650
vt 0.318848 0.536133
vt 0.272461 0.510742
vt 0.229004 0.484619
vt 0.199219 0.459961
vt 0.188232 0.457520
vt 0.178467 0.424316
vt 0.187256 0.422363
vt 0.171143 0.386963
vt 0.189209 0.415039
vn -0.2821 0.3218 -0.9038
vn -0.1355 0.1078 -0.9849
vn 0.6373 -0.7703 0.0220
vn 0.4846 0.2423 0.8405
vn 0.2028 -0.8486 0.4887
vn 0.2719 -0.8383 0.4726
vn 0.2525 -0.8730 0.4173
vn 0.1924 -0.8823 0.4295
vn 0.1853 -0.8068 0.5611
vn 0.1680 -0.8317 0.5293
vn 0.1862 -0.8829 0.4310
vn 0.3087 -0.8617 0.4027
vn 0.2482 -0.7960 0.5521
vn 0.2884 -0.7506 0.5945
vn 0.1267 -0.6168 0.7768
vn 0.1178 -0.6403 0.7591
vn 0.0422 -0.5561 0.8301
vn 0.0750 -0.4939 0.8663
vn 0.0582 -0.4543 0.8890
vn 0.2477 -0.4395 0.8634
vn -0.0163 -0.5008 0.8654
vn -0.0388 -0.4776 0.8777
vn 0.0550 -0.6963 0.7156
vn 0.0286 -0.6970 0.7165
vn 0.0202 -0.7123 0.7015
vn -0.0494 -0.6588 0.7507
vn -0.0481 -0.6589 0.7507
vn -0.0579 -0.6452 0.7618
vn -0.0518 -0.6164 0.7858
vn -0.0116 -0.5913 0.8064
vn -0.0645 -0.5823 0.8104
vn -0.0330 -0.6096 0.7920
vn -0.0283 -0.6364 0.7709
vn -0.0989 -0.6338 0.7671
vn -0.0324 -0.6541 0.7557
vn 0.0059 -0.6180 0.7862
vn 0.0304 -0.6168 0.7865
vn 0.0182 -0.5031 0.8640
vn 0.0245 -0.4992 0.8662
vn 0.0215 -0.5011 0.8651
vn 0.0248 -0.4992 0.8661
vn -0.0051 -0.3804 0.9248
vn -0.4554 -0.6101 0.6484
vn -0.4257 -0.6047 0.6732
vn -0.3813 -0.6380 0.6690
vn -0.3758 -0.6280 0.6815
vn -0.2861 -0.6673 0.6877
vn -0.3051 -0.6839 0.6627
vn -0.3053 -0.6218 0.7212
vn -0.2777 -0.6447 0.7122
vn -0.3975 -0.6526 0.6451
vn -0.3972 -0.6518 0.6461
vn -0.3973 -0.6524 0.6454
vn -0.3972 -0.6514 0.6465
vn -0.4705 -0.6292 0.6186
vn -0.4831 -0.6433 0.5940
vn -0.4359 -0.6582 0.6138
vn -0.6185 -0.4521 0.6427
vn -0.0399 -0.3099 0.9499
vn -0.3701 -0.3662 0.8538
vn -0.2991 -0.5320 0.7922
vn -0.2935 -0.5288 0.7964
vn -0.2964 -0.5304 0.7942
vn -0.2922 -0.5268 0.7982
vn -0.2974 -0.5280 0.7954
vn -0.2973 -0.5281 0.7954
vn -0.2969 -0.5284 0.7954
vn -0.1215 -0.3840 0.9153
vn -0.1774 -0.4394 0.8806
vn -0.3483 -0.5980 0.7218
vn -0.3355 -0.5340 0.7761
vn -0.2923 -0.5266 0.7983
vn -0.2759 -0.5323 0.8003
vn -0.2764 -0.6197 0.7345
vn -0.2806 -0.6140 0.7377
vn -0.2817 -0.6126 0.7385
vn -0.2761 -0.6202 0.7343
vn -0.1453 -0.5256 0.8383
vn -0.0803 -0.6142 0.7850
vn -0.0586 -0.5943 0.8021
vn 0.0173 -0.6142 0.7890
vn 0.1363 -0.3976 0.9074
vn 0.1916 -0.3905 0.9004
vn 0.2413 -0.1633 0.9566
vn -0.2173 -0.6719 0.7080
vn -0.3455 -0.7719 0.5337
vn -0.3241 -0.6762 0.6616
vn -0.3265 -0.6730 0.6637
vn -0.3267 -0.6727 0.6639
vn -0.3239 -0.6763 0.6616
vn -0.2685 -0.6852 0.6771
vn -0.2707 -0.6902 0.6711
vn -0.2861 -0.6617 0.6930
vn -0.1604 -0.7155 0.6800
vn -0.1305 -0.7021 0.7000
vn -0.0737 -0.7161 0.6941
vn 0.0059 -0.6629 0.7487
vn -0.0365 -0.6469 0.7617
vn -0.0393 -0.7795 0.6252
vn -0.0209 -0.7488 0.6625
vn -0.0783 -0.7478 0.6593
vn -0.0818 -0.7509 0.6553
vn -0.0776 -0.7473 0.6599
vn -0.0820 -0.7513 0.6548
vn 0.0986 -0.8964 0.4321
vn 0.0438 -0.8634 0.5027
vn -0.0635 -0.8640 0.4995
vn -0.0562 -0.8452 0.5314
vn -0.1658 -0.8346 0.5253
vn -0.1485 -0.8118 0.5647
vn 0.2835 -0.3917 0.8753
vn 0.1889 -0.2804 0.9411
vn 0.0308 -0.6184 0.7852
vn 0.1146 -0.6711 0.7324
vn -0.0927 -0.1146 0.9891
vn 0.0007 -0.2203 0.9754
vn 0.4546 -0.4591 0.7633
vn 0.3454 -0.7448 0.5710
vn 0.2758 -0.7247 0.6315
vn 0.3230 -0.6677 0.6707
vn 0.3310 -0.7163 0.6142
vn 0.0728 0.5229 -0.8493
vn 0.0549 0.6812 -0.7300
vn 0.0077 0.6893 -0.7245
vn -0.0299 0.6514 -0.7582
vn -0.0365 0.6534 -0.7561
vn -0.0294 0.6510 -0.7585
vn -0.0374 0.6536 -0.7559
vn -0.0595 0.6065 -0.7929
vn -0.0317 0.5926 -0.8048
vn -0.1255 0.7228 -0.6796
vn -0.0686 0.6192 -0.7823
vn -0.0193 0.6047 -0.7962
vn -0.0158 0.6560 -0.7546
vn 0.0145 0.6531 -0.7571
vn 0.0407 0.6958 -0.7171
vn 0.0906 0.5779 -0.8111
vn 0.1346 0.5161 -0.8459
vn 0.0830 0.7005 -0.7088
vn 0.0829 0.6993 -0.7100
vn 0.0826 0.6934 -0.7158
vn 0.0826 0.6919 -0.7172
vn 0.0994 0.7080 -0.6991
vn 0.1129 0.5753 -0.8101
vn 0.1182 0.5958 -0.7944
vn -0.1004 0.9846 -0.1434
vn -0.1260 0.9682 -0.2162
vn 0.0002 0.9636 -0.2674
vn 0.0151 0.9448 -0.3272
vn 0.1286 0.9256 -0.3561
vn 0.1255 0.9240 -0.3612
vn 0.1278 0.9252 -0.3575
vn 0.1246 0.9236 -0.3626
vn 0.2906 0.8649 -0.4093
vn 0.2879 0.9002 -0.3267
vn 0.4177 0.7752 -0.4740
vn 0.5925 0.7498 -0.2946
vn 0.6080 0.7075 -0.3603
vn 0.1777 0.6754 -0.7157
vn 0.1725 0.6841 -0.7087
vn 0.2791 0.6586 -0.6988
vn 0.2697 0.6380 -0.7213
vn 0.3130 0.6315 -0.7094
vn 0.3209 0.6196 -0.7163
vn 0.3211 0.6203 -0.7156
vn 0.3201 0.6156 -0.7201
vn 0.4006 0.6094 -0.6843
vn 0.3888 0.6404 -0.6623
vn 0.4716 0.5922 -0.6534
vn 0.4979 0.6180 -0.6084
vn 0.5014 0.6152 -0.6084
vn 0.4984 0.6176 -0.6085
vn 0.5023 0.6145 -0.6083
vn 0.6435 0.5624 -0.5191
vn 0.5539 0.4484 -0.7015
vn 0.5660 0.4981 -0.6570
vn 0.5435 0.4598 -0.7023
vn 0.6295 0.6243 -0.4626
vn 0.6300 0.6235 -0.4629
vn 0.6337 0.6184 -0.4647
vn 0.6342 0.6178 -0.4649
vn 0.6378 0.6679 -0.3837
vn 0.3382 -0.4330 0.8355
vn -0.0902 -0.9010 0.4243
vn -0.1808 -0.9708 0.1577
vn -0.0295 -0.9711 0.2369
vn 0.0418 -0.9430 0.3302
vn 0.0865 -0.7017 0.7072
vn 0.1697 -0.6774 0.7158
vn 0.0717 -0.8888 0.4527
vn -0.0020 -0.5956 0.8033
vn -0.0210 -0.6235 0.7815
vn 0.1115 -0.5004 0.8586
vn 0.1149 -0.5009 0.8578
vn 0.1146 -0.5010 0.8578
vn 0.1149 -0.5011 0.8577
vn 0.2028 -0.4406 0.8745
vn 0.2940 -0.4917 0.8196
vn 0.2967 -0.5256 0.7973
vn 0.6064 -0.2312 0.7608
vn 0.5661 -0.3478 0.7474
vn 0.6849 -0.2737 0.6753
vn 0.7250 -0.3002 0.6199
vn 0.6700 -0.0884 0.7371
vn 0.6734 -0.0664 0.7363
vn 0.0605 -0.9941 0.0903
vn 0.3635 -0.8164 0.4488
vn 0.7766 -0.4213 0.4684
vn 0.8300 -0.3968 0.3919
vn 0.8603 -0.1101 0.4978
vn 0.6289 -0.1505 0.7628
vn 0.7027 -0.3038 0.6434
vn 0.6777 -0.3413 0.6513
vn -0.3898 0.4405 -0.8087
vn -0.3900 0.4400 -0.8089
vn -0.3912 0.4368 -0.8100
vn -0.4492 0.5481 -0.7055
vn -0.5464 0.2289 -0.8056
vn -0.5384 0.2403 -0.8077
vn -0.5192 0.3192 -0.7928
vn -0.5316 0.3102 -0.7881
vn -0.4182 0.4909 -0.7643
vn -0.4063 0.4902 -0.7711
vn -0.3409 0.5494 -0.7628
vn -0.3410 0.5495 -0.7627
vn -0.3412 0.5496 -0.7626
vn -0.3407 0.5494 -0.7630
vn -0.3378 0.5037 -0.7951
vn -0.3168 0.5063 -0.8021
vn -0.2951 0.4113 -0.8624
vn -0.2407 0.4296 -0.8703
vn -0.2142 0.3702 -0.9039
vn -0.3912 0.4367 -0.8101
vn -0.3744 0.3857 -0.8433
vn -0.3157 0.3872 -0.8663
vn -0.3172 0.3923 -0.8634
vn -0.2368 0.3548 -0.9044
vn -0.2045 0.2821 -0.9373
vn -0.1710 0.2517 -0.9526
vn -0.1667 0.2525 -0.9531
vn -0.1673 0.2524 -0.9530
vn -0.1471 0.1676 -0.9748
vn -0.1576 0.1795 -0.9710
vn -0.1396 0.1678 -0.9759
vn -0.1589 0.1756 -0.9716
vn -0.1405 0.2099 -0.9676
vn -0.1714 0.2515 -0.9526
vn -0.1786 0.3642 -0.9140
vn -0.2723 0.1995 -0.9413
vn -0.2230 0.1681 -0.9602
vn -0.2416 0.1161 -0.9634
vn -0.2531 0.1078 -0.9614
vn -0.2401 0.1140 -0.9640
vn -0.2571 0.0757 -0.9634
vn -0.1412 0.1560 -0.9776
vn -0.2274 0.1283 -0.9653
vn -0.2206 0.1246 -0.9674
vn -0.2284 0.0959 -0.9688
vn -0.1602 0.1353 -0.9778
vn -0.1786 0.1619 -0.9705
vn -0.1729 0.1745 -0.9694
vn -0.2087 0.0276 -0.9776
vn -0.3222 0.0684 -0.9442
vn -0.2468 -0.0496 -0.9678
vn 0.2941 -0.0966 0.9509
vn 0.0777 -0.0757 0.9941
vn 0.2932 -0.0796 0.9527
vn -0.0135 -0.0759 0.9970
vn 0.0168 -0.0656 0.9977
vn 0.0101 -0.1818 0.9833
vn 0.0511 -0.1804 0.9823
vn 0.0934 -0.1171 0.9887
vn 0.0325 -0.1903 0.9812
vn 0.1117 -0.2502 0.9617
vn 0.0793 -0.3416 0.9365
vn 0.1205 -0.3642 0.9235
vn 0.1422 -0.3571 0.9232
vn 0.0965 -0.3060 0.9471
vn -0.0230 -0.2543 0.9669
vn 0.0197 -0.2844 0.9585
vn 0.2440 -0.5386 0.8064
vn 0.5391 -0.1385 0.8308
vn 0.6796 -0.0368 0.7326
vn 0.2698 -0.2211 0.9372
vn 0.2568 -0.2508 0.9333
vn 0.0765 -0.3410 0.9370
vn 0.1073 -0.3833 0.9174
vn 0.1750 -0.3686 0.9130
vn 0.1712 -0.3945 0.9028
vn 0.3326 -0.3087 0.8911
vn 0.4099 0.5045 -0.7599
vn 0.4094 0.5033 -0.7609
vn 0.3388 0.6546 -0.6758
vn 0.2949 0.5963 -0.7466
vn 0.3002 0.6187 -0.7260
vn 0.3200 0.6150 -0.7207
vn 0.2536 0.7027 -0.6647
vn 0.1985 0.4085 -0.8909
vn 0.3835 0.5755 -0.7223
vn 0.3773 0.5446 -0.7490
vn 0.4914 0.5542 -0.6719
vn 0.4852 0.4940 -0.7215
vn 0.6518 0.5779 -0.4911
vn 0.7280 0.2599 -0.6344
vn 0.3238 0.3409 -0.8826
vn 0.4683 0.4554 -0.7572
vn 0.4661 0.3576 -0.8092
vn 0.2315 0.4309 -0.8722
vn 0.2428 0.4510 -0.8589
vn 0.2521 0.4501 -0.8567
vn 0.2444 0.4510 -0.8584
vn 0.2536 0.4498 -0.8564
vn -0.5230 0.3010 -0.7975
vn -0.5508 0.2329 -0.8015
vn 0.3454 0.3099 -0.8858
vn 0.4011 0.4011 -0.8236
vn 0.3211 0.4781 -0.8175
vn 0.3207 0.4756 -0.8191
vn 0.6152 -0.2743 -0.7391
vn 0.6780 -0.1175 -0.7256
vn 0.6227 -0.0713 -0.7792
vn 0.5821 -0.3917 -0.7126
vn 0.7188 -0.3565 -0.5969
vn 0.6123 -0.2031 -0.7641
vn 0.6175 -0.1896 -0.7634
vn 0.7262 -0.1227 -0.6764
vn 0.1393 0.4511 -0.8815
vn 0.1328 0.4440 -0.8861
vn 0.1390 0.4507 -0.8818
vn 0.1322 0.4434 -0.8865
vn 0.3370 0.4652 -0.8185
vn 0.2455 0.7272 -0.6411
vn 0.1347 0.5520 -0.8229
vn 0.1510 0.5512 -0.8206
vn 0.0789 0.6190 -0.7814
vn 0.0793 0.6189 -0.7815
vn 0.0817 0.6183 -0.7816
vn 0.0821 0.6183 -0.7817
vn 0.2473 0.7304 -0.6367
vn 0.1989 0.7979 -0.5691
vn 0.2217 0.7978 -0.5607
vn 0.2198 0.8000 -0.5582
vn -0.1794 0.7812 -0.5980
vn 0.0458 0.6601 -0.7498
vn 0.0218 0.6619 -0.7493
vn -0.0019 0.6873 -0.7264
vn -0.0291 0.6906 -0.7226
vn -0.0572 0.7390 -0.6713
vn -0.1227 0.7198 -0.6833
vn -0.1204 0.7197 -0.6838
vn 0.0529 0.6726 -0.7381
vn 0.0486 0.6721 -0.7388
vn 0.0525 0.6727 -0.7381
vn 0.0486 0.6715 -0.7394
vn 0.0925 0.6364 -0.7658
vn 0.1179 0.6342 -0.7641
vn 0.1575 0.5784 -0.8004
vn 0.1957 0.5565 -0.8075
vn 0.2077 0.5252 -0.8252
vn 0.1915 0.4841 -0.8538
vn 0.2087 0.4898 -0.8465
vn 0.2318 0.3224 -0.9178
vn 0.2745 0.3742 -0.8858
vn 0.3116 0.2846 -0.9066
vn 0.3694 0.3311 -0.8683
vn 0.6094 0.0271 -0.7924
vn 0.1356 0.2853 -0.9488
vn 0.1280 0.3139 -0.9408
vn 0.3953 0.5136 -0.7616
vn 0.5285 0.1403 -0.8373
vn 0.1816 0.1926 -0.9643
vn 0.4779 0.0456 -0.8772
vn 0.4537 0.0262 -0.8908
vn 0.1099 0.1730 -0.9788
vn 0.1342 0.3339 -0.9330
vn 0.1255 0.3468 -0.9295
vn 0.1686 0.3243 -0.9308
vn -0.3139 0.7167 -0.6227
vn -0.3879 0.7461 -0.5411
vn -0.4206 0.8542 -0.3057
vn -0.4026 0.8549 -0.3271
vn -0.4662 0.7995 -0.3788
vn -0.4130 0.9083 -0.0666
vn -0.3361 0.9394 -0.0682
vn -0.7084 -0.6246 0.3286
vn -0.7074 -0.6207 0.3381
vn -0.7082 -0.6236 0.3312
vn -0.7076 -0.6206 0.3378
vn -0.5212 -0.6993 0.4893
vn -0.5330 -0.6638 0.5247
vn -0.5646 -0.6788 0.4695
vn -0.6692 -0.5949 0.4452
vn -0.7077 -0.6206 0.3376
vn -0.3479 -0.7274 0.5916
vn -0.4764 -0.6899 0.5451
vn -0.4855 -0.7033 0.5193
vn -0.5671 -0.6515 0.5039
vn -0.5693 -0.6527 0.4999
vn -0.5679 -0.6519 0.5024
vn -0.5701 -0.6531 0.4984
vn -0.5357 -0.6413 0.5494
vn -0.4102 -0.7044 0.5793
vn -0.4277 -0.6575 0.6203
vn 0.6835 -0.7259 0.0770
vn 0.7847 -0.6199 0.0019
vn 0.4990 -0.8660 -0.0324
vn 0.5263 -0.8478 -0.0653
vn 0.5403 -0.8021 -0.2542
vn 0.5688 -0.8014 -0.1851
vn 0.7911 -0.6114 -0.0186
vn 0.5373 -0.6239 -0.5675
vn 0.4906 -0.7245 0.4841
vn 0.4439 -0.6542 0.6123
vn 0.5582 -0.6832 0.4708
vn 0.5755 -0.6789 0.4560
vn 0.5976 -0.6865 0.4142
vn 0.4326 -0.7243 0.5369
vn 0.6097 -0.7306 0.3074
vn 0.6069 -0.7321 0.3093
vn 0.6057 -0.7328 0.3100
vn 0.6110 -0.7299 0.3065
vn 0.4770 -0.6780 0.5593
vn 0.4285 -0.7170 0.5498
vn 0.3075 -0.5826 0.7523
vn 0.3049 -0.5816 0.7542
vn 0.3042 -0.5813 0.7547
vn 0.3080 -0.5828 0.7520
vn 0.2951 -0.5910 0.7507
vn 0.4330 -0.6734 0.5992
vn -0.3129 -0.5604 0.7668
vn 0.5689 -0.0358 -0.8217
vn 0.6836 0.0243 -0.7295
vn 0.7000 -0.0421 -0.7129
vn -0.7203 -0.3590 -0.5935
vn -0.3440 0.3115 -0.8858
vn -0.3646 0.2729 -0.8903
vn -0.2195 0.4250 -0.8782
vn -0.1611 0.5803 -0.7983
vn -0.1723 0.5883 -0.7901
vn 0.0741 0.6694 -0.7392
vn -0.3229 0.2362 -0.9165
vn 0.1493 0.5922 -0.7918
vn 0.1772 0.4490 -0.8758
vn 0.2570 0.5257 -0.8109
vn 0.2003 0.5334 -0.8218
vn 0.2491 0.6702 -0.6992
vn 0.1805 0.6845 -0.7063
vn 0.1689 0.6994 -0.6945
vn 0.1522 0.5800 -0.8003
vn 0.1976 0.5711 -0.7968
vn -0.5548 -0.7358 0.3884
vn -0.3991 -0.6684 0.6277
vn -0.4734 0.1366 -0.8702
vn -0.4118 0.2678 -0.8710
vn 0.5862 0.7128 -0.3850
vn 0.3385 0.6327 -0.6965
vn -0.1891 0.2321 -0.9541
vn -0.1853 0.1899 -0.9641
vn -0.1707 0.1430 0.9749
vn -0.1489 0.2070 0.9669
vn -0.1950 0.3685 0.9090
vn -0.0939 -0.4018 0.9109
vn -0.0759 -0.1459 0.9864
vn -0.0347 -0.6115 0.7905
vn 0.0573 0.7389 -0.6714
vn -0.0286 0.7279 -0.6851
vn -0.1820 0.0635 -0.9812
vn -0.3207 -0.0172 -0.9470
vn 0.1901 -0.8694 0.4561
vn 0.0283 -0.8253 0.5640
vn 0.0351 -0.7666 0.6411
vn 0.0261 -0.7928 0.6089
vn -0.0809 -0.7309 0.6777
vn -0.1657 -0.7991 0.5779
vn -0.3199 -0.7270 0.6076
vn -0.3657 -0.7571 0.5413
vn -0.1167 -0.6400 0.7595
vn -0.1166 -0.6403 0.7592
vn -0.1167 -0.6401 0.7594
vn -0.2059 -0.6023 0.7713
vn -0.2250 -0.6238 0.7485
vn -0.2109 -0.6432 0.7361
vn -0.1169 -0.6330 0.7653
vn 0.5808 -0.6030 0.5469
vn 0.5738 -0.6064 0.5504
vn 0.5792 -0.6038 0.5477
vn 0.5720 -0.6073 0.5513
vn 0.6154 -0.5984 0.5130
vn 0.5782 -0.5817 0.5721
vn 0.2899 -0.5616 0.7750
vn 0.4116 -0.5812 0.7020
vn 0.3832 -0.6158 0.6885
vn 0.3278 -0.5268 0.7843
vn 0.3871 -0.5328 0.7526
vn 0.3949 -0.5515 0.7348
vn 0.1348 -0.4207 0.8971
vn 0.1106 -0.4771 0.8719
vn -0.0351 -0.1645 0.9858
vn 0.1100 -0.1956 0.9745
vn 0.0661 0.3246 0.9435
vn 0.0263 0.3111 0.9500
vn 0.2241 -0.1626 0.9609
vn 0.2422 -0.8548 0.4589
vn 0.2174 -0.8000 0.5592
vn 0.1225 -0.7184 0.6848
vn -0.0057 0.7116 -0.7026
vn 0.0286 0.7278 -0.6851
vn -0.0572 0.7388 -0.6714
vn 0.2335 0.5545 -0.7988
vn 0.2491 0.5706 -0.7825
vn 0.2410 0.5079 -0.8270
vn 0.2525 0.5145 -0.8195
vn 0.2866 0.4847 -0.8264
vn 0.2615 0.4794 -0.8377
vn 0.3047 0.5267 -0.7936
vn 0.2462 0.4935 -0.8341
vn 0.0832 -0.1871 0.9788
vn 0.0214 -0.1955 0.9805
vn 0.2905 -0.1804 0.9397
vn 0.3487 -0.1671 0.9222
vn 0.3303 -0.2554 0.9087
vn 0.2593 -0.2931 0.9202
vn -0.0989 -0.3757 0.9214
vn 0.0076 -0.3393 0.9406
vn 0.0427 -0.3393 0.9397
vn -0.0257 -0.2867 0.9577
vn 0.0929 -0.2022 0.9749
vn -0.0302 -0.1545 0.9875
vn -0.1560 -0.7430 0.6508
vn -0.1654 -0.7315 0.6614
vn -0.2489 -0.7143 0.6541
vn -0.2517 -0.7906 0.5582
vn -0.2623 -0.7534 0.6029
vn -0.3560 -0.7325 0.5803
vn -0.1901 -0.8694 0.4561
vn -0.0283 -0.8253 0.5640
vn -0.0261 -0.7928 0.6089
vn -0.0351 -0.7666 0.6411
vn 0.1309 -0.2991 0.9452
vn 0.1257 -0.3092 0.9426
vn 0.1299 -0.3011 0.9447
vn 0.1251 -0.3102 0.9424
vn 0.1436 -0.3334 0.9318
vn 0.1453 -0.3718 0.9169
vn 0.5901 -0.1755 0.7880
vn 0.3697 -0.7052 0.6050
vn 0.3282 -0.7307 0.5986
vn 0.1099 -0.9239 0.3666
vn -0.1656 0.6598 -0.7330
vn -0.2209 0.6744 -0.7045
vn -0.0320 0.5748 -0.8177
vn -0.3355 0.9398 -0.0652
vn -0.0092 0.6082 -0.7937
vn -0.0569 0.6065 -0.7931
vn -0.1019 0.6353 -0.7655
vn -0.1253 0.6282 -0.7679
vn -0.4188 0.7220 -0.5508
vn -0.0942 -0.4409 0.8926
vn -0.0958 -0.4050 0.9093
vn -0.0248 -0.3701 0.9286
vn -0.0204 -0.4391 0.8982
vn 0.0193 -0.4291 0.9031
vn 0.3962 0.7027 -0.5910
vn 0.4245 0.6840 -0.5933
vn 0.4706 0.3035 -0.8285
vn 0.2773 0.3631 -0.8895
vn 0.2759 0.3124 -0.9090
vn 0.4493 -0.6249 0.6384
vn 0.2975 -0.6956 0.6539
vn 0.3673 -0.6251 0.6887
vn 0.2084 -0.5863 0.7828
vn 0.0666 -0.9469 0.3145
vn 0.1991 -0.8579 0.4737
vn 0.2858 -0.8434 0.4550
vn 0.2732 -0.8509 0.4488
vn 0.1614 0.5797 -0.7987
vn 0.1731 0.5880 -0.7902
vn -0.0741 0.6694 -0.7392
vn -0.0992 0.6587 -0.7458
vn 0.2872 0.0446 -0.9568
vn 0.4401 0.1389 -0.8871
vn 0.3229 0.2362 -0.9165
vn 0.3650 0.2732 -0.8900
vn 0.2193 0.4257 -0.8779
vn -0.4116 -0.5812 0.7020
vn -0.3832 -0.6158 0.6885
vn -0.6066 -0.6266 0.4893
vn -0.6075 -0.6261 0.4888
vn -0.6095 -0.6253 0.4873
vn -0.6100 -0.6251 0.4869
vn -0.6153 -0.5993 0.5121
vn -0.5780 -0.5827 0.5713
vn -0.5720 -0.6074 0.5513
vn -0.2935 -0.5908 0.7516
vn -0.4302 -0.6730 0.6016
vn -0.4299 -0.7246 0.5387
vn -0.5992 -0.6859 0.4129
vn 0.4804 0.2309 -0.8461
vn 0.3503 0.2222 -0.9099
vn 0.4328 0.2988 -0.8505
vn 0.4414 0.4284 -0.7884
vn 0.5348 0.2963 -0.7913
vn 0.5354 0.2964 -0.7909
vn 0.5255 0.2974 -0.7971
vn 0.5728 0.3299 -0.7503
vn 0.5890 0.3017 -0.7497
vn 0.5545 0.3179 -0.7691
vn 0.4762 0.2784 -0.8341
vn 0.4829 0.3462 -0.8044
vn 0.5241 0.2976 -0.7980
vn 0.4813 0.2707 -0.8337
vn 0.4755 0.2405 -0.8462
vn 0.3798 0.1861 -0.9062
vn 0.3337 0.0826 -0.9391
vn 0.3244 0.2557 -0.9107
vn 0.3331 0.1861 -0.9243
vn 0.4393 0.3065 -0.8445
vn 0.4485 0.3071 -0.8394
vn -0.2970 0.4797 -0.8256
vn -0.2920 0.3103 -0.9047
vn -0.2371 0.0440 -0.9705
vn -0.3072 0.3345 -0.8909
vn -0.3501 0.2229 -0.9098
vn -0.4323 0.2995 -0.8505
vn -0.4409 0.4281 -0.7889
vn -0.4799 0.2318 -0.8461
vn -0.4759 0.2395 -0.8462
vn -0.4793 0.2329 -0.8462
vn -0.4755 0.2405 -0.8462
vn -0.6239 0.3374 -0.7049
vn -0.5728 0.3299 -0.7503
vn -0.5349 0.2960 -0.7914
vn -0.5344 0.2963 -0.7916
vn -0.5258 0.2971 -0.7971
vn -0.5246 0.2971 -0.7979
vn -0.4811 0.2698 -0.8341
vn -0.4478 0.3065 -0.8399
vn -0.4405 0.3061 -0.8440
vn -0.4481 0.3067 -0.8398
vn -0.4398 0.3061 -0.8443
vn -0.3337 0.1860 -0.9242
vn -0.3250 0.2549 -0.9107
vn -0.3798 0.1861 -0.9062
vn -0.3337 0.0826 -0.9391
vn -0.5884 0.3028 -0.7497
vn -0.5553 0.3183 -0.7683
vn -0.4762 0.2784 -0.8341
vn -0.4829 0.3462 -0.8043
vn -0.6263 -0.3978 0.6704
vn -0.6818 -0.3098 0.6627
vn -0.5684 -0.3575 0.7410
vn -0.5475 -0.3412 0.7641
vn -0.5766 -0.5194 0.6307
vn -0.6278 -0.4150 0.6585
vn -0.5586 -0.4201 0.7152
vn -0.5544 -0.4255 0.7152
vn -0.5580 -0.4208 0.7152
vn -0.5542 -0.4257 0.7152
vn -0.3907 -0.3142 0.8652
vn -0.4020 -0.2623 0.8773
vn -0.3469 -0.3293 0.8782
vn -0.5581 -0.4987 0.6632
vn -0.5439 -0.5186 0.6597
vn -0.5813 -0.5405 0.6083
vn 0.4447 -0.5783 0.6839
vn 0.4567 -0.5518 0.6978
vn 0.5771 -0.5185 0.6309
vn 0.6278 -0.4150 0.6585
vn 0.5574 -0.4207 0.7157
vn 0.5545 -0.4248 0.7156
vn 0.5578 -0.4201 0.7158
vn 0.4100 -0.5125 0.7545
vn 0.5778 -0.5507 0.6024
vn 0.5821 -0.5409 0.6071
vn 0.5430 -0.5182 0.6608
vn 0.5573 -0.4981 0.6643
vn 0.3469 -0.3293 0.8782
vn 0.4020 -0.2623 0.8773
vn 0.3908 -0.3137 0.8654
vn 0.5542 -0.4248 0.7158
vn 0.5475 -0.3412 0.7641
vn 0.5684 -0.3575 0.7410
vn 0.6826 -0.3094 0.6621
vn 0.6264 -0.3986 0.6699
vn 0.6865 -0.3952 0.6104
vn -0.2589 -0.1102 0.9596
vn -0.6262 -0.4540 0.6339
vn -0.4925 -0.7078 0.5064
vn -0.5667 -0.6410 0.5177
vn 0.3435 -0.1352 0.9293
vn -0.3468 -0.9262 -0.1480
vn -0.0820 0.0839 0.9931
vn -0.0831 0.0799 0.9933
vn -0.0823 0.0825 0.9932
vn -0.0836 0.0783 0.9934
vn -0.1730 0.2731 0.9463
vn -0.1730 0.2730 0.9463
vn -0.3746 -0.4325 0.8201
vn -0.8340 -0.5515 0.0139
vn -0.5132 -0.6996 -0.4971
vn -0.3474 -0.9274 -0.1385
vn -0.8930 0.4374 0.1060
vn -0.8928 0.4378 0.1059
vn -0.8931 0.4372 0.1061
vn -0.8996 0.2656 0.3468
vn -0.7599 0.3621 0.5399
vn -0.7061 0.0954 0.7017
vn -0.8802 0.0985 0.4643
vn -0.8977 0.0033 0.4406
vn -0.9313 0.0648 0.3585
vn -0.6973 0.2991 -0.6514
vn -0.7047 0.4259 -0.5675
vn -0.8660 0.3340 -0.3722
vn -0.8933 0.4367 0.1062
vn -0.9353 0.3520 0.0375
vn -0.5230 0.6963 -0.4916
vn -0.5255 0.6418 -0.5585
vn -0.5980 0.6746 -0.4328
vn -0.9814 0.0395 0.1877
vn -0.8264 0.4697 0.3106
vn -0.8784 0.4118 0.2426
vn -0.8776 0.3339 0.3441
vn -0.8263 0.4216 0.3736
vn -0.9452 0.2814 0.1658
vn -0.4376 0.4078 -0.8014
vn -0.5128 0.6318 -0.5812
vn -0.4963 0.6309 -0.5964
vn -0.3184 0.1667 -0.9332
vn -0.3823 0.3799 -0.8423
vn -0.1052 0.3765 -0.9204
vn -0.1045 0.3761 -0.9207
vn -0.1041 0.3758 -0.9208
vn -0.1064 0.3773 -0.9200
vn -0.1508 0.1871 -0.9707
vn -0.0884 0.1327 -0.9872
vn 0.2913 -0.9225 -0.2533
vn -0.4223 0.5840 -0.6933
vn -0.5861 0.6800 -0.4405
vn -0.3801 0.7032 -0.6008
vn -0.1981 0.6135 -0.7644
vn 0.3140 0.4586 -0.8313
vn 0.1669 0.2278 -0.9593
vn -0.3692 0.6368 -0.6769
vn -0.4500 0.6347 -0.6282
vn -0.4680 0.8438 0.2627
vn -0.3481 0.9251 0.1515
vn -0.1723 0.9230 -0.3442
vn 0.0285 0.8693 -0.4934
vn 0.0829 0.7930 -0.6036
vn 0.0639 0.7968 -0.6009
vn -0.0180 0.7375 -0.6751
vn -0.0212 0.7447 -0.6671
vn -0.0186 0.7390 -0.6734
vn -0.0219 0.7463 -0.6653
vn -0.1306 0.8260 -0.5483
vn -0.2306 0.9322 -0.2791
vn -0.4506 0.8897 0.0736
vn 0.1795 0.4091 -0.8947
vn 0.1983 0.4456 -0.8730
vn -0.0859 0.7616 -0.6423
vn -0.1081 0.7148 -0.6909
vn -0.4335 0.8791 -0.1980
vn -0.4949 0.8104 -0.3137
vn -0.5319 0.7394 0.4129
vn -0.8094 0.5663 0.1554
vn -0.7005 0.5724 0.4263
vn -0.7754 0.5191 0.3594
vn -0.6015 0.2241 0.7668
vn -0.6174 0.1444 0.7733
vn -0.4168 0.3799 0.8258
vn -0.4160 0.4986 0.7605
vn -0.4701 0.4563 0.7555
vn -0.4541 0.8800 0.1391
vn -0.4567 0.8844 0.0960
vn -0.4783 0.8725 0.0999
vn -0.6602 0.6579 0.3623
vn -0.4881 -0.8114 -0.3216
vn -0.2419 -0.7981 0.5518
vn 0.3581 -0.2591 0.8970
vn 0.3679 -0.1748 0.9133
vn 0.4263 -0.1160 0.8971
vn 0.4228 -0.2542 0.8698
vn -0.0265 -0.0204 -0.9994
vn 0.5691 -0.0356 -0.8215
vn -0.4379 0.0503 -0.8976
vn -0.4305 0.0423 -0.9016
vn -0.4368 0.0490 -0.8982
vn -0.4295 0.0414 -0.9021
vn -0.1797 0.3335 -0.9255
vn -0.1390 0.2700 -0.9528
vn -0.2722 0.0683 -0.9598
vn -0.3525 0.1513 -0.9235
vn -0.3846 0.1339 -0.9133
vn -0.4228 0.1777 -0.8886
vn -0.4164 0.2046 -0.8858
vn -0.4972 0.3109 -0.8100
vn -0.3299 0.6842 -0.6504
vn -0.2751 0.6213 -0.7338
vn -0.2485 0.6255 -0.7396
vn -0.1232 0.5062 -0.8536
vn -0.2782 0.3442 -0.8967
vn -0.1382 0.4419 -0.8863
vn -0.0249 0.5323 -0.8462
vn 0.0316 0.5095 -0.8599
vn -0.0486 0.4923 -0.8690
vn 0.0007 0.4197 -0.9077
vn -0.0502 0.4239 -0.9043
vn -0.0504 0.4245 -0.9040
vn -0.0200 0.4119 -0.9110
vn -0.0221 0.4233 -0.9057
vn 0.0167 0.4023 -0.9153
vn 0.0171 0.3919 -0.9199
vn 0.0623 0.3727 -0.9259
vn 0.0222 0.1212 -0.9924
vn -0.1563 0.1554 -0.9754
vn -0.0226 0.1307 -0.9912
vn -0.0524 0.2029 -0.9778
vn 0.6107 0.5807 -0.5384
vn 0.2934 -0.9124 -0.2855
vn 0.1202 -0.6652 0.7369
vn -0.8802 0.2844 -0.3799
vn -0.9660 -0.0268 -0.2570
vn -0.9087 0.2475 -0.3362
vn -0.7210 0.3432 -0.6020
vn -0.7551 0.5808 -0.3040
vn -0.7339 0.5940 -0.3294
vn -0.4777 0.5473 -0.6872
vn 0.2068 0.8380 -0.5049
vn 0.0482 0.7794 -0.6247
vn 0.3568 0.6390 -0.6815
vn 0.6465 0.7598 0.0690
vn 0.1660 0.9762 -0.1395
vn 0.1722 0.9742 -0.1460
vn 0.0412 0.9493 -0.3116
vn -0.2093 0.9754 -0.0685
vn -0.1960 0.9797 -0.0421
vn -0.5264 0.7960 0.2987
vn -0.1799 0.6070 -0.7741
vn -0.2085 0.7868 -0.5810
vn -0.1129 0.8116 -0.5732
vn -0.2066 0.9360 -0.2850
vn 0.1437 0.8059 -0.5743
vn 0.1601 -0.0296 -0.9867
vn -0.1279 0.3092 -0.9423
vn -0.1837 0.1557 -0.9706
vn -0.1447 -0.0264 -0.9891
vn -0.3065 0.1824 -0.9342
vn -0.3441 0.1759 -0.9223
vn -0.1916 0.4810 -0.8555
vn -0.1763 0.4645 -0.8678
vn -0.2085 0.3899 -0.8970
vn -0.7545 -0.3831 -0.5328
vn -0.7178 -0.0472 -0.6946
vn -0.4575 -0.1965 -0.8672
vn -0.4579 -0.1728 -0.8721
vn -0.3054 -0.2781 -0.9107
vn -0.2969 -0.3280 -0.8968
vn -0.0637 -0.5465 -0.8350
vn -0.0283 -0.4600 -0.8875
vn 0.3157 -0.7990 -0.5119
vn 0.3567 -0.6708 -0.6502
vn -0.3433 -0.2903 -0.8932
vn -0.3495 -0.2720 -0.8966
vn -0.2934 0.0482 -0.9548
vn 0.1807 0.0165 -0.9834
vn -0.8381 0.4963 -0.2263
vn -0.8533 0.4899 -0.1784
vn -0.9034 0.1476 -0.4025
vn -0.7244 0.0200 -0.6891
vn -0.6100 -0.1670 -0.7746
vn -0.6396 -0.1776 -0.7479
vn -0.3707 0.1255 -0.9202
vn -0.3143 -0.0043 -0.9493
vn -0.2382 0.7167 -0.6554
vn -0.3027 0.7514 -0.5863
vn -0.4508 0.2889 -0.8446
vn -0.3053 0.7225 -0.6204
vn -0.3413 0.6135 -0.7122
vn -0.5081 0.7286 -0.4593
vn -0.3755 0.2192 -0.9005
vn -0.3635 0.2949 -0.8837
vn -0.3866 0.2732 -0.8808
vn -0.3928 0.2874 -0.8736
vn -0.4032 0.2694 -0.8746
vn -0.2826 0.3538 -0.8916
vn -0.3390 0.3734 -0.8635
vn -0.0185 0.4755 -0.8795
vn -0.1182 0.7663 -0.6315
vn -0.4828 0.5045 -0.7158
vn -0.4605 0.4967 -0.7357
vn -0.2829 0.6970 -0.6589
vn -0.2828 0.6785 -0.6780
vn -0.3041 0.6592 -0.6877
vn -0.5072 0.7249 -0.4662
vn -0.4994 0.8540 -0.1458
vn -0.5012 0.8527 -0.1473
vn -0.5020 0.8438 -0.1896
vn -0.5192 0.8306 -0.2016
vn -0.4555 0.8548 0.2484
vn -0.4817 0.8483 0.2199
vn -0.5080 0.7665 0.3930
vn -0.5296 0.7600 0.3768
vn -0.5286 0.7169 0.4546
vn -0.5655 0.6913 0.4498
vn -0.5453 0.6717 0.5014
vn -0.4902 0.6832 0.5412
vn -0.1875 0.9708 -0.1498
vn -0.1974 0.9711 -0.1341
vn 0.0072 0.9920 -0.1261
vn 0.0078 0.9928 -0.1197
vn 0.0074 0.9922 -0.1241
vn 0.0080 0.9930 -0.1177
vn 0.1669 0.9794 -0.1139
vn 0.1653 0.9803 -0.1079
vn 0.3193 0.9420 -0.1031
vn 0.5006 0.8628 -0.0701
vn 0.6685 0.7386 -0.0865
vn 0.5351 0.6293 -0.5635
vn 0.5342 0.6299 -0.5637
vn 0.5406 0.6256 -0.5625
vn 0.2491 0.4430 -0.8612
vn 0.7760 0.3340 -0.5351
vn 0.7243 0.4074 -0.5563
vn 0.6969 0.5368 -0.4756
vn 0.5827 0.5596 -0.5893
vn 0.5109 0.6054 -0.6103
vn 0.5415 0.6250 -0.5623
vn 0.0930 -0.3930 0.9148
vn 0.1809 -0.3532 0.9179
vn 0.8099 -0.1249 0.5730
vn 0.8783 0.1064 0.4661
vn 0.7075 0.0942 0.7004
vn 0.7612 0.3622 0.5380
vn 0.9202 0.0985 0.3789
vn 0.8915 0.0430 0.4511
vn 0.8975 0.0291 0.4402
vn 0.8775 0.0363 0.4783
vn 0.2651 -0.5383 0.8000
vn 0.3712 -0.4259 0.8251
vn 0.1719 0.2738 0.9463
vn 0.1727 0.2732 0.9463
vn 0.1715 0.2741 0.9463
vn 0.1729 0.2729 0.9464
vn 0.8162 -0.5739 -0.0667
vn 0.5172 -0.6886 -0.5082
vn 0.9552 0.2453 0.1657
vn 0.8518 0.3915 0.3480
vn 0.8405 0.3082 0.4456
vn 0.1618 0.4111 0.8971
vn 0.2191 0.1839 0.9582
vn 0.2182 0.3900 0.8946
vn 0.2379 0.5273 0.8157
vn 0.3361 0.4756 0.8129
vn 0.3220 0.3553 0.8775
vn -0.1728 -0.8607 0.4789
vn -0.2434 -0.9072 0.3431
vn -0.0510 -0.9543 0.2945
vn -0.0112 -0.9227 0.3854
vn 0.1584 -0.9292 0.3338
vn 0.1905 -0.8902 0.4138
vn 0.2493 -0.8892 0.3835
vn 0.2456 -0.8791 0.4084
vn 0.1861 -0.8838 0.4293
vn 0.2032 -0.8502 0.4857
vn 0.4042 0.3186 0.8574
vn 0.3294 0.1543 0.9315
vn 0.4065 0.0961 0.9086
vn 0.2224 -0.1455 0.9640
vn -0.5201 -0.7202 0.4592
vn -0.4170 -0.8025 0.4269
vn -0.3654 -0.7349 0.5714
vn 0.2830 -0.7435 0.6059
vn 0.1432 -0.7450 0.6515
vn 0.4428 -0.3050 0.8431
vn 0.4475 -0.3087 0.8393
vn 0.4421 -0.3044 0.8438
vn 0.4483 -0.3093 0.8387
vn 0.6373 -0.2686 0.7223
vn 0.3660 -0.5375 0.7597
vn 0.3063 -0.7995 0.5168
vn -0.0977 -0.3009 0.9486
vn -0.1071 -0.3233 0.9402
vn -0.1098 -0.3230 0.9400
vn -0.1124 -0.3227 0.9398
vn -0.0749 -0.2391 0.9681
vn 0.0343 -0.3407 0.9395
vn 0.1852 -0.1698 0.9679
vn 0.2816 -0.3858 0.8786
vn 0.1339 -0.3459 0.9287
vn -0.3116 -0.4154 0.8546
vn -0.4308 -0.2407 0.8698
vn -0.8212 0.0800 0.5651
vn -0.7769 -0.0981 0.6219
vn -0.3324 -0.7166 0.6132
vn -0.6976 -0.6224 0.3550
vn -0.7419 -0.6297 0.2304
vn -0.6990 -0.6599 0.2757
vn -0.8116 -0.3979 0.4279
vn -0.8597 -0.4193 0.2918
vn 0.0788 -0.8898 0.4495
vn 0.0074 -0.8350 0.5502
vn -0.1543 -0.9626 0.2229
vn -0.1655 -0.9508 0.2619
vn -0.4316 -0.7234 0.5389
vn -0.5730 -0.8142 0.0939
vn -0.5232 -0.8368 0.1614
vn -0.2839 -0.9586 0.0228
vn -0.3103 -0.9506 0.0056
vn -0.0547 -0.9700 -0.2367
vn -0.0261 -0.9810 -0.1924
vn 0.3199 -0.8281 -0.4603
vn 0.3728 -0.8727 -0.3153
vn -0.2595 -0.9651 0.0366
vn 0.1183 -0.8405 0.5287
vn -0.1731 -0.8283 0.5328
vn -0.2807 -0.9546 0.0996
vn -0.0540 -0.4765 0.8775
vn -0.5196 -0.6862 0.5090
vn -0.4587 -0.6100 0.6462
vn -0.7547 -0.6416 0.1369
vn -0.7599 -0.6483 0.0469
vn -0.8711 -0.4840 0.0839
vn -0.8770 -0.4803 0.0106
vn -0.9949 -0.0927 0.0390
vn -0.9027 -0.2915 0.3165
vn -0.8956 0.0090 0.4448
vn -0.9244 0.0851 0.3718
vn -0.7864 0.3103 0.5342
vn -0.7860 0.3083 0.5359
vn -0.7192 0.3689 0.5888
vn -0.5104 -0.1826 0.8403
vn -0.6118 -0.3100 0.7278
vn -0.4735 -0.3750 0.7970
vn -0.4691 -0.5598 0.6830
vn -0.5056 -0.5545 0.6610
vn -0.7137 0.3377 0.6136
vn -0.7581 0.2978 0.5802
vn -0.7406 0.2233 0.6337
vn -0.3629 -0.1761 0.9150
vn -0.2927 -0.1289 0.9475
vn -0.2811 -0.1476 0.9483
vn -0.2931 -0.1555 0.9433
vn -0.2939 -0.1545 0.9433
vn -0.4245 -0.2527 0.8694
vn 0.4601 -0.4187 0.7829
vn 0.6253 -0.2509 0.7389
vn 0.6321 -0.2781 0.7233
vn 0.5250 -0.3492 0.7762
vn -0.3155 -0.1787 0.9320
vn -0.2844 -0.2231 0.9324
vn 0.5311 -0.6000 0.5982
vn 0.5101 -0.6262 0.5896
vn -0.3445 -0.2015 0.9169
vn 0.5586 -0.6858 0.4665
vn 0.5586 -0.6856 0.4668
vn 0.5585 -0.6855 0.4671
vn 0.5584 -0.6854 0.4674
vn 0.5125 -0.6700 0.5370
vn 0.5563 -0.6200 0.5533
vn 0.6075 -0.6262 0.4888
vn 0.6095 -0.6253 0.4874
vn 0.6100 -0.6251 0.4869
vn 0.6066 -0.6266 0.4893
vn 0.5643 -0.6036 0.5632
vn 0.5338 -0.5892 0.6065
vn 0.2348 -0.5385 0.8093
vn -0.0586 -0.1790 0.9821
vn -0.1454 -0.1255 0.9814
vn -0.3225 0.0458 0.9455
vn -0.2371 0.2893 0.9274
vn -0.1334 0.0079 0.9910
vn -0.1324 0.0083 0.9912
vn -0.1327 0.0082 0.9911
vn -0.1322 0.0084 0.9912
vn 0.0469 -0.5263 0.8490
vn 0.3542 -0.1794 0.9178
vn 0.7597 -0.5525 0.3429
vn 0.8026 -0.4304 0.4130
vn 0.6831 -0.4384 0.5841
vn 0.0844 -0.1520 0.9848
vn 0.2873 -0.4442 0.8486
vn 0.4168 -0.4703 0.7778
vn 0.4418 -0.7131 0.5444
vn 0.9626 0.2593 -0.0788
vn 0.9018 0.4315 -0.0247
vn 0.8753 0.2478 0.4154
vn -0.9221 -0.3866 0.0189
vn -0.8028 -0.3882 0.4525
vn -0.7915 -0.3886 0.4717
vn -0.6538 -0.5944 0.4683
vn -0.6399 -0.5917 0.4904
vn -0.4161 -0.5637 0.7135
vn -0.3848 -0.5586 0.7348
vn -0.4236 -0.3772 0.8236
vn -0.0331 -0.3076 0.9509
vn 0.6491 0.2199 0.7282
vn 0.7181 0.3324 0.6114
vn 0.5902 0.3877 0.7081
vn 0.5464 0.3294 0.7700
vn 0.3473 0.4204 0.8382
vn 0.3754 0.4667 0.8007
vn 0.1846 0.5221 0.8327
vn 0.1810 0.5140 0.8385
vn 0.0392 0.5274 0.8487
vn 0.0163 -0.1872 0.9822
vn 0.0184 -0.1844 0.9827
vn 0.0220 -0.1795 0.9835
vn 0.0241 -0.1766 0.9840
vn -0.0405 -0.1675 0.9850
vn -0.0477 -0.1836 0.9818
vn -0.0772 -0.1824 0.9802
vn -0.0776 -0.1841 0.9798
vn -0.1367 -0.1825 0.9736
vn -0.1363 -0.1772 0.9747
vn -0.1370 -0.1855 0.9730
vn -0.1360 -0.1742 0.9753
vn -0.2454 -0.1758 0.9534
vn -0.2428 -0.1959 0.9501
vn -0.2267 -0.1948 0.9543
vn -0.2298 -0.1904 0.9544
vn -0.2277 -0.1934 0.9543
vn -0.2307 -0.1889 0.9545
vn -0.0600 -0.2059 0.9767
vn -0.4448 -0.6708 0.5934
vn -0.3491 -0.7360 0.5801
vn -0.3677 -0.7530 0.5457
vn -0.2522 -0.8053 0.5366
vn -0.2609 -0.8202 0.5091
vn -0.1487 -0.8481 0.5085
vn -0.1502 -0.8530 0.4999
vn -0.0488 -0.8657 0.4981
vn -0.0487 -0.8712 0.4886
vn 0.0706 -0.8693 0.4892
vn 0.0668 -0.8612 0.5038
vn 0.2158 -0.8361 0.5043
vn 0.2442 -0.8486 0.4692
vn 0.3088 -0.6878 0.6569
vn 0.1314 -0.5777 0.8056
vn 0.0552 -0.1830 0.9816
vn -0.1278 -0.1317 0.9830
vn -0.1548 0.0141 0.9878
vn -0.2937 0.0598 0.9540
vn -0.3075 0.2035 0.9295
vn -0.3812 0.2165 0.8988
vn -0.3376 0.4134 0.8457
vn -0.1645 0.3421 0.9252
vn -0.1918 0.2433 0.9508
vn -0.0140 0.0881 0.9960
vn 0.1174 0.2414 0.9633
vn 0.3867 -0.0849 0.9183
vn 0.2100 0.8830 0.4199
vn -0.3259 0.3667 0.8714
vn -0.3851 0.3447 0.8561
vn -0.4330 0.5282 0.7304
vn -0.4623 0.4880 0.7403
vn -0.1288 0.5271 0.8400
vn -0.1307 0.5184 0.8451
vn -0.3578 0.4869 0.7968
vn -0.3594 0.4687 0.8069
vn 0.2093 0.9732 -0.0948
vn 0.2289 0.9724 -0.0452
vn -0.1101 0.9932 0.0367
vn -0.0559 0.9962 0.0675
vn -0.1603 0.9627 0.2179
vn -0.3085 0.9133 0.2658
vn -0.9012 -0.0212 -0.4329
vn -0.7048 -0.1097 -0.7009
vn -0.4902 -0.0504 -0.8701
vn -0.3545 0.1641 -0.9205
vn 0.1717 0.1945 -0.9658
vn 0.2132 0.2552 -0.9431
vn 0.7297 0.0892 -0.6779
vn 0.8373 0.2126 -0.5037
vn 0.4462 0.8927 0.0624
vn 0.0519 0.6891 0.7228
vn 0.9330 -0.3240 0.1565
vn 0.9447 -0.2970 0.1390
vn 0.9865 0.0264 0.1618
vn 0.9929 -0.0229 0.1170
vn -0.3948 -0.6453 0.6540
vn 0.1005 -0.2163 0.9712
vn 0.0736 -0.2403 0.9679
vn 0.7033 0.6489 -0.2904
vn 0.9164 0.3400 -0.2114
vn 0.8811 0.3025 -0.3635
vn 0.9691 0.1810 -0.1677
vn 0.9722 0.2113 -0.1012
vn 0.8665 0.4059 -0.2906
vn 0.5485 -0.5741 0.6079
vn 0.5691 -0.5907 0.5720
vn 0.1040 -0.6148 0.7818
vn 0.1183 -0.6050 0.7874
vn -0.4073 -0.6352 0.6562
vn -0.5293 -0.6886 0.4957
vn -0.8454 -0.5097 0.1598
vn -0.8166 -0.4864 0.3109
vn 0.7518 -0.5445 0.3718
vn 0.9513 -0.1977 0.2365
vn 0.0395 0.6155 0.7871
vn 0.2601 0.6938 0.6716
vn 0.5323 0.5379 0.6537
vn 0.2259 0.5436 0.8084
vn 0.2030 0.5222 0.8283
vn -0.1024 0.6557 0.7480
vn -0.0981 0.6570 0.7475
vn -0.1449 0.6841 0.7149
vn -0.2686 0.6871 0.6751
vn 0.0884 0.1327 -0.9872
vn 0.1508 0.1871 -0.9707
vn 0.1055 0.3795 -0.9192
vn 0.1010 0.3760 -0.9211
vn 0.1059 0.3792 -0.9192
vn 0.1002 0.3754 -0.9214
vn 0.3996 0.3786 -0.8349
vn 0.3328 0.1646 -0.9285
vn 0.3629 0.1354 -0.9219
vn 0.7885 0.0894 -0.6085
vn 0.7838 0.0610 -0.6180
vn 0.6929 0.2718 -0.6678
vn 0.7067 0.4273 -0.5639
vn 0.4970 0.6325 -0.5940
vn 0.5104 0.6334 -0.5817
vn 0.4289 0.3927 -0.8135
vn 0.2573 -0.9587 -0.1213
vn 0.3481 -0.9348 -0.0710
vn 0.6883 0.5565 -0.4654
vn 0.7090 0.5422 -0.4509
vn -0.6445 0.3241 -0.6925
vn -0.6066 0.5009 -0.6174
vn 0.6504 0.3766 0.6596
vn 0.2351 0.7699 0.5932
vn 0.3964 0.6475 0.6509
vn 0.4867 0.8641 0.1281
vn 0.4362 0.8553 0.2796
vn 0.4449 0.5573 0.7010
vn 0.3270 0.4513 0.8303
vn 0.1256 0.6897 -0.7131
vn 0.4689 0.8745 -0.1244
vn 0.5283 0.8379 -0.1371
vn 0.4915 0.8708 0.0098
vn 0.5085 0.8549 0.1027
vn 0.6511 0.7514 0.1075
vn 0.6409 0.7674 -0.0199
vn 0.5875 0.8041 -0.0910
vn 0.8068 -0.2954 0.5117
vn 0.6922 -0.4264 0.5823
vn 0.6073 -0.6376 0.4739
vn 0.6375 -0.6298 0.4437
vn 0.5220 -0.6085 0.5977
vn 0.4804 -0.5647 0.6711
vn 0.5706 -0.4548 0.6838
vn -0.7976 0.5879 -0.1350
vn -0.8086 0.5860 0.0528
vn -0.7286 0.6834 -0.0465
vn -0.6712 0.7403 -0.0375
vn -0.6711 0.7408 -0.0291
vn -0.6711 0.7405 -0.0363
vn -0.6712 0.7408 -0.0278
vn -0.3325 0.9369 -0.1077
vn -0.6500 0.7491 -0.1280
vn -0.6368 0.7671 -0.0779
vn -0.6501 0.7521 0.1079
vn -0.5233 0.8474 0.0898
vn -0.5213 0.8503 0.0726
vn -0.7314 0.5153 0.4467
vn -0.6546 0.7305 0.1947
vn 0.1958 0.7340 -0.6503
vn 0.1933 0.7357 -0.6492
vn 0.1894 0.7381 -0.6476
vn 0.1874 0.7394 -0.6467
vn 0.1402 0.6884 -0.7117
vn -0.3847 0.5744 0.7226
vn -0.4502 0.5058 0.7359
vn -0.3627 0.8429 0.3974
vn -0.4752 0.8704 0.1290
vn -0.3865 0.6538 0.6505
vn -0.4653 0.7150 0.5219
vn -0.7339 0.2874 0.6154
vn -0.6401 0.0861 0.7634
vn -0.4267 0.3120 0.8489
vn -0.4454 0.2838 0.8492
vn -0.5595 0.5898 0.5824
vn -0.7230 0.5366 0.4351
vn -0.6052 0.6200 0.4994
vn 0.1835 -0.8419 0.5075
vn -0.2768 -0.1106 0.9545
vn -0.0530 -0.2996 0.9526
vn 0.1492 0.2060 0.9671
vn 0.1705 0.1431 0.9749
vn -0.0415 0.2095 0.9769
vn 0.5133 -0.3810 0.7690
vn 0.3556 -0.3750 0.8561
vn -0.0549 -0.4566 0.8880
vn -0.0266 -0.4779 0.8780
vn -0.5116 0.7194 -0.4698
vn -0.5913 0.7850 0.1847
vn 0.5290 -0.5987 0.6014
vn 0.4910 -0.6458 0.5847
vn -0.4472 0.4462 0.7752
vn 0.0383 0.5247 0.8504
vn -0.5940 -0.6991 0.3980
vn -0.2422 -0.2366 0.9409
vn -0.2441 -0.2373 0.9403
vn -0.1579 -0.4241 0.8917
vn 0.2743 -0.1306 0.9527
vn 0.3522 -0.2026 0.9137
vn 0.0132 -0.6764 0.7365
vn -0.7916 -0.5612 -0.2418
vn -0.9469 -0.3033 0.1069
vn -0.5095 -0.4666 0.7230
vn -0.5087 -0.2685 0.8180
vn 0.3932 -0.1676 0.9041
vn 0.4153 -0.2172 0.8834
vn 0.3566 -0.2380 0.9034
vn 0.3641 -0.2530 0.8963
vn 0.0778 -0.5875 0.8055
vn 0.2372 -0.6846 0.6892
vn 0.1340 -0.7955 0.5910
vn 0.4119 -0.4725 0.7792
vn 0.3458 -0.4158 0.8412
vn 0.4752 -0.2041 0.8559
vn -0.2952 0.2836 -0.9124
vn -0.2650 0.9520 -0.1534
vn -0.3252 0.6682 -0.6691
vn -0.4180 0.7953 -0.4390
vn -0.3596 0.8319 -0.4227
vn -0.0507 0.0525 -0.9973
vn 0.4658 0.0594 -0.8829
vn 0.0068 0.0696 -0.9976
vn 0.0329 0.0374 -0.9988
vn 0.1393 -0.9339 -0.3293
vn -0.0358 0.1570 -0.9870
vn 0.2980 -0.7781 -0.5530
vn -0.2210 -0.8141 -0.5370
vn -0.2173 -0.8724 -0.4379
vn -0.4260 0.2753 -0.8618
vn 0.3341 -0.5325 -0.7777
vn -0.0334 -0.6180 -0.7854
vn 0.7358 -0.6166 -0.2799
vn 0.7643 -0.4430 -0.4686
vn 0.5302 -0.4396 -0.7250
vn 0.4286 -0.7224 -0.5427
vn -0.1774 -0.7471 -0.6406
vn -0.1488 -0.9171 -0.3699
vn -0.4783 -0.6812 -0.5542
vn -0.4352 -0.5441 -0.7173
vn -0.2679 -0.7618 -0.5899
vn -0.3891 -0.8756 -0.2864
vn -0.8237 -0.2593 -0.5043
vn 0.4245 0.0525 -0.9039
vn -0.5375 -0.7775 0.3264
vn 0.3074 -0.8920 -0.3314
vn 0.5514 -0.5362 -0.6391
vn -0.7053 0.3055 -0.6398
vn 0.7022 -0.6749 0.2268
vn -0.3873 -0.8103 -0.4398
vn -0.4029 0.8488 0.3423
vn -0.4723 0.6328 0.6137
vn 0.2919 0.9434 0.1574
vn 0.4335 0.6664 0.6066
vn 0.3179 0.9434 -0.0950
vn 0.4919 0.8650 -0.0994
vn -0.0638 0.5186 0.8526
vn -0.2781 0.8374 0.4706
vn 0.2344 0.0108 0.9721
vn 0.3347 0.0738 0.9394
vn 0.2897 0.8030 0.5208
vn 0.2887 0.8037 0.5202
vn 0.2895 0.8032 0.5206
vn 0.2884 0.8039 0.5201
vn 0.0869 0.5194 0.8501
vn 0.0853 0.5227 0.8482
vn -0.0610 0.5236 0.8498
vn -0.5202 -0.7462 0.4154
vn -0.5461 -0.7550 0.3629
vn -0.5432 -0.7583 0.3604
vn -0.5450 -0.7563 0.3620
vn -0.5422 -0.7595 0.3595
vn -0.2770 0.8382 0.4699
vn -0.3373 0.1044 0.9356
vn -0.2286 0.0368 0.9728
vn -0.8205 0.1638 0.5477
vn -0.9161 0.0160 0.4005
vn -0.9977 0.0221 0.0642
vn -0.9822 -0.0717 0.1735
vn -0.7953 -0.0793 -0.6010
vn -0.7729 -0.0274 -0.6339
vn -0.5792 -0.0572 -0.8132
vn -0.4659 0.0585 -0.8829
vn -0.4767 -0.6917 0.5426
vn -0.4741 -0.6903 0.5466
vn 0.3626 -0.2249 0.9044
vn -0.5166 -0.6425 0.5660
vn -0.4871 -0.6353 0.5993
vn 0.0080 0.2268 -0.9739
vn -0.2913 0.3106 -0.9048
vn -0.2410 -0.0077 -0.9705
vn 0.1231 0.6449 0.7543
vn 0.2336 0.7377 0.6335
vn 0.2401 0.8340 0.4968
vn -0.0662 0.7518 0.6561
vn -0.2325 0.7002 0.6750
vn -0.2478 0.8736 0.4188
vn -0.4561 0.4349 0.7764
vn -0.6920 0.1896 0.6966
vn -0.7120 0.2507 0.6560
vn -0.8748 -0.2871 -0.3902
vn -0.6848 -0.1597 -0.7110
vn -0.8366 -0.0321 -0.5469
vn -0.6707 0.2566 -0.6959
vn -0.4327 -0.6046 0.6687
vn -0.3942 -0.5915 0.7034
vn 0.1360 -0.2692 0.9534
vn 0.0942 -0.2968 0.9503
vn 0.1730 -0.3460 0.9222
vn 0.1170 -0.3707 0.9213
vn -0.4275 0.6027 -0.6738
vn -0.6828 0.6848 -0.2547
vn -0.7141 0.6681 -0.2091
vn -0.7142 0.6680 -0.2091
vn -0.7744 0.6225 -0.1128
vn -0.7486 0.6560 -0.0962
vn -0.8201 0.5689 0.0621
vn -0.2473 -0.9140 -0.3216
vn -0.7712 -0.1070 -0.6275
vn -0.8012 -0.1598 -0.5767
vn 0.0394 0.4583 -0.8879
vn -0.5503 0.7383 0.3899
vn -0.5111 -0.0817 0.8556
vn -0.9162 0.0176 -0.4004
vn -0.9029 0.2358 -0.3594
vn -0.8829 0.4673 -0.0465
vn -0.6764 0.2164 0.7040
vn -0.3271 0.3977 -0.8572
vn -0.8921 0.2385 -0.3837
vn -0.7785 0.5311 0.3345
vn -0.5039 0.1113 0.8566
vn -0.8513 0.4354 0.2927
vn -0.7867 0.6094 0.0993
vn -0.8983 0.4270 -0.1039
vn -0.6122 0.3488 0.7096
vn -0.8862 0.4326 -0.1660
vn -0.7290 0.1963 -0.6557
vn -0.8167 -0.1424 -0.5592
vn 0.2833 0.6036 -0.7453
vn 0.1442 0.9415 -0.3047
vn -0.9601 0.1064 0.2585
vn -0.5300 0.0265 0.8476
vn -0.9301 0.3112 0.1952
vn 0.6036 -0.0318 0.7966
vn 0.1644 -0.3872 0.9072
vn 0.9088 0.1065 0.4033
vn 0.9334 -0.3416 -0.1098
vn 0.9111 -0.4091 -0.0498
vn 0.9013 0.3597 -0.2415
vn 0.8814 -0.0457 0.4701
vn 0.7772 -0.1668 0.6067
vn -0.0222 -0.1445 0.9893
vn 0.8554 0.4582 0.2414
vn 0.9416 -0.1983 0.2722
vn 0.9945 0.0276 -0.1008
vn 0.6184 -0.0834 0.7814
vn 0.6677 -0.1915 0.7194
vn 0.7776 0.4077 0.4787
vn 0.9659 0.1463 -0.2134
vn 0.9884 0.0185 0.1506
vn 0.5562 0.6500 0.5179
vn 0.9107 0.3485 -0.2215
vn 0.4348 0.1576 0.8866
vn 0.1329 0.2537 0.9581
vn 0.6184 0.7798 -0.0974
vn 0.5815 0.7960 0.1680
vn 0.5414 0.4419 0.7152
vn 0.9107 0.2848 0.2993
vn 0.5824 0.1606 0.7969
vn 0.9195 0.2921 0.2629
vn 0.1483 0.9636 -0.2223
vn -0.1235 0.9916 -0.0390
vn 0.3500 0.8981 0.2662
vn -0.2933 0.9340 0.2038
vn -0.3991 0.6040 0.6899
vn 0.0762 0.6562 0.7507
vn 0.0727 0.9601 0.2702
vn 0.4704 0.8739 0.1227
vn -0.5942 -0.7811 -0.1918
vn 0.1979 -0.1813 0.9633
vn 0.8628 0.4989 0.0817
vn 0.5558 0.7824 -0.2810
vn 0.3850 0.2524 0.8877
vn 0.9934 0.0155 -0.1134
vn 0.3728 0.8648 -0.3363
vn 0.9674 0.2327 -0.1003
vn -0.3256 -0.3255 0.8877
vn 0.8258 0.4812 -0.2941
vn 0.8980 0.4015 -0.1802
vn 0.9123 0.3362 0.2338
vn 0.9159 0.3526 0.1921
vn 0.9731 0.1642 0.1618
vn 0.4961 0.4253 -0.7570
vn 0.6611 -0.3207 0.6784
vn 0.3997 0.5795 0.7102
vn 0.7198 0.6852 0.1111
vn 0.7213 0.6840 0.1086
vn 0.7245 0.6814 0.1038
vn 0.7257 0.6805 0.1020
vn -0.3944 -0.2999 0.8686
vn -0.3443 0.3802 0.8584
vn -0.4062 0.7134 0.5710
vn -0.3817 0.6923 0.6124
vn -0.7052 -0.5613 -0.4332
vn -0.6072 -0.6834 -0.4054
vn -0.5315 -0.8468 -0.0206
vn 0.5790 0.7429 0.3359
vn -0.5824 -0.8052 0.1114
vn -0.6031 -0.1962 0.7731
vn -0.7861 0.5122 -0.3461
vn -0.7764 0.4723 -0.4173
vn -0.8213 -0.1976 0.5351
vn -0.7219 -0.1337 0.6790
vn -0.9181 0.3726 -0.1353
vn -0.8148 0.5796 -0.0111
vn -0.8741 0.3089 -0.3750
vn -0.8343 -0.2427 0.4950
vn -0.8390 -0.1035 0.5342
vn -0.1294 -0.2214 0.9666
vn -0.8648 0.0313 0.5011
vn -0.9639 0.2664 0.0004
vn -0.9065 0.4069 0.1123
vn -0.8985 0.4253 0.1091
vn -0.7658 0.2525 0.5914
vn -0.7573 0.2572 0.6003
vn -0.8365 0.3526 0.4194
vn -0.7370 0.4457 0.5080
vn -0.6891 0.3590 0.6295
vn -0.5383 0.5777 0.6136
vn -0.8476 0.2074 0.4884
vn -0.8550 0.3167 0.4107
vn 0.6559 0.6178 -0.4338
vn 0.3865 -0.1876 0.9030
vn 0.6008 -0.6411 -0.4776
vn 0.2892 -0.8861 -0.3621
vn 0.4606 0.8177 0.3451
vn 0.3826 0.7910 0.4774
vn 0.3020 0.3815 0.8736
vn 0.5831 -0.8087 -0.0782
vn 0.5705 -0.8202 -0.0410
vn 0.9349 -0.2645 -0.2364
vn -0.7018 -0.7089 -0.0698
vn -0.6720 -0.6198 -0.4052
vn -0.5511 -0.0056 0.8344
vn -0.7087 0.1952 0.6780
vn -0.4729 0.2281 0.8511
vn -0.8489 0.4472 0.2817
vn -0.6590 -0.3668 0.6566
vn -0.7661 0.1779 0.6176
vn 0.9069 -0.1022 -0.4087
vn 0.8743 -0.1327 -0.4670
vn 0.9324 -0.1499 -0.3288
vn -0.8317 0.5204 -0.1934
vn 0.9802 0.1855 -0.0690
vn -0.2701 0.6505 -0.7099
vn -0.1429 0.9414 -0.3055
vn 0.7266 0.1730 -0.6649
vn 0.9499 0.0757 0.3033
vn 0.5798 0.0950 0.8092
vn 0.9989 -0.0370 0.0304
vn -0.8085 0.2078 -0.5507
vn -0.9972 0.0595 0.0454
vn 0.1013 -0.7077 -0.6992
vn 0.2837 0.0131 -0.9588
vn 0.0506 -0.6386 -0.7679
vn -0.7574 -0.3116 0.5738
vn -0.5920 -0.6648 -0.4556
vn -0.2679 0.0342 -0.9628
vn -0.2478 -0.8847 -0.3948
vn -0.6836 -0.1865 0.7057
vn 0.4751 -0.2596 -0.8408
vn -0.2820 -0.1443 -0.9485
vn -0.9190 -0.1103 0.3785
vn -0.4868 -0.6494 -0.5841
vn -0.4657 -0.0846 -0.8809
vn 0.5279 -0.8092 -0.2579
vn 0.9406 -0.0627 -0.3335
vn -0.9854 -0.0315 -0.1675
vn -0.5645 -0.8154 -0.1283
vn -0.0381 0.4593 -0.8875
vn -0.9875 -0.1530 0.0373
vn 0.0811 -0.3197 0.9441
vn 0.3038 -0.9228 0.2369
vn 0.8620 -0.2366 0.4482
vn -0.8664 -0.1668 0.4707
vn -0.0764 -0.9966 0.0303
vn 0.4295 -0.2935 0.8540
vn 0.6987 -0.6412 -0.3173
vn 0.6563 -0.4678 0.5919
vn 0.9062 -0.4202 0.0474
vn 0.9747 -0.2079 -0.0818
vn -0.2867 -0.9470 0.1446
vn 0.4005 -0.3079 0.8630
vn 0.3648 -0.2722 0.8904
vn 0.2951 -0.5316 0.7940
vn -0.5974 -0.4497 0.6640
vn -0.6276 -0.3238 0.7080
vn -0.6228 -0.3285 0.7101
vn -0.9596 -0.2222 -0.1727
vn -0.9348 -0.2968 -0.1953
vn -0.9344 -0.3015 -0.1896
vn -0.3869 -0.0055 -0.9221
vn -0.3438 -0.2142 -0.9143
vn -0.3217 -0.1871 -0.9282
vn -0.0525 -0.5898 -0.8059
vn -0.1907 -0.6498 -0.7357
vn -0.6519 -0.4992 0.5708
vn -0.8420 -0.4344 0.3199
vn -0.2505 -0.6633 0.7052
vn -0.9793 -0.1488 0.1370
vn -0.4457 -0.4454 0.7765
vn -0.4170 -0.4257 0.8030
vn -0.8376 -0.2408 -0.4904
vn -0.8414 -0.3477 -0.4137
vn -0.7760 -0.4238 0.4671
vn -0.7456 -0.5797 0.3286
vn -0.7285 -0.6206 -0.2901
vn 0.8596 0.1257 -0.4952
vn 0.6406 0.1951 -0.7426
vn 0.8574 -0.3648 -0.3631
vn 0.9291 -0.3047 -0.2093
vn 0.9737 -0.1742 -0.1468
vn 0.8828 -0.0995 -0.4592
vn 0.8337 -0.2916 -0.4689
vn 0.7439 -0.1736 -0.6453
vn -0.0764 -0.8683 -0.4901
vn 0.2795 0.1748 -0.9441
vn 0.9129 -0.1456 -0.3813
vn 0.5372 0.2066 -0.8177
vn 0.4091 0.8173 -0.4058
vn 0.4363 -0.7566 0.4870
vn 0.2861 -0.0892 -0.9540
vn 0.4777 -0.5049 -0.7189
vn 0.7723 -0.2477 0.5850
vn 0.9548 -0.2334 0.1839
vn 0.9201 -0.1159 0.3742
vn 0.5709 -0.4643 0.6772
vn 0.7006 0.1080 -0.7053
vn -0.6730 0.1188 -0.7301
vn 0.2463 0.1694 -0.9543
vn -0.6239 0.0518 -0.7798
vn 0.7337 -0.1433 -0.6642
vn 0.6147 -0.3106 0.7251
vn 0.9540 -0.1753 -0.2432
vn 0.3056 -0.4231 0.8530
vn 0.8888 -0.4399 0.1285
vn 0.9054 -0.4244 0.0111
vn 0.8731 -0.4461 -0.1968
vn 0.4395 -0.4053 0.8016
vn -0.0995 0.2154 0.9714
vn -0.1814 0.1141 0.9768
vn -0.8278 0.3915 0.4019
vn -0.7567 0.5475 0.3573
vn -0.2647 0.8440 0.4665
vn -0.8623 0.2285 0.4519
vn -0.6960 0.1622 0.6995
vn 0.0149 0.9934 -0.1134
vn -0.0825 0.9799 -0.1817
vn -0.3044 0.9314 0.1994
vn -0.5237 0.8358 0.1649
vn -0.2783 -0.2630 0.9238
vn -0.7260 -0.0100 -0.6876
vn -0.6174 0.2895 -0.7315
vn 0.8997 -0.4231 -0.1074
vn 0.6272 -0.2692 -0.7308
vn 0.4917 -0.5450 0.6791
vn 0.4916 -0.5463 0.6781
vn 0.4124 -0.6360 0.6522
vn 0.7902 -0.3544 0.4999
vn 0.9746 -0.2128 -0.0696
vn 0.9780 -0.1745 -0.1142
vn 0.7359 -0.1070 -0.6686
vn 0.7525 -0.1023 -0.6506
vn -0.3419 -0.0231 -0.9395
vn -0.8984 -0.2813 0.3372
vn -0.8964 -0.2145 0.3878
vn -0.9348 -0.2284 0.2721
vn -0.8603 0.1046 -0.4989
vn -0.6191 -0.0919 -0.7799
vn -0.6581 0.1464 -0.7386
vn 0.9045 -0.3326 0.2669
vn -0.1734 -0.4398 -0.8812
vn -0.0132 0.0573 -0.9983
vn -0.9146 -0.3014 0.2697
vn -0.9788 -0.0117 0.2044
vn 0.9193 0.0336 0.3922
vn -0.6495 0.1103 0.7523
vn -0.6740 -0.7107 -0.2019
vn -0.5097 -0.8299 -0.2267
vn 0.5411 0.0163 0.8408
vn 0.6170 -0.2091 0.7586
vn 0.9636 -0.0789 0.2556
vn 0.8879 0.4183 0.1916
vn -0.4172 0.4601 0.7838
vn -0.4210 0.3508 0.8365
vn -0.9516 0.0553 0.3022
vn -0.9351 0.1253 0.3314
vn -0.8315 -0.0393 -0.5541
vn -0.8905 -0.1430 -0.4319
vn -0.5257 -0.3285 -0.7847
vn -0.2399 -0.2001 -0.9499
vn 0.4929 -0.3405 -0.8007
vn 0.8503 -0.0573 -0.5232
vn 0.7160 -0.0782 -0.6937
vn 0.7055 0.0738 -0.7049
vn -0.2445 0.0538 -0.9682
vn -0.1689 -0.0475 -0.9845
vn -0.8720 0.1009 -0.4791
vn -0.8724 0.1065 -0.4771
vn -0.8719 0.1003 -0.4792
vn -0.8725 0.1072 -0.4767
vn -0.8908 0.3925 0.2289
vn -0.7317 0.5947 0.3332
vn -0.5360 0.6404 0.5500
vn -0.5546 0.0482 0.8307
vn -0.3917 -0.0426 0.9191
vn -0.9397 -0.0641 0.3359
vn -0.8918 -0.1531 0.4257
vn 0.8619 -0.0234 -0.5066
vn 0.8432 0.1343 -0.5205
vn 0.7536 0.1845 -0.6309
vn 0.4904 -0.8709 -0.0322
vn -0.4603 -0.6479 -0.6069
vn -0.1459 -0.7097 -0.6892
vn -0.3154 -0.5745 -0.7552
vn -0.8880 -0.3458 -0.3032
vn -0.8750 -0.3726 -0.3091
vn 0.4865 0.6732 -0.5569
vn 0.4027 0.6873 -0.6045
vn -0.1997 0.7566 -0.6227
vn -0.0537 0.7972 -0.6013
vn -0.1294 0.9740 -0.1858
vn -0.4420 -0.6418 -0.6266
vn -0.5763 -0.1824 -0.7966
vn -0.6395 -0.0119 -0.7687
vn -0.4907 0.3264 -0.8079
vn -0.7321 0.4402 -0.5199
vn -0.6283 0.7529 -0.1962
vn -0.7211 0.6580 -0.2171
vn -0.3052 0.8602 0.4085
vn -0.7424 0.4474 0.4987
vn -0.9421 0.3091 0.1299
vn -0.9233 0.3821 -0.0391
vn -0.9440 0.0940 -0.3162
vn -0.9447 0.0568 -0.3229
vn -0.5890 0.5232 0.6159
vn 0.6449 0.5458 0.5349
vn 0.9032 0.2843 0.3215
vn 0.8937 0.4361 0.1050
vn 0.6042 -0.6817 -0.4126
vn -0.4633 -0.7915 -0.3986
vn -0.3563 0.6917 0.6282
vn 0.6394 0.0875 0.7639
vn 0.3524 0.6998 0.6213
vn -0.6180 0.1303 0.7753
vn -0.2472 0.9180 0.3102
vn -0.3641 -0.0287 -0.9309
vn -0.3919 -0.0577 -0.9182
vn -0.7987 -0.0495 -0.5996
vn -0.7042 0.0811 0.7054
vn -0.7298 0.6175 0.2933
vn -0.8999 0.2649 0.3464
vn -0.8938 0.4361 0.1049
vn -0.9084 0.4002 -0.1214
vn -0.7037 0.5144 -0.4901
vn -0.7372 0.1569 -0.6572
vn -0.6692 0.1179 -0.7337
vn -0.7608 -0.2431 -0.6017
vn -0.8147 0.0833 -0.5739
vn -0.9916 -0.1297 -0.0035
vn -0.5124 0.6059 -0.6086
vn -0.5876 0.4876 -0.6457
vn -0.6449 0.5618 -0.5181
vn -0.5023 0.6145 -0.6083
vn -0.5015 0.6151 -0.6084
vn -0.4984 0.6176 -0.6085
vn -0.4979 0.6180 -0.6084
vn -0.6378 0.6679 -0.3837
vn -0.4245 0.6840 -0.5933
vn -0.4706 0.3035 -0.8285
vn -0.2781 0.3629 -0.8893
vn -0.6340 0.6158 -0.4678
vn -0.6284 0.6234 -0.4653
vn -0.6332 0.6167 -0.4677
vn -0.6279 0.6243 -0.4648
vn -0.5418 0.4609 -0.7029
vn -0.5345 0.4683 -0.7036
vn -0.5425 0.4609 -0.7023
vn -0.5348 0.4692 -0.7027
vn -0.3385 0.6327 -0.6965
vn -0.3388 0.6550 -0.6755
vn -0.2947 0.5963 -0.7467
vn -0.3835 0.5755 -0.7223
vn -0.1985 0.4085 -0.8909
vn -0.2536 0.7027 -0.6647
vn -0.3200 0.6150 -0.7207
vn -0.3202 0.6156 -0.7200
vn -0.3211 0.6198 -0.7161
vn -0.3211 0.6205 -0.7154
vn -0.3133 0.6314 -0.7093
vn -0.2695 0.6380 -0.7213
vn -0.2489 0.6702 -0.6992
vn -0.1805 0.6845 -0.7063
vn -0.1773 0.6764 -0.7149
vn -0.1777 0.6755 -0.7156
vn -0.1730 0.6839 -0.7087
vn -0.0829 0.6993 -0.7100
vn -0.0830 0.7006 -0.7087
vn -0.0826 0.6933 -0.7159
vn -0.3000 0.6187 -0.7261
vn -0.2790 0.6587 -0.6988
vn -0.1727 0.6841 -0.7086
vn -0.0549 0.6813 -0.7300
vn -0.0077 0.6893 -0.7244
vn 0.0294 0.6510 -0.7585
vn 0.0365 0.6534 -0.7561
vn 0.0299 0.6513 -0.7582
vn 0.0320 0.5748 -0.8177
vn 0.0317 0.5926 -0.8048
vn 0.0595 0.6065 -0.7929
vn 0.0374 0.6536 -0.7559
vn 0.0193 0.6047 -0.7962
vn 0.0158 0.6560 -0.7546
vn -0.0145 0.6532 -0.7571
vn -0.0407 0.6958 -0.7171
vn -0.0826 0.6919 -0.7173
vn -0.0994 0.7080 -0.6992
vn -0.2315 0.4309 -0.8722
vn 0.0599 -0.1655 0.9844
vn 0.0574 -0.1851 0.9810
vn -0.4558 -0.4585 0.7629
vn -0.3837 -0.7498 0.5390
vn -0.4421 -0.7909 0.4231
vn -0.3333 -0.8953 0.2957
vn -0.3023 -0.7404 0.6003
vn -0.1912 -0.8168 0.5444
vn -0.2776 -0.8412 0.4640
vn -0.0986 -0.8964 0.4322
vn -0.0439 -0.8634 0.5026
vn 0.0635 -0.8639 0.4996
vn 0.0562 -0.8452 0.5314
vn 0.1658 -0.8346 0.5253
vn 0.1485 -0.8118 0.5647
vn 0.1560 -0.7430 0.6508
vn 0.0819 -0.7513 0.6548
vn 0.0783 -0.7479 0.6592
vn 0.0816 -0.7510 0.6553
vn 0.0777 -0.7474 0.6599
vn 0.0210 -0.7488 0.6625
vn 0.0393 -0.7794 0.6253
vn -0.1226 -0.7186 0.6845
vn -0.1145 -0.6709 0.7327
vn 0.0346 -0.5722 0.8194
vn -0.0053 -0.6627 0.7488
vn -0.0057 -0.6629 0.7487
vn -0.0056 -0.6628 0.7488
vn -0.0059 -0.6629 0.7487
vn 0.0737 -0.7161 0.6941
vn 0.1305 -0.7021 0.7000
vn 0.1604 -0.7155 0.6800
vn 0.2707 -0.6902 0.6711
vn 0.2687 -0.6858 0.6764
vn 0.2705 -0.6896 0.6718
vn 0.1654 -0.7315 0.6614
vn 0.2489 -0.7143 0.6541
vn 0.2685 -0.6852 0.6771
vn 0.3241 -0.6761 0.6617
vn 0.3266 -0.6727 0.6639
vn 0.3239 -0.6763 0.6616
vn 0.3269 -0.6724 0.6641
vn 0.4274 -0.6573 0.6208
vn 0.4097 -0.7046 0.5794
vn 0.5357 -0.6413 0.5494
vn 0.5723 -0.6538 0.4950
vn 0.5710 -0.6531 0.4974
vn 0.5689 -0.6519 0.5014
vn 0.5675 -0.6512 0.5039
vn 0.4855 -0.7033 0.5193
vn 0.4764 -0.6899 0.5451
vn 0.3524 -0.7263 0.5901
vn 0.3525 -0.7334 0.5813
vn 0.2861 -0.6617 0.6930
vn 0.2173 -0.6719 0.7080
vn 0.3458 -0.7721 0.5332
vn 0.7079 -0.6224 0.3340
vn 0.7094 -0.6209 0.3334
vn 0.7080 -0.6207 0.3369
vn 0.7074 -0.6206 0.3383
vn 0.7100 -0.6210 0.3320
vn 0.6699 -0.5943 0.4450
vn 0.5646 -0.6788 0.4695
vn 0.5330 -0.6638 0.5247
vn 0.5212 -0.6993 0.4892
vn 0.1774 -0.4394 0.8806
vn 0.3483 -0.5980 0.7218
vn 0.2803 -0.6140 0.7379
vn 0.2763 -0.6194 0.7349
vn 0.2813 -0.6126 0.7386
vn 0.2761 -0.6198 0.7346
vn 0.1453 -0.5255 0.8383
vn 0.0803 -0.6143 0.7850
vn 0.0586 -0.5943 0.8021
vn -0.0173 -0.6142 0.7890
vn -0.1363 -0.3972 0.9076
vn 0.0942 -0.4408 0.8926
vn 0.0958 -0.4051 0.9092
vn 0.0248 -0.3702 0.9286
vn 0.2755 -0.5324 0.8004
vn 0.2923 -0.5281 0.7973
vn 0.2923 -0.5266 0.7983
vn 0.2964 -0.5267 0.7967
vn 0.3355 -0.5340 0.7761
vn 0.3129 -0.5604 0.7668
vn 0.2974 -0.5281 0.7954
vn 0.2940 -0.5279 0.7968
vn 0.2969 -0.5284 0.7954
vn 0.1215 -0.3840 0.9153
vn 0.3701 -0.3662 0.8538
vn 0.2991 -0.5320 0.7922
vn 0.3877 0.7454 -0.5423
vn 0.3144 0.7164 -0.6229
vn -0.5771 -0.6785 0.4545
vn -0.5825 -0.6021 0.5460
vn -0.4906 -0.7245 0.4841
vn -0.4446 -0.6553 0.6107
vn -0.5559 -0.6838 0.4727
vn -0.4974 -0.8670 -0.0305
vn -0.5274 -0.8470 -0.0667
vn -0.5412 -0.8022 -0.2521
vn -0.5688 -0.8014 -0.1851
vn -0.6857 -0.7238 0.0774
vn -0.7836 -0.6212 0.0050
vn -0.7911 -0.6114 -0.0186
vn -0.5373 -0.6239 -0.5675
vn -0.6080 -0.7334 0.3042
vn -0.6157 -0.7290 0.2990
vn -0.4808 -0.6783 0.5557
vn -0.4302 -0.7187 0.5462
vn -0.3063 -0.5822 0.7531
vn -0.3042 -0.5813 0.7547
vn -0.3047 -0.5815 0.7543
vn -0.3960 -0.5511 0.7345
vn -0.3883 -0.5329 0.7518
vn -0.3278 -0.5268 0.7843
vn -0.2895 -0.5620 0.7748
vn -0.3067 -0.5823 0.7529
vn -0.5769 -0.5506 0.6034
vn -0.4110 -0.5128 0.7537
vn -0.4456 -0.5782 0.6834
vn -0.4573 -0.5522 0.6971
vn -0.6840 -0.2743 0.6759
vn -0.7252 -0.3015 0.6191
vn -0.7206 -0.2749 0.6365
vn -0.7516 -0.2778 0.5982
vn -0.7101 -0.3271 0.6235
vn -0.7017 -0.3053 0.6437
vn -0.6788 -0.3397 0.6510
vn -0.6878 -0.3942 0.6095
vn -0.2028 -0.4406 0.8745
vn -0.2940 -0.4917 0.8196
vn -0.2967 -0.5256 0.7973
vn -0.5526 -0.2946 0.7797
vn -0.6260 -0.3126 0.7144
vn -0.6348 -0.3585 0.6845
vn -0.6203 -0.4002 0.6746
vn -0.3487 -0.7188 0.6014
vn -0.3289 -0.7257 0.6043
vn -0.3382 -0.4330 0.8355
vn -0.0868 -0.7015 0.7073
vn -0.1696 -0.6772 0.7160
vn -0.1149 -0.5011 0.8577
vn -0.1149 -0.5009 0.8579
vn -0.1146 -0.5010 0.8578
vn -0.1115 -0.5004 0.8586
vn -0.3319 -0.3091 0.8912
vn -0.1712 -0.3945 0.9028
vn -0.1750 -0.3686 0.9130
vn -0.1073 -0.3833 0.9174
vn -0.0765 -0.3410 0.9370
vn -0.2563 -0.2508 0.9335
vn -0.2691 -0.2214 0.9373
vn -0.6798 -0.0367 0.7325
vn -0.5392 -0.1385 0.8307
vn -0.2441 -0.5386 0.8064
vn -0.0197 -0.2844 0.9585
vn 0.0231 -0.2542 0.9669
vn -0.0965 -0.3061 0.9471
vn -0.1420 -0.3572 0.9232
vn -0.1209 -0.3641 0.9235
vn -0.0795 -0.3414 0.9365
vn -0.1120 -0.2498 0.9618
vn -0.0326 -0.1902 0.9812
vn -0.0929 -0.1177 0.9887
vn 0.0134 -0.0758 0.9970
vn -0.0168 -0.0656 0.9977
vn -0.0101 -0.1818 0.9833
vn -0.0509 -0.1804 0.9823
vn -0.6534 0.5777 -0.4891
vn -0.7299 0.2601 -0.6322
vn -0.3217 0.3414 -0.8832
vn 0.2459 -0.0495 -0.9680
vn 0.3222 0.0705 -0.9441
vn 0.2079 0.0287 -0.9777
vn 0.2284 0.0959 -0.9688
vn 0.2206 0.1246 -0.9674
vn 0.2270 0.1281 -0.9654
vn 0.1410 0.1558 -0.9777
vn 0.1592 0.1759 -0.9715
vn 0.1403 0.1682 -0.9757
vn 0.1576 0.1795 -0.9711
vn 0.1471 0.1676 -0.9748
vn 0.1673 0.2525 -0.9530
vn 0.1667 0.2525 -0.9531
vn 0.1712 0.2518 -0.9525
vn 0.2045 0.2821 -0.9373
vn 0.2368 0.3548 -0.9044
vn 0.3172 0.3923 -0.8634
vn 0.3173 0.3919 -0.8636
vn 0.3160 0.3869 -0.8663
vn 0.3156 0.3868 -0.8665
vn 0.3748 0.3853 -0.8433
vn 0.1729 0.1745 -0.9694
vn 0.1850 0.1896 -0.9643
vn 0.1888 0.2320 -0.9542
vn 0.1408 0.2101 -0.9675
vn 0.1716 0.2514 -0.9525
vn 0.1789 0.3642 -0.9140
vn 0.2142 0.3702 -0.9039
vn 0.2407 0.4296 -0.8703
vn 0.2945 0.4115 -0.8625
vn 0.3163 0.5068 -0.8020
vn 0.2723 0.1995 -0.9413
vn 0.2230 0.1681 -0.9602
vn 0.2416 0.1161 -0.9634
vn 0.2531 0.1078 -0.9614
vn 0.2395 0.1143 -0.9642
vn 0.2566 0.0757 -0.9635
vn 0.5501 0.2347 -0.8014
vn 0.5380 0.2417 -0.8075
vn 0.5192 0.3193 -0.7928
vn 0.5331 0.3091 -0.7876
vn 0.4184 0.4917 -0.7637
vn 0.4072 0.4908 -0.7703
vn 0.4071 0.4902 -0.7707
vn 0.4066 0.4909 -0.7705
vn 0.3413 0.5503 -0.7620
vn 0.5474 0.2285 -0.8051
vn 0.4493 0.5497 -0.7042
vn 0.4116 0.2669 -0.8714
vn 0.4725 0.1370 -0.8706
vn 0.6224 0.3372 -0.7063
vn 0.3766 -0.6287 0.6804
vn 0.2865 -0.6679 0.6869
vn 0.3196 -0.7265 0.6084
vn 0.3660 -0.7570 0.5414
vn 0.2059 -0.6023 0.7713
vn 0.2250 -0.6238 0.7485
vn 0.3053 -0.6218 0.7212
vn 0.2777 -0.6447 0.7122
vn 0.4829 -0.6348 0.6032
vn 0.5667 -0.6409 0.5177
vn 0.4587 -0.6112 0.6450
vn 0.4272 -0.6055 0.6715
vn 0.4706 -0.6292 0.6186
vn 0.4832 -0.6433 0.5939
vn 0.0989 -0.6338 0.7671
vn 0.0324 -0.6541 0.7557
vn -0.0059 -0.6180 0.7862
vn -0.0304 -0.6168 0.7865
vn -0.0182 -0.5031 0.8640
vn -0.0248 -0.4992 0.8661
vn 0.0051 -0.3804 0.9248
vn 0.0518 -0.6164 0.7857
vn 0.0579 -0.6453 0.7618
vn 0.0481 -0.6589 0.7507
vn 0.0488 -0.6588 0.7507
vn 0.0493 -0.6589 0.7506
vn 0.0495 -0.6588 0.7507
vn -0.0202 -0.7123 0.7015
vn -0.0380 -0.6793 0.7328
vn -0.0416 -0.7100 0.7030
vn 0.0283 -0.6363 0.7709
vn 0.0331 -0.6096 0.7920
vn 0.0646 -0.5823 0.8104
vn 0.0116 -0.5913 0.8064
vn 0.0388 -0.4777 0.8777
vn 0.0163 -0.5008 0.8654
vn -0.2477 -0.4395 0.8634
vn -0.0582 -0.4543 0.8890
vn -0.0750 -0.4939 0.8663
vn -0.0422 -0.5561 0.8301
vn -0.1178 -0.6403 0.7591
vn -0.1267 -0.6168 0.7768
vn -0.2066 -0.6879 0.6958
vn -0.4609 -0.1121 0.8803
vn -0.4636 -0.1059 0.8797
vn -0.4650 -0.1026 0.8794
vn -0.4596 -0.1152 0.8806
vn -0.5367 -0.1499 0.8303
vn -0.5385 -0.1468 0.8298
vn -0.5372 -0.1491 0.8302
vn -0.5389 -0.1460 0.8296
vn -0.4284 -0.6900 0.5834
vn -0.4662 -0.6637 0.5849
vn -0.2889 -0.8286 0.4796
vn -0.2392 -0.9619 0.1326
vn -0.1613 -0.9718 0.1719
vn -0.2525 -0.8730 0.4173
vn -0.1924 -0.8823 0.4296
vn -0.1861 -0.8832 0.4306
vn -0.1664 -0.8852 0.4345
vn -0.2177 -0.7751 0.5932
vn -0.0997 -0.8627 0.4958
vn -0.1142 -0.8836 0.4542
vn -0.2349 -0.7984 0.5544
vn -0.1851 -0.8066 0.5613
vn -0.1678 -0.8316 0.5294
vn -0.2410 0.5079 -0.8270
vn -0.2077 0.5252 -0.8252
vn -0.1915 0.4841 -0.8538
vn 0.0057 0.7116 -0.7026
vn -0.0530 0.6725 -0.7382
vn -0.0486 0.6714 -0.7395
vn -0.0924 0.6364 -0.7658
vn -0.1179 0.6342 -0.7641
vn -0.1575 0.5784 -0.8004
vn -0.1957 0.5565 -0.8075
vn -0.2491 0.5706 -0.7825
vn -0.2524 0.5145 -0.8195
vn -0.2866 0.4847 -0.8264
vn -0.2745 0.3742 -0.8858
vn -0.2318 0.3224 -0.9178
vn -0.2087 0.4898 -0.8465
vn -0.1347 0.5520 -0.8229
vn -0.1510 0.5512 -0.8206
vn -0.0818 0.6184 -0.7816
vn -0.0792 0.6190 -0.7814
vn -0.0788 0.6191 -0.7814
vn -0.0822 0.6183 -0.7816
vn -0.0459 0.6601 -0.7498
vn -0.0218 0.6619 -0.7493
vn 0.0019 0.6873 -0.7264
vn 0.0290 0.6906 -0.7226
vn 0.0572 0.7391 -0.6712
vn 0.1232 0.7198 -0.6832
vn 0.1201 0.7197 -0.6839
vn -0.2455 0.7272 -0.6411
vn -0.2471 0.7301 -0.6371
vn -0.2458 0.7276 -0.6405
vn -0.2473 0.7304 -0.6367
vn -0.1989 0.7979 -0.5691
vn -0.2211 0.7978 -0.5609
vn -0.2202 0.7990 -0.5596
vn -0.2202 0.7989 -0.5597
vn -0.2193 0.8001 -0.5584
vn 0.1799 0.7810 -0.5980
vn -0.1393 0.4511 -0.8815
vn -0.1387 0.4510 -0.8817
vn -0.1326 0.4441 -0.8861
vn -0.1322 0.4434 -0.8865
vn -0.3370 0.4652 -0.8185
vn -0.1356 0.2853 -0.9488
vn -0.3120 0.2837 -0.9067
vn -0.3701 0.3303 -0.8683
vn -0.6076 0.0300 -0.7937
vn -0.6827 0.0276 -0.7302
vn -0.7000 -0.0421 -0.7129
vn -0.4536 0.0262 -0.8908
vn -0.1099 0.1730 -0.9788
vn -0.1342 0.3343 -0.9329
vn -0.1260 0.3466 -0.9295
vn -0.1686 0.3243 -0.9308
vn -0.1280 0.3139 -0.9408
vn -0.3953 0.5136 -0.7615
vn -0.5285 0.1403 -0.8373
vn -0.2697 -0.3025 0.9142
vn -0.2714 -0.3045 0.9130
vn -0.2750 -0.3089 0.9105
vn -0.2763 -0.3106 0.9095
vn -0.1477 -0.7078 0.6908
vn -0.0856 -0.7086 0.7004
vn -0.3213 0.4747 -0.8194
vn -0.3212 0.4751 -0.8192
vn -0.3211 0.4749 -0.8194
vn -0.3217 0.4783 -0.8171
vn -0.3997 0.4036 -0.8230
vn -0.6123 -0.2031 -0.7641
vn -0.6175 -0.1896 -0.7634
vn -0.7262 -0.1227 -0.6764
vn 0.3072 0.3345 -0.8909
vn 0.2374 0.0448 -0.9704
vn 0.1358 0.1081 -0.9848
vn 0.0994 0.6586 -0.7459
vn -0.2877 0.0450 -0.9567
vn -0.4401 0.1389 -0.8871
vn -0.6168 -0.2802 -0.7355
vn -0.6809 -0.1224 -0.7221
vn -0.6247 -0.0750 -0.7772
vn -0.5835 -0.3939 -0.7102
vn -0.3137 0.4582 -0.8316
vn 0.0182 -0.0591 -0.9981
vn 0.1305 0.4810 -0.8670
vn 0.2920 0.3103 -0.9047
vn 0.2970 0.4796 -0.8257
vn 0.0989 -0.3757 0.9214
vn -0.0214 -0.1955 0.9805
vn -0.0832 -0.1871 0.9788
vn -0.3453 -0.1675 0.9234
vn -0.3267 -0.2574 0.9094
vn -0.2593 -0.2931 0.9202
vn -0.1691 0.6993 -0.6946
vn -0.2906 -0.1800 0.9398
vn -0.2768 0.3137 -0.9083
vn -0.4005 0.6097 -0.6840
vn -0.3962 0.7027 -0.5910
vn -0.3888 0.6404 -0.6623
vn -0.4716 0.5922 -0.6534
vn 0.0204 -0.4391 0.8982
vn -0.0193 -0.4291 0.9031
vn 0.0811 -0.7310 0.6776
vn 0.1654 -0.7989 0.5783
vn 0.1166 -0.6403 0.7592
vn 0.1167 -0.6400 0.7595
vn 0.1168 -0.6400 0.7594
vn 0.1169 -0.6331 0.7652
vn 0.2108 -0.6434 0.7360
vn 0.3051 -0.6842 0.6624
vn 0.3972 -0.6514 0.6465
vn 0.3972 -0.6517 0.6462
vn 0.3973 -0.6523 0.6454
vn 0.3975 -0.6526 0.6451
vn 0.3823 -0.6389 0.6676
vn 0.2623 -0.7534 0.6029
vn 0.2517 -0.7906 0.5583
vn -0.0419 -0.9430 0.3302
vn 0.0147 -0.9543 0.2984
vn 0.5548 -0.7361 0.3878
vn 0.3986 -0.6684 0.6280
vn 0.0934 -0.1140 0.9891
vn -0.1070 -0.1476 0.9832
vn -0.2177 -0.1304 0.9673
vn -0.1019 0.3469 0.9324
vn -0.0932 0.4612 0.8824
vn -0.0549 0.4201 0.9058
vn -0.3281 -0.2769 0.9031
vn -0.5688 -0.0358 -0.8217
vn -0.4778 0.0456 -0.8773
vn -0.1816 0.1926 -0.9643
vn -0.2616 0.4794 -0.8377
vn -0.2536 0.4498 -0.8564
vn -0.2428 0.4510 -0.8588
vn -0.2335 0.5545 -0.7988
vn -0.3047 0.5267 -0.7936
vn -0.2479 0.4945 -0.8331
vn -0.1453 -0.3718 0.9169
vn -0.1437 -0.3339 0.9316
vn -0.1249 -0.3103 0.9424
vn -0.1305 -0.2994 0.9452
vn 0.1820 0.0635 -0.9812
vn 0.3207 -0.0171 -0.9470
vn 0.1602 0.1353 -0.9778
vn 0.1786 0.1619 -0.9705
vn 0.0306 -0.1544 0.9875
vn -0.0929 -0.2022 0.9749
vn 0.0257 -0.2867 0.9577
vn -0.0427 -0.3393 0.9397
vn -0.0076 -0.3393 0.9406
vn 0.5237 0.2992 -0.7976
vn 0.3916 0.4357 -0.8104
vn 0.3898 0.4405 -0.8087
vn 0.3374 0.5042 -0.7950
vn 0.3402 0.5498 -0.7629
vn 0.0686 0.6192 -0.7823
vn 0.1255 0.7228 -0.6796
vn 0.2209 0.6744 -0.7045
vn 0.1656 0.6598 -0.7330
vn 0.1253 0.6282 -0.7679
vn 0.4177 0.7218 -0.5518
vn -0.4658 0.4566 -0.7580
vn -0.4086 0.5043 -0.7608
vn -0.4088 0.5046 -0.7605
vn -0.4862 0.4938 -0.7209
vn -0.4923 0.5536 -0.6717
vn -0.3772 0.5441 -0.7494
vn -0.4084 0.5039 -0.7611
vn 0.1219 0.3112 0.9425
vn 0.5772 0.5219 0.6280
vn 0.4519 0.5696 0.6866
vn 0.6195 0.4383 0.6512
vn 0.5267 0.5562 0.6428
vn 0.5210 0.5602 0.6440
vn 0.5261 0.5565 0.6431
vn 0.5289 0.5543 0.6426
vn 0.5189 0.5616 0.6444
vn 0.5946 0.5261 0.6080
vn 0.5998 0.5050 0.6207
vn 0.6306 0.5357 0.5616
vn 0.6302 0.5329 0.5646
vn -0.5488 0.4096 0.7287
vn -0.5072 0.5092 0.6953
vn 0.5118 0.7519 0.4156
vn 0.5271 0.7318 0.4321
vn 0.5346 0.6893 0.4889
vn -0.6808 0.5974 0.4237
vn -0.4981 0.4437 0.7450
vn -0.4903 0.7628 0.4216
vn -0.4823 0.7557 0.4430
vn -0.4767 0.7791 0.4072
vn -0.5466 0.8031 0.2372
vn -0.5895 0.6810 0.4345
vn -0.6920 0.7121 0.1183
vn -0.6913 0.7178 0.0825
vn -0.3873 0.8119 0.4369
vn -0.2396 0.9507 -0.1969
vn 0.5089 0.7629 0.3987
vn 0.6448 0.7642 -0.0104
vn 0.6667 0.7044 0.2436
vn 0.7429 0.5644 0.3601
vn 0.7449 0.6670 0.0144
vn 0.4008 0.7616 0.5093
vn 0.9823 0.0827 -0.1679
vn 0.9787 -0.1934 -0.0694
vn 0.8149 0.1108 -0.5690
vn 0.7787 -0.1778 -0.6017
vn 0.7057 0.1168 -0.6988
vn 0.7371 0.1358 -0.6620
vn 0.6822 0.5834 -0.4409
vn 0.9085 0.3999 -0.1212
vn 0.9468 -0.1505 0.2845
vn 0.9463 -0.1472 0.2877
vn 0.9469 -0.1500 0.2843
vn 0.9462 -0.1472 0.2881
vn 0.9794 -0.1298 -0.1548
vn 0.8701 -0.3596 0.3372
vn 0.8261 -0.4934 0.2721
vn 0.8262 -0.4939 0.2711
vn 0.7410 0.0550 0.6693
vn 0.7094 0.0933 0.6986
vn 0.7311 0.6163 0.2927
vn -0.8265 0.4583 -0.3270
vn -0.9000 0.2863 0.3288
vn -0.3699 0.9201 0.1292
vn -0.6766 0.7170 0.1675
vn -0.6908 0.7218 0.0427
vn -0.9620 0.2643 -0.0687
vn 0.3846 -0.0653 0.9208
vn 0.4245 0.1425 0.8942
vn 0.5022 0.4586 0.7331
vn 0.5018 0.4588 0.7332
vn 0.5029 0.4580 0.7330
vn 0.7405 -0.6717 0.0235
vn 0.7406 -0.6715 0.0237
vn 0.7407 -0.6715 0.0237
vn 0.5284 -0.6451 0.5520
vn 0.5293 -0.6487 0.5469
vn 0.5287 -0.6463 0.5502
vn 0.5295 -0.6498 0.5453
vn 0.1915 0.2854 0.9391
vn 0.1922 0.2846 0.9392
vn 0.1896 0.2875 0.9388
vn 0.5033 0.4577 0.7329
vn 0.1888 0.2884 0.9387
vn -0.1888 0.2884 0.9387
vn -0.1922 0.2846 0.9392
vn -0.5295 -0.6498 0.5453
vn -0.5295 -0.6499 0.5451
vn -0.7222 -0.6851 0.0949
vn -0.7246 -0.6823 0.0973
vn -0.7231 -0.6841 0.0958
vn -0.7255 -0.6812 0.0983
vn -0.5323 0.4729 0.7022
vn -0.5330 0.4723 0.7020
vn -0.4268 0.1249 0.8957
vn -0.3856 -0.0718 0.9199
vn -0.9946 -0.0605 0.0847
vn -0.3900 -0.0714 0.9181
vn -0.3287 0.1240 0.9362
vn -0.9501 -0.0820 0.3009
vn -0.9705 -0.1649 0.1759
vn -0.9601 -0.1584 -0.2306
vn -0.9119 -0.2019 -0.3574
vn -0.6960 -0.1373 -0.7048
vn -0.6839 -0.1435 -0.7154
vn -0.2282 -0.1177 -0.9665
vn -0.3799 -0.0371 -0.9243
vn -0.3466 -0.9380 -0.0001
vn -0.8677 0.3220 -0.3786
vn -0.8461 0.3481 -0.4038
vn -0.1013 -0.9820 -0.1594
vn -0.9096 -0.3199 0.2651
vn -0.9822 -0.1598 0.0992
vn -0.8911 0.2445 0.3823
vn -0.8936 0.2175 0.3926
vn -0.8132 0.3967 0.4258
vn -0.6480 0.4719 0.5978
vn -0.6455 0.4744 0.5986
vn -0.6469 0.4730 0.5981
vn -0.6639 0.6415 0.3844
vn -0.9394 0.3348 0.0744
vn -0.5795 0.5770 0.5755
vn -0.6482 0.4718 0.5977
vn -0.7290 0.6841 0.0228
vn -0.7580 0.6460 -0.0907
vn -0.7667 0.6398 -0.0535
vn -0.8077 0.5633 -0.1742
vn -0.8195 0.5665 -0.0870
vn -0.8960 0.1962 0.3984
vn -0.8961 0.1957 0.3983
vn -0.8962 0.1957 0.3983
vn -0.8974 0.1925 0.3970
vn -0.2077 0.8348 0.5099
vn -0.1705 0.8227 0.5423
vn -0.1162 0.8108 0.5737
vn -0.1799 0.9222 0.3424
vn -0.4228 0.5480 0.7218
vn -0.5553 0.7649 0.3264
vn -0.4041 0.8496 0.3389
vn -0.8334 0.3028 0.4623
vn -0.6218 0.2059 0.7556
vn -0.4691 0.4179 0.7780
vn -0.4734 0.4247 0.7717
vn -0.4694 0.4184 0.7775
vn -0.4740 0.4256 0.7708
vn -0.5544 0.3598 0.7504
vn 0.4904 0.8536 -0.1757
vn 0.5397 0.8362 -0.0971
vn 0.4533 0.8913 0.0086
vn 0.6011 0.7647 0.2320
vn 0.4687 0.8337 0.2921
vn -0.0656 -0.9233 0.3784
vn -0.0732 -0.9293 0.3621
vn -0.1024 -0.8611 0.4980
vn 0.1346 -0.0714 0.9883
vn -0.7742 -0.0154 0.6327
vn -0.1478 -0.0841 0.9854
vn 0.7664 -0.0172 0.6422
vn 0.7726 -0.0165 0.6347
vn -0.4644 0.1150 0.8781
vn 0.2873 0.4118 0.8648
vn -0.2873 0.4118 0.8648
vn 0.4644 0.1150 0.8781
vn 0.9396 0.0322 0.3409
vn -0.7804 -0.0146 0.6251
vn 0.4904 -0.4232 -0.7618
vn 0.3813 -0.0651 -0.9222
vn 0.4707 0.0046 -0.8823
vn 0.4723 -0.0841 -0.8774
vn 0.8783 -0.0787 -0.4716
vn 0.9040 0.0748 -0.4209
vn 0.5591 -0.4932 0.6665
vn 0.5601 -0.4982 0.6619
vn -0.5617 -0.4960 0.6622
vn -0.5620 -0.4970 0.6611
vn -0.5619 -0.4962 0.6618
vn -0.5620 -0.4974 0.6608
vn 0.7065 0.1337 0.6950
vn 0.5854 0.4846 0.6500
vn -0.6774 0.3521 -0.6459
vn -0.5867 -0.0042 -0.8098
vn 0.9840 -0.0586 0.1682
vn 0.3886 -0.0649 0.9191
vn 0.3799 -0.0371 -0.9243
vn 0.2279 -0.1179 -0.9665
vn 0.6838 -0.1442 -0.7153
vn 0.6959 -0.1380 -0.7048
vn 0.9192 -0.2053 -0.3360
vn 0.9665 -0.1505 -0.2080
vn 0.9480 -0.1481 0.2818
vn 0.9033 -0.0507 0.4260
vn 0.3314 0.1420 0.9327
vn -0.2463 0.4091 0.8786
vn -0.7987 0.5587 -0.2234
vn -0.8088 0.5174 -0.2795
vn 0.7828 -0.6213 0.0341
vn 0.0740 -0.9490 -0.3063
vn -0.0010 -0.9992 0.0410
vn 0.3421 -0.8701 -0.3548
vn 0.5978 -0.7346 -0.3208
vn 0.2843 -0.8510 -0.4416
vn -0.1133 -0.8873 -0.4471
vn -0.4493 -0.8374 -0.3113
vn -0.3962 -0.8599 -0.3218
vn 0.1047 -0.9623 -0.2509
vn -0.2182 -0.9531 -0.2097
vn -0.1294 -0.9831 -0.1298
vn 0.0000 -0.7986 -0.6019
vn 0.0000 -0.9802 -0.1980
vn -0.6846 -0.7267 -0.0558
vn 0.8540 0.3449 -0.3895
vn 0.6577 0.3435 -0.6704
vn 0.9532 0.2367 -0.1879
vn 0.7749 -0.0255 0.6316
vn 0.7663 0.1764 0.6178
vn 0.8506 -0.0498 0.5234
vn 0.8605 0.1341 0.4914
vn 0.9386 -0.1622 0.3045
vn 0.9662 -0.0824 0.2444
vn 0.7255 0.6873 -0.0348
vn 0.6553 0.7418 0.1425
vn 0.4147 0.9083 0.0550
vn 0.2617 0.8525 0.4525
vn 0.2123 0.8395 0.5002
vn 0.1656 0.8311 0.5309
vn 0.2171 0.9117 0.3488
vn 0.3041 0.8915 0.3359
vn 0.3039 0.8914 0.3362
vn 0.6226 0.7382 0.2597
vn 0.9464 0.0880 0.3109
vn 0.9601 0.0025 0.2797
vn 0.8548 0.2751 0.4400
vn 0.7742 -0.0267 0.6324
vn 0.4163 0.5996 0.6835
vn 0.5129 0.3801 0.7697
vn -0.2984 0.9078 0.2947
vn -0.3590 0.9009 0.2442
vn -0.2443 0.9681 -0.0555
vn 0.5198 0.3936 0.7582
vn 0.5222 0.3914 0.7577
vn -0.9040 0.0748 -0.4209
vn -0.4707 0.0046 -0.8823
vn -0.3813 -0.0651 -0.9222
vn -0.4904 -0.4232 -0.7618
vn 0.7595 0.6040 -0.2415
vn 0.1721 0.3992 0.9006
vn 0.2036 0.6617 0.7216
vn 0.0939 0.6216 0.7777
vn 0.8171 0.4812 -0.3174
vn 0.7811 0.4935 -0.3824
vn -0.5408 -0.6335 0.5534
vn -0.4734 -0.4887 0.7329
vn -0.1042 0.2647 0.9587
vn -0.0497 0.3229 0.9451
vn 0.0677 0.3226 0.9441
vn 0.1188 0.2643 0.9571
vn 0.4518 -0.4949 0.7423
vn 0.5138 -0.6422 0.5688
vn 0.5762 -0.1743 -0.7985
vn 0.5530 -0.2269 -0.8017
vn 0.9487 0.0384 -0.3137
vn 0.9473 0.0697 -0.3128
vn 0.9143 0.4049 0.0036
vn 0.9283 0.3587 0.0980
vn 0.7223 0.5435 0.4276
vn 0.5436 0.7582 0.3601
vn 0.7958 0.5762 -0.1863
vn 0.6537 0.7449 -0.1339
vn 0.7648 0.4284 -0.4812
vn 0.4477 0.3853 -0.8069
vn 0.8980 0.0544 0.4367
vn 0.8545 0.3869 0.3465
vn 0.8528 0.4569 0.2529
vn 0.9887 0.1419 -0.0478
vn 0.5763 0.6503 -0.4949
vn 0.5797 0.6669 -0.4681
vn 0.9078 0.4108 0.0848
vn 0.8934 0.4365 0.1061
vn 0.8599 0.3276 -0.3914
vn 0.5307 0.7175 -0.4512
vn 0.5349 0.6164 -0.5778
vn 0.5730 0.5515 -0.6063
vn 0.3943 0.6361 -0.6633
vn 0.4026 0.6357 -0.6586
vn 0.4012 0.6358 -0.6594
vn 0.4171 0.6630 -0.6217
vn 0.3023 0.7531 -0.5844
vn 0.1632 0.7764 -0.6087
vn 0.0242 0.8502 -0.5260
vn 0.0241 0.8464 -0.5320
vn 0.0248 0.8503 -0.5257
vn 0.0241 0.8456 -0.5332
vn 0.0633 0.8796 -0.4715
vn 0.3268 0.7981 -0.5062
vn 0.3956 0.8120 -0.4291
vn 0.4158 0.8831 -0.2174
vn 0.4462 0.8804 -0.1604
vn 0.7083 0.5548 -0.4364
vn 0.6247 0.5822 -0.5205
vn 0.6244 0.5623 -0.5422
vn 0.7222 0.5355 -0.4378
vn 0.7417 0.5635 -0.3638
vn 0.7416 0.5635 -0.3640
vn 0.7896 0.6110 -0.0574
vn 0.7822 0.6186 -0.0743
vn -0.4117 0.8979 0.1559
vn 0.2826 0.4741 -0.8339
vn 0.5698 0.2395 -0.7861
vn 0.0666 0.9014 -0.4278
vn 0.1284 0.9616 -0.2424
vn 0.1351 0.9524 -0.2732
vn 0.6162 0.5035 -0.6057
vn 0.6093 0.5189 -0.5995
vn -0.5565 0.7802 0.2854
vn -0.4002 0.9000 0.1731
vn 0.0950 0.9281 -0.3601
vn 0.2394 0.9480 -0.2098
vn -0.0963 0.9286 -0.3584
vn 0.9232 -0.1221 0.3643
vn -0.2892 0.4127 0.8637
vn 0.2859 0.4111 0.8656
vn 0.1002 0.0111 0.9949
vn 0.6208 0.2818 0.7316
vn -0.9396 0.0322 0.3409
vn -0.9232 -0.1220 0.3643
vn -0.1092 0.0037 0.9940
vn -0.6471 0.2145 0.7316
vn 0.0658 0.2165 0.9741
vn 0.5940 -0.6991 0.3980
vn -0.3641 -0.2530 0.8963
vn -0.3566 -0.2380 0.9034
vn 0.5092 -0.4666 0.7231
vn 0.5088 -0.2685 0.8179
vn -0.3988 -0.1663 0.9018
vn -0.4209 -0.2152 0.8812
vn 0.1579 -0.4242 0.8917
vn 0.2441 -0.2373 0.9403
vn 0.2422 -0.2366 0.9409
vn -0.0778 -0.5875 0.8055
vn -0.2372 -0.6846 0.6892
vn 0.1801 -0.9708 0.1586
vn 0.0295 -0.9710 0.2371
vn -0.1340 -0.7955 0.5910
vn -0.4126 -0.4713 0.7795
vn -0.3461 -0.4145 0.8416
vn -0.4739 -0.2054 0.8563
vn 0.0180 0.7375 -0.6751
vn 0.3867 -0.8972 -0.2132
vn -0.2593 -0.5362 0.8033
vn -0.9463 -0.1468 0.2881
vn -0.9794 -0.1295 -0.1550
vn -0.8716 -0.3515 0.3417
vn -0.8716 -0.3516 0.3416
vn -0.8717 -0.3513 0.3417
vn -0.8724 -0.3501 0.3410
vn -0.8270 -0.4913 0.2734
vn -0.8103 -0.1237 0.5728
vn -0.2273 -0.3656 0.9026
vn -0.1826 -0.3888 0.9031
vn -0.1866 -0.5317 0.8262
vn -0.2031 -0.5363 0.8193
vn -0.8771 -0.3405 0.3388
vn -0.9470 -0.1510 0.2834
vn -0.9983 0.0222 -0.0531
vn -0.9983 0.0234 -0.0527
vn -0.9983 0.0218 -0.0532
vn -0.9983 0.0238 -0.0528
vn -0.9860 -0.0784 0.1470
vn -0.9145 0.1256 0.3845
vn -0.8602 0.1111 0.4976
vn -0.8596 0.0297 0.5101
vn -0.4692 0.3772 0.7985
vn -0.4505 0.3788 0.8084
vn -0.5342 0.6301 0.5636
vn -0.5356 0.6271 0.5656
vn -0.5346 0.6293 0.5641
vn -0.5359 0.6264 0.5660
vn -0.1765 0.2653 0.9479
vn -0.1773 0.2598 0.9492
vn -0.1769 0.2633 0.9484
vn -0.1775 0.2583 0.9496
vn 0.1775 0.2583 0.9496
vn -0.9520 0.1927 0.2377
vn -0.9639 0.1677 0.2068
vn -0.8377 0.1016 0.5366
vn -0.8508 0.0833 0.5188
vn -0.3044 -0.4393 0.8452
vn -0.4032 -0.4099 0.8182
vn -0.5601 -0.7537 0.3437
vn -0.5621 -0.7519 0.3445
vn -0.5607 -0.7532 0.3439
vn -0.5627 -0.7513 0.3448
vn -0.3149 -0.5767 0.7538
vn -0.3156 -0.5816 0.7497
vn 0.3156 -0.5816 0.7497
vn 0.3151 -0.5780 0.7528
vn 0.3154 -0.5805 0.7507
vn 0.3149 -0.5768 0.7538
vn 0.5617 -0.7510 0.3472
vn 0.5585 -0.7561 0.3412
vn 0.5610 -0.7521 0.3459
vn 0.5576 -0.7575 0.3395
vn 0.5338 0.6282 0.5660
vn 0.2557 -0.0174 0.9666
vn 0.2145 -0.0200 0.9765
vn 0.1325 -0.2648 0.9552
vn 0.1750 -0.2536 0.9513
vn 0.9412 -0.1636 0.2956
vn 0.8866 -0.4234 0.1861
vn 0.3923 -0.3952 0.8306
vn 0.3028 -0.4209 0.8551
vn 0.8474 0.0932 0.5227
vn 0.8459 0.1009 0.5238
vn 0.9394 0.1255 0.3191
vn 0.9872 -0.0755 0.1402
vn 0.9824 0.0814 -0.1682
vn 0.8179 -0.2045 -0.5378
vn 0.8257 -0.0160 -0.5638
vn 0.4714 -0.0681 -0.8793
vn 0.3870 0.0485 -0.9208
vn 0.4017 -0.0652 -0.9134
vn 0.7789 -0.0557 -0.6246
vn 0.7845 0.0964 -0.6126
vn 0.8698 -0.3599 0.3375
vn 0.8257 -0.4938 0.2726
vn -0.4790 -0.4202 -0.7707
vn -0.5446 -0.8292 0.1261
vn -0.4787 -0.8696 0.1213
vn -0.8671 -0.2825 0.4104
vn -0.8952 -0.2421 0.3742
vn -0.9935 -0.0243 0.1116
vn -0.9863 0.0311 0.1620
vn -0.4358 -0.0521 0.8985
vn -0.1223 -0.6730 0.7294
vn -0.4394 -0.0554 0.8966
vn -0.4735 -0.4170 -0.7758
vn -0.2921 -0.9194 -0.2635
vn -0.2934 -0.9124 -0.2855
vn -0.1212 -0.6676 0.7346
vn 0.0648 -0.9225 0.3805
vn 0.0721 -0.9283 0.3648
vn 0.3200 -0.7177 -0.6184
vn 0.2249 -0.9252 -0.3056
vn -0.2231 -0.9300 -0.2919
vn -0.3026 -0.7837 -0.5425
vn 0.9203 0.3751 -0.1112
vn -0.3089 0.8965 0.3176
vn -0.1845 0.9159 0.3566
vn -0.0438 0.6177 0.7852
vn 0.8397 0.4630 -0.2839
vn 0.8748 0.4723 -0.1082
vn 0.7603 0.6453 -0.0741
vn 0.6167 0.7316 0.2906
vn 0.8724 0.4728 0.1237
vn 0.8646 0.4988 -0.0603
vn 0.6995 0.7024 -0.1317
vn 0.7924 0.6098 0.0150
vn 0.7765 0.6301 -0.0039
vn -0.2941 -0.5106 0.8079
vn -0.2932 -0.5105 0.8084
vn -0.2914 -0.5104 0.8091
vn -0.2904 -0.5103 0.8095
vn 0.1767 0.2650 0.9479
vn 0.5358 0.6264 0.5662
vn 0.0911 0.0945 0.9914
vn 0.0906 0.0958 0.9913
vn 0.0898 0.0983 0.9911
vn 0.0894 0.0995 0.9910
vn 0.3859 -0.8958 -0.2206
vn -0.1347 -0.2701 0.9534
vn 0.3899 -0.5899 0.7071
vn 0.4361 -0.6057 0.6655
vn -0.7821 0.5986 -0.1730
vn -0.7858 0.5267 -0.3241
vn -0.7549 0.6500 -0.0876
vn -0.2869 0.6933 0.6611
vn 0.0372 0.5637 0.8251
vn 0.4228 0.6041 0.6756
vn -0.2187 0.1854 0.9580
vn -0.1618 0.4111 0.8971
vn -0.1584 -0.9292 0.3338
vn 0.0112 -0.9227 0.3854
vn 0.0503 0.4240 -0.9043
vn -0.0007 0.4196 -0.9077
vn 0.0486 0.4923 -0.8690
vn -0.0315 0.5095 -0.8599
vn 0.2490 0.6251 -0.7398
vn 0.1233 0.5058 -0.8538
vn 0.2785 0.3432 -0.8970
vn 0.4035 0.8549 -0.3262
vn 0.4660 0.8006 -0.3767
vn 0.4130 0.9083 -0.0666
vn 0.3361 0.9394 -0.0682
vn 0.0249 0.5323 -0.8462
vn 0.1381 0.4423 -0.8861
vn -0.9185 0.3114 -0.2437
vn -0.7280 0.6287 -0.2733
vn -0.7857 0.5812 -0.2117
vn -0.4416 0.8458 -0.2993
vn -0.1563 0.9130 -0.3767
vn -0.3459 0.8564 -0.3834
vn -0.2930 0.7598 -0.5804
vn -0.3931 0.6715 -0.6281
vn -0.5580 0.6004 -0.5729
vn -0.7624 0.5484 -0.3435
vn -0.9317 0.3400 -0.1278
vn -0.7974 0.5706 -0.1962
vn -0.3799 0.6447 -0.6634
vn -0.4558 0.6450 -0.6133
vn -0.4621 0.6551 -0.5977
vn -0.1811 0.6935 -0.6973
vn -0.1379 0.7123 -0.6882
vn -0.1348 0.6887 -0.7124
vn -0.1302 0.6913 -0.7108
vn -0.1401 0.7890 -0.5983
vn -0.0087 0.8505 -0.5259
vn -0.0080 0.8466 -0.5322
vn -0.0074 0.8504 -0.5262
vn -0.0080 0.8458 -0.5334
vn -0.0518 0.8821 -0.4683
vn -0.4499 0.4038 -0.7966
vn -0.4472 -0.0000 -0.8944
vn 0.4499 0.8867 0.1064
vn -0.5956 0.5377 -0.5968
vn -0.5490 0.4773 -0.6861
vn -0.8066 0.4751 -0.3516
vn -0.5978 0.6742 -0.4337
vn 0.4138 0.6750 -0.6109
vn 0.1741 0.6921 -0.7005
vn 0.1243 0.7117 -0.6914
vn 0.1222 0.6920 -0.7115
vn 0.1533 0.7025 -0.6950
vn 0.3928 0.6361 -0.6641
vn -0.5563 -0.6200 0.5533
vn -0.5100 -0.6262 0.5896
vn 0.3446 -0.2015 0.9169
vn 0.3629 -0.1761 0.9150
vn 0.7406 0.2233 0.6337
vn 0.7581 0.2977 0.5802
vn -0.5586 -0.6858 0.4665
vn -0.5581 -0.6842 0.4695
vn -0.5133 -0.6692 0.5373
vn -0.4929 -0.6465 0.5823
vn 0.2927 -0.1289 0.9475
vn 0.2810 -0.1477 0.9483
vn 0.7138 0.3377 0.6136
vn 0.7186 0.3651 0.5918
vn 0.7120 0.2507 0.6560
vn 0.6935 0.1939 0.6939
vn 0.3150 -0.1782 0.9322
vn 0.2837 -0.2230 0.9326
vn -0.5305 -0.6008 0.5980
vn -0.5336 -0.5892 0.6067
vn -0.5287 -0.5989 0.6015
vn -0.5285 -0.5996 0.6010
vn -0.5342 -0.5885 0.6069
vn -0.2355 -0.5383 0.8092
vn 0.0587 -0.1790 0.9821
vn 0.1461 -0.1254 0.9813
vn 0.6077 0.4109 0.6796
vn -0.4439 0.7157 0.5392
vn 0.5460 0.2654 0.7946
vn 0.5461 0.2654 0.7946
vn -0.4993 0.6267 0.5982
vn -0.2359 0.4381 0.8674
vn 0.4537 0.3806 0.8058
vn 0.4324 0.7037 0.5638
vn 0.3203 0.7818 0.5350
vn -0.4526 0.1055 0.8855
vn 0.7147 0.6978 0.0466
vn 0.2389 0.8636 0.4439
vn 0.4656 0.8769 0.1197
vn 0.5682 0.8157 0.1085
vn 0.9032 0.1799 -0.3898
vn 0.9490 0.3067 -0.0735
vn 0.8051 0.4018 0.4364
vn 0.9165 -0.0271 0.3990
vn 0.9255 -0.3788 0.0002
vn 0.5007 -0.8334 -0.2339
vn 0.3656 -0.8718 -0.3260
vn 0.4467 -0.7208 -0.5301
vn 0.7327 -0.6433 -0.2220
vn 0.3544 -0.9242 -0.1419
vn 0.4540 -0.8255 -0.3354
vn 0.4622 0.8135 0.3529
vn 0.6661 -0.0848 0.7410
vn 0.7017 0.4407 0.5598
vn 0.8676 0.4885 0.0934
vn 0.8673 0.4896 0.0903
vn 0.7702 -0.2269 0.5960
vn 0.5420 -0.7860 -0.2973
vn 0.6653 -0.7149 -0.2151
vn 0.5326 -0.7899 0.3041
vn 0.5865 -0.7192 0.3725
vn 0.6752 0.6591 0.3313
vn 0.6736 0.6634 0.3259
vn 0.6750 0.6599 0.3299
vn 0.6729 0.6648 0.3245
vn 0.6108 0.3991 0.6839
vn -0.2538 0.2092 0.9444
vn 0.5352 -0.7803 0.3235
vn 0.9482 -0.3005 0.1036
vn 0.3161 0.9046 0.2859
vn 0.4265 0.5317 0.7317
vn 0.5526 0.7785 0.2977
vn 0.3173 0.9234 0.2160
vn 0.3471 -0.7717 -0.5330
vn 0.4611 -0.3058 0.8330
vn 0.5818 -0.8095 -0.0786
vn -0.2354 -0.9256 -0.2964
vn -0.3656 -0.8639 -0.3463
vn -0.2228 -0.8890 -0.4002
vn -0.1095 -0.4734 -0.8740
vn -0.1036 -0.4737 -0.8745
vn -0.1038 -0.4738 -0.8745
vn -0.1033 -0.4739 -0.8745
vn -0.0889 -0.4781 -0.8738
vn -0.6451 -0.6415 0.4152
vn -0.8300 -0.5068 0.2329
vn -0.7411 -0.5300 -0.4121
vn -0.8606 -0.3618 -0.3585
vn -0.2961 -0.5663 -0.7691
vn -0.3535 -0.8151 -0.4589
vn -0.6918 -0.6496 -0.3152
vn -0.7113 -0.3640 -0.6013
vn -0.2470 -0.5002 -0.8299
vn -0.8893 -0.3255 -0.3212
vn -0.8965 -0.3153 -0.3112
vn -0.9007 -0.4302 -0.0611
vn -0.5666 -0.6711 -0.4781
vn -0.4124 -0.8461 -0.3376
vn -0.4032 -0.9148 -0.0245
vn -0.9676 0.1801 0.1771
vn -0.9372 -0.0944 0.3359
vn -0.9374 -0.0943 0.3351
vn -0.9371 -0.0944 0.3360
vn -0.9375 -0.0942 0.3351
vn -0.9025 -0.3364 -0.2690
vn -0.8544 -0.3706 -0.3643
vn -0.9327 -0.3600 -0.0224
vn -0.9501 -0.2847 0.1278
vn -0.9310 0.0990 0.3513
vn -0.9314 0.1788 0.3171
vn -0.5310 -0.8148 -0.2324
vn -0.8500 -0.4550 -0.2653
vn -0.7901 -0.6126 0.0198
vn -0.7781 -0.6235 -0.0761
vn -0.9581 -0.1107 -0.2641
vn -0.9406 -0.2372 0.2429
vn -0.8090 -0.5485 0.2112
vn -0.7877 0.1942 -0.5846
vn -0.3857 0.2803 0.8790
vn -0.9863 -0.1352 -0.0944
vn -0.8407 0.5224 0.1425
vn -0.4249 0.1527 0.8923
vn -0.8493 -0.3489 0.3961
vn -0.8522 -0.3326 0.4038
vn -0.9962 -0.0211 0.0846
vn -0.8180 -0.2160 -0.5332
vn -0.8652 -0.0910 -0.4931
vn -0.9526 -0.1592 0.2591
vn -0.7888 -0.3966 0.4695
vn -0.8176 -0.2503 0.5186
vn -0.8295 -0.2442 0.5023
vn -0.8319 -0.2497 0.4955
vn -0.6441 -0.2639 0.7179
vn -0.8949 0.3890 0.2186
vn -0.9644 -0.2591 0.0525
vn -0.9339 0.0221 0.3569
vn -0.8618 -0.4363 0.2588
vn -0.9123 -0.3590 0.1970
vn -0.7948 -0.4049 0.4520
vn -0.4084 0.3326 0.8501
vn -0.3975 0.2723 0.8763
vn -0.7467 -0.4271 0.5099
vn -0.5185 -0.8442 0.1358
vn -0.4813 -0.8683 0.1200
vn -0.9891 0.0851 -0.1205
vn -0.3265 -0.6586 -0.6780
vn -0.7981 -0.5576 -0.2283
vn -0.1595 -0.9868 -0.0293
vn -0.2644 -0.9542 0.1398
vn 0.5286 -0.8399 0.1231
vn 0.2021 -0.8487 -0.4887
vn 0.8400 -0.3685 0.3981
vn 0.8417 -0.3780 0.3855
vn 0.7934 -0.4158 0.4446
vn 0.3589 -0.6468 0.6729
vn 0.3197 -0.6644 0.6756
vn 0.3197 -0.6642 0.6757
vn 0.3198 -0.6644 0.6755
vn -0.1956 -0.6875 0.6994
vn -0.1271 -0.6907 0.7119
vn -0.1277 -0.6856 0.7167
vn -0.1259 -0.6955 0.7074
vn -0.8524 -0.3337 0.4025
vn -0.6713 -0.7233 0.1619
vn -0.9003 0.0963 -0.4246
vn -0.8931 0.1379 -0.4281
vn -0.3443 0.5392 -0.7686
vn -0.1733 0.9403 -0.2929
vn 0.2662 0.9203 -0.2866
vn -0.8964 0.3727 -0.2398
vn -0.9477 0.2508 -0.1976
vn -0.9332 -0.2439 0.2638
vn -0.9131 -0.2146 0.3466
vn -0.4183 -0.7066 0.5707
vn -0.1265 -0.6957 0.7071
vn 0.3198 -0.6645 0.6754
vn 0.5032 -0.6458 0.5742
vn 0.5840 -0.8064 0.0933
vn -0.4257 -0.8989 0.1040
vn -0.1969 -0.9523 0.2329
vn -0.9069 -0.4210 0.0160
vn -0.7506 -0.3315 -0.5715
vn -0.4873 -0.5722 -0.6597
vn -0.4896 -0.5657 -0.6636
vn -0.4878 -0.5707 -0.6606
vn -0.1881 0.9594 -0.2101
vn -0.8919 0.4280 0.1463
vn -0.9703 0.2151 0.1104
vn -0.9249 -0.1966 0.3253
vn -0.9625 -0.2649 0.0579
vn -0.9378 0.3391 -0.0741
vn -0.9818 0.1533 -0.1120
vn -0.1261 0.7920 -0.5973
vn -0.1265 0.7921 -0.5971
vn -0.1279 0.7910 -0.5983
vn -0.1278 0.7909 -0.5985
vn 0.8434 -0.2772 -0.4602
vn 0.7053 -0.4359 -0.5590
vn 0.5322 -0.4995 -0.6836
vn 0.6230 -0.4324 -0.6519
vn -0.4900 -0.5645 -0.6642
vn -0.5662 -0.5222 -0.6378
vn -0.7454 -0.4527 -0.4894
vn -0.8355 -0.3488 -0.4246
vn -0.8902 0.1585 0.4271
vn -0.9382 0.0522 0.3421
vn -0.2802 0.1521 0.9478
vn -0.3366 0.0956 0.9368
vn -0.3743 0.2976 0.8783
vn 0.5330 0.3414 0.7742
vn 0.5331 0.3419 0.7739
vn 0.5326 0.3409 0.7747
vn 0.3755 0.1651 0.9120
vn 0.5005 0.0643 0.8634
vn 0.9148 0.2411 0.3239
vn 0.8871 0.3619 0.2867
vn 0.5610 0.5416 0.6260
vn 0.5239 0.5021 0.6881
vn 0.5334 0.3418 0.7737
vn 0.9128 0.2265 0.3399
vn 0.7565 0.3374 0.5602
vn 0.4573 -0.8319 0.3144
vn 0.7433 -0.5229 -0.4172
vn 0.8390 0.5316 -0.1161
vn 0.9262 0.3077 -0.2180
vn 0.0191 0.9455 -0.3252
vn 0.3883 0.7348 -0.5561
vn 0.4459 0.8792 -0.1677
vn 0.3499 0.9052 -0.2411
vn 0.9253 0.3755 0.0533
vn 0.9005 0.4340 -0.0260
vn 0.8844 0.3501 -0.3087
vn 0.9044 0.3287 -0.2720
vn 0.9148 0.0475 -0.4011
vn 0.8655 0.2495 -0.4343
vn 0.8689 0.4822 -0.1116
vn 0.3249 0.8914 -0.3160
vn -0.2030 0.4935 -0.8457
vn 0.5916 0.4662 -0.6578
vn 0.4783 0.5781 -0.6611
vn 0.0933 0.4124 0.9062
vn 0.1306 0.3962 0.9088
vn 0.0055 0.3960 0.9182
vn 0.0086 0.3973 0.9176
vn 0.0138 0.3996 0.9166
vn 0.0035 0.3951 0.9186
vn 0.6460 0.3125 0.6965
vn 0.8402 0.3683 0.3979
vn 0.8492 0.3498 0.3956
vn 0.2451 0.6602 0.7100
vn 0.2721 0.6636 0.6969
vn 0.6869 0.5792 0.4389
vn 0.7032 0.5631 0.4341
vn -0.0974 0.6932 0.7141
vn 0.2117 0.8142 0.5406
vn 0.2896 0.7974 0.5294
vn -0.1879 0.6835 0.7054
vn -0.2010 0.4958 0.8448
vn -0.8999 0.1306 0.4160
vn -0.7375 0.4383 0.5138
vn -0.7489 0.5550 0.3622
vn -0.6968 0.6079 0.3806
vn -0.6555 0.2897 0.6974
vn -0.8369 0.3715 0.4019
vn -0.8142 0.4142 0.4068
vn -0.8427 0.5256 -0.1169
vn -0.3516 0.9209 -0.1684
vn -0.3705 0.6804 0.6323
vn -0.2211 0.6725 0.7063
vn -0.9001 0.1337 0.4146
vn -0.8914 0.1494 0.4279
vn -0.8530 -0.1055 0.5112
vn -0.9062 -0.2318 0.3538
vn -0.9665 0.0762 0.2449
vn -0.8810 0.1631 0.4442
vn -0.8530 -0.2706 0.4463
vn -0.9203 0.0916 0.3803
vn -0.0950 -0.1685 0.9811
vn -0.0659 -0.2345 0.9699
vn 0.6686 -0.0748 0.7399
vn 0.6782 -0.0142 0.7347
vn 0.6785 -0.0153 0.7344
vn 0.6774 -0.0097 0.7356
vn 0.9129 0.3466 0.2157
vn 0.9536 0.2537 0.1623
vn 0.6358 -0.7632 -0.1149
vn 0.7368 -0.6760 -0.0096
vn 0.5663 -0.7818 0.2610
vn 0.5565 -0.7448 0.3682
vn -0.0569 -0.8594 0.5081
vn 0.0126 -0.7950 0.6065
vn -0.7708 -0.6213 0.1409
vn -0.6188 -0.7569 -0.2103
vn -0.0749 -0.0558 0.9956
vn 0.0310 -0.0123 0.9994
vn 0.6775 -0.0090 0.7354
vn 0.5525 -0.1046 0.8269
vn 0.9802 -0.0093 0.1978
vn 0.9914 0.1076 0.0743
vn 0.9958 -0.0089 0.0910
vn 0.9827 -0.0416 0.1804
vn 0.9854 0.0020 0.1700
vn 0.0083 -0.0864 0.9962
vn -0.1300 -0.1491 0.9802
vn 0.5513 -0.1255 0.8248
vn 0.7614 0.0179 0.6481
vn 0.7683 0.1173 0.6292
vn 0.5982 0.2959 0.7447
vn 0.5748 -0.0751 0.8148
vn 0.1109 0.2193 0.9693
vn 0.1368 0.3658 0.9206
vn -0.0498 0.2827 0.9579
vn -0.4435 -0.6232 -0.6442
vn -0.1415 -0.9638 -0.2258
vn 0.4487 -0.8470 0.2851
vn -0.6519 -0.6304 -0.4215
vn 0.2772 -0.8930 0.3545
vn -0.1830 -0.9765 -0.1135
vn -0.8049 0.2808 -0.5228
vn -0.8668 -0.0808 -0.4921
vn 0.3832 -0.4369 -0.8138
vn 0.5154 -0.3445 -0.7847
vn 0.5119 -0.2693 -0.8157
vn 0.5935 0.0096 -0.8048
vn -0.5712 0.4147 -0.7083
vn -0.5762 0.2777 -0.7687
vn -0.6684 -0.7404 -0.0714
vn -0.6681 -0.7406 -0.0715
vn -0.6677 -0.7410 -0.0716
vn -0.6647 -0.7436 -0.0725
vn -0.5618 -0.6891 -0.4577
vn -0.8767 -0.4008 -0.2662
vn -0.8168 -0.2126 -0.5364
vn -0.8982 0.4135 -0.1496
vn -0.9091 -0.2351 0.3438
vn -0.8916 -0.4196 0.1702
vn -0.8632 -0.4237 0.2743
vn -0.5284 -0.8165 0.2325
vn -0.6338 0.4833 0.6039
vn -0.5383 0.5270 0.6576
vn -0.5599 0.7147 0.4192
vn 0.2721 -0.0183 -0.9621
vn 0.5309 0.1597 -0.8322
vn 0.3920 -0.8323 -0.3918
vn 0.4326 -0.8441 -0.3168
vn -0.5740 -0.8154 -0.0751
vn -0.5716 -0.8162 -0.0839
vn -0.1756 -0.9756 -0.1314
vn -0.1773 -0.9749 -0.1344
vn -0.1746 -0.9761 -0.1293
vn -0.1784 -0.9745 -0.1361
vn -0.4097 0.2667 -0.8724
vn 0.0773 -0.3017 -0.9503
vn 0.0752 -0.3035 -0.9499
vn 0.0754 -0.3033 -0.9499
vn 0.4876 -0.2965 -0.8212
vn 0.4355 0.0911 -0.8956
vn 0.4738 -0.0393 -0.8797
vn 0.3629 -0.8501 -0.3815
vn 0.4316 -0.6500 -0.6255
vn 0.2748 -0.6404 -0.7172
vn 0.2890 -0.4793 -0.8287
vn 0.2903 -0.4862 -0.8242
vn -0.3067 -0.4836 -0.8198
vn -0.3031 -0.4658 -0.8313
vn -0.2877 -0.6378 -0.7144
vn -0.1011 -0.3405 -0.9348
vn -0.0887 -0.3515 -0.9320
vn 0.1198 0.2907 -0.9493
vn 0.4441 -0.0574 -0.8941
vn 0.0927 -0.4730 -0.8762
vn -0.2027 -0.4705 -0.8588
vn 0.0781 -0.3010 -0.9504
vn -0.0351 0.3072 -0.9510
vn 0.5478 -0.2211 -0.8069
vn 0.5359 -0.2553 -0.8048
vn 0.4617 -0.2066 -0.8627
vn -0.4692 -0.2268 -0.8535
vn -0.4612 -0.2181 -0.8601
vn -0.5272 -0.2631 -0.8080
vn -0.5105 -0.3070 -0.8032
vn -0.4607 -0.2088 -0.8626
vn 0.8593 0.0434 -0.5097
vn 0.7825 0.0624 -0.6195
vn 0.7316 -0.1574 -0.6633
vn 0.5914 -0.6847 -0.4259
vn -0.1158 -0.9334 -0.3397
vn 0.1222 -0.9409 -0.3159
vn 0.9310 -0.1375 -0.3382
vn 0.9439 -0.0921 -0.3170
vn -0.3646 -0.6233 -0.6917
vn 0.7949 -0.3473 -0.4975
vn 0.4462 -0.6312 -0.6345
vn 0.4665 -0.6258 -0.6251
vn 0.2193 -0.2743 -0.9363
vn 0.7516 0.0883 -0.6537
vn 0.6102 0.0071 -0.7922
vn -0.2767 -0.4773 -0.8340
vn -0.1772 -0.5933 -0.7852
vn 0.9428 -0.1609 -0.2920
vn -0.4022 0.3346 -0.8522
vn 0.1636 -0.4971 -0.8521
vn 0.3078 0.4393 -0.8440
vn 0.3161 0.5176 -0.7951
vn 0.3155 0.5195 -0.7941
vn 0.3157 0.5189 -0.7944
vn -0.6489 0.5284 -0.5476
vn -0.5598 0.6859 -0.4649
vn -0.4596 -0.4695 -0.7539
vn -0.3594 -0.5566 -0.7491
vn 0.1611 -0.4592 -0.8736
vn 0.3163 0.5172 -0.7953
vn -0.5489 -0.0510 -0.8343
vn -0.6557 0.1206 -0.7453
vn -0.6555 -0.2377 -0.7168
vn -0.4192 -0.3995 -0.8153
vn -0.5785 0.3204 -0.7501
vn -0.6678 0.4106 -0.6209
vn 0.3354 0.4152 -0.8457
vn 0.0393 -0.4294 -0.9023
vn -0.0547 -0.3594 -0.9316
vn 0.0007 0.0048 -1.0000
vn -0.7271 -0.5156 -0.4533
vn -0.4772 -0.7819 -0.4012
vn 0.1483 -0.8301 -0.5375
vn 0.1495 -0.8306 -0.5365
vn -0.1183 -0.5357 -0.8361
vn 0.1854 -0.5394 -0.8214
vn 0.0323 -0.4666 -0.8839
vn -0.7175 -0.2310 -0.6572
vn -0.8039 -0.0495 -0.5928
vn -0.2511 -0.6540 -0.7137
vn 0.2325 -0.6571 -0.7171
vn 0.7391 -0.4226 -0.5244
vn 0.7403 -0.1215 -0.6612
vn 0.6545 -0.2704 -0.7061
vn 0.7049 -0.0382 0.7083
vn 0.8072 0.0070 0.5903
vn 0.9650 -0.2585 -0.0446
vn 0.9638 -0.0642 0.2588
vn 0.9915 -0.0131 0.1296
vn 0.9368 0.0820 0.3401
vn 0.9380 0.0864 0.3358
vn 0.8234 0.1573 0.5453
vn 0.6167 0.3190 0.7197
vn 0.7214 -0.1241 0.6813
vn 0.5685 -0.8216 0.0431
vn 0.9171 -0.3693 -0.1504
vn 0.9119 -0.3704 -0.1767
vn 0.9735 0.0721 0.2171
vn 0.9601 -0.0334 0.2778
vn 0.9613 -0.0324 0.2734
vn 0.9602 -0.0331 0.2773
vn 0.9615 -0.0325 0.2729
vn 0.9929 -0.0967 0.0688
vn 0.9186 -0.2822 0.2766
vn 0.8983 -0.3542 0.2602
vn 0.8965 -0.3543 0.2659
vn 0.8980 -0.3543 0.2608
vn 0.8962 -0.3542 0.2670
vn 0.9607 -0.1659 0.2225
vn 0.8931 -0.0339 0.4486
vn 0.8246 0.2500 0.5076
vn 0.8240 0.2519 0.5075
vn 0.8228 0.2559 0.5075
vn 0.8222 0.2576 0.5075
vn 0.8872 -0.3949 -0.2386
vn 0.8918 -0.3999 -0.2114
vn 0.4456 -0.4651 -0.7649
vn 0.5328 -0.7722 -0.3461
vn 0.6980 0.1294 0.7043
vn 0.9179 -0.1706 0.3582
vn 0.8692 -0.1010 -0.4840
vn 0.7303 -0.0622 0.6803
vn 0.9960 0.0522 0.0729
vn 0.8071 -0.1925 -0.5581
vn 0.5986 -0.6510 -0.4668
vn 0.6111 -0.6623 -0.4334
vn 0.6117 -0.6614 -0.4339
vn 0.6081 -0.6953 -0.3831
vn 0.6082 -0.6952 -0.3831
vn 0.6083 -0.6951 -0.3831
vn 0.6079 -0.6954 -0.3832
vn 0.7344 -0.6681 -0.1190
vn 0.7535 -0.6337 -0.1751
vn 0.1427 -0.5576 -0.8178
vn 0.3063 -0.6905 -0.6553
vn 0.5092 -0.6895 -0.5151
vn 0.8040 -0.5781 -0.1396
vn 0.8067 -0.5646 -0.1748
vn 0.9003 -0.4341 0.0304
vn 0.8990 0.0448 -0.4356
vn 0.8135 -0.2255 -0.5360
vn 0.8229 -0.2217 -0.5232
vn -0.2143 -0.4949 -0.8421
vn 0.1107 -0.4325 -0.8948
vn 0.7231 -0.6795 -0.1244
vn 0.1645 -0.9743 0.1537
vn 0.1664 -0.9748 0.1486
vn 0.1647 -0.9744 0.1531
vn 0.1669 -0.9747 0.1486
vn 0.0540 -0.9762 -0.2099
vn 0.2653 -0.8621 -0.4318
vn 0.0383 0.1894 -0.9812
vn 0.4127 -0.9104 -0.0301
vn 0.4445 -0.8546 0.2685
vn 0.6108 -0.6672 -0.4263
vn 0.7348 -0.3028 -0.6070
vn 0.7815 -0.1274 -0.6107
vn -0.3282 -0.9406 -0.0873
vn -0.4648 -0.8826 0.0706
vn 0.3649 -0.7740 -0.5175
vn 0.3704 -0.6113 -0.6994
vn 0.3103 -0.6191 -0.7214
vn 0.3535 -0.8151 -0.4589
vn 0.4855 -0.7697 -0.4146
vn 0.2240 -0.5011 -0.8359
vn 0.1026 -0.4779 -0.8724
vn 0.1105 -0.4775 -0.8717
vn 0.1027 -0.4779 -0.8724
vn 0.2228 -0.8890 -0.4002
vn 0.3608 -0.8652 -0.3483
vn 0.2302 -0.9268 -0.2967
vn 0.1020 -0.4780 -0.8724
vn 0.0986 -0.4790 -0.8723
vn 0.0946 -0.7490 -0.6558
vn 0.0937 -0.7490 -0.6559
vn 0.0944 -0.7491 -0.6558
vn 0.0936 -0.7489 -0.6560
vn 0.2035 -0.9737 0.1023
vn -0.2010 -0.9721 0.1212
vn -0.3150 -0.9266 0.2052
vn -0.3192 -0.6812 0.6588
vn -0.4374 -0.5841 0.6838
vn 0.3028 -0.7169 -0.6280
vn 0.5320 -0.6934 -0.4860
vn 0.6370 -0.7635 0.1068
vn 0.3363 -0.9231 0.1864
vn 0.3038 -0.6681 0.6793
vn -0.1159 -0.7435 -0.6586
vn -0.0897 -0.7416 -0.6648
vn -0.2694 -0.7090 -0.6517
vn -0.5211 -0.6827 -0.5123
vn -0.6348 -0.7555 0.1618
vn -0.5696 -0.8174 0.0859
vn -0.5804 -0.5443 0.6057
vn -0.6184 -0.4931 0.6119
vn -0.5709 -0.1737 0.8025
vn -0.8156 -0.2025 0.5421
vn -0.4190 -0.3678 0.8301
vn -0.4042 -0.3639 0.8392
vn 0.4103 -0.3628 0.8367
vn 0.4244 -0.3665 0.8280
vn -0.0143 -0.9775 0.2106
vn -0.0110 -0.9781 0.2079
vn 0.0077 -0.9766 0.2150
vn 0.3226 -0.3179 0.8916
vn 0.7261 -0.2394 0.6446
vn 0.6318 -0.3502 0.6915
vn -0.0535 0.7828 0.6200
vn 0.7227 0.0643 0.6882
vn 0.5090 0.1440 0.8486
vn 0.6274 0.7400 0.2424
vn 0.4415 -0.5383 0.7179
vn 0.5542 -0.5008 0.6649
vn 0.6103 -0.4048 0.6809
vn 0.9656 -0.1718 0.1954
vn 0.9386 0.0773 0.3361
vn 0.9387 0.0769 0.3359
vn 0.9385 0.0758 0.3367
vn 0.9384 0.0742 0.3374
vn 0.9307 -0.3330 0.1513
vn 0.8257 -0.5596 0.0715
vn 0.9561 -0.2920 0.0257
vn 0.2720 -0.8866 0.3742
vn 0.9748 -0.1890 0.1185
vn 0.1481 -0.9251 0.3497
vn 0.6672 -0.7126 0.2169
vn 0.8010 -0.5537 0.2276
vn 0.9961 0.0321 0.0818
vn 0.4653 -0.8851 -0.0032
vn 0.3696 -0.9289 -0.0244
vn -0.5490 -0.7512 0.3666
vn -0.5146 -0.7627 0.3917
vn -0.9611 0.2749 -0.0263
vn -0.9484 0.2650 -0.1740
vn -0.8572 0.4634 -0.2248
vn 0.8920 0.4485 -0.0566
vn 0.8836 0.4661 -0.0459
vn 0.9212 0.3829 0.0699
vn 0.9406 0.3379 0.0348
vn -0.2736 0.8523 0.4457
vn -0.3150 0.9376 0.1475
vn -0.1162 0.9926 0.0353
vn -0.1435 0.9717 -0.1875
vn -0.2627 -0.7696 -0.5820
vn 0.4581 -0.7090 -0.5362
vn 0.8385 -0.3699 0.4000
vn 0.8583 -0.5013 0.1095
vn 0.8503 -0.5156 0.1055
vn 0.3367 -0.9149 0.2225
vn 0.2915 -0.6727 -0.6801
vn 0.6925 -0.3397 -0.6364
vn -0.4405 -0.5896 -0.6770
vn -0.7522 -0.4963 -0.4335
vn -0.4700 -0.6248 -0.6235
vn -0.8617 0.0427 -0.5055
vn -0.7826 0.0623 -0.6194
vn -0.6739 -0.3045 -0.6731
vn -0.5518 -0.6744 -0.4905
vn -0.5245 0.1874 0.8305
vn -0.7442 0.2298 0.6271
vn -0.9192 0.0885 0.3838
vn -0.9668 0.1360 0.2163
vn -0.9586 -0.0194 -0.2840
vn -0.9032 -0.2286 -0.3634
vn -0.5977 -0.3348 -0.7285
vn -0.3211 -0.6934 -0.6450
vn -0.6029 0.6254 0.4954
vn -0.1073 0.3839 0.9171
vn -0.4405 0.3078 0.8433
vn -0.5466 0.7050 0.4519
vn -0.6555 0.6687 0.3509
vn -0.7963 -0.5098 0.3255
vn -0.9063 -0.2968 0.3008
vn -0.4770 -0.3224 0.8176
vn -0.1136 0.8528 0.5097
vn -0.0755 0.8665 0.4935
vn -0.2414 0.7857 0.5696
vn -0.3366 0.7042 0.6251
vn -0.3321 0.7005 0.6317
vn -0.3338 0.6980 0.6335
vn -0.3400 0.7028 0.6248
vn -0.2152 0.7819 0.5850
vn -0.1902 0.7647 0.6157
vn -0.2474 0.7888 0.5626
vn 0.2991 -0.4615 0.8352
vn -0.1552 -0.6380 0.7542
vn -0.1750 -0.6882 0.7041
vn -0.6289 -0.6957 0.3470
vn -0.5831 -0.6081 0.5387
vn -0.8079 -0.5177 0.2815
vn -0.8402 -0.4683 0.2734
vn -0.9109 -0.3963 0.1144
vn -0.1099 0.9814 0.1577
vn 0.1390 0.9457 0.2939
vn -0.0466 0.6833 0.7286
vn 0.1450 0.7998 0.5825
vn 0.3042 0.6743 0.6729
vn 0.3397 0.7031 0.6247
vn 0.2148 0.7821 0.5849
vn 0.1918 0.7656 0.6141
vn -0.2409 -0.0648 0.9684
vn 0.2410 -0.0297 0.9701
vn 0.3932 -0.6338 0.6661
vn 0.6813 -0.5804 0.4461
vn 0.6815 -0.5808 0.4453
vn 0.6814 -0.5805 0.4458
vn 0.6817 -0.5813 0.4442
vn 0.8640 -0.4699 0.1811
vn 0.8857 -0.4303 0.1743
vn 0.9551 -0.2650 -0.1324
vn 0.9473 0.1676 0.2731
vn 0.9810 0.1912 0.0325
vn 0.8053 0.5925 0.0216
vn 0.8472 0.4454 0.2895
vn 0.8700 0.3363 0.3607
vn 0.7269 0.1964 0.6581
vn 0.5470 0.2664 0.7936
vn 0.3233 0.1056 0.9404
vn 0.3271 -0.0182 0.9448
vn 0.0261 -0.3812 0.9241
vn -0.0513 -0.1202 0.9914
vn 0.5291 -0.0367 0.8477
vn 0.4486 -0.2430 0.8601
vn 0.7409 -0.0650 0.6685
vn 0.7719 0.0980 0.6281
vn 0.9417 0.1749 0.2875
vn -0.0486 -0.9618 -0.2696
vn -0.0861 -0.9654 -0.2460
vn 0.1952 -0.9807 -0.0095
vn 0.3556 -0.9127 -0.2011
vn 0.3293 -0.9201 -0.2123
vn 0.5979 -0.6405 -0.4819
vn 0.6291 -0.6177 -0.4718
vn 0.6257 -0.5424 -0.5606
vn -0.8699 0.3365 0.3606
vn -0.8423 0.4618 0.2780
vn -0.7969 0.6040 0.0125
vn -0.9255 0.3002 0.2310
vn -0.9023 0.2735 0.3331
vn -0.9102 0.1568 0.3834
vn -0.7719 0.0980 0.6281
vn -0.7378 -0.0766 0.6706
vn -0.4507 -0.2472 0.8578
vn -0.5340 -0.0358 0.8448
vn 0.0513 -0.1202 0.9914
vn -0.0247 -0.3767 0.9260
vn -0.3207 0.0667 0.9448
vn -0.2726 0.0708 0.9595
vn -0.5470 0.2664 0.7936
vn -0.7269 0.1964 0.6581
vn -0.5702 -0.8163 -0.0926
vn -0.6196 -0.7333 -0.2798
vn -0.4494 -0.8303 -0.3296
vn -0.3269 -0.9214 -0.2100
vn -0.3537 -0.9142 -0.1980
vn -0.1969 -0.9804 -0.0109
vn 0.0870 -0.9655 -0.2455
vn 0.0486 -0.9618 -0.2696
vn 0.2229 0.4237 0.8779
vn 0.3377 0.4796 0.8099
vn -0.0634 0.6362 0.7690
vn -0.5665 0.4336 0.7008
vn -0.8328 -0.5519 0.0424
vn -0.8120 -0.5832 0.0234
vn -0.7272 -0.6545 0.2071
vn -0.6431 -0.5922 0.4855
vn -0.2244 0.4259 0.8765
vn -0.3423 0.4837 0.8055
vn 0.0344 0.6281 0.7774
vn 0.8558 -0.4959 0.1472
vn 0.8352 -0.5355 0.1251
vn 0.6910 -0.6188 0.3737
vn 0.6301 -0.5725 0.5246
vn 0.4740 -0.0770 0.8771
vn 0.8015 0.1782 0.5707
vn 0.8521 -0.1573 0.4993
vn 0.8453 -0.0910 -0.5266
vn 0.8401 -0.2319 -0.4903
vn 0.6978 -0.2234 -0.6806
vn 0.7119 -0.1344 -0.6893
vn 0.7637 -0.1532 -0.6272
vn 0.2543 -0.2414 -0.9365
vn 0.0862 -0.1903 -0.9779
vn 0.0869 -0.2187 -0.9719
vn 0.3574 -0.2664 -0.8951
vn 0.3093 -0.0497 -0.9497
vn 0.7320 -0.1327 -0.6682
vn 0.8705 -0.2116 -0.4444
vn 0.8707 -0.2104 -0.4446
vn 0.8703 -0.2128 -0.4442
vn 0.9123 -0.1244 0.3902
vn 0.9432 -0.0810 0.3223
vn -0.3328 -0.0507 0.9416
vn -0.3524 0.1327 -0.9264
vn -0.8032 0.0752 -0.5909
vn -0.8095 0.0601 -0.5840
vn -0.8045 0.0303 -0.5932
vn 0.5596 0.5574 0.6133
vn 0.6231 0.5501 0.5560
vn 0.9612 0.2067 0.1828
vn 0.8662 -0.0904 0.4914
vn 0.9290 -0.1001 0.3563
vn 0.9376 -0.0863 0.3368
vn 0.8970 -0.0001 0.4420
vn 0.8738 0.0819 0.4793
vn 0.8531 0.2025 0.4809
vn 0.8599 0.2200 0.4606
vn 0.6899 -0.1055 -0.7162
vn 0.5896 -0.7901 -0.1675
vn 0.4031 -0.8903 -0.2117
vn 0.9580 -0.1577 0.2396
vn 0.9394 -0.2018 0.2772
vn 0.7279 -0.1142 0.6761
vn 0.7095 -0.3951 0.5835
vn 0.4306 -0.5911 0.6821
vn 0.4950 -0.5347 0.6849
vn 0.3598 -0.3732 0.8551
vn 0.3517 -0.3726 0.8588
vn 0.3571 -0.3729 0.8564
vn 0.3489 -0.3724 0.8600
vn -0.0371 -0.8637 0.5027
vn -0.1137 -0.6518 0.7498
vn 0.0382 -0.8624 0.5049
vn 0.1171 -0.6442 0.7559
vn -0.2770 -0.8689 -0.4103
vn 0.2808 -0.8572 -0.4318
vn 0.2797 -0.8592 -0.4285
vn 0.2804 -0.8578 -0.4308
vn 0.2793 -0.8599 -0.4272
vn 0.6887 -0.1043 -0.7175
vn 0.4254 -0.2417 0.8721
vn -0.4254 -0.2417 0.8721
vn 0.8930 0.4375 0.1054
vn 0.9026 0.2855 0.3221
vn -0.9611 0.1343 0.2413
vn -0.8768 0.3614 0.3172
vn -0.8730 0.4377 0.2151
vn -0.6739 0.7173 0.1771
vn -0.9684 -0.1576 0.1932
vn -0.9634 -0.1704 0.2069
vn -0.8675 -0.0996 0.4874
vn -0.9259 -0.0619 0.3725
vn -0.9240 0.0012 0.3824
vn -0.9438 0.0003 0.3305
vn -0.8768 0.2483 0.4117
vn -0.8669 0.3581 0.3467
vn -0.5803 0.6412 0.5022
vn -0.5942 0.6220 0.5100
vn -0.6084 0.5901 0.5308
vn -0.6073 0.6182 0.4990
vn -0.3472 0.7723 0.5319
vn -0.3781 0.7179 0.5845
vn -0.9530 0.0189 0.3025
vn -0.8615 0.1648 0.4803
vn -0.8544 0.1816 0.4868
vn -0.7558 0.2636 0.5994
vn -0.5417 0.5190 0.6612
vn -0.6306 0.4829 0.6076
vn -0.5466 0.5074 0.6661
vn -0.8768 0.1551 0.4552
vn -0.8471 0.2368 0.4757
vn -0.8635 0.1601 0.4782
vn 0.1066 0.9358 0.3360
vn 0.3041 0.9164 0.2604
vn 0.3537 0.8818 0.3120
vn 0.5426 0.8399 0.0147
vn -0.3093 -0.0497 -0.9497
vn -0.4723 -0.0841 -0.8774
vn -0.8783 -0.0787 -0.4716
vn -0.8466 -0.0905 -0.5246
vn -0.8537 -0.1566 0.4966
vn -0.8293 0.0773 0.5535
vn -0.8749 -0.2104 -0.4362
vn -0.8414 -0.2319 -0.4882
vn -0.6977 -0.2234 -0.6806
vn -0.3574 -0.2664 -0.8951
vn -0.0869 -0.2187 -0.9719
vn -0.2543 -0.2414 -0.9365
vn -0.0862 -0.1903 -0.9779
vn -0.7637 -0.1532 -0.6272
vn -0.7119 -0.1344 -0.6894
vn -0.8143 -0.1238 -0.5670
vn -0.8819 -0.1658 -0.4413
vn -0.9838 -0.0621 0.1683
vn -0.9174 -0.0522 0.3946
vn -0.8617 -0.0953 0.4983
vn -0.5945 -0.0748 0.8006
vn -0.4501 0.8800 0.1520
vn -0.4616 0.8771 0.1324
vn 0.6250 0.0757 0.7769
vn 0.2356 0.4881 0.8404
vn 0.8558 0.3345 0.3947
vn 0.8333 0.3770 0.4044
vn 0.3031 0.3971 0.8663
vn 0.3709 0.6244 0.6874
vn 0.5639 0.6035 0.5637
vn 0.5331 0.6196 0.5761
vn 0.3944 0.6968 0.5991
vn 0.3862 0.7203 0.5763
vn 0.5488 0.5920 0.5901
vn 0.5501 0.6589 0.5130
vn 0.5371 0.6835 0.4943
vn 0.5577 0.6556 0.5091
vn 0.8463 0.3884 0.3646
vn 0.8845 0.4030 0.2352
vn 0.8690 0.4768 0.1322
vn 0.6525 0.7497 0.1105
vn 0.9413 -0.3041 0.1465
vn 0.9373 -0.3064 0.1659
vn 0.9929 -0.0646 0.0996
vn 0.9883 -0.0087 0.1523
vn 0.9856 -0.0508 0.1615
vn 0.9998 0.0165 0.0145
vn 0.9892 0.1466 -0.0097
vn 0.9882 -0.0107 0.1529
vn 0.9313 0.3284 0.1577
vn 0.8215 0.5625 0.0934
vn 0.4194 0.2192 0.8810
vn 0.5379 -0.7713 0.3403
vn 0.1601 -0.8787 0.4497
vn 0.1778 -0.8644 0.4703
vn -0.7958 -0.6032 0.0534
vn -0.1069 -0.0122 0.9942
vn -0.1138 0.0196 0.9933
vn -0.0351 -0.0811 0.9961
vn 0.5696 0.0494 0.8204
vn 0.5842 -0.0100 0.8115
vn 0.4372 -0.1116 0.8924
vn 0.4332 -0.0079 0.9013
vn 0.6325 -0.1097 0.7668
vn 0.6342 0.2681 0.7252
vn 0.5312 0.2305 0.8153
vn 0.5316 0.2114 0.8202
vn -0.6468 -0.7624 0.0217
vn -0.8409 0.0445 0.5394
vn -0.8319 -0.1892 0.5216
vn -0.8116 0.0067 0.5842
vn -0.0169 -0.0607 0.9980
vn -0.0149 -0.0535 0.9985
vn -0.0147 -0.0528 0.9985
vn -0.0172 -0.0618 0.9979
vn -0.1618 -0.1286 0.9784
vn -0.0962 0.2295 0.9685
vn 0.1860 0.3338 0.9241
vn 0.1615 0.1917 0.9681
vn 0.7207 -0.1968 0.6648
vn -0.7925 -0.2723 0.5456
vn -0.4889 0.3378 0.8043
vn -0.4852 0.1620 0.8593
vn -0.9291 0.2219 0.2958
vn -0.9032 -0.1222 0.4114
vn -0.8051 -0.1881 0.5625
vn -0.8690 0.1526 0.4707
vn -0.8245 0.2130 0.5243
vn -0.8245 0.2274 0.5181
vn -0.6921 0.4442 0.5690
vn -0.1616 0.4572 0.8746
vn -0.2117 0.8142 0.5406
vn -0.2896 0.7974 0.5294
vn 0.2010 0.4958 0.8448
vn -0.1116 0.2186 0.9694
vn -0.1379 0.3657 0.9204
vn -0.7153 0.2581 0.6494
vn -0.6837 -0.1097 0.7215
vn -0.4234 0.0470 0.9047
vn -0.4234 0.0457 0.9048
vn -0.6676 -0.0437 0.7433
vn -0.6739 -0.1073 0.7310
vn -0.9442 0.3170 0.0898
vn -0.9627 0.2637 0.0609
vn -0.5682 -0.8229 0.0010
vn -0.5075 -0.8612 -0.0289
vn 0.0501 0.2827 0.9579
vn 0.1310 -0.1491 0.9801
vn -0.0084 -0.0864 0.9962
vn -0.0087 -0.0859 0.9963
vn -0.0104 -0.0803 0.9967
vn -0.0105 -0.0798 0.9968
vn 0.0698 -0.0220 0.9973
vn -0.7166 0.2860 0.6362
vn 0.0999 0.0485 0.9938
vn 0.0898 -0.1016 0.9908
vn 0.9229 0.1888 0.3357
vn 0.8768 -0.0819 0.4738
vn 0.8900 0.1701 0.4230
vn 0.9645 0.0861 0.2495
vn 0.9048 -0.2271 0.3601
vn 0.8530 -0.1056 0.5111
vn 0.8915 0.1494 0.4278
vn 0.9001 0.1338 0.4145
vn 0.9002 0.1330 0.4147
vn 0.8998 0.1277 0.4171
vn 0.8997 0.1270 0.4176
vn 0.7353 0.4391 0.5163
vn 0.7469 0.5559 0.3649
vn 0.3955 -0.8320 0.3891
vn 0.2093 -0.8334 0.5115
vn 0.1440 -0.8974 0.4171
vn -0.3417 -0.9060 0.2499
vn -0.4453 -0.8497 0.2824
vn 0.3105 -0.9121 0.2677
vn 0.1879 0.6835 0.7054
vn 0.6943 0.6092 0.3832
vn 0.6528 0.2907 0.6995
vn 0.8348 0.3735 0.4044
vn 0.8116 0.4170 0.4092
vn 0.8403 0.5293 -0.1173
vn 0.3516 0.9209 -0.1684
vn 0.1733 0.9403 -0.2929
vn -0.2662 0.9203 -0.2866
vn -0.3248 0.8914 -0.3160
vn -0.8689 0.4822 -0.1115
vn -0.8655 0.2494 -0.4343
vn -0.9165 0.0352 -0.3986
vn -0.9074 0.3252 -0.2662
vn -0.4783 0.5781 -0.6611
vn -0.5916 0.4662 -0.6578
vn 0.2030 0.4935 -0.8457
vn 0.3442 0.5392 -0.7686
vn 0.8917 0.1401 -0.4304
vn 0.3705 0.6804 0.6323
vn 0.2211 0.6725 0.7063
vn -0.8402 0.3683 0.3979
vn -0.8492 0.3499 0.3956
vn -0.2451 0.6602 0.7100
vn -0.2721 0.6636 0.6969
vn -0.0035 0.3951 0.9186
vn -0.6459 0.3124 0.6966
vn -0.4595 -0.8318 0.3114
vn -0.7431 -0.5274 -0.4118
vn 0.1294 0.9740 -0.1858
vn 0.0537 0.7972 -0.6013
vn 0.8964 0.3727 -0.2399
vn 0.8997 0.0930 -0.4265
vn 0.6698 -0.7250 0.1605
vn -0.0191 0.9455 -0.3252
vn -0.3883 0.7348 -0.5561
vn 0.1278 0.7911 -0.5982
vn 0.1278 0.7909 -0.5985
vn 0.1262 0.7923 -0.5969
vn 0.1881 0.9594 -0.2101
vn 0.8919 0.4280 0.1463
vn 0.9477 0.2508 -0.1977
vn 0.9332 -0.2439 0.2638
vn 0.8524 -0.3337 0.4025
vn 0.1259 -0.6955 0.7074
vn 0.1277 -0.6856 0.7167
vn 0.1271 -0.6907 0.7119
vn 0.1956 -0.6875 0.6994
vn 0.2644 -0.9542 0.1398
vn -0.5286 -0.8399 0.1231
vn -0.2032 -0.8493 -0.4872
vn 0.1265 -0.6957 0.7071
vn 0.4183 -0.7066 0.5707
vn 0.9131 -0.2146 0.3466
vn 0.1256 0.7923 -0.5971
vn 0.9813 0.1574 -0.1112
vn 0.9378 0.3391 -0.0741
vn 0.9611 -0.2698 0.0589
vn 0.9068 -0.4211 0.0181
vn 0.1957 -0.9524 0.2336
vn 0.2613 -0.7699 -0.5822
vn 0.4898 -0.5653 -0.6637
vn 0.4882 -0.5696 -0.6613
vn 0.4886 -0.5684 -0.6619
vn 0.7484 -0.3305 -0.5750
vn 0.4900 -0.5645 -0.6643
vn 0.5662 -0.5222 -0.6378
vn 0.7433 -0.4537 -0.4916
vn 0.8357 -0.3473 -0.4254
vn 0.8910 0.1594 0.4251
vn 0.9382 0.0551 0.3417
vn 0.2793 0.1530 0.9479
vn 0.3365 0.0956 0.9368
vn -0.5005 0.0643 0.8634
vn -0.5318 0.3432 0.7742
vn -0.5325 0.3441 0.7734
vn -0.5327 0.3441 0.7732
vn -0.5310 0.3425 0.7751
vn -0.9128 0.2265 0.3399
vn -0.9193 0.0336 0.3922
vn -0.7565 0.3374 0.5602
vn -0.3755 0.1651 0.9120
vn -0.5411 0.0163 0.8408
vn -0.6186 -0.2152 0.7557
vn -0.5626 0.5434 0.6230
vn -0.8857 0.3663 0.2852
vn -0.9148 0.2411 0.3239
vn -0.9610 -0.0909 0.2610
vn -0.8865 0.4194 0.1957
vn 0.9049 -0.2242 -0.3618
vn 0.9586 -0.0194 -0.2839
vn 0.9680 0.1347 0.2118
vn 0.9192 0.0859 0.3843
vn 0.7417 0.2294 0.6303
vn 0.5245 0.1874 0.8305
vn 0.3917 -0.0426 0.9191
vn 0.5546 0.0482 0.8307
vn 0.5360 0.6404 0.5500
vn 0.7316 0.5947 0.3332
vn 0.8909 0.3924 0.2289
vn 0.8740 0.1089 -0.4735
vn 0.8897 -0.3439 -0.3001
vn 0.8762 -0.3720 -0.3063
vn 0.8918 -0.1530 0.4257
vn 0.9397 -0.0641 0.3360
vn 0.5990 -0.3323 -0.7286
vn 0.3211 -0.6934 -0.6450
vn 0.4380 -0.6438 -0.6274
vn 0.4552 -0.6496 -0.6090
vn -0.4864 -0.8732 -0.0307
vn -0.7513 0.1857 -0.6334
vn -0.8432 0.1344 -0.5205
vn -0.8619 -0.0234 -0.5066
vn -0.8503 -0.0573 -0.5232
vn -0.7160 -0.0782 -0.6937
vn -0.4929 -0.3405 -0.8007
vn -0.5322 -0.4995 -0.6836
vn -0.7053 -0.4359 -0.5590
vn -0.6933 -0.3442 -0.6331
vn -0.8434 -0.2772 -0.4602
vn -0.6230 -0.4323 -0.6518
vn -0.4582 -0.7090 -0.5362
vn -0.2931 -0.6732 -0.6788
vn -0.3388 -0.9144 0.2216
vn -0.8484 -0.5189 0.1046
vn -0.8583 -0.5014 0.1095
vn 0.4257 -0.8989 0.1040
vn -0.5840 -0.8064 0.0933
vn 0.7960 -0.5610 -0.2275
vn 0.1595 -0.9868 -0.0292
vn -0.8390 0.5316 -0.1161
vn -0.6307 0.5099 -0.5850
vn -0.6216 -0.3640 -0.6936
vn -0.6776 -0.2789 -0.6805
vn -0.5204 0.3144 -0.7939
vn -0.6184 0.4322 -0.6563
vn -0.4254 0.7901 -0.4413
vn 0.4143 -0.5629 -0.7151
vn 0.2960 -0.1171 -0.9480
vn 0.2491 0.5645 -0.7870
vn 0.0144 0.8950 -0.4459
vn 0.1469 0.4366 -0.8876
vn 0.1323 0.4462 -0.8851
vn 0.1734 -0.4398 -0.8812
vn -0.5991 -0.2255 -0.7683
vn -0.5943 -0.0117 -0.8042
vn -0.5641 -0.0481 -0.8243
vn -0.4090 -0.8060 -0.4279
vn 0.0911 -0.8858 -0.4551
vn 0.1183 -0.5357 -0.8361
vn -0.1846 -0.5395 -0.8215
vn -0.0323 -0.4667 -0.8838
vn -0.6709 -0.5436 -0.5044
vn -0.6542 -0.2689 -0.7069
vn -0.0801 -0.4422 -0.8933
vn -0.0891 -0.6279 -0.7731
vn -0.2341 -0.6568 -0.7168
vn 0.2511 -0.6540 -0.7137
vn -0.7377 -0.1242 -0.6636
vn -0.7363 -0.4247 -0.5268
vn -0.6533 -0.4448 -0.6127
vn -0.0129 -0.8240 -0.5664
vn 0.6360 -0.4111 -0.6530
vn 0.8070 -0.3674 -0.4624
vn 0.8016 -0.0523 -0.5956
vn 0.7172 -0.2294 -0.6580
vn 0.7267 -0.5179 -0.4513
vn 0.4765 -0.7831 -0.3996
vn 0.5489 -0.0510 -0.8343
vn 0.6557 0.1206 -0.7453
vn 0.6558 -0.2351 -0.7174
vn 0.4169 -0.3994 -0.8165
vn 0.5756 0.3201 -0.7525
vn 0.5956 0.3396 -0.7279
vn 0.5851 0.4577 -0.6694
vn 0.5874 0.4520 -0.6713
vn 0.5868 0.4536 -0.6708
vn -0.1534 0.6063 -0.7803
vn -0.2362 0.4121 -0.8800
vn -0.0007 0.0048 -1.0000
vn 0.0550 -0.3595 -0.9315
vn -0.0396 -0.4294 -0.9022
vn -0.3082 0.2988 -0.9032
vn -0.1362 0.4360 -0.8896
vn 0.5846 0.4591 -0.6689
vn -0.0152 -0.6092 -0.7929
vn 0.3370 -0.5821 -0.7400
vn 0.3936 -0.3337 -0.8566
vn -0.0660 -0.5497 -0.8328
vn -0.2742 -0.3481 -0.8965
vn -0.9842 -0.0249 -0.1754
vn 0.2678 -0.3693 -0.8899
vn -0.5747 -0.1818 -0.7979
vn 0.3008 0.4158 -0.8583
vn -0.2801 -0.1022 -0.9545
vn -0.7443 0.4773 0.4670
vn -0.8948 0.1195 0.4303
vn -0.1445 0.6957 -0.7036
vn -0.1299 0.7097 -0.6924
vn 0.0984 0.7340 -0.6720
vn 0.1644 0.9806 0.1070
vn 0.4964 0.8485 0.1835
vn -0.9506 0.3102 -0.0118
vn 0.1497 0.7471 0.6477
vn -0.1184 0.7466 0.6547
vn -0.0935 0.8760 0.4732
vn -0.7473 0.4334 0.5037
vn -0.5169 0.3361 0.7873
vn 0.7888 0.0346 0.6137
vn 0.3334 0.7561 0.5631
vn 0.3171 0.7514 0.5786
vn 0.3169 0.7495 0.5812
vn 0.3161 0.7519 0.5786
vn 0.3167 0.7491 0.5818
vn 0.6154 0.3338 0.7140
vn 0.5652 0.2813 0.7755
vn 0.5899 0.2497 0.7679
vn -0.1477 -0.8299 -0.5381
vn -0.1505 -0.8310 -0.5356
vn -0.3592 -0.6472 0.6724
vn -0.7979 -0.4126 0.4395
vn -0.8377 -0.3815 0.3908
vn 0.7234 0.6616 0.1972
vn 0.6437 0.3431 -0.6841
vn 0.1410 -0.0727 -0.9873
vn -0.2754 0.5314 -0.8011
vn 0.2380 0.6413 -0.7294
vn 0.9975 -0.0175 0.0690
vn 0.9908 0.0890 -0.1017
vn 0.9351 0.3543 0.0042
vn -0.2022 0.9640 -0.1725
vn 0.5524 -0.7800 0.2942
vn 0.8109 -0.5820 -0.0609
vn 0.7338 -0.6793 -0.0145
vn -0.9913 0.1062 0.0771
vn -0.9918 0.1047 0.0735
vn -0.9914 0.1060 0.0767
vn -0.9919 0.1045 0.0728
vn -0.9959 -0.0279 0.0864
vn -0.9868 -0.0554 0.1525
vn -0.9898 -0.0095 0.1422
vn -0.9832 0.0267 0.1807
vn -0.9546 -0.1936 0.2265
vn -0.9816 -0.1720 0.0829
vn -0.0233 -0.5838 -0.8115
vn -0.0551 0.0396 -0.9977
vn 0.6114 0.7881 -0.0719
vn 0.5104 0.4188 0.7511
vn 0.5870 0.4887 0.6454
vn -0.2620 0.0915 0.9607
vn 0.8668 0.1984 0.4575
vn 0.8833 0.4595 0.0925
vn 0.6750 0.7337 -0.0782
vn 0.8037 0.2766 0.5268
vn 0.7074 0.4857 -0.5134
vn 0.9153 -0.1121 0.3870
vn 0.5686 -0.1300 0.8123
vn 0.5033 -0.0577 0.8622
vn 0.7237 0.0003 0.6901
vn 0.7691 0.1935 0.6092
vn 0.0536 -0.8484 -0.5266
vn 0.0236 -0.9567 -0.2903
vn 0.6497 -0.2701 -0.7106
vn 0.6495 -0.2694 -0.7110
vn 0.6482 -0.2664 -0.7134
vn 0.6478 -0.2656 -0.7140
vn 0.6500 -0.0794 -0.7558
vn 0.6123 -0.2862 0.7370
vn 0.8549 0.4847 0.1850
vn 0.4261 -0.8906 0.1592
vn 0.3719 -0.8632 0.3414
vn 0.5732 -0.7933 0.2054
vn 0.4637 -0.8723 -0.1552
vn 0.4827 -0.8528 -0.1995
vn 0.8688 0.2587 0.4222
vn 0.8675 0.2475 0.4315
vn 0.0790 0.5975 0.7980
vn 0.8764 0.2195 0.4287
vn 0.5354 -0.0411 0.8436
vn 0.8257 -0.1320 0.5485
vn 0.1170 -0.5739 0.8105
vn 0.4019 -0.3588 0.8425
vn 0.8260 -0.0566 0.5608
vn 0.9935 0.0655 0.0930
vn 0.9863 0.0949 0.1346
vn 0.7942 -0.5018 0.3427
vn 0.7445 0.1984 -0.6375
vn 0.5550 0.6014 0.5748
vn 0.7272 -0.1259 0.6748
vn 0.1031 0.0627 0.9927
vn 0.1921 -0.2418 0.9511
vn 0.3176 0.0110 0.9482
vn 0.8555 -0.3347 0.3950
vn 0.8722 -0.1777 0.4557
vn 0.7475 -0.4137 0.5197
vn 0.5980 -0.7130 -0.3661
vn 0.6663 -0.5800 -0.4687
vn 0.6821 0.5850 -0.4387
vn 0.5338 -0.6118 0.5837
vn 0.0360 0.9951 -0.0924
vn 0.0296 0.9986 0.0444
vn 0.4012 0.9122 0.0835
vn 0.7781 0.0231 0.6277
vn 0.7583 -0.0656 0.6486
vn -0.6107 0.5894 0.5288
vn -0.6061 0.4399 0.6627
vn -0.7836 0.6155 -0.0847
vn -0.3577 0.8753 0.3253
vn 0.6629 0.1797 0.7268
vn 0.5362 0.0876 0.8395
vn 0.5903 0.0858 0.8026
vn 0.5351 0.0261 0.8444
vn 0.4307 0.0809 0.8989
vn 0.4724 0.2248 0.8522
vn 0.5929 0.2821 0.7542
vn 0.6493 0.3138 0.6928
vn 0.6454 0.2907 0.7063
vn 0.3301 -0.8718 -0.3619
vn 0.2170 -0.9266 -0.3072
vn -0.1057 -0.8665 -0.4878
vn -0.0955 -0.8982 -0.4291
vn -0.0880 -0.8770 -0.4723
vn -0.0532 -0.9871 -0.1509
vn 0.0671 -0.9375 -0.3415
vn -0.6738 -0.0214 0.7386
vn -0.7444 0.1509 0.6505
vn -0.7460 -0.1488 0.6491
vn 0.6504 -0.2793 0.7064
vn -0.3395 -0.9274 0.1569
vn -0.5498 0.1744 0.8169
vn -0.4753 0.0617 0.8777
vn -0.4275 0.0858 0.8999
vn -0.4829 0.3593 0.7986
vn -0.5301 0.3789 0.7586
vn -0.6790 0.2075 0.7042
vn -0.6203 0.1665 0.7665
vn -0.7925 0.0095 0.6098
vn -0.3117 -0.0012 0.9502
vn -0.8711 -0.2073 0.4452
vn -0.8723 -0.1777 0.4555
vn -0.1917 -0.2415 0.9513
vn -0.1031 0.0627 0.9927
vn -0.7631 -0.1391 0.6312
vn -0.7798 -0.3646 0.5088
vn -0.5825 0.6050 0.5427
vn -0.7591 0.2184 -0.6132
vn -0.6972 0.5748 -0.4283
vn -0.5571 -0.5992 0.5750
vn 0.3286 0.8256 0.4587
vn 0.3823 0.5029 0.7752
vn 0.5585 0.4568 0.6923
vn 0.5662 0.4641 0.6812
vn 0.0344 0.4623 0.8861
vn 0.0500 0.4284 0.9022
vn -0.0588 0.4435 0.8944
vn 0.3030 0.8707 0.3875
vn 0.3738 0.8601 0.3470
vn -0.0360 0.9950 -0.0928
vn -0.8518 -0.3963 0.3426
vn -0.4824 0.2826 0.8291
vn -0.6793 0.7333 0.0300
vn -0.3207 0.8458 0.4264
vn -0.3823 0.5029 0.7752
vn 0.6233 0.0320 0.7813
vn 0.9193 -0.3139 0.2373
vn 0.9014 -0.3449 0.2619
vn 0.4609 0.7707 0.4400
vn 0.5719 -0.1897 0.7981
vn 0.7858 -0.2215 0.5774
vn 0.6956 -0.7181 -0.0231
vn 0.9470 -0.2108 0.2422
vn 0.5049 -0.1656 0.8471
vn 0.0547 0.0396 -0.9977
vn 0.9799 -0.0118 0.1990
vn 0.5645 0.5582 0.6081
vn -0.6440 0.1044 0.7579
vn 0.4009 -0.0018 0.9161
vn -0.6792 0.6596 0.3220
vn -0.7437 0.5441 -0.3884
vn -0.9087 0.0375 0.4158
vn -0.2548 0.0064 0.9670
vn -0.2752 0.0624 0.9594
vn -0.5151 0.3703 0.7730
vn -0.6701 -0.7387 0.0724
vn -0.6468 -0.7601 0.0627
vn -0.4470 -0.8394 0.3090
vn -0.9222 0.2895 0.2564
vn -0.9934 -0.1096 0.0324
vn -0.6907 -0.7216 0.0480
vn -0.4508 -0.8804 -0.1470
vn -0.4468 -0.8874 -0.1131
vn -0.4411 -0.8902 -0.1134
vn -0.4462 -0.8878 -0.1130
vn -0.4399 -0.8908 -0.1135
vn -0.2178 -0.9676 0.1281
vn -0.2527 -0.9539 -0.1618
vn -0.6586 -0.7219 -0.2124
vn -0.5432 -0.8389 0.0353
vn -0.9601 0.2353 0.1509
vn -0.9741 0.0336 0.2236
vn -0.9705 0.0202 0.2404
vn -0.2811 -0.9594 0.0220
vn -0.4366 -0.8665 0.2420
vn -0.5791 -0.7613 -0.2915
vn -0.4376 -0.8718 -0.2202
vn 0.6755 0.7355 0.0534
vn -0.3888 0.6482 0.6548
vn -0.0658 0.8201 0.5684
vn -0.4986 0.2667 0.8248
vn -0.4727 0.3019 0.8279
vn 0.5676 0.7999 -0.1951
vn 0.3645 0.8967 0.2512
vn 0.4126 0.8732 0.2595
vn -0.4068 0.7522 0.5184
vn -0.7829 0.2566 0.5667
vn 0.2987 0.3337 0.8941
vn -0.6553 0.1484 0.7406
vn -0.5913 0.0572 0.8044
vn -0.8692 -0.3965 0.2952
vn -0.8790 -0.4106 0.2427
vn -0.7898 -0.6038 0.1078
vn 0.0042 -0.9780 0.2088
vn -0.6518 -0.1761 0.7376
vn -0.8068 -0.1401 0.5740
vn -0.6512 -0.3429 0.6770
vn 0.0191 -0.9774 0.2106
vn 0.0133 -0.9785 0.2057
vn 0.0182 -0.9776 0.2096
vn 0.0122 -0.9786 0.2054
vn -0.4801 -0.6106 -0.6298
vn -0.5961 0.4968 0.6308
vn -0.7513 0.3600 0.5532
vn -0.6747 0.7381 0.0036
vn -0.8148 0.5559 0.1642
vn -0.8149 0.2963 0.4981
vn -0.4078 -0.8326 -0.3748
vn -0.4767 -0.8321 -0.2834
vn -0.4393 -0.4295 -0.7891
vn -0.3317 -0.5964 -0.7310
vn -0.3265 -0.6251 -0.7090
vn -0.4013 0.9102 0.1027
vn -0.0295 0.9985 0.0459
vn 0.0867 -0.8810 -0.4651
vn -0.2668 -0.9075 -0.3244
vn -0.1308 -0.9771 -0.1677
vn -0.3316 -0.9400 -0.0807
vn -0.2281 -0.9701 0.0830
vn -0.1746 0.4254 0.8880
vn 0.5342 0.7282 0.4293
vn 0.7851 0.6154 0.0698
vn -0.5879 0.1237 0.7994
vn -0.5867 -0.2098 0.7822
vn 0.9611 -0.1158 -0.2507
vn 0.5099 0.6181 0.5983
vn -0.2152 0.5484 0.8081
vn -0.3089 0.4854 0.8179
vn 0.1491 -0.1062 0.9831
vn 0.8421 0.3689 0.3934
vn 0.7489 0.3555 0.5593
vn 0.7995 0.5083 0.3200
vn 0.9131 0.4067 -0.0270
vn 0.4569 0.6139 0.6437
vn 0.5667 0.0458 0.8227
vn 0.4855 0.0578 0.8723
vn 0.1504 -0.1049 0.9830
vn 0.5071 0.6598 0.5545
vn 0.4380 0.6198 0.6511
vn 0.3474 0.7743 0.5289
vn 0.4217 0.8049 0.4175
vn 0.5511 0.7620 0.3401
vn 0.5074 0.7881 0.3484
vn -0.4801 0.7281 0.4892
vn -0.2340 -0.8719 -0.4302
vn -0.0674 -0.8925 -0.4459
vn 0.1283 -0.7084 -0.6941
vn 0.0099 -0.6803 -0.7329
vn -0.7697 -0.3633 -0.5250
vn -0.7692 -0.3638 -0.5254
vn -0.7706 -0.3624 -0.5242
vn -0.8597 -0.3283 -0.3913
vn -0.8818 -0.2862 -0.3748
vn -0.7712 -0.3617 -0.5238
vn -0.4239 -0.0444 -0.9046
vn -0.2576 -0.8849 0.3880
vn -0.8895 -0.3530 0.2902
vn -0.9006 -0.3026 0.3120
vn -0.9971 0.0373 -0.0661
vn -0.9441 0.3272 0.0394
vn -0.9364 0.2528 0.2436
vn -0.3408 -0.4522 0.8242
vn -0.4342 -0.7473 0.5030
vn -0.2590 -0.8282 0.4970
vn -0.5640 -0.7236 0.3978
vn -0.7556 -0.6171 0.2195
vn -0.7783 -0.1310 0.6141
vn -0.3571 -0.4488 0.8192
vn -0.5360 -0.0408 0.8432
vn -0.2381 -0.8981 0.3698
vn -0.5186 0.7206 0.4602
vn -0.9667 0.2430 0.0806
vn -0.9668 0.2427 0.0802
vn -0.9667 0.2430 0.0805
vn -0.9669 0.2424 0.0799
vn 0.4479 0.7436 0.4965
vn 0.5955 0.6378 0.4885
vn -0.3557 0.7908 0.4982
vn -0.8316 0.5379 -0.1383
vn -0.6357 0.7614 0.1273
vn -0.9168 0.1821 0.3554
vn -0.9639 0.1518 0.2187
vn 0.4586 0.3883 0.7993
vn 0.1991 0.6483 0.7349
vn -0.3781 0.7617 0.5262
vn -0.2842 0.7538 0.5925
vn -0.5662 0.0456 0.8230
vn -0.4823 0.0652 0.8736
vn -0.1183 -0.0772 0.9900
vn -0.0318 -0.0777 0.9965
vn -0.4023 0.7415 0.5369
vn 0.6923 -0.0339 0.7208
vn -0.7899 0.6131 0.0146
vn -0.6689 -0.4679 -0.5776
vn -0.6066 -0.6790 -0.4135
vn 0.9694 0.2190 0.1111
vn 0.9226 -0.2003 0.3297
vn 0.8529 0.4859 0.1909
vn 0.4013 0.5609 0.7242
vn 0.4185 0.4620 0.7819
vn -0.5217 0.4998 0.6914
vn -0.7049 0.0783 -0.7049
vn 0.2445 0.0522 -0.9682
vn 0.2399 -0.2001 -0.9499
vn 0.5257 -0.3285 -0.7847
vn 0.8905 -0.1430 -0.4319
vn 0.8315 -0.0393 -0.5541
vn 0.9352 0.1253 0.3313
vn 0.9516 0.0554 0.3022
vn 0.4226 0.3504 0.8359
vn 0.3739 0.2953 0.8792
vn 0.8729 0.0950 -0.4785
vn 0.1689 -0.0485 -0.9844
vn 0.1459 -0.7097 -0.6892
vn 0.3154 -0.5746 -0.7552
vn -0.8096 -0.3650 -0.4597
vn -0.6390 -0.4095 -0.6511
vn 0.0233 -0.5838 -0.8115
vn 0.0796 -0.4425 -0.8933
vn 0.0886 -0.6280 -0.7731
vn 0.6560 -0.4432 -0.6110
vn -0.5316 0.8468 0.0181
vn -0.5579 0.8290 -0.0387
vn 0.5607 0.2527 0.7885
vn 0.2853 0.7843 0.5509
vn 0.2736 0.6425 0.7157
vn 0.5376 0.2834 0.7942
vn 0.7474 0.2982 0.5937
vn 0.5142 0.6493 0.5603
vn -0.5926 0.8009 0.0862
vn -0.5426 0.8293 0.1332
vn -0.5323 0.7031 0.4715
vn -0.4907 0.6793 0.5457
vn -0.4758 0.7066 0.5237
vn -0.4994 0.7263 0.4724
vn -0.5660 -0.2529 -0.7847
vn -0.1068 -0.2666 -0.9579
vn -0.1003 -0.0198 -0.9948
vn 0.0132 0.0573 -0.9983
vn -0.4361 0.6281 0.6445
vn -0.3311 0.7739 0.5399
vn -0.2561 0.5546 0.7917
vn -0.4912 0.2890 0.8217
vn -0.4459 0.8792 -0.1677
vn -0.3499 0.9052 -0.2411
vn -0.4027 0.6873 -0.6045
vn 0.1997 0.7566 -0.6227
vn -0.9262 0.3077 -0.2180
vn -0.9253 0.3755 0.0533
vn -0.9006 0.4340 -0.0259
vn -0.8844 0.3500 -0.3086
vn -0.4865 0.6732 -0.5569
vn -0.3219 -0.6637 0.6752
vn -0.3221 -0.6640 0.6748
vn -0.5028 -0.6452 0.5752
vn -0.8360 -0.3722 0.4031
vn -0.8385 -0.3700 0.4001
vn -0.6869 0.5792 0.4389
vn -0.7031 0.5632 0.4341
vn 0.0974 0.6932 0.7141
vn -0.0138 0.3996 0.9166
vn -0.1306 0.3962 0.9088
vn -0.0933 0.4124 0.9062
vn 0.4053 0.8988 0.1672
vn -0.7519 0.5549 -0.3560
vn -0.7660 0.5363 -0.3545
vn 0.5661 0.8218 0.0649
vn 0.4955 0.8367 0.2333
vn -0.5922 0.5386 -0.5993
vn -0.5837 0.5557 -0.5920
vn -0.1362 0.9461 -0.2938
vn -0.3189 0.9118 -0.2588
vn -0.2291 0.9519 -0.2036
vn -0.4387 0.8702 -0.2244
vn 0.2918 0.7606 -0.5800
vn 0.3934 0.7132 -0.5801
vn -0.7982 0.5999 0.0550
vn -0.7342 0.6776 -0.0430
vn 0.0010 0.6584 0.7527
vn -0.6769 0.2121 0.7048
vn 0.2701 -0.0396 0.9620
vn 0.3431 0.2495 0.9056
vn 0.9631 -0.1994 0.1810
vn 0.9801 -0.0756 0.1835
vn -0.5382 -0.0912 0.8378
vn 0.2599 -0.1878 -0.9472
vn 0.3925 -0.1362 -0.9096
vn 0.7688 -0.1305 -0.6260
vn 0.7706 -0.1296 -0.6239
vn 0.7753 -0.1274 -0.6187
vn 0.7768 -0.1266 -0.6169
vn 0.7311 -0.1248 -0.6707
vn 0.9119 -0.0019 -0.4103
vn 0.9592 -0.1018 0.2639
vn 0.9780 -0.0439 0.2039
vn 0.2935 0.2086 0.9329
vn 0.3134 -0.0987 0.9445
vn 0.3735 -0.1904 -0.9079
vn 0.2501 -0.1346 -0.9588
vn 0.2467 0.0577 -0.9674
vn 0.4044 -0.0121 -0.9145
vn 0.4028 -0.1260 -0.9066
vn 0.3954 -0.1228 -0.9103
vn 0.4011 -0.1253 -0.9074
vn 0.3937 -0.1221 -0.9111
vn 0.7620 -0.0918 -0.6411
vn 0.7623 -0.0913 -0.6407
vn 0.7608 -0.1026 -0.6408
vn 0.7808 -0.1014 -0.6165
vn 0.9066 -0.0878 -0.4128
vn 0.9056 -0.0895 -0.4146
vn 0.9041 -0.0907 -0.4176
vn 0.9034 -0.0939 -0.4185
vn 0.9889 -0.0405 0.1430
vn 0.9861 -0.0878 0.1413
vn 0.9852 -0.0889 0.1469
vn 0.9858 -0.0882 0.1432
vn 0.9848 -0.0893 0.1486
vn 0.9875 -0.0662 0.1428
vn 0.9385 -0.0620 -0.3395
vn 0.9153 -0.0903 -0.3925
vn 0.6893 -0.0992 -0.7177
vn 0.6169 -0.1363 -0.7752
vn 0.6255 -0.0229 -0.7799
vn 0.7611 -0.1031 -0.6404
vn 0.9136 -0.1091 -0.3918
vn 0.9031 -0.0966 -0.4184
vn 0.4532 -0.1181 0.8835
vn 0.4361 0.2026 0.8768
vn 0.8125 -0.5661 0.1390
vn 0.8132 -0.5649 0.1402
vn 0.8144 -0.5626 0.1422
vn 0.8151 -0.5613 0.1433
vn 0.5105 0.4261 0.7469
vn 0.5122 0.4249 0.7464
vn 0.5111 0.4257 0.7467
vn 0.5127 0.4245 0.7463
vn 0.1652 0.2045 0.9648
vn 0.1640 0.2058 0.9648
vn 0.1649 0.2048 0.9648
vn 0.1637 0.2062 0.9647
vn -0.1365 0.2071 0.9688
vn -0.1390 0.2046 0.9689
vn -0.4958 0.4508 0.7422
vn -0.4945 0.4518 0.7425
vn -0.4965 0.4503 0.7421
vn -0.4938 0.4524 0.7426
vn -0.8250 -0.5305 0.1948
vn -0.8241 -0.5324 0.1933
vn -0.8236 -0.5336 0.1924
vn -0.8255 -0.5294 0.1957
vn -0.4976 -0.4434 0.7455
vn -0.5014 -0.4501 0.7389
vn 0.4532 -0.4637 0.7613
vn 0.4533 -0.4638 0.7612
vn -0.1386 0.1935 0.9713
vn -0.4906 -0.6803 0.5446
vn -0.5807 -0.7280 0.3644
vn -0.5818 -0.7261 0.3664
vn -0.5802 -0.7288 0.3637
vn -0.4731 -0.2855 0.8335
vn -0.4009 -0.2505 0.8812
vn -0.8558 -0.2650 0.4442
vn -0.9868 -0.0483 0.1548
vn -0.9718 -0.1463 -0.1849
vn -0.9721 -0.1087 -0.2076
vn -0.3848 0.4938 0.7798
vn -0.3827 0.4953 0.7799
vn -0.3663 0.2456 0.8975
vn -0.2558 0.2390 0.9367
vn -0.9598 -0.1178 0.2549
vn -0.9606 -0.1113 0.2548
vn -0.9604 -0.1118 0.2551
vn -0.8534 -0.2153 0.4747
vn -0.9800 -0.1529 -0.1271
vn -0.9769 -0.1134 -0.1810
vn -0.6293 -0.2692 -0.7290
vn -0.6296 -0.2696 -0.7286
vn -0.6338 -0.2744 -0.7232
vn -0.6342 -0.2747 -0.7227
vn -0.6742 -0.0262 -0.7381
vn -0.6835 -0.0478 -0.7284
vn -0.7215 -0.6758 0.1508
vn -0.7236 -0.6729 0.1539
vn -0.4815 -0.2501 0.8400
vn -0.3679 -0.2346 0.8998
vn -0.9589 -0.1241 0.2551
vn -0.9460 -0.1065 0.3063
vn -0.9863 -0.1008 -0.1309
vn -0.9621 -0.1449 -0.2309
vn -0.6637 -0.1097 -0.7399
vn -0.7042 -0.0753 -0.7060
vn -0.2284 -0.0835 -0.9700
vn -0.2292 -0.0841 -0.9697
vn -0.2344 -0.0877 -0.9682
vn -0.2352 -0.0881 -0.9679
vn -0.2166 -0.3286 -0.9193
vn -0.2464 -0.3498 -0.9038
vn -0.2609 -0.0336 -0.9648
vn -0.3059 -0.0794 -0.9487
vn -0.2955 -0.1342 -0.9459
vn -0.0679 0.0877 -0.9938
vn -0.0706 0.0169 -0.9974
vn -0.0256 0.0663 -0.9975
vn -0.0325 0.0387 -0.9987
vn -0.0052 0.0696 -0.9976
vn -0.0242 -0.1382 -0.9901
vn -0.1002 -0.0415 -0.9941
vn -0.3858 0.0500 -0.9212
vn -0.4714 -0.0681 -0.8793
vn -0.7729 -0.0262 -0.6340
vn -0.8071 0.1546 -0.5698
vn -0.8237 -0.1445 -0.5483
vn -0.5735 -0.1135 -0.8113
vn -0.6512 -0.1759 -0.7383
vn -0.7934 -0.1026 -0.6000
vn -0.9382 -0.2451 -0.2445
vn -0.9845 -0.1717 0.0365
vn -0.9778 -0.1764 0.1131
vn -0.9179 -0.0900 0.3864
vn -0.3357 -0.1539 0.9293
vn -0.5820 -0.7256 0.3671
vn -0.4294 0.6970 0.5743
vn -0.4317 0.6948 0.5753
vn -0.1796 0.4393 0.8802
vn -0.1735 0.4478 0.8772
vn 0.1735 0.4478 0.8772
vn 0.1773 0.4425 0.8791
vn 0.1749 0.4458 0.8779
vn 0.1786 0.4407 0.8797
vn 0.4291 0.6977 0.5736
vn 0.4275 0.6994 0.5728
vn 0.4285 0.6983 0.5733
vn 0.4268 0.7000 0.5726
vn 0.3339 -0.1537 0.9300
vn 0.3377 -0.1542 0.9285
vn 0.5443 -0.7788 0.3119
vn 0.5430 -0.7801 0.3108
vn 0.4935 -0.7640 0.4156
vn -0.4907 -0.6814 0.5430
vn 0.4902 -0.6817 0.5432
vn 0.4903 -0.6832 0.5411
vn 0.4902 -0.6821 0.5426
vn 0.4903 -0.6838 0.5403
vn 0.5799 -0.7286 0.3644
vn 0.5785 -0.7310 0.3618
vn 0.5796 -0.7292 0.3638
vn 0.5781 -0.7318 0.3610
vn 0.5214 -0.4203 0.7426
vn 0.4139 -0.3678 0.8327
vn 0.2484 0.2982 0.9216
vn 0.3727 0.3057 0.8761
vn 0.3828 0.4725 0.7939
vn 0.3836 0.4715 0.7941
vn 0.3824 0.4730 0.7938
vn 0.3839 0.4711 0.7942
vn 0.8857 -0.1129 0.4503
vn 0.9317 -0.1486 0.3315
vn 0.3740 -0.2495 0.8932
vn 0.4908 -0.2652 0.8299
vn 0.7184 -0.6899 0.0891
vn 0.7210 -0.6867 0.0930
vn 0.5842 0.2018 0.7861
vn 0.6725 -0.3832 0.6332
vn 0.9773 -0.0437 0.2073
vn 0.9722 -0.1622 0.1690
vn 0.9135 -0.0907 0.3965
vn 0.9092 0.0458 0.4137
vn 0.8389 0.1533 0.5222
vn 0.8582 0.0773 0.5075
vn 0.9738 -0.0974 -0.2057
vn 0.9737 -0.1113 -0.1986
vn 0.9399 -0.2471 -0.2356
vn 0.7935 -0.1018 -0.6000
vn 0.7953 -0.0793 -0.6010
vn 0.9775 -0.0706 0.1990
vn 0.9969 0.0461 0.0635
vn 0.9863 -0.1616 0.0339
vn 0.9721 0.1349 0.1921
vn 0.9460 0.1917 0.2615
vn 0.7631 0.1451 -0.6297
vn 0.7729 -0.0275 -0.6339
vn 0.5801 -0.0571 -0.8126
vn 0.5743 -0.1141 -0.8107
vn 0.6507 -0.1755 -0.7388
vn 0.6831 -0.0468 -0.7288
vn 0.6748 -0.0274 -0.7375
vn 0.6346 -0.2753 -0.7221
vn 0.6290 -0.2693 -0.7292
vn 0.6341 -0.2751 -0.7226
vn 0.6288 -0.2687 -0.7296
vn 0.9704 -0.1208 -0.2089
vn 0.9751 -0.1710 -0.1409
vn 0.9266 -0.1781 0.3313
vn 0.0256 0.0663 -0.9975
vn 0.0704 0.0170 -0.9974
vn 0.0678 0.0877 -0.9938
vn 0.2955 -0.1345 -0.9458
vn 0.3059 -0.0794 -0.9487
vn 0.2605 -0.0332 -0.9649
vn 0.2460 -0.3498 -0.9039
vn 0.2166 -0.3289 -0.9192
vn 0.2352 -0.0881 -0.9679
vn 0.2289 -0.0839 -0.9698
vn 0.2344 -0.0876 -0.9682
vn 0.2281 -0.0832 -0.9701
vn 0.7043 -0.0745 -0.7060
vn 0.6631 -0.1096 -0.7405
vn 0.9673 -0.1452 -0.2081
vn 0.9829 -0.1128 -0.1454
vn 0.4871 -0.8690 0.0870
vn 0.4378 -0.0251 0.8987
vn 0.4359 -0.0234 0.8997
vn 0.1214 -0.6706 0.7319
vn 0.4779 -0.4207 -0.7711
vn 0.4774 -0.4204 -0.7716
vn 0.4777 -0.4205 -0.7713
vn 0.4770 -0.4202 -0.7719
vn 0.5560 -0.8268 0.0857
vn 0.8439 -0.4298 0.3212
vn 0.9210 -0.3194 0.2229
vn 0.9212 -0.0940 0.3775
vn 0.8662 -0.0669 0.4952
vn 0.8775 0.4233 -0.2255
vn 0.9263 0.3619 -0.1048
vn 0.9223 0.3590 -0.1430
vn 0.9205 0.3890 -0.0376
vn 0.8298 0.5580 0.0025
vn 0.8272 0.5565 -0.0775
vn 0.8795 0.4756 0.0172
vn 0.9211 0.3887 -0.0218
vn 0.9596 0.2069 0.1907
vn 0.9875 -0.0124 0.1574
vn 0.7772 0.5806 -0.2426
vn 0.7995 0.5683 -0.1946
vn 0.8070 0.5868 -0.0662
vn 0.5931 0.8050 -0.0140
vn 0.5103 0.8493 -0.1352
vn 0.5119 0.8427 -0.1669
vn 0.4520 0.8537 -0.2585
vn 0.2022 0.9580 -0.2033
vn 0.1757 0.9801 -0.0926
vn 0.4536 0.8313 -0.3212
vn 0.0520 0.8168 -0.5746
vn -0.2891 0.6252 -0.7249
vn -0.4704 0.7119 -0.5214
vn -0.5374 0.6675 -0.5154
vn -0.6119 0.7862 0.0860
vn -0.6002 0.7961 0.0774
vn 0.7688 0.5264 -0.3631
vn 0.6870 0.6232 -0.3738
vn 0.7318 0.6814 -0.0120
vn 0.8434 0.5141 0.1563
vn 0.7197 0.5723 0.3931
vn 0.7279 0.4706 0.4987
vn -0.3290 0.7208 0.6101
vn 0.5903 0.8031 0.0811
vn -0.6072 0.1489 0.7805
vn -0.4544 -0.0961 0.8856
vn 0.8007 -0.5919 0.0926
vn 0.8659 -0.4673 0.1782
vn 0.5741 -0.7292 0.3723
vn 0.5297 -0.6782 0.5094
vn -0.6306 -0.5524 0.5451
vn -0.4785 -0.3967 0.7834
vn -0.8728 -0.1224 0.4725
vn -0.8460 -0.3966 0.3564
vn -0.3433 -0.1023 0.9337
vn -0.2133 0.4954 0.8421
vn 0.0697 0.2596 0.9632
vn 0.5887 0.2302 0.7749
vn 0.5262 0.3316 0.7830
vn 0.1619 0.5385 0.8270
vn -0.1688 0.0150 0.9855
vn -0.8377 -0.2021 0.5073
vn -0.8280 -0.1172 0.5483
vn -0.8493 -0.0465 0.5258
vn -0.2808 0.2164 0.9350
vn -0.3014 -0.0959 0.9487
vn -0.4598 -0.1188 0.8801
vn -0.8995 -0.1014 -0.4249
vn -0.9923 -0.0854 0.0899
vn -0.9921 -0.0849 0.0918
vn -0.9921 -0.0847 0.0928
vn -0.9923 -0.0856 0.0890
vn -0.9948 -0.0623 0.0801
vn -0.9300 -0.0696 -0.3609
vn -0.9086 -0.0919 -0.4074
vn -0.6892 -0.0999 -0.7176
vn -0.6181 -0.1363 -0.7742
vn -0.6268 -0.0230 -0.7789
vn -0.7623 -0.1032 -0.6389
vn -0.7621 -0.1028 -0.6392
vn -0.7633 -0.0923 -0.6394
vn -0.7635 -0.0919 -0.6392
vn -0.7795 -0.1006 -0.6183
vn -0.7754 -0.1265 -0.6187
vn -0.7690 -0.1297 -0.6259
vn -0.3735 -0.1904 -0.9079
vn -0.2501 -0.1346 -0.9588
vn -0.2467 0.0577 -0.9674
vn -0.4044 -0.0121 -0.9145
vn -0.4028 -0.1260 -0.9066
vn -0.3946 -0.1225 -0.9106
vn -0.3930 -0.1355 -0.9095
vn -0.3942 -0.1227 -0.9108
vn -0.3935 -0.1357 -0.9092
vn -0.2599 -0.1878 -0.9472
vn -0.9008 -0.0878 -0.4253
vn -0.8999 -0.0869 -0.4274
vn -0.8968 -0.0839 -0.4345
vn -0.8958 -0.0830 -0.4367
vn -0.9946 -0.0613 0.0836
vn -0.9720 -0.0784 0.2216
vn -0.9615 -0.0998 0.2561
vn -0.9755 -0.1087 0.1914
vn -0.8187 -0.0652 -0.5705
vn -0.8905 -0.1280 -0.4366
vn -0.9070 -0.1090 -0.4067
vn -0.9440 -0.2995 0.1388
vn -0.9603 -0.2539 0.1157
vn -0.9308 0.1315 0.3411
vn -0.9438 0.0334 0.3289
vn -0.8617 -0.0451 0.5054
vn -0.9025 0.4092 0.1344
vn -0.9080 0.4177 0.0337
vn -0.8949 0.4446 0.0397
vn 0.4936 -0.7631 0.4172
vn -0.5193 -0.7497 0.4102
vn 0.0112 -0.1383 -0.9903
vn 0.0998 -0.0343 -0.9944
vn 0.3609 -0.0219 -0.9323
vn -0.8874 0.0762 0.4547
vn -0.8851 0.0355 0.4641
vn -0.9303 0.0126 0.3667
vn -0.1905 -0.9611 0.1999
vn 0.4472 0.4462 0.7752
vn -0.3573 -0.2285 0.9056
vn 0.3183 -0.8354 0.4481
vn 0.0806 -0.8976 0.4335
vn -0.1113 -0.8598 0.4984
vn 0.8916 0.2090 0.4018
vn -0.4376 0.8738 0.2120
vn -0.4769 0.8566 0.1969
vn -0.1881 0.4682 0.8633
vn -0.1671 0.4820 0.8601
vn 0.7651 0.6399 -0.0719
vn 0.3915 0.7438 0.5417
vn 0.6213 0.7548 0.2105
vn 0.9371 0.3460 -0.0470
vn 0.8533 0.2612 0.4513
vn 0.5521 0.6296 0.5466
vn 0.7665 0.6294 -0.1275
vn -0.6997 0.7108 0.0719
vn 0.2165 0.4467 0.8681
vn -0.0383 0.5245 0.8506
vn -0.0390 0.5266 0.8492
vn -0.0386 0.5253 0.8501
vn -0.0392 0.5274 0.8487
vn -0.4144 -0.8838 -0.2171
vn -0.6202 -0.7642 -0.1771
vn -0.4889 -0.6452 0.5870
vn -0.4657 -0.6651 0.5837
vn -0.8571 -0.2768 0.4344
vn -0.8258 -0.4935 0.2729
vn -0.8257 -0.4928 0.2745
vn -0.8257 -0.4921 0.2757
vn -0.8256 -0.4921 0.2760
vn -0.7235 0.0882 0.6847
vn 0.2411 -0.0072 -0.9705
vn 0.2912 0.3098 -0.9051
vn -0.0081 0.2268 -0.9739
vn 0.2652 0.9520 -0.1526
vn 0.0091 0.6082 -0.7937
vn -0.0729 0.5229 -0.8492
vn 0.5472 0.7531 0.3654
vn 0.5656 0.8235 -0.0440
vn 0.4175 0.7947 -0.4407
vn 0.3591 0.8314 -0.4242
vn 0.1020 0.6353 -0.7655
vn 0.0568 0.6064 -0.7931
vn 0.5574 0.7221 0.4098
vn 0.5383 0.8425 -0.0233
vn 0.5340 0.8454 0.0114
vn 0.2834 0.6974 -0.6583
vn 0.3256 0.6688 -0.6684
vn 0.0621 0.5447 0.8363
vn -0.6847 0.7148 0.1424
vn -0.5621 0.7605 0.3250
vn -0.8782 0.4771 0.0338
vn -0.8177 0.2043 0.5382
vn -0.2574 0.5261 -0.8105
vn -0.2003 0.5338 -0.8215
vn -0.1976 0.5707 -0.7971
vn -0.1523 0.5796 -0.8005
vn -0.1493 0.5922 -0.7918
vn -0.1653 0.9803 -0.1079
vn -0.1669 0.9794 -0.1139
vn 0.9568 -0.2906 -0.0092
vn -0.9447 -0.2863 0.1599
vn 0.8562 -0.1473 0.4952
vn 0.9291 0.2219 0.2959
vn 0.9032 -0.1222 0.4115
vn 0.8051 -0.1880 0.5625
vn 0.8690 0.1526 0.4707
vn 0.8276 0.2091 0.5210
vn 0.8277 0.2240 0.5146
vn 0.6922 0.4461 0.5673
vn 0.1617 0.4577 0.8743
vn -0.1601 0.1925 0.9681
vn -0.7398 -0.2149 0.6376
vn -0.7754 0.0158 0.6312
vn -0.5955 0.0743 0.7999
vn -0.0618 -0.0803 0.9949
vn 0.0108 -0.0387 0.9992
vn 0.0172 -0.0618 0.9979
vn 0.1618 -0.1286 0.9784
vn 0.0963 0.2291 0.9686
vn -0.1843 0.3339 0.9244
vn -0.6497 0.2639 0.7129
vn -0.7801 0.1201 0.6140
vn -0.7638 -0.0941 0.6386
vn -0.5969 0.0282 0.8018
vn -0.9829 -0.0024 0.1841
vn -0.9809 -0.0362 0.1910
vn -0.9917 -0.0147 0.1274
vn -0.9832 0.1500 0.1037
vn -0.9912 0.1293 0.0278
vn -0.9976 0.0645 0.0244
vn -0.9756 0.2189 -0.0165
vn -0.7244 -0.0666 0.6862
vn -0.7848 -0.1500 0.6014
vn -0.0834 -0.3773 0.9223
vn -0.0319 -0.2521 0.9672
vn 0.8616 0.0228 0.5071
vn 0.7854 -0.2099 0.5824
vn 0.8197 0.0169 0.5726
vn 0.4855 -0.8275 -0.2819
vn 0.6840 -0.6436 0.3433
vn -0.2034 -0.6237 0.7547
vn -0.0398 -0.8583 0.5117
vn -0.6344 -0.6997 0.3287
vn -0.6306 -0.6941 0.3473
vn -0.8489 -0.5171 -0.1094
vn -0.6878 -0.6840 -0.2430
vn -0.2891 0.6200 0.7294
vn 0.4931 0.6741 0.5499
vn 0.3878 0.7744 0.4999
vn -0.5866 0.0578 0.8078
vn 0.2622 0.5301 0.8064
vn -0.3656 0.4284 0.8264
vn -0.3735 0.5528 0.7449
vn -0.8546 0.1541 0.4959
vn -0.6382 0.7691 0.0342
vn -0.8965 0.1943 -0.3981
vn -0.9434 0.3114 -0.1138
vn -0.5567 -0.2637 0.7877
vn -0.6153 0.3993 0.6797
vn 0.2747 0.2014 0.9402
vn -0.5438 -0.7470 0.3825
vn -0.8361 -0.4480 0.3167
vn -0.7478 -0.4205 0.5137
vn -0.8976 -0.1891 0.3983
vn -0.8764 -0.4745 0.0823
vn -0.4807 -0.8616 -0.1631
vn -0.7295 -0.6068 0.3156
vn -0.7309 -0.6043 0.3171
vn -0.5124 -0.8480 0.1353
vn -0.8168 -0.3855 0.4292
vn -0.8361 0.4784 0.2683
vn -0.8324 0.5343 0.1471
vn -0.6767 0.6582 0.3299
vn -0.7636 -0.5948 0.2513
vn -0.6994 -0.7147 0.0089
vn -0.8364 -0.5446 0.0625
vn -0.9245 -0.3213 -0.2053
vn -0.3826 0.6750 0.6308
vn -0.3990 0.6271 0.6690
vn -0.3911 0.7104 0.5852
vn -0.1633 0.5207 0.8380
vn -0.4800 0.8761 0.0449
vn -0.0772 0.8475 0.5251
vn -0.5927 0.7771 0.2118
vn 0.4542 0.1126 0.8837
vn 0.0129 -0.8240 -0.5664
vn -0.0911 -0.8858 -0.4551
vn 0.4090 -0.8060 -0.4279
vn 0.6709 -0.5435 -0.5044
vn 0.5641 -0.0482 -0.8243
vn 0.5943 -0.0117 -0.8042
vn 0.1003 -0.0198 -0.9948
vn 0.1068 -0.2666 -0.9579
vn 0.5659 -0.2529 -0.7847
vn 0.5991 -0.2254 -0.7683
vn -0.4137 -0.6091 -0.6767
vn -0.3750 -0.3479 -0.8593
vn 0.4498 -0.6665 -0.5946
vn 0.4904 -0.6212 -0.6113
vn 0.6101 0.4347 -0.6624
vn 0.5812 0.4872 -0.6518
vn 0.6030 0.4128 -0.6827
vn 0.5203 0.3144 -0.7940
vn -0.2642 0.4472 -0.8545
vn -0.1429 0.6166 -0.7742
vn -0.1769 0.4380 -0.8814
vn -0.1294 0.4674 -0.8745
vn -0.3454 -0.8864 -0.3082
vn -0.3125 -0.8612 -0.4009
vn -0.3511 -0.9334 -0.0748
vn -0.3781 -0.9243 -0.0523
vn -0.4210 -0.9016 -0.0990
vn -0.3121 -0.9385 -0.1475
vn -0.3065 -0.9414 -0.1408
vn -0.2887 -0.9447 -0.1556
vn 0.0837 0.9380 0.3364
vn -0.0405 0.9141 0.4036
vn -0.5821 0.6691 0.4620
vn -0.3674 0.6017 0.7092
vn -0.1053 0.7655 0.6348
vn -0.1310 0.7879 0.6018
vn 0.2834 -0.6939 0.6620
vn -0.1815 -0.8989 0.3988
vn -0.1789 -0.8942 0.4105
vn -0.5077 -0.8264 0.2433
vn -0.6055 -0.7470 0.2745
vn -0.8408 -0.5377 0.0626
vn -0.8761 -0.4777 0.0645
vn -0.9569 -0.2218 -0.1876
vn -0.3997 0.7604 0.5118
vn -0.4169 0.7604 0.4980
vn 0.2718 0.9000 0.3407
vn 0.1768 0.9404 0.2903
vn 0.3151 0.8491 0.4241
vn 0.2736 0.8302 0.4857
vn 0.3482 0.6992 0.6244
vn 0.3454 0.7001 0.6250
vn 0.3447 0.6998 0.6256
vn 0.3450 0.6976 0.6280
vn 0.1336 0.8484 0.5123
vn 0.2725 0.8458 0.4587
vn 0.9257 -0.3159 -0.2082
vn 0.8210 -0.5672 0.0649
vn 0.7819 -0.6205 0.0594
vn 0.4871 -0.8210 0.2979
vn 0.4304 -0.8578 0.2811
vn -0.0499 -0.8431 0.5354
vn -0.0570 -0.8117 0.5813
vn -0.3485 -0.5844 0.7328
vn -0.6244 0.7224 0.2972
vn -0.2332 0.8571 -0.4592
vn -0.7435 0.5122 0.4300
vn -0.6800 0.4288 0.5947
vn -0.4512 0.5524 0.7009
vn -0.1707 0.2238 0.9596
vn -0.2122 0.2201 0.9521
vn -0.1202 -0.5054 0.8545
vn -0.0651 -0.4092 0.9101
vn -0.5875 -0.5254 0.6154
vn -0.5732 -0.5609 0.5973
vn -0.7989 -0.4458 0.4037
vn -0.8447 -0.3248 0.4255
vn -0.9255 -0.3405 0.1658
vn -0.9806 -0.1585 0.1149
vn -0.8506 -0.1026 -0.5157
vn 0.9972 -0.0751 0.0020
vn 0.7119 -0.0669 -0.6991
vn 0.9590 0.1155 0.2589
vn 0.7836 0.0460 0.6196
vn 0.7968 0.0309 0.6035
vn 0.5122 -0.3843 0.7681
vn 0.4854 -0.5164 0.7055
vn 0.0651 -0.4091 0.9102
vn 0.1203 -0.5055 0.8544
vn 0.2124 0.2224 0.9515
vn 0.1693 0.2257 0.9594
vn 0.3641 0.4589 0.8104
vn 0.6240 0.3652 0.6908
vn 0.7715 0.5603 0.3015
vn 0.6577 0.5976 0.4586
vn 0.3520 0.8893 -0.2921
vn 0.3441 -0.9329 -0.1064
vn 0.3065 -0.9507 -0.0478
vn 0.2697 -0.9581 -0.0961
vn 0.3390 -0.9235 -0.1797
vn 0.1047 -0.8539 -0.5098
vn 0.1642 -0.8196 -0.5489
vn 0.2992 -0.8319 -0.4674
vn 0.2389 -0.6921 -0.6811
vn 0.6747 -0.1190 0.7284
vn -0.2573 -0.1516 0.9544
vn 0.6532 -0.2633 0.7099
vn 0.5778 -0.1942 0.7928
vn 0.5205 -0.4899 0.6994
vn 0.8014 -0.5572 0.2175
vn 0.7189 -0.6278 0.2986
vn 0.8377 -0.0697 0.5416
vn -0.1642 -0.0640 0.9843
vn -0.1590 -0.1136 0.9807
vn -0.1893 -0.1787 0.9655
vn -0.0236 -0.3376 0.9410
vn 0.0706 -0.2501 0.9656
vn 0.1038 -0.3236 0.9405
vn 0.1069 -0.3233 0.9402
vn 0.1007 -0.3239 0.9407
vn 0.1071 -0.3233 0.9402
vn 0.0977 -0.3009 0.9486
vn 0.3812 0.2165 0.8988
vn 0.3377 0.4134 0.8456
vn 0.1645 0.3421 0.9252
vn 0.1908 0.2473 0.9500
vn 0.0142 0.0833 0.9964
vn -0.1319 0.2256 0.9653
vn -0.2766 0.0574 0.9593
vn -0.2291 0.4469 0.8648
vn -0.4048 -0.5827 0.7047
vn 0.0968 -0.4785 0.8727
vn 0.2825 -0.1054 0.9535
vn 0.0530 -0.2996 0.9526
vn 0.3075 0.2036 0.9295
vn 0.2935 0.0588 0.9541
vn 0.1547 0.0136 0.9879
vn 0.1279 -0.1312 0.9831
vn -0.1307 -0.2029 0.9704
vn -0.1890 -0.6750 0.7132
vn -0.2940 -0.7312 0.6156
vn -0.2437 -0.8482 0.4703
vn -0.2152 -0.8356 0.5054
vn -0.0667 -0.8610 0.5041
vn 0.3256 0.3668 0.8715
vn 0.3851 0.3447 0.8561
vn 0.0602 -0.2056 0.9768
vn 0.2311 -0.1878 0.9546
vn 0.2273 -0.1936 0.9544
vn 0.2430 -0.1945 0.9503
vn 0.2454 -0.1758 0.9534
vn 0.1360 -0.1742 0.9753
vn 0.1368 -0.1831 0.9735
vn 0.1363 -0.1774 0.9747
vn 0.1371 -0.1864 0.9729
vn 0.0777 -0.1845 0.9797
vn 0.0772 -0.1826 0.9802
vn 0.0775 -0.1839 0.9799
vn 0.0770 -0.1819 0.9803
vn 0.0476 -0.1833 0.9819
vn -0.0705 -0.8693 0.4892
vn 0.0487 -0.8711 0.4886
vn 0.0488 -0.8672 0.4956
vn 0.0487 -0.8697 0.4911
vn 0.0488 -0.8657 0.4981
vn 0.1502 -0.8530 0.4999
vn 0.1493 -0.8498 0.5055
vn 0.1499 -0.8518 0.5019
vn 0.1489 -0.8486 0.5076
vn 0.2612 -0.8211 0.5075
vn 0.2520 -0.8054 0.5366
vn 0.3677 -0.7530 0.5457
vn 0.3491 -0.7360 0.5801
vn 0.4448 -0.6708 0.5934
vn 0.3975 -0.6467 0.6509
vn -0.1005 -0.2163 0.9711
vn -0.0731 -0.2408 0.9678
vn -0.5464 0.3294 0.7700
vn -0.0163 -0.1872 0.9822
vn -0.0220 -0.1794 0.9835
vn -0.0185 -0.1843 0.9827
vn -0.0242 -0.1765 0.9840
vn 0.0406 -0.1678 0.9850
vn -0.1833 0.5189 0.8350
vn -0.1819 0.5158 0.8372
vn -0.1811 0.5140 0.8384
vn -0.1841 0.5206 0.8337
vn -0.3738 0.4641 0.8031
vn -0.3473 0.4204 0.8382
vn -0.5931 0.3918 0.7034
vn -0.7212 0.3371 0.6052
vn -0.6536 0.2256 0.7225
vn -0.0942 -0.2968 0.9503
vn -0.1730 -0.3460 0.9222
vn -0.1194 -0.3697 0.9214
vn 0.0341 -0.3078 0.9508
vn 0.4133 -0.3761 0.8293
vn 0.3758 -0.5567 0.7409
vn 0.4112 -0.5626 0.7172
vn 0.6430 -0.5916 0.4863
vn 0.6544 -0.5938 0.4682
vn 0.7912 -0.3893 0.4716
vn 0.8859 -0.3767 0.2707
vn 0.7100 -0.6211 0.3320
vn -0.8792 0.2545 0.4028
vn -0.9018 0.4315 -0.0247
vn -0.9624 0.2602 -0.0785
vn -0.5647 -0.6029 0.5636
vn -0.4418 -0.7131 0.5444
vn -0.4168 -0.4703 0.7778
vn -0.2873 -0.4442 0.8486
vn -0.0844 -0.1520 0.9848
vn 0.4568 0.4377 0.7744
vn 0.3216 0.0436 0.9459
vn 0.2365 0.2878 0.9280
vn 0.1334 0.0079 0.9910
vn 0.1322 0.0084 0.9912
vn -0.0469 -0.5263 0.8490
vn -0.3536 -0.1803 0.9179
vn -0.7579 -0.5540 0.3445
vn -0.8013 -0.4306 0.4154
vn -0.6855 -0.4384 0.5813
vn 0.8287 0.3812 -0.4098
vn 0.6411 -0.1220 -0.7577
vn 0.6440 -0.1228 -0.7551
vn 0.3877 0.1679 -0.9064
vn 0.2646 0.0465 -0.9632
vn 0.3263 -0.3117 -0.8924
vn 0.3301 -0.2984 -0.8955
vn -0.3571 -0.6731 -0.6476
vn -0.3169 -0.7979 -0.5127
vn 0.0280 -0.4391 -0.8980
vn 0.0742 -0.5381 -0.8396
vn 0.2980 -0.3268 -0.8969
vn 0.3060 -0.2805 -0.9098
vn 0.4578 -0.1770 -0.8712
vn 0.4575 -0.1937 -0.8678
vn 0.7159 -0.0440 -0.6969
vn 0.7535 -0.3838 -0.5338
vn -0.1513 -0.0279 -0.9881
vn -0.1847 0.8592 -0.4771
vn -0.1180 0.8227 -0.5561
vn 0.2414 0.9371 -0.2520
vn 0.1168 0.7638 -0.6348
vn 0.1146 0.7642 -0.6347
vn 0.1148 0.7644 -0.6345
vn 0.1820 0.1467 -0.9723
vn 0.1450 -0.0253 -0.9891
vn 0.3050 0.1824 -0.9347
vn 0.3441 0.1759 -0.9223
vn 0.1916 0.4810 -0.8555
vn 0.1763 0.4645 -0.8678
vn 0.2082 0.3905 -0.8968
vn 0.6864 -0.1606 -0.7092
vn 0.8748 -0.2871 -0.3902
vn 0.2700 0.5271 -0.8058
vn 0.1171 0.7636 -0.6349
vn 0.0407 0.5461 -0.8367
vn 0.1985 0.3224 -0.9255
vn 0.2826 0.3538 -0.8916
vn 0.4033 0.2693 -0.8745
vn 0.3928 0.2874 -0.8735
vn 0.3685 0.4602 -0.8077
vn 0.4606 0.4954 -0.7365
vn 0.4508 0.2889 -0.8446
vn 0.3866 0.2732 -0.8808
vn 0.3635 0.2949 -0.8837
vn 0.3755 0.2192 -0.9005
vn 0.2952 0.2836 -0.9124
vn 0.3046 0.7229 -0.6202
vn 0.3409 0.6131 -0.7127
vn 0.5081 0.7286 -0.4593
vn 0.4206 0.8542 -0.3057
vn 0.4915 0.7376 0.4630
vn 0.5581 0.8291 0.0349
vn 0.5481 0.8364 -0.0008
vn 0.5855 0.7335 -0.3452
vn 0.3034 0.6599 -0.6874
vn 0.2832 0.6781 -0.6782
vn 0.3148 0.9435 -0.1037
vn 0.3849 0.9228 -0.0182
vn 0.4463 0.8527 0.2716
vn 0.2051 0.9773 0.0523
vn 0.2383 0.9712 -0.0087
vn -0.0409 0.9659 -0.2558
vn -0.1440 0.9827 -0.1163
vn -0.2996 0.9118 -0.2807
vn -0.2781 0.9163 -0.2882
vn -0.1988 0.8459 -0.4949
vn -0.4032 0.7117 -0.5752
vn 0.0255 0.7025 -0.7112
vn 0.4563 0.3643 -0.8118
vn 0.8625 0.3504 -0.3652
vn -0.1700 0.0173 -0.9853
vn 0.1216 0.2938 -0.9481
vn 0.4890 0.4119 0.7689
vn 0.7597 -0.6014 0.2474
vn 0.9108 -0.3449 0.2268
vn 0.3402 0.6929 0.6357
vn 0.5099 -0.6609 0.5507
vn 0.6722 -0.6728 0.3090
vn 0.2617 0.6620 0.7024
vn 0.0631 0.7400 0.6697
vn -0.1894 0.6685 0.7192
vn -0.4692 0.3651 0.8041
vn -0.5892 0.3870 0.7093
vn -0.3048 0.5414 0.7836
vn -0.7687 -0.2164 0.6018
vn -0.8261 -0.2305 0.5142
vn -0.3009 -0.6462 0.7014
vn -0.2466 -0.6786 0.6918
vn -0.4391 -0.6748 0.5932
vn -0.5690 -0.0356 -0.8215
vn 0.0265 -0.0204 -0.9994
vn 0.0507 0.0525 -0.9973
vn 0.4379 0.0503 -0.8976
vn 0.4367 0.0491 -0.8982
vn 0.4305 0.0424 -0.9016
vn 0.4295 0.0414 -0.9021
vn 0.1797 0.3335 -0.9255
vn 0.1389 0.2698 -0.9528
vn 0.2716 0.0687 -0.9600
vn 0.3520 0.1520 -0.9236
vn 0.3849 0.1343 -0.9131
vn 0.4228 0.1777 -0.8886
vn 0.4168 0.2033 -0.8860
vn 0.4980 0.3098 -0.8099
vn 0.3301 0.6844 -0.6500
vn 0.2748 0.6210 -0.7341
vn 0.5473 0.7579 0.3550
vn 0.5721 0.7393 0.3552
vn 0.5078 0.7655 0.3952
vn 0.4818 0.8476 0.2223
vn 0.4559 0.8541 0.2504
vn -0.0080 0.9930 -0.1177
vn -0.0072 0.9920 -0.1261
vn -0.1182 0.5958 -0.7944
vn -0.1129 0.5753 -0.8101
vn -0.0905 0.5779 -0.8111
vn -0.1345 0.5162 -0.8459
vn 0.1972 0.9711 -0.1341
vn 0.1877 0.9708 -0.1492
vn 0.7744 0.6225 -0.1128
vn 0.7551 0.5809 -0.3040
vn 0.6836 0.6837 -0.2553
vn 0.4272 0.6016 -0.6750
vn 0.4223 0.5840 -0.6933
vn 0.3692 0.6368 -0.6769
vn 0.4500 0.6347 -0.6282
vn 0.7142 0.6680 -0.2091
vn 0.7150 0.6670 -0.2096
vn 0.8382 -0.0331 -0.5444
vn 0.6713 0.2575 -0.6950
vn 0.9676 -0.0283 -0.2507
vn 0.9114 0.2453 -0.3303
vn 0.7210 0.3432 -0.6019
vn 0.6432 0.3237 -0.6939
vn 0.6055 0.5005 -0.6188
vn 0.4766 0.5469 -0.6883
vn 0.7339 0.5940 -0.3294
vn 0.8796 0.2868 -0.3797
vn 0.8201 0.5689 0.0621
vn 0.7486 0.6560 -0.0962
vn 0.5861 0.6800 -0.4405
vn 0.3801 0.7032 -0.6008
vn 0.1987 0.6139 -0.7640
vn 0.0220 0.7463 -0.6652
vn 0.0659 0.7814 -0.6206
vn 0.2137 0.9387 -0.2706
vn 0.4564 0.8847 0.0951
vn 0.4561 0.8849 0.0948
vn 0.4551 0.8858 0.0911
vn 0.4553 0.8857 0.0907
vn 0.4521 0.8810 0.1394
vn 0.4753 0.4661 0.7462
vn -0.0639 0.7968 -0.6009
vn -0.0829 0.7930 -0.6036
vn -0.0675 0.8165 -0.5733
vn 0.1817 0.9056 -0.3831
vn 0.2736 0.9368 0.2182
vn 0.3385 0.8970 0.2844
vn 0.3770 0.9238 0.0670
vn 0.5784 0.7112 0.3995
vn 0.3866 0.5192 0.7622
vn 0.4108 0.3748 0.8311
vn -0.1795 0.4091 -0.8947
vn -0.1983 0.4456 -0.8730
vn 0.0859 0.7616 -0.6423
vn 0.1081 0.7148 -0.6909
vn 0.3872 0.8744 -0.2924
vn 0.4377 0.8235 -0.3609
vn 0.5257 0.7751 0.3505
vn 0.7100 0.6774 0.1925
vn 0.5007 0.6327 0.5907
vn 0.7671 0.4834 0.4219
vn 0.5289 0.2975 0.7949
vn 0.5767 0.1327 0.8061
vn 0.4331 0.5282 0.7304
vn 0.4623 0.4881 0.7403
vn 0.3594 0.4687 0.8069
vn 0.3578 0.4869 0.7968
vn 0.1308 0.5184 0.8451
vn 0.1288 0.5279 0.8395
vn -0.6689 0.7383 -0.0866
vn -0.5006 0.8628 -0.0700
vn -0.5432 0.6254 -0.5602
vn -0.5356 0.6306 -0.5617
vn -0.2483 0.4424 -0.8617
vn -0.1768 0.4485 -0.8761
vn -0.4913 0.8651 -0.1012
vn -0.3181 0.9432 -0.0962
vn -0.3190 0.9423 -0.1014
vn -0.3184 0.9429 -0.0979
vn -0.3193 0.9420 -0.1031
vn -0.7755 0.3347 -0.5353
vn -0.7243 0.4074 -0.5563
vn -0.6969 0.5368 -0.4756
vn -0.5856 0.5592 -0.5868
vn -0.3063 0.7642 0.5675
vn -0.4912 0.8645 0.1061
vn -0.8452 0.2973 -0.4441
vn 0.8501 0.1708 -0.4982
vn 0.8963 -0.0370 -0.4420
vn 0.3563 0.8756 0.3262
vn 0.0505 0.9568 0.2865
vn 0.0382 0.9598 0.2780
vn 0.0031 0.9811 0.1932
vn -0.1913 0.9692 0.1551
vn -0.3365 0.9416 0.0144
vn -0.3831 0.1565 -0.9104
vn -0.7342 0.1240 -0.6675
vn 0.3499 0.3008 -0.8872
vn 0.0917 0.0870 -0.9920
vn -0.2803 0.0631 -0.9578
vn 0.2589 -0.1102 0.9596
vn -0.2932 -0.0796 0.9527
vn -0.0777 -0.0757 0.9941
vn -0.2940 -0.0966 0.9509
vn 0.4399 -0.6571 0.6121
vn 0.6209 -0.4535 0.6394
vn 0.6210 -0.4535 0.6393
vn 0.6211 -0.4536 0.6391
vn 0.0399 -0.3099 0.9499
vn 0.4925 -0.7078 0.5064
vn 0.4741 -0.6903 0.5465
vn 0.4767 -0.6917 0.5426
vn 0.5162 -0.6430 0.5658
vn -0.4046 0.3184 0.8573
vn -0.3313 0.1575 0.9303
vn 0.3654 -0.7349 0.5714
vn 0.4159 -0.8011 0.4304
vn 0.5180 -0.7189 0.4634
vn -0.2201 -0.1483 0.9641
vn -0.4091 0.0999 0.9070
vn -0.2352 0.3833 0.8932
vn -0.2193 0.5363 0.8150
vn 0.0509 -0.9542 0.2947
vn 0.2428 -0.9069 0.3442
vn 0.1728 -0.8607 0.4789
vn -0.3220 0.3553 0.8775
vn -0.3361 0.4756 0.8129
vn -0.4228 -0.2542 0.8698
vn -0.4263 -0.1159 0.8971
vn -0.3679 -0.1748 0.9133
vn -0.3581 -0.2591 0.8970
vn 0.0901 -0.9010 0.4243
vn -0.0720 -0.8887 0.4527
vn 0.4871 -0.8140 -0.3164
vn 0.2415 -0.7982 0.5519
vn 0.0020 -0.5956 0.8033
vn 0.0210 -0.6235 0.7815
vn -0.0132 -0.6764 0.7365
vn -0.3522 -0.2026 0.9137
vn -0.2743 -0.1306 0.9527
vn 0.9469 -0.3033 0.1069
vn 0.7916 -0.5612 -0.2418
vn -0.8259 0.5537 -0.1061
vn -0.9242 0.3807 -0.0294
vn -0.9178 0.3183 -0.2373
vn -0.9017 0.3433 -0.2629
vn -0.2226 -0.9553 0.1947
vn -0.2765 -0.8753 0.3968
vn -0.2515 -0.8785 0.4063
vn -0.2434 -0.8895 0.3867
vn -0.1905 -0.8902 0.4138
vn 0.4245 -0.2527 0.8694
vn 0.2939 -0.1545 0.9433
vn 0.2931 -0.1555 0.9433
vn 0.7841 0.3055 0.5403
vn 0.7844 0.3071 0.5389
vn 0.7842 0.3059 0.5399
vn 0.7845 0.3076 0.5385
vn 0.9231 0.0808 0.3761
vn 0.5076 -0.1850 0.8415
vn 0.6072 -0.3112 0.7311
vn 0.4735 -0.3741 0.7974
vn 0.9052 -0.2885 0.3122
vn 0.8975 0.0133 0.4408
vn -0.4601 -0.4187 0.7829
vn -0.5706 -0.4548 0.6838
vn -0.4804 -0.5647 0.6711
vn -0.5234 -0.6101 0.5948
vn -0.6342 -0.6308 0.4472
vn -0.6073 -0.6376 0.4739
vn -0.6922 -0.4264 0.5823
vn -0.8068 -0.2954 0.5117
vn -0.6253 -0.2509 0.7389
vn -0.6321 -0.2781 0.7233
vn -0.5271 -0.3480 0.7753
vn -0.5560 -0.2578 0.7902
vn -0.4803 -0.3013 0.8237
vn -0.3996 -0.4236 0.8129
vn 0.9949 -0.0928 0.0391
vn 0.8770 -0.4803 0.0107
vn 0.8711 -0.4840 0.0838
vn 0.7590 -0.6494 0.0465
vn 0.7538 -0.6427 0.1366
vn 0.5730 -0.8142 0.0939
vn 0.5258 -0.8358 0.1580
vn 0.2861 -0.9580 0.0214
vn 0.3103 -0.9506 0.0056
vn 0.0547 -0.9700 -0.2367
vn 0.0260 -0.9810 -0.1923
vn -0.3200 -0.8270 -0.4622
vn -0.3729 -0.8716 -0.3182
vn 0.2841 -0.9573 0.0538
vn 0.3017 -0.9466 0.1137
vn 0.1989 -0.8238 0.5309
vn -0.1183 -0.8405 0.5287
vn -0.0470 -0.9224 0.3833
vn 0.0021 -0.8931 0.4499
vn 0.1302 -0.9815 0.1407
vn 0.1658 -0.9504 0.2630
vn 0.4309 -0.7228 0.5402
vn 0.5891 -0.6488 0.4816
vn 0.4142 -0.6571 0.6298
vn 0.5056 -0.5545 0.6610
vn 0.4691 -0.5598 0.6830
vn 0.0549 -0.4566 0.8880
vn -0.7578 -0.1934 0.6232
vn -0.6089 -0.3985 0.6859
vn -0.7107 -0.5652 0.4189
vn 0.1061 -0.4956 0.8620
vn 0.0266 -0.4779 0.8780
vn 0.0540 -0.4765 0.8775
vn -0.2822 -0.7911 0.5426
vn -0.2767 -0.8008 0.5312
vn 0.0259 -0.9957 0.0888
vn -0.3252 -0.7934 0.5145
vn -0.5996 -0.3641 0.7127
vn -0.7023 -0.1316 0.6996
vn 0.3355 0.9398 -0.0652
vn 0.1004 0.9846 -0.1434
vn 0.1260 0.9682 -0.2162
vn -0.0002 0.9636 -0.2674
vn -0.0151 0.9448 -0.3272
vn -0.1285 0.9255 -0.3563
vn -0.1246 0.9235 -0.3628
vn -0.2906 0.8646 -0.4100
vn -0.2879 0.9005 -0.3259
vn -0.4180 0.7755 -0.4732
vn -0.5923 0.7501 -0.2940
vn 0.0504 0.4244 -0.9041
vn 0.0200 0.4119 -0.9110
vn 0.0218 0.4214 -0.9066
vn 0.0204 0.4137 -0.9102
vn 0.0221 0.4233 -0.9057
vn -0.0167 0.4024 -0.9153
vn -0.0170 0.3938 -0.9191
vn -0.0167 0.4005 -0.9162
vn -0.0171 0.3919 -0.9199
vn -0.0623 0.3727 -0.9259
vn -0.0222 0.1212 -0.9924
vn 0.1565 0.1554 -0.9754
vn -0.6081 0.7070 -0.3610
vn -0.5848 0.7127 -0.3875
vn -0.6090 0.5807 -0.5403
vn 0.0524 0.2028 -0.9778
vn 0.0226 0.1307 -0.9912
vn -0.4661 0.3576 -0.8092
usemtl texturefile_500
s 1
f 385/385/510 386/386/510 387/387/510
f 388/388/511 387/387/511 386/386/511
f 389/389/512 390/390/512 391/391/512
f 392/392/513 391/391/513 390/390/513
f 389/389/514 393/393/514 394/394/514
f 395/395/515 394/394/515 393/393/515
f 394/394/516 395/395/516 396/396/516
f 397/397/517 396/396/517 395/395/517
f 398/398/518 399/399/518 400/400/518
f 401/401/519 400/400/519 399/399/519
f 395/395/520 400/400/520 401/401/520
f 402/402/521 400/400/521 395/395/521
f 400/400/522 402/402/522 398/398/522
f 403/403/523 398/398/523 402/402/523
f 398/398/524 403/403/524 404/404/524
f 405/405/525 404/404/525 403/403/525
f 404/404/526 405/405/526 406/406/526
f 407/407/527 406/406/527 405/405/527
f 408/408/528 406/406/528 407/407/528
f 409/409/529 406/406/529 408/408/529
f 406/406/530 409/409/530 410/410/530
f 411/411/531 410/410/531 409/409/531
f 398/398/532 404/404/532 399/399/532
f 412/412/533 399/399/533 404/404/533
f 399/399/534 412/412/534 413/413/534
f 414/414/535 413/413/535 412/412/535
f 413/413/536 414/414/536 415/415/536
f 415/415/537 414/414/537 416/416/537
f 416/416/538 414/414/538 417/417/538
f 417/417/539 414/414/539 410/410/539
f 410/410/540 414/414/540 406/406/540
f 406/406/541 414/414/541 404/404/541
f 412/412/542 404/404/542 414/414/542
f 418/418/543 416/416/543 419/419/543
f 417/417/544 419/419/544 416/416/544
f 419/419/545 417/417/545 420/420/545
f 410/410/546 420/420/546 417/417/546
f 420/420/547 410/410/548 421/421/549
f 411/411/550 421/421/549 410/410/548
f 421/421/551 411/411/551 422/422/551
f 423/423/552 424/424/552 425/425/552
f 424/424/553 423/423/553 426/426/553
f 426/426/554 423/423/554 427/427/554
f 428/428/555 427/427/555 423/423/555
f 415/415/556 427/427/556 428/428/556
f 429/429/557 427/427/557 415/415/557
f 430/430/558 427/427/558 429/429/558
f 431/431/559 427/427/559 430/430/559
f 427/427/560 431/431/561 426/426/562
f 432/432/563 426/426/562 431/431/561
f 426/426/564 432/432/564 424/424/564
f 433/433/565 424/424/565 432/432/565
f 424/424/566 433/433/566 425/425/566
f 434/434/567 425/425/567 433/433/567
f 435/435/568 434/434/568 436/436/568
f 437/437/569 436/436/569 434/434/569
f 436/436/570 437/437/571 438/438/572
f 438/438/572 437/437/571 439/439/573
f 439/439/574 437/437/575 440/440/575
f 440/440/575 437/437/575 441/441/576
f 434/434/577 441/441/577 437/437/577
f 442/442/578 443/443/578 444/444/578
f 445/445/579 444/444/579 443/443/579
f 444/444/580 445/445/580 439/439/580
f 439/439/573 445/445/581 438/438/572
f 438/438/582 445/445/582 446/446/582
f 443/443/583 446/446/584 445/445/585
f 447/447/586 446/446/584 443/443/583
f 446/446/587 447/447/587 448/448/587
f 449/449/588 448/448/588 447/447/588
f 448/448/589 449/449/589 450/450/589
f 451/451/590 450/450/590 449/449/590
f 450/450/591 451/451/591 452/452/591
f 453/453/592 452/452/592 451/451/592
f 454/454/593 452/452/593 453/453/593
f 443/443/594 442/442/594 455/455/594
f 456/456/595 455/455/595 442/442/595
f 457/457/596 455/455/597 456/456/598
f 458/458/599 455/455/597 457/457/596
f 459/459/600 455/455/600 458/458/600
f 447/447/601 455/455/601 459/459/601
f 455/455/602 447/447/602 443/443/602
f 460/460/603 447/447/603 459/459/603
f 447/447/604 460/460/604 449/449/604
f 461/461/605 449/449/605 460/460/605
f 449/449/606 461/461/606 451/451/606
f 451/451/607 461/461/607 462/462/607
f 462/462/608 461/461/608 463/463/608
f 463/463/609 461/461/609 464/464/609
f 460/460/610 464/464/611 461/461/612
f 465/465/613 464/464/611 460/460/610
f 466/466/614 463/463/614 467/467/614
f 464/464/615 467/467/615 463/463/615
f 465/465/616 467/467/616 464/464/616
f 467/467/617 465/465/617 468/468/617
f 469/469/618 468/468/618 465/465/618
f 468/468/619 469/469/619 470/470/619
f 471/471/620 453/453/620 472/472/620
f 451/451/621 472/472/621 453/453/621
f 462/462/622 472/472/622 451/451/622
f 472/472/623 462/462/623 471/471/623
f 473/473/624 474/474/624 475/475/624
f 476/476/625 475/475/625 474/474/625
f 477/477/626 475/475/626 476/476/626
f 475/475/627 477/477/627 478/478/627
f 479/479/628 478/478/628 477/477/628
f 471/471/629 478/478/629 479/479/629
f 478/478/630 471/471/630 480/480/630
f 481/481/631 482/482/631 483/483/631
f 484/484/632 485/485/632 486/486/632
f 486/486/633 485/485/633 487/487/633
f 488/488/634 487/487/635 485/485/636
f 487/487/635 488/488/634 489/489/637
f 490/490/638 489/489/638 488/488/638
f 491/491/639 489/489/639 490/490/639
f 492/492/640 489/489/640 491/491/640
f 483/483/641 489/489/641 492/492/641
f 489/489/642 483/483/642 487/487/642
f 482/482/643 487/487/643 483/483/643
f 487/487/644 482/482/644 486/486/644
f 486/486/645 482/482/645 493/493/645
f 493/493/646 482/482/646 494/494/646
f 481/481/647 494/494/647 482/482/647
f 484/484/648 486/486/649 495/495/650
f 493/493/651 495/495/650 486/486/649
f 495/495/652 493/493/652 496/496/652
f 494/494/653 496/496/653 493/493/653
f 496/496/654 494/494/654 497/497/654
f 498/498/655 490/490/655 499/499/655
f 488/488/656 499/499/656 490/490/656
f 485/485/657 499/499/657 488/488/657
f 499/499/658 485/485/658 500/500/658
f 500/500/659 485/485/660 501/501/661
f 484/484/662 501/501/661 485/485/660
f 502/502/663 501/501/663 484/484/663
f 501/501/664 502/502/664 503/503/664
f 503/503/665 502/502/665 504/504/665
f 505/505/666 504/504/666 502/502/666
f 506/506/667 504/504/667 505/505/667
f 507/507/668 484/484/668 495/495/668
f 484/484/669 507/507/669 502/502/669
f 502/502/670 507/507/670 508/508/670
f 509/509/671 508/508/671 507/507/671
f 510/510/672 508/508/672 509/509/672
f 508/508/673 510/510/674 511/511/675
f 512/512/676 511/511/676 510/510/676
f 511/511/677 512/512/677 513/513/677
f 514/514/678 513/513/678 512/512/678
f 513/513/679 514/514/680 515/515/681
f 515/515/681 514/514/680 516/516/682
f 517/517/683 516/516/683 514/514/683
f 516/516/684 517/517/684 518/518/684
f 519/519/685 518/518/685 517/517/685
f 518/518/686 520/520/686 516/516/686
f 516/516/687 520/520/688 515/515/689
f 521/521/690 515/515/689 520/520/688
f 515/515/691 521/521/691 513/513/691
f 522/522/692 523/523/692 524/524/692
f 525/525/693 526/526/693 527/527/693
f 528/528/694 527/527/694 526/526/694
f 529/529/695 527/527/695 528/528/695
f 523/523/696 527/527/696 529/529/696
f 522/522/697 527/527/697 523/523/697
f 527/527/698 522/522/698 525/525/698
f 525/525/699 530/530/699 526/526/699
f 530/530/700 525/525/700 531/531/700
f 531/531/701 525/525/701 532/532/701
f 532/532/702 525/525/703 533/533/704
f 522/522/705 533/533/704 525/525/703
f 533/533/706 522/522/706 534/534/706
f 534/534/707 522/522/707 535/535/707
f 524/524/708 535/535/708 522/522/708
f 536/536/709 535/535/709 524/524/709
f 535/535/710 536/536/710 537/537/710
f 537/537/711 536/536/711 538/538/711
f 538/538/712 536/536/712 539/539/712
f 539/539/713 536/536/713 540/540/713
f 541/541/714 540/540/714 536/536/714
f 529/529/715 542/542/715 543/543/715
f 543/543/716 542/542/716 541/541/716
f 541/541/717 542/542/717 540/540/717
f 544/544/718 540/540/718 542/542/718
f 545/545/719 540/540/719 544/544/719
f 540/540/720 545/545/720 539/539/720
f 539/539/721 545/545/721 538/538/721
f 546/546/722 538/538/722 545/545/722
f 547/547/723 548/548/724 549/549/725
f 550/550/726 551/551/726 552/552/726
f 553/553/727 552/552/727 551/551/727
f 552/552/728 553/553/728 554/554/728
f 555/555/729 554/554/729 553/553/729
f 554/554/730 555/555/730 549/549/730
f 556/556/731 549/549/731 555/555/731
f 549/549/732 556/556/732 547/547/732
f 557/557/733 547/547/734 556/556/735
f 558/558/736 547/547/734 557/557/733
f 547/547/737 558/558/737 548/548/737
f 559/559/738 548/548/738 558/558/738
f 548/548/739 559/559/739 560/560/739
f 561/561/740 560/560/740 559/559/740
f 560/560/741 561/561/741 562/562/741
f 548/548/724 563/563/742 549/549/725
f 563/563/743 548/548/743 564/564/743
f 560/560/744 564/564/744 548/548/744
f 564/564/745 560/560/745 565/565/745
f 562/562/746 565/565/746 560/560/746
f 565/565/747 562/562/747 566/566/747
f 567/567/748 566/566/749 562/562/750
f 566/566/751 567/567/751 568/568/751
f 568/568/752 567/567/752 569/569/752
f 569/569/753 567/567/753 570/570/753
f 570/570/754 567/567/754 571/571/754
f 571/571/755 567/567/755 572/572/755
f 562/562/750 572/572/756 567/567/748
f 561/561/757 572/572/757 562/562/757
f 565/565/758 566/566/758 573/573/758
f 568/568/759 573/573/759 566/566/759
f 574/574/760 573/573/760 568/568/760
f 575/575/761 573/573/761 574/574/761
f 573/573/762 575/575/762 576/576/762
f 577/577/763 576/576/763 575/575/763
f 570/570/764 571/571/764 578/578/764
f 579/579/765 578/578/765 571/571/765
f 580/580/766 578/578/766 579/579/766
f 578/578/767 580/580/767 581/581/767
f 582/582/768 580/580/768 583/583/768
f 579/579/769 583/583/769 580/580/769
f 583/583/770 579/579/770 584/584/770
f 581/581/771 585/585/771 586/586/771
f 582/582/772 586/586/772 585/585/772
f 586/586/773 582/582/773 587/587/773
f 588/588/774 589/589/774 590/590/774
f 591/591/775 590/590/775 589/589/775
f 590/590/776 591/591/776 592/592/776
f 593/593/777 590/590/777 594/594/777
f 595/595/778 594/594/778 590/590/778
f 596/596/779 594/594/779 595/595/779
f 594/594/780 596/596/780 597/597/780
f 593/593/781 594/594/781 598/598/781
f 597/597/782 598/598/782 594/594/782
f 598/598/783 597/597/783 599/599/783
f 600/600/784 599/599/784 597/597/784
f 601/601/785 599/599/785 600/600/785
f 599/599/786 601/601/786 602/602/786
f 603/603/787 602/602/787 601/601/787
f 602/602/788 603/603/788 604/604/788
f 604/604/789 603/603/789 605/605/789
f 606/606/790 605/605/790 603/603/790
f 605/605/791 606/606/791 607/607/791
f 607/607/792 606/606/792 608/608/792
f 609/609/793 608/608/793 606/606/793
f 610/610/794 608/608/794 609/609/794
f 601/601/795 532/532/795 603/603/795
f 533/533/796 603/603/796 532/532/796
f 534/534/797 603/603/797 533/533/797
f 603/603/798 534/534/798 606/606/798
f 609/609/799 606/606/799 534/534/799
f 611/611/800 612/612/800 613/613/800
f 614/614/801 613/613/801 612/612/801
f 505/505/802 502/502/802 615/615/802
f 615/615/803 502/502/803 616/616/803
f 508/508/804 616/616/804 502/502/804
f 511/511/675 616/616/805 508/508/673
f 617/617/806 616/616/806 511/511/806
f 614/614/807 616/616/807 617/617/807
f 616/616/808 614/614/808 615/615/808
f 612/612/809 615/615/809 614/614/809
f 615/615/810 612/612/810 618/618/810
f 611/611/811 618/618/811 612/612/811
f 618/618/812 611/611/812 619/619/812
f 619/619/813 611/611/813 620/620/813
f 620/620/814 611/611/814 621/621/814
f 613/613/815 621/621/815 611/611/815
f 620/620/816 622/622/816 623/623/816
f 624/624/817 623/623/817 622/622/817
f 623/623/818 624/624/819 625/625/820
f 626/626/821 625/625/820 624/624/819
f 549/549/822 563/563/822 554/554/822
f 552/552/823 554/554/823 563/563/823
f 627/627/824 628/628/824 629/629/824
f 630/630/825 629/629/825 628/628/825
f 631/631/826 629/629/826 630/630/826
f 629/629/827 631/631/827 632/632/827
f 633/633/828 634/634/828 627/627/828
f 635/635/829 627/627/829 634/634/829
f 627/627/830 635/635/830 628/628/830
f 636/636/831 628/628/831 635/635/831
f 637/637/832 628/628/832 636/636/832
f 628/628/833 637/637/833 630/630/833
f 638/638/834 630/630/834 637/637/834
f 630/630/835 638/638/835 639/639/835
f 640/640/836 641/641/837 642/642/838
f 643/643/839 642/642/838 641/641/837
f 644/644/840 642/642/840 643/643/840
f 642/642/841 644/644/841 645/645/841
f 646/646/842 640/640/842 647/647/842
f 642/642/843 647/647/843 640/640/843
f 647/647/844 642/642/845 648/648/846
f 648/648/846 642/642/845 649/649/847
f 645/645/848 649/649/848 642/642/848
f 649/649/849 645/645/849 650/650/849
f 651/651/850 650/650/850 645/645/850
f 650/650/851 651/651/851 652/652/851
f 653/653/852 652/652/852 651/651/852
f 648/648/853 649/649/853 654/654/853
f 650/650/854 654/654/854 649/649/854
f 654/654/855 650/650/855 655/655/855
f 652/652/856 655/655/856 650/650/856
f 655/655/857 652/652/857 656/656/857
f 653/653/858 656/656/858 652/652/858
f 656/656/859 653/653/859 657/657/859
f 654/654/860 658/658/861 648/648/862
f 659/659/863 648/648/862 658/658/861
f 648/648/864 659/659/864 647/647/864
f 660/660/865 647/647/865 659/659/865
f 647/647/866 660/660/866 646/646/866
f 661/661/867 646/646/867 660/660/867
f 662/662/868 646/646/868 661/661/868
f 663/663/869 646/646/869 662/662/869
f 646/646/870 663/663/870 640/640/870
f 664/664/871 640/640/871 663/663/871
f 640/640/872 664/664/872 641/641/872
f 665/665/873 641/641/873 664/664/873
f 641/641/874 665/665/874 666/666/874
f 667/667/875 666/666/875 665/665/875
f 644/644/876 643/643/876 668/668/876
f 669/669/877 668/668/877 643/643/877
f 668/668/878 669/669/878 670/670/878
f 670/670/879 669/669/879 671/671/879
f 672/672/880 671/671/880 669/669/880
f 671/671/881 672/672/881 673/673/881
f 673/673/882 672/672/882 674/674/882
f 669/669/883 674/674/883 672/672/883
f 674/674/884 669/669/884 666/666/884
f 666/666/885 669/669/885 641/641/885
f 643/643/886 641/641/886 669/669/886
f 675/675/887 676/676/887 677/677/887
f 678/678/888 677/677/888 676/676/888
f 677/677/889 678/678/889 679/679/889
f 679/679/890 678/678/890 680/680/890
f 680/680/891 678/678/891 681/681/891
f 682/682/892 681/681/892 678/678/892
f 681/681/893 682/682/893 498/498/893
f 683/683/894 684/684/895 685/685/896
f 686/686/897 685/685/896 684/684/895
f 685/685/898 686/686/898 687/687/898
f 687/687/899 686/686/899 688/688/899
f 688/688/900 686/686/900 689/689/900
f 689/689/901 686/686/901 690/690/901
f 684/684/895 690/690/902 686/686/897
f 691/691/903 457/457/903 692/692/903
f 692/692/904 457/457/904 693/693/904
f 694/694/905 693/693/905 457/457/905
f 693/693/906 694/694/907 695/695/908
f 695/695/908 694/694/907 689/689/909
f 689/689/910 694/694/910 688/688/910
f 688/688/911 694/694/911 456/456/911
f 457/457/912 456/456/912 694/694/912
f 696/696/913 697/697/913 698/698/913
f 699/699/914 698/698/914 697/697/914
f 698/698/915 699/699/915 700/700/915
f 700/700/916 699/699/916 701/701/916
f 701/701/917 699/699/917 702/702/917
f 702/702/918 699/699/918 703/703/918
f 697/697/919 703/703/919 699/699/919
f 703/703/920 697/697/920 704/704/920
f 705/705/921 706/706/921 707/707/921
f 698/698/922 707/707/922 706/706/922
f 700/700/923 707/707/923 698/698/923
f 707/707/924 700/700/924 708/708/924
f 701/701/925 708/708/925 700/700/925
f 708/708/926 701/701/926 709/709/926
f 710/710/927 709/709/928 701/701/929
f 711/711/930 709/709/928 710/710/927
f 709/709/931 711/711/931 712/712/931
f 713/713/932 712/712/932 711/711/932
f 714/714/933 712/712/934 713/713/935
f 715/715/936 712/712/934 714/714/933
f 708/708/937 712/712/937 715/715/937
f 712/712/938 708/708/938 709/709/938
f 716/716/939 717/717/939 718/718/939
f 719/719/940 720/720/940 721/721/940
f 722/722/941 723/723/941 724/724/941
f 719/719/942 724/724/942 723/723/942
f 725/725/943 726/726/943 727/727/943
f 725/725/944 728/728/944 729/729/944
f 730/730/945 729/729/945 728/728/945
f 729/729/946 730/730/946 731/731/946
f 731/731/947 730/730/947 732/732/947
f 732/732/948 730/730/948 733/733/948
f 733/733/949 730/730/949 734/734/949
f 728/728/950 734/734/950 730/730/950
f 735/735/951 736/736/951 737/737/951
f 738/738/952 739/739/952 740/740/952
f 741/741/953 740/740/953 739/739/953
f 740/740/954 741/741/954 742/742/954
f 743/743/955 742/742/955 741/741/955
f 744/744/956 742/742/956 743/743/956
f 735/735/957 742/742/957 744/744/957
f 737/737/958 742/742/958 735/735/958
f 742/742/959 737/737/959 740/740/959
f 745/745/960 746/746/960 747/747/960
f 748/748/961 747/747/961 746/746/961
f 749/749/962 750/750/962 751/751/962
f 752/752/963 751/751/963 750/750/963
f 753/753/964 754/754/964 755/755/964
f 756/756/965 755/755/965 754/754/965
f 757/757/966 758/758/966 759/759/966
f 760/760/967 759/759/967 758/758/967
f 761/761/968 762/762/968 763/763/968
f 764/764/969 763/763/969 762/762/969
f 762/762/970 765/765/970 766/766/970
f 766/766/971 765/765/971 767/767/971
f 768/768/972 767/767/972 765/765/972
f 767/767/973 768/768/973 769/769/973
f 770/770/974 771/771/974 772/772/974
f 773/773/975 772/772/975 771/771/975
f 774/774/976 775/775/976 776/776/976
f 777/777/977 776/776/977 775/775/977
f 778/778/978 779/779/978 780/780/978
f 781/781/979 780/780/979 779/779/979
f 782/782/980 783/783/980 779/779/980
f 779/779/981 783/783/981 781/781/981
f 784/784/982 781/781/982 783/783/982
f 781/781/983 784/784/983 785/785/983
f 786/786/984 785/785/984 784/784/984
f 785/785/985 786/786/985 787/787/985
f 788/788/986 789/789/987 790/790/988
f 791/791/989 790/790/989 789/789/989
f 792/792/990 790/790/990 791/791/990
f 784/784/991 790/790/991 792/792/991
f 790/790/988 784/784/992 788/788/986
f 793/793/993 794/794/994 795/795/995
f 796/796/996 795/795/995 794/794/994
f 797/797/997 795/795/997 798/798/997
f 796/796/998 798/798/998 795/795/998
f 798/798/999 796/796/999 799/799/999
f 800/800/1000 801/801/1000 802/802/1000
f 798/798/1001 802/802/1001 801/801/1001
f 799/799/1002 802/802/1002 798/798/1002
f 802/802/1003 799/799/1003 803/803/1003
f 804/804/1004 803/803/1004 799/799/1004
f 805/805/1005 806/806/1005 807/807/1005
f 808/808/1006 807/807/1006 806/806/1006
f 809/809/1007 810/810/1007 811/811/1007
f 812/812/1008 811/811/1008 810/810/1008
f 811/811/1009 812/812/1009 808/808/1009
f 808/808/1010 812/812/1010 807/807/1010
f 813/813/1011 807/807/1011 812/812/1011
f 814/814/1012 815/815/1012 816/816/1012
f 805/805/1013 816/816/1013 815/815/1013
f 816/816/1014 805/805/1014 817/817/1014
f 818/818/1015 819/819/1015 820/820/1015
f 821/821/1016 820/820/1016 819/819/1016
f 820/820/1017 821/821/1017 822/822/1017
f 823/823/1018 824/824/1018 825/825/1018
f 826/826/1019 825/825/1019 824/824/1019
f 827/827/1020 826/826/1020 828/828/1020
f 824/824/1021 828/828/1021 826/826/1021
f 828/828/1022 824/824/1022 829/829/1022
f 829/829/1023 824/824/1023 830/830/1023
f 823/823/1024 830/830/1024 824/824/1024
f 830/830/1025 823/823/1025 831/831/1025
f 832/832/1026 833/833/1026 834/834/1026
f 835/835/1027 834/834/1027 833/833/1027
f 836/836/1028 832/832/1028 837/837/1028
f 834/834/1029 837/837/1029 832/832/1029
f 837/837/1030 834/834/1030 838/838/1030
f 838/838/1031 834/834/1031 839/839/1031
f 835/835/1032 839/839/1032 834/834/1032
f 839/839/1033 835/835/1033 840/840/1033
f 840/840/1034 835/835/1034 841/841/1034
f 841/841/1035 835/835/1035 842/842/1035
f 833/833/1036 842/842/1036 835/835/1036
f 842/842/1037 833/833/1037 843/843/1037
f 844/844/1038 845/845/1038 846/846/1038
f 847/847/1039 846/846/1039 845/845/1039
f 846/846/1040 847/847/1040 848/848/1040
f 849/849/1041 846/846/1041 850/850/1041
f 848/848/1042 850/850/1042 846/846/1042
f 850/850/1043 848/848/1043 851/851/1043
f 852/852/1044 853/853/1044 854/854/1044
f 855/855/1045 854/854/1045 853/853/1045
f 856/856/1046 854/854/1046 855/855/1046
f 854/854/1047 856/856/1047 857/857/1047
f 858/858/1048 859/859/1049 860/860/1050
f 861/861/1051 860/860/1050 859/859/1049
f 860/860/1052 861/861/1052 862/862/1052
f 863/863/1053 862/862/1053 861/861/1053
f 864/864/1054 865/865/1054 866/866/1054
f 866/866/1055 865/865/1055 867/867/1055
f 868/868/1056 867/867/1056 865/865/1056
f 867/867/1057 868/868/1057 869/869/1057
f 870/870/1058 871/871/1058 872/872/1058
f 873/873/1059 872/872/1059 871/871/1059
f 874/874/1060 872/872/1060 873/873/1060
f 872/872/1061 874/874/1061 875/875/1061
f 876/876/1062 877/877/1062 878/878/1062
f 871/871/1063 878/878/1063 877/877/1063
f 878/878/1064 871/871/1064 879/879/1064
f 870/870/1065 879/879/1065 871/871/1065
f 879/879/1066 870/870/1066 880/880/1066
f 881/881/1067 882/882/1067 883/883/1067
f 884/884/1068 883/883/1068 882/882/1068
f 883/883/1069 884/884/1069 885/885/1069
f 886/886/1070 885/885/1070 884/884/1070
f 885/885/1071 886/886/1071 887/887/1071
f 888/888/1072 889/889/1072 890/890/1072
f 891/891/1073 890/890/1073 889/889/1073
f 890/890/1074 891/891/1074 892/892/1074
f 893/893/1075 892/892/1075 891/891/1075
f 892/892/1076 893/893/1076 894/894/1076
f 895/895/1077 896/896/1077 897/897/1077
f 898/898/1078 897/897/1078 896/896/1078
f 897/897/1079 898/898/1079 899/899/1079
f 899/899/1080 898/898/1080 900/900/1080
f 900/900/1081 898/898/1081 901/901/1081
f 901/901/1082 898/898/1082 902/902/1082
f 896/896/1083 902/902/1083 898/898/1083
f 902/902/1084 896/896/1084 778/778/1084
f 903/903/1085 904/904/1085 905/905/1085
f 906/906/1086 905/905/1086 904/904/1086
f 905/905/1087 906/906/1087 907/907/1087
f 908/908/1088 907/907/1088 906/906/1088
f 909/909/1089 907/907/1089 908/908/1089
f 910/910/1090 907/907/1090 909/909/1090
f 907/907/1091 910/910/1091 905/905/1091
f 911/911/1092 905/905/1092 910/910/1092
f 905/905/1093 911/911/1093 903/903/1093
f 912/912/1094 913/913/1094 914/914/1094
f 915/915/1095 914/914/1095 913/913/1095
f 914/914/1096 915/915/1097 916/916/1098
f 916/916/1098 915/915/1097 917/917/1099
f 917/917/1100 915/915/1100 918/918/1100
f 919/919/1101 918/918/1101 915/915/1101
f 918/918/1102 919/919/1102 920/920/1102
f 921/921/1103 920/920/1103 919/919/1103
f 922/922/1104 920/920/1104 921/921/1104
f 923/923/1105 920/920/1105 922/922/1105
f 920/920/1106 923/923/1106 924/924/1106
f 925/925/1107 926/926/1107 927/927/1107
f 927/927/1108 928/928/1108 925/925/1108
f 928/928/1109 927/927/1109 929/929/1109
f 929/929/1110 927/927/1110 930/930/1110
f 931/931/1111 930/930/1112 927/927/1113
f 930/930/1114 931/931/1114 932/932/1114
f 932/932/1115 931/931/1115 933/933/1115
f 933/933/1116 931/931/1116 934/934/1116
f 934/934/1117 931/931/1117 935/935/1117
f 935/935/1118 931/931/1118 936/936/1118
f 927/927/1113 936/936/1119 931/931/1111
f 936/936/1120 927/927/1120 937/937/1120
f 926/926/1121 937/937/1121 927/927/1121
f 937/937/1122 926/926/1122 938/938/1122
f 939/939/1123 938/938/1123 926/926/1123
f 938/938/1124 940/940/1124 937/937/1124
f 941/941/1125 937/937/1125 940/940/1125
f 935/935/1126 937/937/1126 941/941/1126
f 937/937/1127 935/935/1127 936/936/1127
f 942/942/1128 943/943/1128 944/944/1128
f 945/945/1129 944/944/1129 943/943/1129
f 946/946/1130 945/945/1130 947/947/1130
f 943/943/1131 947/947/1131 945/945/1131
f 947/947/1132 943/943/1132 948/948/1132
f 942/942/1133 948/948/1133 943/943/1133
f 948/948/1134 942/942/1134 949/949/1134
f 947/947/1135 948/948/1136 950/950/1137
f 951/951/1138 950/950/1137 948/948/1136
f 952/952/1139 953/953/1139 949/949/1139
f 954/954/1140 949/949/1140 953/953/1140
f 949/949/1141 954/954/1142 948/948/1143
f 955/955/1144 948/948/1143 954/954/1142
f 948/948/1145 955/955/1145 951/951/1145
f 956/956/1146 951/951/1147 955/955/1148
f 957/957/1149 951/951/1147 956/956/1146
f 958/958/1150 951/951/1150 957/957/1150
f 959/959/1151 951/951/1151 958/958/1151
f 951/951/1152 959/959/1152 950/950/1152
f 960/960/1153 950/950/1153 959/959/1153
f 953/953/1154 961/961/1154 954/954/1154
f 962/962/1155 954/954/1155 961/961/1155
f 956/956/1156 954/954/1156 962/962/1156
f 954/954/1157 956/956/1157 955/955/1157
f 963/963/1158 964/964/1158 965/965/1158
f 966/966/1159 965/965/1159 964/964/1159
f 967/967/1160 965/965/1160 966/966/1160
f 965/965/1161 967/967/1161 968/968/1161
f 969/969/1162 963/963/1162 970/970/1162
f 965/965/1163 970/970/1163 963/963/1163
f 970/970/1164 965/965/1165 971/971/1166
f 968/968/1167 971/971/1166 965/965/1165
f 972/972/1168 971/971/1168 968/968/1168
f 973/973/1169 971/971/1169 972/972/1169
f 974/974/1170 971/971/1170 973/973/1170
f 971/971/1171 974/974/1171 970/970/1171
f 975/975/1172 970/970/1172 974/974/1172
f 970/970/1173 975/975/1173 969/969/1173
f 976/976/1174 977/977/1174 978/978/1174
f 978/978/1175 977/977/1175 979/979/1175
f 980/980/1176 979/979/1176 977/977/1176
f 979/979/1177 980/980/1177 981/981/1177
f 982/982/1178 981/981/1179 980/980/1180
f 976/976/1181 983/983/1181 977/977/1181
f 984/984/1182 977/977/1182 983/983/1182
f 977/977/1183 984/984/1183 980/980/1183
f 985/985/1184 980/980/1184 984/984/1184
f 980/980/1185 985/985/1185 982/982/1185
f 986/986/1186 982/982/1186 985/985/1186
f 987/987/1187 982/982/1187 986/986/1187
f 988/988/1188 982/982/1188 987/987/1188
f 982/982/1178 988/988/1189 981/981/1179
f 989/989/1190 981/981/1190 988/988/1190
f 990/990/1191 981/981/1191 989/989/1191
f 991/991/1192 981/981/1192 990/990/1192
f 981/981/1193 991/991/1193 979/979/1193
f 992/992/1194 979/979/1194 991/991/1194
f 993/993/1195 994/994/1195 995/995/1195
f 996/996/1196 997/997/1196 998/998/1196
f 999/999/1197 1000/1000/1197 1001/1001/1197
f 997/997/1198 1001/1001/1198 1000/1000/1198
f 1002/1002/1199 1003/1003/1199 1004/1004/1199
f 1005/1005/1200 1006/1006/1200 1007/1007/1200
f 1006/1006/1201 1008/1008/1202 1009/1009/1203
f 1010/1010/1204 1009/1009/1203 1008/1008/1202
f 1011/1011/1205 1009/1009/1205 1010/1010/1205
f 1009/1009/1206 1011/1011/1206 1012/1012/1206
f 1013/1013/1207 1012/1012/1207 1011/1011/1207
f 1012/1012/1208 1014/1014/1208 1009/1009/1208
f 1015/1015/1209 1009/1009/1209 1014/1014/1209
f 1009/1009/1210 1015/1015/1210 1016/1016/1210
f 1017/1017/1211 1018/1018/1212 1019/1019/1213
f 1020/1020/1214 1019/1019/1214 1018/1018/1214
f 1019/1019/1215 1020/1020/1215 1021/1021/1215
f 1022/1022/1216 1021/1021/1216 1020/1020/1216
f 1012/1012/1217 1021/1021/1217 1022/1022/1217
f 1023/1023/1218 1021/1021/1218 1012/1012/1218
f 1021/1021/1219 1023/1023/1219 1019/1019/1219
f 1024/1024/1220 1025/1025/1220 1026/1026/1220
f 1025/1025/1221 1024/1024/1221 1027/1027/1221
f 1017/1017/1222 1027/1027/1222 1024/1024/1222
f 1019/1019/1213 1027/1027/1223 1017/1017/1211
f 1028/1028/1224 1027/1027/1224 1019/1019/1224
f 1027/1027/1225 1028/1028/1225 1029/1029/1225
f 1029/1029/1226 1028/1028/1226 1030/1030/1226
f 1030/1030/1227 1028/1028/1227 1031/1031/1227
f 1031/1031/1228 1028/1028/1228 1032/1032/1228
f 1032/1032/1229 1028/1028/1229 1033/1033/1229
f 1019/1019/1230 1033/1033/1230 1028/1028/1230
f 1023/1023/1231 1033/1033/1231 1019/1019/1231
f 1033/1033/1232 1023/1023/1232 1032/1032/1232
f 1034/1034/1233 1032/1032/1233 1023/1023/1233
f 1026/1026/1234 1025/1025/1234 1035/1035/1234
f 1035/1035/1235 1025/1025/1235 1029/1029/1235
f 1027/1027/1236 1029/1029/1236 1025/1025/1236
f 1036/1036/1237 1026/1026/1237 1037/1037/1237
f 1035/1035/1238 1037/1037/1238 1026/1026/1238
f 1038/1038/1239 1037/1037/1240 1035/1035/1241
f 1039/1039/1242 1037/1037/1240 1038/1038/1239
f 1037/1037/1243 1039/1039/1243 1036/1036/1243
f 1040/1040/1244 1036/1036/1244 1039/1039/1244
f 1041/1041/1245 1042/1042/1245 1043/1043/1245
f 1044/1044/1246 1045/1045/1246 1046/1046/1246
f 1047/1047/1247 1048/1048/1247 1049/1049/1247
f 1050/1050/1248 1049/1049/1248 1048/1048/1248
f 1049/1049/1249 1050/1050/1249 1051/1051/1249
f 1051/1051/1250 1050/1050/1250 1052/1052/1250
f 1052/1052/1251 1050/1050/1251 1046/1046/1251
f 1046/1046/1252 1050/1050/1252 1044/1044/1252
f 1048/1048/1253 1044/1044/1253 1050/1050/1253
f 1053/1053/1254 1054/1054/1254 1055/1055/1254
f 1056/1056/1255 1055/1055/1255 1054/1054/1255
f 1055/1055/1256 1056/1056/1256 1057/1057/1256
f 1058/1058/1257 1057/1057/1257 1056/1056/1257
f 1057/1057/1258 1058/1058/1258 1059/1059/1258
f 1059/1059/1259 1058/1058/1259 1060/1060/1259
f 1060/1060/1260 1058/1058/1261 1051/1051/1262
f 1051/1051/1262 1058/1058/1261 1049/1049/1263
f 1056/1056/1264 1049/1049/1264 1058/1058/1264
f 1049/1049/1265 1056/1056/1265 1047/1047/1265
f 1054/1054/1266 1047/1047/1266 1056/1056/1266
f 1061/1061/1267 1062/1062/1267 1063/1063/1267
f 1063/1063/1268 1062/1062/1268 1059/1059/1268
f 1064/1064/1269 1059/1059/1269 1062/1062/1269
f 1059/1059/1270 1064/1064/1270 1057/1057/1270
f 1065/1065/1271 1057/1057/1271 1064/1064/1271
f 1057/1057/1272 1065/1065/1272 1055/1055/1272
f 1066/1066/1273 1055/1055/1273 1065/1065/1273
f 1055/1055/1274 1066/1066/1274 1053/1053/1274
f 1067/1067/1275 1053/1053/1275 1066/1066/1275
f 1053/1053/1276 1067/1067/1276 1068/1068/1276
f 1068/1068/1277 1067/1067/1277 1069/1069/1277
f 1070/1070/1278 1069/1069/1278 1067/1067/1278
f 1069/1069/1279 1071/1071/1279 1068/1068/1279
f 1068/1068/1280 1071/1071/1280 1072/1072/1280
f 1073/1073/1281 1072/1072/1281 1071/1071/1281
f 1047/1047/1282 1072/1072/1282 1073/1073/1282
f 1054/1054/1283 1072/1072/1283 1047/1047/1283
f 1053/1053/1284 1072/1072/1284 1054/1054/1284
f 1072/1072/1285 1053/1053/1285 1068/1068/1285
f 1074/1074/1286 1075/1075/1286 1076/1076/1286
f 1077/1077/1287 1076/1076/1287 1075/1075/1287
f 1078/1078/1288 1079/1079/1288 1076/1076/1288
f 1080/1080/1289 1076/1076/1289 1079/1079/1289
f 1076/1076/1290 1080/1080/1290 1081/1081/1290
f 1082/1082/1291 1081/1081/1291 1080/1080/1291
f 1083/1083/1292 1084/1084/1292 1085/1085/1292
f 1086/1086/1293 1085/1085/1293 1084/1084/1293
f 1083/1083/1294 1087/1087/1295 1088/1088/1296
f 1089/1089/1297 1088/1088/1296 1087/1087/1295
f 1088/1088/1298 1089/1089/1298 1090/1090/1298
f 1091/1091/1299 1090/1090/1299 1089/1089/1299
f 1090/1090/1300 1091/1091/1300 1092/1092/1300
f 1092/1092/1301 1091/1091/1301 1093/1093/1301
f 1094/1094/1302 1093/1093/1302 1091/1091/1302
f 1095/1095/1303 1093/1093/1303 1094/1094/1303
f 1093/1093/1304 1095/1095/1304 1096/1096/1304
f 1097/1097/1305 1096/1096/1305 1095/1095/1305
f 1096/1096/1306 1097/1097/1306 1098/1098/1306
f 1098/1098/1307 1097/1097/1307 1099/1099/1307
f 1100/1100/1308 1099/1099/1308 1097/1097/1308
f 1099/1099/1309 1100/1100/1309 1101/1101/1309
f 1102/1102/1310 1101/1101/1310 1100/1100/1310
f 1101/1101/1311 1103/1103/1311 1099/1099/1311
f 1104/1104/1312 1099/1099/1312 1103/1103/1312
f 1099/1099/1313 1104/1104/1313 1105/1105/1313
f 1106/1106/1314 1105/1105/1314 1104/1104/1314
f 1105/1105/1315 1106/1106/1315 1107/1107/1315
f 1108/1108/1316 1107/1107/1316 1106/1106/1316
f 1107/1107/1317 1108/1108/1317 1109/1109/1317
f 1110/1110/1318 1109/1109/1318 1108/1108/1318
f 1109/1109/1319 1110/1110/1319 1111/1111/1319
f 1112/1112/1320 1111/1111/1320 1110/1110/1320
f 1111/1111/1321 1112/1112/1321 1113/1113/1321
f 1114/1114/1322 1113/1113/1322 1112/1112/1322
f 1113/1113/1323 1114/1114/1323 1115/1115/1323
f 1116/1116/1324 1115/1115/1324 1114/1114/1324
f 1117/1117/1325 1118/1118/1325 1119/1119/1325
f 1116/1116/1326 1119/1119/1326 1118/1118/1326
f 1119/1119/1327 1116/1116/1327 1120/1120/1327
f 1121/1121/1328 1122/1122/1328 1123/1123/1328
f 1124/1124/1329 1123/1123/1329 1122/1122/1329
f 1125/1125/1330 1126/1126/1330 1127/1127/1330
f 1128/1128/1331 1129/1129/1331 1127/1127/1331
f 1127/1127/1332 1129/1129/1332 1125/1125/1332
f 1130/1130/1333 1125/1125/1333 1129/1129/1333
f 1131/1131/1334 1126/1126/1334 1132/1132/1334
f 1125/1125/1335 1132/1132/1335 1126/1126/1335
f 1132/1132/1336 1125/1125/1336 1045/1045/1336
f 1133/1133/1337 1134/1134/1337 1135/1135/1337
f 1136/1136/1338 1137/1137/1338 1134/1134/1338
f 1134/1134/1339 1137/1137/1339 1135/1135/1339
f 1138/1138/1340 1135/1135/1340 1137/1137/1340
f 1139/1139/1341 1135/1135/1341 1138/1138/1341
f 1135/1135/1342 1139/1139/1342 1140/1140/1342
f 1141/1141/1343 1140/1140/1343 1139/1139/1343
f 1140/1140/1344 1141/1141/1344 1142/1142/1344
f 1143/1143/1345 1142/1142/1345 1141/1141/1345
f 1144/1144/1346 1142/1142/1346 1143/1143/1346
f 1145/1145/1347 1142/1142/1347 1144/1144/1347
f 1146/1146/1348 1142/1142/1348 1145/1145/1348
f 1133/1133/1349 1142/1142/1349 1146/1146/1349
f 1142/1142/1350 1133/1133/1350 1140/1140/1350
f 1135/1135/1351 1140/1140/1351 1133/1133/1351
f 1134/1134/1352 1133/1133/1352 1147/1147/1352
f 1147/1147/1353 1133/1133/1353 1148/1148/1353
f 1146/1146/1354 1148/1148/1354 1133/1133/1354
f 1148/1148/1355 1146/1146/1355 1149/1149/1355
f 1149/1149/1356 1146/1146/1356 1150/1150/1356
f 1151/1151/1357 1150/1150/1357 1146/1146/1357
f 1150/1150/1358 1151/1151/1358 1152/1152/1358
f 1153/1153/1359 1152/1152/1359 1151/1151/1359
f 1152/1152/1360 1153/1153/1360 1154/1154/1360
f 1155/1155/1361 1156/1156/1361 1152/1152/1361
f 1152/1152/1362 1156/1156/1362 1150/1150/1362
f 1157/1157/1363 1150/1150/1363 1156/1156/1363
f 1150/1150/1364 1157/1157/1364 1149/1149/1364
f 1158/1158/1365 1149/1149/1365 1157/1157/1365
f 1149/1149/1366 1158/1158/1366 1148/1148/1366
f 1148/1148/1367 1158/1158/1367 1147/1147/1367
f 1159/1159/1368 1147/1147/1368 1158/1158/1368
f 1147/1147/1369 1159/1159/1369 1160/1160/1369
f 1161/1161/1370 1160/1160/1370 1159/1159/1370
f 1162/1162/1371 1160/1160/1371 1161/1161/1371
f 1163/1163/1372 1160/1160/1372 1162/1162/1372
f 1134/1134/1373 1160/1160/1373 1163/1163/1373
f 1160/1160/1374 1134/1134/1374 1147/1147/1374
f 1164/1164/1375 1165/1165/1375 1166/1166/1375
f 1167/1167/1376 1166/1166/1376 1165/1165/1376
f 1166/1166/1377 1167/1167/1377 1168/1168/1377
f 1169/1169/1378 1168/1168/1378 1167/1167/1378
f 1168/1168/1379 1169/1169/1379 1170/1170/1379
f 1170/1170/1380 1169/1169/1380 1171/1171/1380
f 1171/1171/1381 1169/1169/1381 1134/1134/1381
f 1167/1167/1382 1134/1134/1382 1169/1169/1382
f 1134/1134/1383 1167/1167/1383 1136/1136/1383
f 1165/1165/1384 1136/1136/1384 1167/1167/1384
f 1172/1172/1385 1173/1173/1385 1174/1174/1385
f 1175/1175/1386 1176/1176/1386 1177/1177/1386
f 1177/1177/1387 1176/1176/1387 1172/1172/1387
f 1102/1102/1388 1172/1172/1388 1176/1176/1388
f 1178/1178/1389 1172/1172/1389 1102/1102/1389
f 1179/1179/1390 1172/1172/1390 1178/1178/1390
f 1172/1172/1391 1179/1179/1391 1173/1173/1391
f 1180/1180/1392 1173/1173/1392 1179/1179/1392
f 1153/1153/1393 1173/1173/1393 1180/1180/1393
f 1151/1151/1394 1173/1173/1394 1153/1153/1394
f 1173/1173/1395 1151/1151/1395 1174/1174/1395
f 1146/1146/1396 1174/1174/1396 1151/1151/1396
f 1145/1145/1397 1174/1174/1397 1146/1146/1397
f 1177/1177/1398 1174/1174/1398 1145/1145/1398
f 1174/1174/1399 1177/1177/1399 1172/1172/1399
f 1181/1181/1400 1182/1182/1400 1183/1183/1400
f 1175/1175/1401 1183/1183/1401 1182/1182/1401
f 1177/1177/1402 1183/1183/1402 1175/1175/1402
f 1144/1144/1403 1183/1183/1403 1177/1177/1403
f 1184/1184/1404 1183/1183/1404 1144/1144/1404
f 1183/1183/1405 1184/1184/1405 1181/1181/1405
f 1185/1185/1406 1181/1181/1406 1184/1184/1406
f 1186/1186/1407 1181/1181/1407 1185/1185/1407
f 1187/1187/1408 1188/1188/1408 1189/1189/1408
f 1186/1186/1409 1189/1189/1409 1188/1188/1409
f 1189/1189/1410 1186/1186/1410 1190/1190/1410
f 1185/1185/1411 1190/1190/1411 1186/1186/1411
f 1190/1190/1412 1185/1185/1412 1191/1191/1412
f 1191/1191/1413 1185/1185/1413 1192/1192/1413
f 1184/1184/1414 1192/1192/1414 1185/1185/1414
f 1192/1192/1415 1184/1184/1415 1143/1143/1415
f 1193/1193/1416 1194/1194/1416 1187/1187/1416
f 1194/1194/1417 1193/1193/1417 1195/1195/1417
f 1195/1195/1418 1193/1193/1419 1196/1196/1420
f 1197/1197/1421 1196/1196/1420 1193/1193/1419
f 1198/1198/1422 1196/1196/1422 1197/1197/1422
f 1196/1196/1423 1198/1198/1423 1199/1199/1423
f 1200/1200/1424 1199/1199/1424 1198/1198/1424
f 1200/1200/1425 1201/1201/1425 1202/1202/1425
f 1203/1203/1426 1202/1202/1426 1201/1201/1426
f 1204/1204/1427 1202/1202/1428 1203/1203/1429
f 1202/1202/1430 1204/1204/1430 1205/1205/1430
f 1206/1206/1431 1207/1207/1431 1208/1208/1431
f 1209/1209/1432 1208/1208/1432 1207/1207/1432
f 1208/1208/1433 1209/1209/1433 1210/1210/1433
f 1211/1211/1434 1210/1210/1434 1209/1209/1434
f 1204/1204/1435 1210/1210/1435 1211/1211/1435
f 1210/1210/1436 1204/1204/1427 1203/1203/1429
f 1212/1212/1437 1213/1213/1437 1214/1214/1437
f 1215/1215/1438 1214/1214/1438 1213/1213/1438
f 1216/1216/1439 1212/1212/1439 1214/1214/1439
f 1212/1212/1440 1216/1216/1440 1217/1217/1440
f 1218/1218/1441 1217/1217/1441 1216/1216/1441
f 1219/1219/1442 1217/1217/1442 1218/1218/1442
f 1220/1220/1443 1217/1217/1443 1219/1219/1443
f 1217/1217/1444 1220/1220/1444 1212/1212/1444
f 1221/1221/1445 1212/1212/1445 1220/1220/1445
f 1222/1222/1446 1212/1212/1446 1221/1221/1446
f 1223/1223/1447 1212/1212/1447 1222/1222/1447
f 1224/1224/1448 1212/1212/1448 1223/1223/1448
f 1225/1225/1449 1212/1212/1450 1224/1224/1451
f 1226/1226/1452 1212/1212/1450 1225/1225/1449
f 1212/1212/1453 1226/1226/1453 1213/1213/1453
f 1227/1227/1454 1213/1213/1454 1226/1226/1454
f 1228/1228/1455 1220/1220/1455 1229/1229/1455
f 1230/1230/1456 1229/1229/1456 1220/1220/1456
f 1229/1229/1457 1230/1230/1457 1231/1231/1457
f 1232/1232/1458 1233/1233/1458 1234/1234/1458
f 1235/1235/1459 1234/1234/1459 1233/1233/1459
f 1236/1236/1460 1233/1233/1460 1232/1232/1460
f 1233/1233/1461 1236/1236/1461 1237/1237/1461
f 1237/1237/1462 1236/1236/1462 1238/1238/1462
f 1238/1238/1463 1236/1236/1463 1239/1239/1463
f 1239/1239/1464 1236/1236/1464 1240/1240/1464
f 1240/1240/1465 1236/1236/1465 1241/1241/1465
f 1232/1232/1466 1241/1241/1466 1236/1236/1466
f 1241/1241/1467 1232/1232/1467 1242/1242/1467
f 1234/1234/1468 1242/1242/1468 1232/1232/1468
f 1242/1242/1469 1234/1234/1469 1243/1243/1469
f 1243/1243/1470 1234/1234/1470 1244/1244/1470
f 1245/1245/1471 1244/1244/1471 1234/1234/1471
f 1246/1246/1472 1244/1244/1472 1245/1245/1472
f 1247/1247/1473 1244/1244/1473 1246/1246/1473
f 1238/1238/1474 1239/1239/1474 1248/1248/1474
f 1249/1249/1475 1248/1248/1475 1239/1239/1475
f 1248/1248/1476 1249/1249/1476 1250/1250/1476
f 1250/1250/1477 1249/1249/1477 1251/1251/1477
f 1251/1251/1478 1249/1249/1478 1252/1252/1478
f 1252/1252/1479 1249/1249/1479 1240/1240/1479
f 1239/1239/1480 1240/1240/1480 1249/1249/1480
f 1247/1247/1481 1253/1253/1481 1254/1254/1481
f 1255/1255/1482 1254/1254/1482 1253/1253/1482
f 1256/1256/1483 1254/1254/1484 1255/1255/1485
f 1257/1257/1486 1254/1254/1484 1256/1256/1483
f 1258/1258/1487 1254/1254/1487 1257/1257/1487
f 1254/1254/1488 1258/1258/1488 1259/1259/1488
f 1260/1260/1489 1259/1259/1489 1258/1258/1489
f 1261/1261/1490 1255/1255/1490 1262/1262/1490
f 1255/1255/1491 1261/1261/1492 1263/1263/1492
f 1264/1264/1493 1263/1263/1492 1261/1261/1492
f 1263/1263/1494 1264/1264/1494 1265/1265/1494
f 1266/1266/1495 1265/1265/1495 1264/1264/1495
f 1265/1265/1496 1266/1266/1496 1267/1267/1496
f 1268/1268/1497 1267/1267/1497 1266/1266/1497
f 1269/1269/1498 1267/1267/1498 1268/1268/1498
f 1267/1267/1499 1269/1269/1499 1270/1270/1499
f 1271/1271/1500 1270/1270/1500 1269/1269/1500
f 1270/1270/1501 1271/1271/1501 1272/1272/1501
f 1273/1273/1502 1272/1272/1502 1271/1271/1502
f 1267/1267/1503 1270/1270/1503 1274/1274/1503
f 1275/1275/1504 1274/1274/1504 1270/1270/1504
f 1274/1274/1505 1275/1275/1505 1276/1276/1505
f 1276/1276/1506 1275/1275/1506 1277/1277/1506
f 1277/1277/1507 1275/1275/1507 1272/1272/1507
f 1270/1270/1508 1272/1272/1508 1275/1275/1508
f 1267/1267/1509 1278/1278/1509 1265/1265/1509
f 1279/1279/1510 1265/1265/1510 1278/1278/1510
f 1265/1265/1511 1279/1279/1511 1263/1263/1511
f 1280/1280/1512 1263/1263/1512 1279/1279/1512
f 1263/1263/1513 1280/1280/1513 1281/1281/1513
f 1281/1281/1514 1280/1280/1514 1282/1282/1514
f 1282/1282/1515 1280/1280/1515 1283/1283/1515
f 1279/1279/1516 1283/1283/1516 1280/1280/1516
f 1283/1283/1517 1279/1279/1517 1284/1284/1517
f 1278/1278/1518 1284/1284/1518 1279/1279/1518
f 1284/1284/1519 1278/1278/1519 1285/1285/1519
f 1286/1286/1520 1285/1285/1520 1278/1278/1520
f 1285/1285/1521 1286/1286/1521 1287/1287/1521
f 1288/1288/1522 1287/1287/1522 1286/1286/1522
f 1278/1278/1523 1267/1267/1523 1286/1286/1523
f 1289/1289/1524 1286/1286/1524 1267/1267/1524
f 1286/1286/1525 1289/1289/1525 1288/1288/1525
f 1255/1255/1526 1263/1263/1526 1290/1290/1526
f 1281/1281/1527 1290/1290/1527 1263/1263/1527
f 1290/1290/1528 1281/1281/1528 1291/1291/1528
f 1282/1282/1529 1291/1291/1529 1281/1281/1529
f 1292/1292/1530 1291/1291/1530 1282/1282/1530
f 1291/1291/1531 1292/1292/1531 1293/1293/1531
f 1294/1294/1532 1293/1293/1532 1292/1292/1532
f 1295/1295/1533 1293/1293/1533 1294/1294/1533
f 1293/1293/1534 1295/1295/1534 1296/1296/1534
f 1297/1297/1535 1296/1296/1535 1295/1295/1535
f 1296/1296/1536 1297/1297/1536 1298/1298/1536
f 1299/1299/1537 1298/1298/1537 1297/1297/1537
f 1298/1298/1538 1299/1299/1538 1300/1300/1538
f 1301/1301/1539 1300/1300/1539 1299/1299/1539
f 1298/1298/1540 1302/1302/1540 1296/1296/1540
f 1303/1303/1541 1296/1296/1541 1302/1302/1541
f 1296/1296/1542 1303/1303/1542 1293/1293/1542
f 1290/1290/1543 1293/1293/1543 1303/1303/1543
f 1293/1293/1544 1290/1290/1544 1291/1291/1544
f 1300/1300/1545 1301/1301/1545 1304/1304/1545
f 1305/1305/1546 1304/1304/1546 1301/1301/1546
f 1306/1306/1547 1304/1304/1547 1305/1305/1547
f 1307/1307/1548 1304/1304/1548 1306/1306/1548
f 1308/1308/1549 1304/1304/1549 1307/1307/1549
f 1304/1304/1550 1308/1308/1550 1300/1300/1550
f 1309/1309/1551 1300/1300/1551 1308/1308/1551
f 1300/1300/1552 1309/1309/1552 1298/1298/1552
f 1298/1298/1553 1309/1309/1553 1302/1302/1553
f 1310/1310/1554 1302/1302/1554 1309/1309/1554
f 1311/1311/1555 1302/1302/1555 1310/1310/1555
f 1302/1302/1556 1311/1311/1556 1303/1303/1556
f 1312/1312/1557 1303/1303/1557 1311/1311/1557
f 1306/1306/1558 1313/1313/1558 1314/1314/1558
f 1315/1315/1559 1314/1314/1559 1313/1313/1559
f 1316/1316/1560 1314/1314/1560 1315/1315/1560
f 1307/1307/1561 1314/1314/1561 1316/1316/1561
f 1314/1314/1562 1307/1307/1562 1306/1306/1562
f 1317/1317/1563 1318/1318/1564 1319/1319/1565
f 1320/1320/1566 1319/1319/1565 1318/1318/1564
f 1307/1307/1567 1319/1319/1567 1320/1320/1567
f 1316/1316/1568 1319/1319/1568 1307/1307/1568
f 1321/1321/1569 1319/1319/1570 1316/1316/1571
f 1319/1319/1570 1321/1321/1569 1317/1317/1572
f 1322/1322/1573 1323/1323/1573 1324/1324/1573
f 1315/1315/1574 1324/1324/1574 1323/1323/1574
f 1324/1324/1575 1315/1315/1575 1325/1325/1575
f 1313/1313/1576 1325/1325/1576 1315/1315/1576
f 1325/1325/1577 1313/1313/1577 1326/1326/1577
f 1327/1327/1578 1326/1326/1578 1313/1313/1578
f 1328/1328/1579 1326/1326/1579 1327/1327/1579
f 1326/1326/1580 1328/1328/1581 1329/1329/1582
f 1330/1330/1583 1329/1329/1582 1328/1328/1581
f 1329/1329/1584 1330/1330/1584 1331/1331/1584
f 1332/1332/1585 1331/1331/1585 1330/1330/1585
f 1331/1331/1586 1332/1332/1586 1333/1333/1586
f 1334/1334/1587 1333/1333/1587 1332/1332/1587
f 1333/1333/1588 1334/1334/1588 1335/1335/1588
f 1326/1326/1589 1329/1329/1589 1325/1325/1589
f 1331/1331/1590 1325/1325/1590 1329/1329/1590
f 1325/1325/1591 1331/1331/1591 1324/1324/1591
f 1333/1333/1592 1324/1324/1592 1331/1331/1592
f 1336/1336/1593 1337/1337/1593 1338/1338/1593
f 1339/1339/1594 1338/1338/1594 1337/1337/1594
f 1338/1338/1595 1339/1339/1595 1340/1340/1595
f 1341/1341/1596 1342/1342/1596 1343/1343/1596
f 1343/1343/1597 1342/1342/1597 1344/1344/1597
f 1345/1345/1598 1344/1344/1598 1342/1342/1598
f 1344/1344/1599 1345/1345/1599 1346/1346/1599
f 1346/1346/1600 1345/1345/1600 1347/1347/1600
f 1347/1347/1601 1345/1345/1601 1348/1348/1601
f 1348/1348/1602 1345/1345/1602 1349/1349/1602
f 1342/1342/1603 1349/1349/1603 1345/1345/1603
f 1349/1349/1604 1342/1342/1604 1338/1338/1604
f 1350/1350/1605 1339/1339/1605 1351/1351/1605
f 1352/1352/1606 1351/1351/1606 1339/1339/1606
f 1353/1353/1607 1351/1351/1607 1352/1352/1607
f 1351/1351/1608 1353/1353/1608 1354/1354/1608
f 1355/1355/1609 1354/1354/1609 1353/1353/1609
f 1354/1354/1610 1355/1355/1610 1356/1356/1610
f 1357/1357/1611 1356/1356/1611 1355/1355/1611
f 1356/1356/1612 1357/1357/1612 1358/1358/1612
f 1359/1359/1613 1358/1358/1613 1357/1357/1613
f 1354/1354/1614 1356/1356/1615 1360/1360/1616
f 1360/1360/1616 1356/1356/1615 1361/1361/1617
f 1358/1358/1618 1361/1361/1618 1356/1356/1618
f 1361/1361/1619 1358/1358/1619 1362/1362/1619
f 1363/1363/1620 1362/1362/1620 1358/1358/1620
f 1362/1362/1621 1363/1363/1621 1364/1364/1621
f 1365/1365/1622 1364/1364/1623 1363/1363/1624
f 1364/1364/1623 1365/1365/1622 1366/1366/1625
f 1367/1367/1626 1366/1366/1626 1365/1365/1626
f 1366/1366/1627 1367/1367/1627 1368/1368/1627
f 1368/1368/1628 1367/1367/1629 1369/1369/1630
f 1370/1370/1631 1369/1369/1630 1367/1367/1629
f 1369/1369/1632 1370/1370/1632 1371/1371/1632
f 1372/1372/1633 1360/1360/1633 1373/1373/1633
f 1361/1361/1634 1373/1373/1634 1360/1360/1634
f 1373/1373/1635 1361/1361/1635 1374/1374/1635
f 1362/1362/1636 1374/1374/1636 1361/1361/1636
f 1374/1374/1637 1362/1362/1637 1375/1375/1637
f 1364/1364/1638 1375/1375/1638 1362/1362/1638
f 1375/1375/1639 1364/1364/1639 1376/1376/1639
f 1366/1366/1640 1376/1376/1640 1364/1364/1640
f 1376/1376/1641 1366/1366/1641 1377/1377/1641
f 1368/1368/1642 1377/1377/1642 1366/1366/1642
f 1377/1377/1643 1368/1368/1643 1378/1378/1643
f 1378/1378/1644 1368/1368/1644 1379/1379/1644
f 1369/1369/1645 1379/1379/1645 1368/1368/1645
f 1380/1380/1646 1379/1379/1646 1369/1369/1646
f 1371/1371/1647 1380/1380/1647 1369/1369/1647
f 1380/1380/1648 1371/1371/1648 1381/1381/1648
f 1382/1382/1649 1381/1381/1649 1371/1371/1649
f 1381/1381/1650 1382/1382/1650 1383/1383/1650
f 1384/1384/1651 1383/1383/1651 1382/1382/1651
f 1383/1383/1652 1384/1384/1652 1262/1262/1652
f 1385/1385/1653 1262/1262/1653 1384/1384/1653
f 1262/1262/1654 1385/1385/1654 1261/1261/1654
f 1386/1386/1655 1261/1261/1655 1385/1385/1655
f 1261/1261/1656 1386/1386/1656 1264/1264/1656
f 1387/1387/1657 1264/1264/1657 1386/1386/1657
f 1264/1264/1658 1387/1387/1658 1266/1266/1658
f 1266/1266/1659 1387/1387/1659 1388/1388/1659
f 1389/1389/1660 1388/1388/1660 1387/1387/1660
f 1382/1382/1661 1371/1371/1661 1390/1390/1661
f 1370/1370/1662 1390/1390/1662 1371/1371/1662
f 1390/1390/1663 1370/1370/1663 1391/1391/1663
f 1392/1392/1664 1391/1391/1664 1370/1370/1664
f 1359/1359/1665 1393/1393/1665 1363/1363/1665
f 1363/1363/1666 1393/1393/1666 1365/1365/1666
f 1392/1392/1667 1365/1365/1667 1393/1393/1667
f 1365/1365/1668 1392/1392/1668 1367/1367/1668
f 1394/1394/1669 1395/1395/1669 1396/1396/1669
f 1397/1397/1670 1396/1396/1670 1395/1395/1670
f 1395/1395/1671 1394/1394/1671 1398/1398/1671
f 1399/1399/1672 1398/1398/1672 1394/1394/1672
f 1398/1398/1673 1399/1399/1673 1400/1400/1673
f 1400/1400/1674 1399/1399/1674 1401/1401/1674
f 1401/1401/1675 1399/1399/1675 1402/1402/1675
f 1402/1402/1676 1399/1399/1676 1403/1403/1676
f 1403/1403/1677 1399/1399/1677 1404/1404/1677
f 1394/1394/1678 1404/1404/1678 1399/1399/1678
f 1404/1404/1679 1394/1394/1679 1405/1405/1679
f 1396/1396/1680 1405/1405/1680 1394/1394/1680
f 1405/1405/1681 1396/1396/1681 1406/1406/1681
f 1406/1406/1682 1396/1396/1682 1407/1407/1682
f 1397/1397/1683 1407/1407/1683 1396/1396/1683
f 1408/1408/1684 1407/1407/1684 1397/1397/1684
f 1409/1409/1685 1410/1410/1685 1411/1411/1685
f 1412/1412/1686 1411/1411/1686 1410/1410/1686
f 1413/1413/1687 1411/1411/1687 1412/1412/1687
f 1411/1411/1688 1413/1413/1688 1414/1414/1688
f 1372/1372/1689 1415/1415/1689 1360/1360/1689
f 1360/1360/1690 1415/1415/1690 1354/1354/1690
f 1351/1351/1691 1354/1354/1691 1415/1415/1691
f 1416/1416/1692 1417/1417/1692 1418/1418/1692
f 1419/1419/1693 1418/1418/1693 1417/1417/1693
f 1420/1420/1694 1418/1418/1694 1419/1419/1694
f 1418/1418/1695 1420/1420/1695 1421/1421/1695
f 1422/1422/1696 1421/1421/1696 1420/1420/1696
f 1421/1421/1697 1422/1422/1697 1423/1423/1697
f 1424/1424/1698 1425/1425/1698 1426/1426/1698
f 1427/1427/1699 1426/1426/1699 1425/1425/1699
f 1428/1428/1700 1426/1426/1700 1427/1427/1700
f 1426/1426/1701 1428/1428/1701 1429/1429/1701
f 1430/1430/1702 1429/1429/1702 1428/1428/1702
f 1429/1429/1703 1430/1430/1703 1431/1431/1703
f 1432/1432/1704 1431/1431/1704 1430/1430/1704
f 1431/1431/1705 1432/1432/1705 1433/1433/1705
f 1434/1434/1706 1435/1435/1706 1436/1436/1706
f 1437/1437/1707 1436/1436/1707 1435/1435/1707
f 1438/1438/1708 1436/1436/1708 1437/1437/1708
f 1436/1436/1709 1438/1438/1709 1427/1427/1709
f 1439/1439/1710 1427/1427/1710 1438/1438/1710
f 1440/1440/1711 1427/1427/1711 1439/1439/1711
f 1427/1427/1712 1440/1440/1712 1428/1428/1712
f 1441/1441/1713 1428/1428/1713 1440/1440/1713
f 1428/1428/1714 1441/1441/1714 1430/1430/1714
f 1442/1442/1715 1430/1430/1715 1441/1441/1715
f 1430/1430/1716 1442/1442/1716 1432/1432/1716
f 1443/1443/1717 1444/1444/1717 1445/1445/1717
f 1445/1445/1718 1444/1444/1718 1446/1446/1718
f 1447/1447/1719 1446/1446/1720 1444/1444/1721
f 1448/1448/1722 1446/1446/1720 1447/1447/1719
f 1449/1449/1723 1446/1446/1723 1448/1448/1723
f 1446/1446/1724 1449/1449/1724 1445/1445/1724
f 1445/1445/1725 1449/1449/1725 1450/1450/1725
f 1450/1450/1726 1449/1449/1726 1451/1451/1726
f 1451/1451/1727 1449/1449/1727 1452/1452/1727
f 1453/1453/1728 1452/1452/1728 1449/1449/1728
f 1452/1452/1729 1453/1453/1729 1454/1454/1729
f 1454/1454/1730 1453/1453/1730 1455/1455/1730
f 1455/1455/1731 1453/1453/1731 1448/1448/1731
f 1449/1449/1732 1448/1448/1732 1453/1453/1732
f 1456/1456/1733 1457/1457/1733 1458/1458/1733
f 1459/1459/1734 1460/1460/1734 1461/1461/1734
f 1462/1462/1735 1463/1463/1735 1461/1461/1735
f 1464/1464/1736 1461/1461/1736 1463/1463/1736
f 1465/1465/1737 1466/1466/1737 1467/1467/1737
f 1468/1468/1738 1467/1467/1738 1466/1466/1738
f 1469/1469/1739 1470/1470/1739 1471/1471/1739
f 1472/1472/1740 1471/1471/1740 1470/1470/1740
f 1473/1473/1741 1474/1474/1741 1475/1475/1741
f 1475/1475/1742 1474/1474/1742 1476/1476/1742
f 1477/1477/1743 1476/1476/1743 1474/1474/1743
f 1476/1476/1744 1477/1477/1744 1478/1478/1744
f 1479/1479/1745 1478/1478/1745 1477/1477/1745
f 1478/1478/1746 1479/1479/1746 1480/1480/1746
f 1481/1481/1747 1482/1482/1747 1483/1483/1747
f 1484/1484/1748 1483/1483/1748 1482/1482/1748
f 1477/1477/1749 1483/1483/1749 1484/1484/1749
f 1474/1474/1750 1483/1483/1750 1477/1477/1750
f 1485/1485/1751 1483/1483/1751 1474/1474/1751
f 1486/1486/1752 1483/1483/1752 1485/1485/1752
f 1483/1483/1753 1486/1486/1753 1481/1481/1753
f 1487/1487/1754 1488/1488/1754 1489/1489/1754
f 1490/1490/1755 1489/1489/1755 1488/1488/1755
f 1489/1489/1756 1490/1490/1756 1491/1491/1756
f 1491/1491/1757 1490/1490/1757 1492/1492/1757
f 1492/1492/1758 1490/1490/1758 1493/1493/1758
f 1493/1493/1759 1490/1490/1759 1494/1494/1759
f 1488/1488/1760 1494/1494/1760 1490/1490/1760
f 1495/1495/1761 1496/1496/1761 1497/1497/1761
f 1497/1497/1762 1496/1496/1762 1498/1498/1762
f 1498/1498/1763 1496/1496/1763 1499/1499/1763
f 1499/1499/1764 1496/1496/1765 1500/1500/1766
f 1501/1501/1767 1500/1500/1766 1496/1496/1765
f 1500/1500/1768 1501/1501/1768 1502/1502/1768
f 1503/1503/1769 1502/1502/1769 1501/1501/1769
f 1496/1496/1770 1495/1495/1770 1501/1501/1770
f 1504/1504/1771 1501/1501/1771 1495/1495/1771
f 1505/1505/1772 1501/1501/1772 1504/1504/1772
f 1501/1501/1773 1505/1505/1773 1503/1503/1773
f 1506/1506/1774 1503/1503/1774 1505/1505/1774
f 1503/1503/1775 1506/1506/1775 1507/1507/1775
f 1507/1507/1776 1506/1506/1777 1508/1508/1778
f 1508/1508/1778 1506/1506/1777 1509/1509/1779
f 1509/1509/1780 1506/1506/1780 1510/1510/1780
f 1510/1510/1781 1506/1506/1781 1511/1511/1781
f 1505/1505/1782 1511/1511/1782 1506/1506/1782
f 1504/1504/1783 1511/1511/1783 1505/1505/1783
f 1511/1511/1784 1504/1504/1784 1512/1512/1784
f 1513/1513/1785 1512/1512/1785 1504/1504/1785
f 1514/1514/1786 1515/1515/1786 1516/1516/1786
f 1517/1517/1787 1516/1516/1787 1515/1515/1787
f 1518/1518/1788 1516/1516/1788 1517/1517/1788
f 1519/1519/1789 1516/1516/1789 1518/1518/1789
f 1520/1520/1790 1516/1516/1790 1519/1519/1790
f 1521/1521/1791 1516/1516/1791 1520/1520/1791
f 1522/1522/1792 1516/1516/1792 1521/1521/1792
f 1516/1516/1793 1522/1522/1793 1514/1514/1793
f 1523/1523/1794 1524/1524/1794 1525/1525/1794
f 1525/1525/1795 1526/1526/1795 1527/1527/1795
f 1528/1528/1796 1527/1527/1796 1526/1526/1796
f 1529/1529/1797 1530/1530/1797 1531/1531/1797
f 1532/1532/1798 1531/1531/1798 1530/1530/1798
f 1531/1531/1799 1532/1532/1799 1524/1524/1799
f 1533/1533/1800 1534/1534/1800 1535/1535/1800
f 1536/1536/1801 1535/1535/1801 1534/1534/1801
f 1535/1535/1802 1536/1536/1802 1537/1537/1802
f 1527/1527/1803 1537/1537/1803 1536/1536/1803
f 1538/1538/1804 1539/1539/1804 1540/1540/1804
f 1541/1541/1805 1539/1539/1805 1542/1542/1805
f 1543/1543/1806 1544/1544/1806 1545/1545/1806
f 1546/1546/1807 1547/1547/1807 1548/1548/1807
f 1549/1549/1808 1550/1550/1808 1551/1551/1808
f 1552/1552/1809 1553/1553/1809 1554/1554/1809
f 1555/1555/1810 1556/1556/1810 1557/1557/1810
f 1558/1558/1811 1559/1559/1811 1560/1560/1811
f 1561/1561/1812 1560/1560/1812 1559/1559/1812
f 1560/1560/1813 1561/1561/1813 1562/1562/1813
f 1563/1563/1814 1562/1562/1814 1561/1561/1814
f 1562/1562/1815 1563/1563/1815 1564/1564/1815
f 1564/1564/1816 1563/1563/1816 1565/1565/1816
f 1565/1565/1817 1563/1563/1817 1555/1555/1817
f 1561/1561/1818 1555/1555/1818 1563/1563/1818
f 1555/1555/1819 1561/1561/1819 1566/1566/1819
f 1559/1559/1820 1566/1566/1820 1561/1561/1820
f 1567/1567/1821 1566/1566/1821 1559/1559/1821
f 1568/1568/1822 1566/1566/1822 1567/1567/1822
f 1566/1566/1823 1568/1568/1823 1555/1555/1823
f 1569/1569/1824 1555/1555/1824 1568/1568/1824
f 1569/1569/1825 1570/1570/1825 1571/1571/1825
f 1572/1572/1826 1571/1571/1826 1570/1570/1826
f 1573/1573/1827 1572/1572/1827 1574/1574/1827
f 1574/1574/1828 1572/1572/1828 1575/1575/1828
f 1570/1570/1829 1575/1575/1829 1572/1572/1829
f 1575/1575/1830 1570/1570/1830 1576/1576/1830
f 1577/1577/1831 1578/1578/1831 1579/1579/1831
f 1580/1580/1832 1581/1581/1832 1582/1582/1832
f 1583/1583/1833 1584/1584/1833 1585/1585/1833
f 1586/1586/1834 1585/1585/1834 1584/1584/1834
f 1585/1585/1835 1586/1586/1835 1581/1581/1835
f 1587/1587/1836 1588/1588/1836 1589/1589/1836
f 1590/1590/1837 1591/1591/1837 1592/1592/1837
f 1593/1593/1838 1594/1594/1838 1595/1595/1838
f 1591/1591/1839 1595/1595/1839 1594/1594/1839
f 1596/1596/1840 1597/1597/1840 1598/1598/1840
f 1599/1599/1841 1597/1597/1841 1600/1600/1841
f 1599/1599/1842 1596/1596/1842 1601/1601/1842
f 1601/1601/1843 1596/1596/1843 1602/1602/1843
f 1603/1603/1844 1602/1602/1844 1596/1596/1844
f 1601/1601/1845 1602/1602/1845 1604/1604/1845
f 1605/1605/1846 1599/1599/1846 1606/1606/1846
f 1607/1607/1847 1608/1608/1847 1609/1609/1847
f 1610/1610/1848 1609/1609/1848 1608/1608/1848
f 1609/1609/1849 1610/1610/1849 1611/1611/1849
f 1605/1605/1850 1611/1611/1850 1610/1610/1850
f 1601/1601/1851 1611/1611/1851 1605/1605/1851
f 1612/1612/1852 1611/1611/1852 1601/1601/1852
f 1611/1611/1853 1612/1612/1853 1609/1609/1853
f 1613/1613/1854 1609/1609/1854 1612/1612/1854
f 1609/1609/1855 1613/1613/1855 1607/1607/1855
f 1614/1614/1856 1607/1607/1856 1613/1613/1856
f 1607/1607/1857 1614/1614/1857 1615/1615/1857
f 1616/1616/1858 1615/1615/1858 1614/1614/1858
f 1615/1615/1859 1616/1616/1859 1617/1617/1859
f 1618/1618/1860 1617/1617/1860 1616/1616/1860
f 1607/1607/1861 1619/1619/1861 1608/1608/1861
f 1620/1620/1862 1608/1608/1862 1619/1619/1862
f 1621/1621/1863 1622/1622/1863 1619/1619/1863
f 1623/1623/1864 1620/1620/1864 1621/1621/1864
f 1624/1624/1865 1625/1625/1865 1612/1612/1865
f 1626/1626/1866 1627/1627/1866 1628/1628/1866
f 1629/1629/1867 1630/1630/1867 1631/1631/1867
f 1629/1629/1868 1632/1632/1868 1633/1633/1868
f 1634/1634/1869 1635/1635/1869 1636/1636/1869
f 1637/1637/1870 1638/1638/1870 1639/1639/1870
f 1640/1640/1871 1639/1639/1871 1638/1638/1871
f 1641/1641/1872 1642/1642/1872 1643/1643/1872
f 1644/1644/1873 1643/1643/1873 1642/1642/1873
f 1645/1645/1874 1646/1646/1874 1647/1647/1874
f 1648/1648/1875 1647/1647/1875 1646/1646/1875
f 1647/1647/1876 1648/1648/1877 1649/1649/1878
f 1650/1650/1879 1649/1649/1878 1648/1648/1877
f 1641/1641/1880 1649/1649/1880 1650/1650/1880
f 1649/1649/1881 1641/1641/1881 1651/1651/1881
f 1652/1652/1882 1651/1651/1882 1641/1641/1882
f 1651/1651/1883 1652/1652/1883 1653/1653/1883
f 1653/1653/1884 1652/1652/1885 1654/1654/1886
f 1654/1654/1886 1652/1652/1885 1655/1655/1887
f 1644/1644/1888 1655/1655/1888 1652/1652/1888
f 1656/1656/1889 1655/1655/1889 1644/1644/1889
f 1657/1657/1890 1655/1655/1890 1656/1656/1890
f 1655/1655/1891 1657/1657/1891 1658/1658/1891
f 1655/1655/1892 1658/1658/1892 1659/1659/1892
f 1659/1659/1893 1658/1658/1893 1660/1660/1893
f 1661/1661/1894 1660/1660/1894 1658/1658/1894
f 1660/1660/1895 1661/1661/1895 1662/1662/1895
f 1663/1663/1896 1662/1662/1896 1661/1661/1896
f 1662/1662/1897 1663/1663/1897 1664/1664/1897
f 1665/1665/1898 1664/1664/1898 1663/1663/1898
f 1666/1666/1899 1667/1667/1899 1668/1668/1899
f 1669/1669/1900 1668/1668/1900 1667/1667/1900
f 1670/1670/1901 1666/1666/1901 1671/1671/1901
f 1668/1668/1902 1671/1671/1902 1666/1666/1902
f 1671/1671/1903 1668/1668/1903 1672/1672/1903
f 1673/1673/1904 1674/1674/1904 1675/1675/1904
f 1676/1676/1905 1675/1675/1905 1674/1674/1905
f 1675/1675/1906 1676/1676/1906 1677/1677/1906
f 1678/1678/1907 1679/1679/1907 1680/1680/1907
f 1681/1681/1908 1680/1680/1908 1679/1679/1908
f 1680/1680/1909 1681/1681/1909 1682/1682/1909
f 1683/1683/1910 1684/1684/1910 1685/1685/1910
f 1686/1686/1911 1685/1685/1911 1684/1684/1911
f 1685/1685/1912 1686/1686/1912 1687/1687/1912
f 1688/1688/1913 1689/1689/1913 1690/1690/1913
f 1691/1691/1914 1690/1690/1914 1689/1689/1914
f 1690/1690/1915 1691/1691/1915 1692/1692/1915
f 1693/1693/1916 1694/1694/1916 1695/1695/1916
f 1696/1696/1917 1695/1695/1917 1694/1694/1917
f 1697/1697/1918 1695/1695/1918 1696/1696/1918
f 1695/1695/1919 1697/1697/1919 1698/1698/1919
f 1699/1699/1920 1700/1700/1920 1701/1701/1920
f 1702/1702/1921 1701/1701/1921 1700/1700/1921
f 1701/1701/1922 1702/1702/1922 1703/1703/1922
f 1703/1703/1923 1702/1702/1923 1704/1704/1923
f 1705/1705/1924 1704/1704/1924 1702/1702/1924
f 1704/1704/1925 1705/1705/1925 1706/1706/1925
f 1707/1707/1926 1708/1708/1926 1709/1709/1926
f 1709/1709/1927 1708/1708/1927 1710/1710/1927
f 1710/1710/1928 1708/1708/1928 1711/1711/1928
f 1712/1712/1929 1711/1711/1928 1708/1708/1928
f 1711/1711/1930 1712/1712/1930 1713/1713/1930
f 1714/1714/1931 1713/1713/1931 1712/1712/1931
f 1713/1713/1932 1714/1714/1932 1715/1715/1932
f 1716/1716/1933 1717/1717/1933 1718/1718/1933
f 1719/1719/1934 1718/1718/1934 1717/1717/1934
f 1718/1718/1935 1719/1719/1935 1720/1720/1935
f 1721/1721/1936 1722/1722/1936 1723/1723/1936
f 1723/1723/1937 1724/1724/1937 1725/1725/1937
f 1726/1726/1938 1725/1725/1938 1724/1724/1938
f 1725/1725/1939 1726/1726/1939 1727/1727/1939
f 1727/1727/1940 1728/1728/1940 1729/1729/1940
f 1729/1729/1941 1730/1730/1941 1731/1731/1941
f 1731/1731/1942 1732/1732/1942 1733/1733/1942
f 1727/1727/1943 1734/1734/1943 1735/1735/1943
f 1730/1730/1944 1736/1736/1944 1737/1737/1944
f 1730/1730/1945 1738/1738/1945 1739/1739/1945
f 1740/1740/1946 1741/1741/1946 1730/1730/1946
f 1742/1742/1947 1743/1743/1947 1744/1744/1947
f 1744/1744/1948 1743/1743/1948 1745/1745/1948
f 1746/1746/1949 1745/1745/1949 1743/1743/1949
f 1745/1745/1950 1746/1746/1950 1738/1738/1950
f 1742/1742/1951 1747/1747/1951 1748/1748/1951
f 1749/1749/1952 1750/1750/1952 1751/1751/1952
f 1750/1750/1953 1752/1752/1953 1753/1753/1953
f 1754/1754/1954 1755/1755/1954 1756/1756/1954
f 1751/1751/1955 1756/1756/1955 1755/1755/1955
f 1757/1757/1956 1758/1758/1956 1759/1759/1956
f 1760/1760/1957 1761/1761/1957 1762/1762/1957
f 1763/1763/1958 1764/1764/1958 1765/1765/1958
f 1766/1766/1959 1767/1767/1959 1768/1768/1959
f 1769/1769/1960 1770/1770/1960 1771/1771/1960
f 1772/1772/1961 1773/1773/1961 1774/1774/1961
f 1775/1775/1962 1776/1776/1962 1777/1777/1962
f 1772/1772/1963 1777/1777/1963 1776/1776/1963
f 1777/1777/1964 1772/1772/1964 1778/1778/1964
f 1775/1775/1965 1779/1779/1965 1780/1780/1965
f 1780/1780/1966 1779/1779/1966 1781/1781/1966
f 1782/1782/1967 1781/1781/1967 1779/1779/1967
f 1783/1783/1968 1781/1781/1968 1782/1782/1968
f 1781/1781/1969 1783/1783/1969 1784/1784/1969
f 1785/1785/1970 1786/1786/1970 1783/1783/1970
f 1787/1787/1971 1783/1783/1971 1786/1786/1971
f 1783/1783/1972 1787/1787/1972 1784/1784/1972
f 1784/1784/1973 1787/1787/1973 1788/1788/1973
f 1789/1789/1974 1788/1788/1974 1787/1787/1974
f 1788/1788/1975 1789/1789/1975 1790/1790/1975
f 1790/1790/1976 1791/1791/1976 1792/1792/1976
f 1793/1793/1977 1792/1792/1977 1791/1791/1977
f 1792/1792/1978 1793/1793/1978 1794/1794/1978
f 1794/1794/1979 1793/1793/1979 1795/1795/1979
f 1791/1791/1980 1795/1795/1980 1793/1793/1980
f 1794/1794/1981 1796/1796/1981 1797/1797/1981
f 1798/1798/1982 1797/1797/1982 1796/1796/1982
f 1798/1798/1983 1799/1799/1983 1800/1800/1983
f 1801/1801/1984 1800/1800/1984 1799/1799/1984
f 1802/1802/1985 1803/1803/1985 1801/1801/1985
f 1804/1804/1986 1801/1801/1986 1803/1803/1986
f 1801/1801/1987 1804/1804/1987 1800/1800/1987
f 1805/1805/1988 1800/1800/1988 1804/1804/1988
f 1806/1806/1989 1807/1807/1989 1808/1808/1989
f 1808/1808/1990 1807/1807/1990 1809/1809/1990
f 1809/1809/1991 1807/1807/1991 1803/1803/1991
f 1810/1810/1992 1803/1803/1992 1807/1807/1992
f 1803/1803/1993 1810/1810/1993 1804/1804/1993
f 1811/1811/1994 1812/1812/1994 1813/1813/1994
f 1814/1814/1995 1815/1815/1995 1816/1816/1995
f 1817/1817/1996 1816/1816/1996 1818/1818/1996
f 1819/1819/1997 1818/1818/1997 1816/1816/1997
f 1820/1820/1998 1821/1821/1998 1817/1817/1998
f 1822/1822/1999 1817/1817/1999 1823/1823/1999
f 1824/1824/2000 1823/1823/2000 1817/1817/2000
f 1825/1825/2001 1826/1826/2001 1827/1827/2001
f 1828/1828/2002 1827/1827/2002 1826/1826/2002
f 1829/1829/2003 1827/1827/2003 1828/1828/2003
f 1827/1827/2004 1829/1829/2004 1816/1816/2004
f 1830/1830/2005 1827/1827/2005 1831/1831/2005
f 1831/1831/2006 1832/1832/2006 1825/1825/2006
f 1832/1832/2007 1833/1833/2007 1834/1834/2007
f 1835/1835/2008 1836/1836/2008 1833/1833/2008
f 1837/1837/2009 1838/1838/2009 1839/1839/2009
f 1832/1832/2010 1839/1839/2010 1838/1838/2010
f 1840/1840/2011 1841/1841/2012 1842/1842/2013
f 1839/1839/2014 1842/1842/2013 1841/1841/2012
f 1843/1843/2015 1844/1844/2015 1845/1845/2015
f 1846/1846/2016 1847/1847/2016 1843/1843/2016
f 1848/1848/2017 1843/1843/2017 1847/1847/2017
f 1849/1849/2018 1843/1843/2018 1848/1848/2018
f 1850/1850/2019 1843/1843/2019 1849/1849/2019
f 1843/1843/2020 1850/1850/2020 1851/1851/2020
f 1852/1852/2021 1851/1851/2021 1853/1853/2021
f 1854/1854/2022 1855/1855/2022 1856/1856/2022
f 1857/1857/2023 1858/1858/2023 1859/1859/2023
f 1860/1860/2024 1861/1861/2024 1862/1862/2024
f 1863/1863/2025 1864/1864/2025 1865/1865/2025
f 1865/1865/2026 1864/1864/2026 1866/1866/2026
f 1867/1867/2027 1866/1866/2027 1864/1864/2027
f 1866/1866/2028 1867/1867/2028 1868/1868/2028
f 1868/1868/2029 1867/1867/2029 1861/1861/2029
f 1861/1861/2030 1867/1867/2030 1869/1869/2030
f 1869/1869/2031 1867/1867/2031 1870/1870/2031
f 1864/1864/2032 1870/1870/2032 1867/1867/2032
f 1865/1865/2033 1871/1871/2033 1872/1872/2033
f 1873/1873/2034 1872/1872/2034 1871/1871/2034
f 1874/1874/2035 1875/1875/2035 1876/1876/2035
f 1877/1877/2036 1876/1876/2036 1875/1875/2036
f 1876/1876/2037 1877/1877/2037 1871/1871/2037
f 1871/1871/2038 1878/1878/2038 1876/1876/2038
f 1879/1879/2039 1876/1876/2039 1878/1878/2039
f 1876/1876/2040 1879/1879/2040 1874/1874/2040
f 1880/1880/2041 1874/1874/2041 1879/1879/2041
f 1874/1874/2042 1880/1880/2042 1881/1881/2042
f 1881/1881/2043 1880/1880/2043 1882/1882/2043
f 1882/1882/2044 1880/1880/2044 1883/1883/2044
f 1883/1883/2045 1880/1880/2045 1884/1884/2045
f 1879/1879/2046 1884/1884/2046 1880/1880/2046
f 1885/1885/2047 1886/1886/2047 1887/1887/2047
f 1888/1888/2048 1889/1889/2048 1890/1890/2048
f 1891/1891/2049 1892/1892/2049 1888/1888/2049
f 1893/1893/2050 1888/1888/2050 1892/1892/2050
f 1888/1888/2051 1893/1893/2051 1894/1894/2051
f 1894/1894/2052 1895/1895/2052 1896/1896/2052
f 1897/1897/2053 1896/1896/2053 1895/1895/2053
f 1898/1898/2054 1899/1899/2054 1900/1900/2054
f 1901/1901/2055 1902/1902/2055 1903/1903/2055
f 1904/1904/2056 1903/1903/2056 1902/1902/2056
f 1905/1905/2057 1906/1906/2057 1907/1907/2057
f 1908/1908/2058 1907/1907/2058 1906/1906/2058
f 1909/1909/2059 1910/1910/2059 1911/1911/2059
f 1912/1912/2060 1911/1911/2060 1910/1910/2060
f 1913/1913/2061 1914/1914/2061 1915/1915/2061
f 1909/1909/2062 1915/1915/2062 1914/1914/2062
f 1916/1916/2063 1917/1917/2063 1918/1918/2063
f 1919/1919/2064 1918/1918/2064 1917/1917/2064
f 1920/1920/2065 1921/1921/2065 1922/1922/2065
f 1923/1923/2066 1922/1922/2066 1921/1921/2066
f 1922/1922/2067 1923/1923/2067 1924/1924/2067
f 1925/1925/2068 1926/1926/2068 1927/1927/2068
f 1928/1928/2069 1926/1926/2069 1929/1929/2069
f 1930/1930/2070 1926/1926/2070 1931/1931/2070
f 1932/1932/2071 1931/1931/2071 1926/1926/2071
f 1932/1932/2072 1933/1933/2072 1934/1934/2072
f 1932/1932/2073 1935/1935/2073 1936/1936/2073
f 1933/1933/2074 1937/1937/2074 1938/1938/2074
f 1939/1939/2075 1940/1940/2075 1941/1941/2075
f 1942/1942/2076 1943/1943/2076 1944/1944/2076
f 1945/1945/2077 1946/1946/2077 1947/1947/2077
f 1948/1948/2078 1949/1949/2078 1950/1950/2078
f 1951/1951/2079 1950/1950/2079 1952/1952/2079
f 1953/1953/2080 1954/1954/2080 1955/1955/2080
f 1956/1956/2081 1957/1957/2081 1958/1958/2081
f 1956/1956/2082 1959/1959/2082 1960/1960/2082
f 1961/1961/2083 1956/1956/2083 1962/1962/2083
f 1963/1963/2084 1962/1962/2084 1956/1956/2084
f 1964/1964/2085 1965/1965/2085 1966/1966/2085
f 1967/1967/2086 1968/1968/2086 1969/1969/2086
f 1970/1970/2087 1971/1971/2087 1967/1967/2087
f 1972/1972/2088 1973/1973/2088 1970/1970/2088
f 1974/1974/2089 1975/1975/2089 1971/1971/2089
f 1976/1976/2090 1971/1971/2090 1975/1975/2090
f 1977/1977/2091 1978/1978/2091 1979/1979/2091
f 1980/1980/2092 1981/1981/2092 1982/1982/2092
f 1983/1983/2093 1981/1981/2093 1984/1984/2093
f 1983/1983/2094 1985/1985/2094 1986/1986/2094
f 1987/1987/2095 1988/1988/2095 1989/1989/2095
f 1990/1990/2096 1991/1991/2096 1992/1992/2096
f 1993/1993/2097 1994/1994/2097 1995/1995/2097
f 1996/1996/2098 1995/1995/2098 1994/1994/2098
f 1995/1995/2099 1996/1996/2099 1997/1997/2099
f 1997/1997/2100 1996/1996/2100 1998/1998/2100
f 1991/1991/2101 1998/1998/2101 1996/1996/2101
f 1998/1998/2102 1991/1991/2102 1999/1999/2102
f 2000/2000/2103 2001/2001/2103 2002/2002/2103
f 2003/2003/2104 2002/2002/2104 2001/2001/2104
f 1994/1994/2105 2002/2002/2105 2003/2003/2105
f 2002/2002/2106 1994/1994/2106 2004/2004/2106
f 1991/1991/2107 2005/2005/2107 2006/2006/2107
f 2007/2007/2108 2006/2006/2108 2005/2005/2108
f 2006/2006/2109 2007/2007/2109 2008/2008/2109
f 2008/2008/2110 2007/2007/2110 2009/2009/2110
f 2009/2009/2111 2007/2007/2111 2010/2010/2111
f 2005/2005/2112 2010/2010/2112 2007/2007/2112
f 2005/2005/2113 2011/2011/2113 2012/2012/2113
f 2013/2013/2114 2010/2010/2114 2014/2014/2114
f 2015/2015/2115 2014/2014/2115 2010/2010/2115
f 2014/2014/2116 2015/2015/2116 2016/2016/2116
f 2013/2013/2117 2017/2017/2117 2018/2018/2117
f 2019/2019/2118 2018/2018/2118 2017/2017/2118
f 2018/2018/2119 2019/2019/2119 2020/2020/2119
f 2020/2020/2120 2021/2021/2120 2022/2022/2120
f 2023/2023/2121 2024/2024/2121 2025/2025/2121
f 2026/2026/2122 2027/2027/2122 2028/2028/2122
f 2027/2027/2123 2029/2029/2123 2030/2030/2123
f 2031/2031/2124 2030/2030/2124 2029/2029/2124
f 2031/2031/2125 2032/2032/2125 2033/2033/2125
f 2034/2034/2126 2033/2033/2126 2032/2032/2126
f 2033/2033/2127 2034/2034/2127 2035/2035/2127
f 2036/2036/2128 2028/2028/2128 2037/2037/2128
f 2038/2038/2129 2037/2037/2129 2028/2028/2129
f 2039/2039/2130 2037/2037/2130 2038/2038/2130
f 2037/2037/2131 2039/2039/2131 2040/2040/2131
f 2041/2041/2132 2040/2040/2132 2039/2039/2132
f 2042/2042/2133 2043/2043/2133 2044/2044/2133
f 2045/2045/2134 2046/2046/2134 2047/2047/2134
f 2048/2048/2135 2049/2049/2135 2047/2047/2135
f 2050/2050/2136 2048/2048/2136 2051/2051/2136
f 2052/2052/2137 2051/2051/2137 2048/2048/2137
f 2052/2052/2138 2053/2053/2138 2054/2054/2138
f 2054/2054/2139 2053/2053/2139 2049/2049/2139
f 2055/2055/2140 2049/2049/2140 2053/2053/2140
f 2049/2049/2141 2055/2055/2141 2056/2056/2141
f 2057/2057/2142 2058/2058/2142 2059/2059/2142
f 2060/2060/2143 2061/2061/2143 2062/2062/2143
f 2063/2063/2144 2064/2064/2144 2062/2062/2144
f 2064/2064/2145 2065/2065/2145 2066/2066/2145
f 2067/2067/2146 2062/2062/2146 2068/2068/2146
f 2069/2069/2147 2070/2070/2147 2071/2071/2147
f 2062/2062/2148 2071/2071/2148 2070/2070/2148
f 2072/2072/2149 2069/2069/2149 2073/2073/2149
f 2066/2066/2150 2074/2074/2150 2075/2075/2150
f 2076/2076/2151 2075/2075/2151 2074/2074/2151
f 2077/2077/2152 2078/2078/2152 2079/2079/2152
f 2080/2080/2153 2081/2081/2153 2082/2082/2153
f 2083/2083/2154 2084/2084/2154 2085/2085/2154
f 2086/2086/2155 2087/2087/2155 2088/2088/2155
f 2089/2089/2156 2090/2090/2156 2091/2091/2156
f 2092/2092/2157 2093/2093/2157 2094/2094/2157
f 2094/2094/2158 2095/2095/2158 2096/2096/2158
f 2097/2097/2159 2096/2096/2159 2095/2095/2159
f 2097/2097/2160 2098/2098/2160 2099/2099/2160
f 2100/2100/2161 2099/2099/2161 2098/2098/2161
f 2101/2101/2162 2102/2102/2162 2103/2103/2162
f 2104/2104/2163 2103/2103/2163 2102/2102/2163
f 2103/2103/2164 2104/2104/2164 2100/2100/2164
f 2105/2105/2165 2106/2106/2165 2107/2107/2165
f 2106/2106/2166 2108/2108/2166 2109/2109/2166
f 2110/2110/2167 2109/2109/2167 2108/2108/2167
f 2111/2111/2168 2112/2112/2168 2113/2113/2168
f 2114/2114/2169 2113/2113/2169 2112/2112/2169
f 2113/2113/2170 2114/2114/2170 2115/2115/2170
f 2115/2115/2171 2114/2114/2171 2116/2116/2171
f 2117/2117/2172 2116/2116/2172 2114/2114/2172
f 2116/2116/2173 2117/2117/2173 2109/2109/2173
f 2118/2118/2174 2109/2109/2174 2117/2117/2174
f 2114/2114/2175 2112/2112/2175 2117/2117/2175
f 2119/2119/2176 2120/2120/2176 2121/2121/2176
f 2122/2122/2177 2123/2123/2177 2124/2124/2177
f 2125/2125/2178 2124/2124/2178 2123/2123/2178
f 2126/2126/2179 2127/2127/2179 2128/2128/2179
f 2129/2129/2180 2128/2128/2180 2127/2127/2180
f 2130/2130/2181 2126/2126/2181 2131/2131/2181
f 2131/2131/2182 2126/2126/2182 2132/2132/2182
f 2132/2132/2183 2126/2126/2183 2133/2133/2183
f 2133/2133/2184 2126/2126/2184 2134/2134/2184
f 2128/2128/2185 2134/2134/2185 2126/2126/2185
f 2134/2134/2186 2128/2128/2186 2135/2135/2186
f 2135/2135/2187 2128/2128/2187 2136/2136/2187
f 2129/2129/2188 2136/2136/2188 2128/2128/2188
f 2136/2136/2189 2129/2129/2189 2137/2137/2189
f 2138/2138/2190 2139/2139/2190 2127/2127/2190
f 2139/2139/2191 2138/2138/2191 2140/2140/2191
f 2141/2141/2192 2140/2140/2192 2138/2138/2192
f 2140/2140/2193 2142/2142/2193 2139/2139/2193
f 2143/2143/2194 2139/2139/2194 2142/2142/2194
f 2139/2139/2195 2143/2143/2195 2144/2144/2195
f 2145/2145/2196 2146/2146/2196 2147/2147/2196
f 2148/2148/2197 2149/2149/2197 2150/2150/2197
f 2148/2148/2198 2151/2151/2198 2152/2152/2198
f 2153/2153/2199 2154/2154/2199 2155/2155/2199
f 2155/2155/2200 2156/2156/2200 2157/2157/2200
f 2158/2158/2201 2159/2159/2201 2160/2160/2201
f 2161/2161/2202 2162/2162/2202 2163/2163/2202
f 2164/2164/2203 2165/2165/2203 2166/2166/2203
f 2167/2167/2204 2166/2166/2204 2165/2165/2204
f 2168/2168/2205 2169/2169/2205 2170/2170/2205
f 2171/2171/2206 2170/2170/2206 2169/2169/2206
f 2170/2170/2207 2171/2171/2207 2172/2172/2207
f 2173/2173/2208 2172/2172/2208 2171/2171/2208
f 2174/2174/2209 2175/2175/2209 2169/2169/2209
f 2175/2175/2210 2174/2174/2210 2176/2176/2210
f 2177/2177/2211 2176/2176/2211 2174/2174/2211
f 2176/2176/2212 2177/2177/2212 2178/2178/2212
f 2178/2178/2213 2177/2177/2213 2179/2179/2213
f 2180/2180/2214 2179/2179/2214 2177/2177/2214
f 2179/2179/2215 2180/2180/2215 2181/2181/2215
f 2182/2182/2216 2181/2181/2216 2180/2180/2216
f 2183/2183/2217 2181/2181/2217 2182/2182/2217
f 2184/2184/2218 2183/2183/2218 2185/2185/2218
f 2182/2182/2219 2185/2185/2219 2183/2183/2219
f 2185/2185/2220 2182/2182/2220 2186/2186/2220
f 2180/2180/2221 2186/2186/2221 2182/2182/2221
f 2186/2186/2222 2180/2180/2222 2187/2187/2222
f 2177/2177/2223 2187/2187/2224 2180/2180/2225
f 2187/2187/2224 2177/2177/2223 2188/2188/2226
f 2174/2174/2227 2188/2188/2227 2177/2177/2227
f 2188/2188/2228 2174/2174/2228 2189/2189/2228
f 2169/2169/2229 2189/2189/2229 2174/2174/2229
f 2190/2190/2230 2189/2189/2230 2169/2169/2230
f 2191/2191/2231 2189/2189/2231 2190/2190/2231
f 2189/2189/2232 2191/2191/2232 2188/2188/2232
f 2192/2192/2233 2188/2188/2233 2191/2191/2233
f 2185/2185/2234 2193/2193/2234 2184/2184/2234
f 2193/2193/2235 2185/2185/2235 2194/2194/2235
f 2186/2186/2236 2194/2194/2236 2185/2185/2236
f 2194/2194/2237 2186/2186/2237 2195/2195/2237
f 2195/2195/2238 2186/2186/2238 2196/2196/2238
f 2187/2187/2239 2196/2196/2239 2186/2186/2239
f 2196/2196/2240 2187/2187/2240 2197/2197/2240
f 2188/2188/2241 2197/2197/2241 2187/2187/2241
f 2192/2192/2242 2197/2197/2242 2188/2188/2242
f 2198/2198/2243 2199/2199/2243 2200/2200/2243
f 2201/2201/2244 2200/2200/2244 2199/2199/2244
f 2200/2200/2245 2201/2201/2245 2202/2202/2245
f 2202/2202/2246 2201/2201/2246 2203/2203/2246
f 2204/2204/2247 2203/2203/2247 2201/2201/2247
f 2205/2205/2248 2206/2206/2248 2207/2207/2248
f 2206/2206/2249 2208/2208/2249 2209/2209/2249
f 2210/2210/2250 2209/2209/2250 2208/2208/2250
f 2209/2209/2251 2210/2210/2251 2211/2211/2251
f 2212/2212/2252 2211/2211/2252 2210/2210/2252
f 2213/2213/2253 2211/2211/2253 2212/2212/2253
f 2211/2211/2254 2213/2213/2254 2214/2214/2254
f 2214/2214/2255 2213/2213/2255 2215/2215/2255
f 2215/2215/2256 2213/2213/2256 2216/2216/2256
f 2216/2216/2257 2213/2213/2257 2217/2217/2257
f 2212/2212/2258 2217/2217/2258 2213/2213/2258
f 2210/2210/2259 2217/2217/2259 2212/2212/2259
f 2217/2217/2260 2210/2210/2260 2208/2208/2260
f 2218/2218/2261 2219/2219/2261 2220/2220/2261
f 2221/2221/2262 2222/2222/2262 2223/2223/2262
f 2224/2224/2263 2225/2225/2263 2226/2226/2263
f 2227/2227/2264 2226/2226/2264 2225/2225/2264
f 2228/2228/2265 2229/2229/2265 2230/2230/2265
f 2231/2231/2266 2230/2230/2266 2229/2229/2266
f 2232/2232/2267 2233/2233/2267 2234/2234/2267
f 2235/2235/2268 2234/2234/2268 2233/2233/2268
f 2236/2236/2269 2237/2237/2269 2238/2238/2269
f 2239/2239/2270 2238/2238/2270 2237/2237/2270
f 2238/2238/2271 2239/2239/2271 2240/2240/2271
f 2241/2241/2272 2242/2242/2272 2243/2243/2272
f 2244/2244/2273 2243/2243/2273 2242/2242/2273
f 2243/2243/2274 2244/2244/2274 2245/2245/2274
f 2246/2246/2275 2247/2247/2275 2248/2248/2275
f 2248/2248/2276 2247/2247/2276 2249/2249/2276
f 2250/2250/2277 2249/2249/2277 2247/2247/2277
f 2251/2251/2278 2249/2249/2278 2250/2250/2278
f 2249/2249/2279 2251/2251/2279 2252/2252/2279
f 2253/2253/2280 2252/2252/2280 2251/2251/2280
f 2252/2252/2281 2253/2253/2281 2254/2254/2281
f 2255/2255/2282 2254/2254/2282 2253/2253/2282
f 2254/2254/2283 2255/2255/2283 2256/2256/2283
f 2245/2245/2284 2256/2256/2284 2255/2255/2284
f 2256/2256/2285 2245/2245/2285 2257/2257/2285
f 2258/2258/2286 2259/2259/2286 2260/2260/2286
f 2261/2261/2287 2262/2262/2287 2263/2263/2287
f 2260/2260/2288 2263/2263/2288 2262/2262/2288
f 2263/2263/2289 2260/2260/2290 2264/2264/2291
f 2265/2265/2292 2264/2264/2291 2260/2260/2290
f 2264/2264/2293 2265/2265/2293 2266/2266/2293
f 2267/2267/2294 2266/2266/2294 2265/2265/2294
f 2268/2268/2295 2266/2266/2295 2267/2267/2295
f 2269/2269/2296 2266/2266/2296 2268/2268/2296
f 2266/2266/2297 2269/2269/2298 2264/2264/2299
f 2264/2264/2299 2269/2269/2298 2263/2263/2300
f 2270/2270/2301 2263/2263/2302 2269/2269/2303
f 2263/2263/2302 2270/2270/2301 2261/2261/2304
f 2271/2271/2305 2272/2272/2305 2273/2273/2305
f 2273/2273/2306 2272/2272/2306 2274/2274/2306
f 2274/2274/2307 2272/2272/2307 2275/2275/2307
f 2276/2276/2308 2275/2275/2308 2272/2272/2308
f 2267/2267/2309 2275/2275/2309 2276/2276/2309
f 2277/2277/2310 2275/2275/2310 2267/2267/2310
f 2275/2275/2311 2277/2277/2312 2278/2278/2313
f 2279/2279/2314 2278/2278/2313 2277/2277/2312
f 2280/2280/2315 2278/2278/2315 2279/2279/2315
f 2278/2278/2316 2280/2280/2316 2281/2281/2316
f 2282/2282/2317 2281/2281/2317 2280/2280/2317
f 2283/2283/2318 2281/2281/2318 2282/2282/2318
f 2281/2281/2319 2283/2283/2320 2284/2284/2321
f 2285/2285/2322 2284/2284/2323 2283/2283/2324
f 2275/2275/2325 2278/2278/2325 2274/2274/2325
f 2281/2281/2326 2274/2274/2326 2278/2278/2326
f 2274/2274/2327 2281/2281/2319 2284/2284/2321
f 2284/2284/2328 2285/2285/2328 2286/2286/2328
f 2287/2287/2329 2286/2286/2329 2285/2285/2329
f 2286/2286/2330 2287/2287/2331 2288/2288/2332
f 2289/2289/2333 2290/2290/2333 2291/2291/2333
f 2291/2291/2334 2290/2290/2334 2292/2292/2334
f 2288/2288/2335 2292/2292/2335 2290/2290/2335
f 2287/2287/2331 2292/2292/2336 2288/2288/2332
f 2292/2292/2337 2287/2287/2337 2293/2293/2337
f 2293/2293/2338 2287/2287/2338 2294/2294/2338
f 2285/2285/2339 2294/2294/2339 2287/2287/2339
f 2294/2294/2340 2285/2285/2340 2295/2295/2340
f 2283/2283/2324 2295/2295/2341 2285/2285/2322
f 2295/2295/2342 2283/2283/2342 2296/2296/2342
f 2297/2297/2343 2298/2298/2343 2299/2299/2343
f 2300/2300/2344 2301/2301/2344 2302/2302/2344
f 2303/2303/2345 2302/2302/2345 2301/2301/2345
f 2302/2302/2346 2303/2303/2346 2304/2304/2346
f 2305/2305/2347 2304/2304/2347 2303/2303/2347
f 2304/2304/2348 2305/2305/2348 2306/2306/2348
f 2306/2306/2349 2305/2305/2349 2307/2307/2349
f 2308/2308/2350 2307/2307/2350 2305/2305/2350
f 2309/2309/2351 2307/2307/2351 2308/2308/2351
f 2307/2307/2352 2309/2309/2352 2310/2310/2352
f 2311/2311/2353 2310/2310/2353 2309/2309/2353
f 2310/2310/2354 2311/2311/2354 2312/2312/2354
f 2312/2312/2355 2311/2311/2355 2313/2313/2355
f 2314/2314/2356 2313/2313/2356 2311/2311/2356
f 2313/2313/2357 2314/2314/2357 2315/2315/2357
f 2316/2316/2358 2315/2315/2358 2314/2314/2358
f 2315/2315/2359 2317/2317/2359 2313/2313/2359
f 2313/2313/2360 2317/2317/2361 2312/2312/2362
f 2318/2318/2363 2312/2312/2362 2317/2317/2361
f 2312/2312/2364 2318/2318/2364 2310/2310/2364
f 2319/2319/2365 2310/2310/2365 2318/2318/2365
f 2310/2310/2366 2319/2319/2366 2307/2307/2366
f 2307/2307/2367 2319/2319/2367 2320/2320/2367
f 2318/2318/2368 2320/2320/2368 2319/2319/2368
f 2320/2320/2369 2318/2318/2370 2321/2321/2371
f 2321/2321/2371 2318/2318/2370 2322/2322/2372
f 2317/2317/2373 2322/2322/2373 2318/2318/2373
f 2322/2322/2374 2317/2317/2374 2323/2323/2374
f 2324/2324/2375 2323/2323/2375 2317/2317/2375
f 2323/2323/2376 2324/2324/2377 2325/2325/2378
f 2317/2317/2379 2315/2315/2379 2324/2324/2379
f 2326/2326/2380 2324/2324/2380 2315/2315/2380
f 2324/2324/2377 2326/2326/2381 2325/2325/2378
f 2327/2327/2382 2325/2325/2383 2326/2326/2384
f 2325/2325/2383 2327/2327/2382 2328/2328/2385
f 2329/2329/2386 2328/2328/2386 2327/2327/2386
f 2328/2328/2387 2329/2329/2387 2330/2330/2387
f 2330/2330/2388 2329/2329/2388 2331/2331/2388
f 2331/2331/2389 2329/2329/2390 2332/2332/2391
f 2332/2332/2391 2329/2329/2390 2333/2333/2392
f 2327/2327/2393 2333/2333/2393 2329/2329/2393
f 2333/2333/2394 2327/2327/2394 2334/2334/2394
f 2326/2326/2395 2334/2334/2395 2327/2327/2395
f 2335/2335/2396 2334/2334/2396 2326/2326/2396
f 2323/2323/2397 2325/2325/2397 2336/2336/2397
f 2336/2336/2398 2325/2325/2398 2337/2337/2398
f 2328/2328/2399 2337/2337/2399 2325/2325/2399
f 2338/2338/2400 2339/2339/2400 2340/2340/2400
f 2341/2341/2401 2340/2340/2402 2339/2339/2403
f 2340/2340/2402 2341/2341/2401 2342/2342/2404
f 2342/2342/2405 2341/2341/2405 2331/2331/2405
f 2331/2331/2406 2341/2341/2406 2330/2330/2406
f 2330/2330/2407 2341/2341/2407 2343/2343/2407
f 2339/2339/2408 2343/2343/2408 2341/2341/2408
f 2337/2337/2409 2344/2344/2409 2336/2336/2409
f 2345/2345/2410 2336/2336/2410 2344/2344/2410
f 2346/2346/2411 2336/2336/2412 2345/2345/2413
f 2336/2336/2412 2346/2346/2411 2323/2323/2414
f 2347/2347/2415 2323/2323/2415 2346/2346/2415
f 2323/2323/2416 2347/2347/2416 2322/2322/2416
f 2348/2348/2417 2322/2322/2417 2347/2347/2417
f 2322/2322/2418 2348/2348/2418 2321/2321/2418
f 2349/2349/2419 2321/2321/2419 2348/2348/2419
f 2347/2347/2420 2346/2346/2420 2350/2350/2420
f 2350/2350/2421 2346/2346/2421 2351/2351/2421
f 2351/2351/2422 2346/2346/2422 2352/2352/2422
f 2345/2345/2423 2352/2352/2423 2346/2346/2423
f 2352/2352/2424 2345/2345/2425 2353/2353/2426
f 2344/2344/2427 2353/2353/2427 2345/2345/2427
f 2354/2354/2428 2353/2353/2428 2344/2344/2428
f 2353/2353/2426 2354/2354/2429 2355/2355/2430
f 2356/2356/2431 2355/2355/2430 2354/2354/2429
f 2357/2357/2432 2355/2355/2432 2356/2356/2432
f 2358/2358/2433 2355/2355/2433 2357/2357/2433
f 2352/2352/2434 2355/2355/2434 2358/2358/2434
f 2355/2355/2430 2352/2352/2424 2353/2353/2426
f 2359/2359/2435 2360/2360/2435 2361/2361/2435
f 2362/2362/2436 2361/2361/2436 2360/2360/2436
f 2363/2363/2437 2364/2364/2437 2365/2365/2437
f 2366/2366/2438 2365/2365/2438 2364/2364/2438
f 2367/2367/2439 2364/2364/2439 2368/2368/2439
f 2368/2368/2440 2364/2364/2440 2369/2369/2440
f 2363/2363/2441 2369/2369/2441 2364/2364/2441
f 2369/2369/2442 2363/2363/2442 2370/2370/2442
f 2371/2371/2443 2370/2370/2443 2363/2363/2443
f 2372/2372/2444 2370/2370/2444 2371/2371/2444
f 2370/2370/2445 2372/2372/2445 2373/2373/2445
f 2374/2374/2446 2369/2369/2446 2375/2375/2446
f 2370/2370/2447 2375/2375/2447 2369/2369/2447
f 2373/2373/2448 2375/2375/2448 2370/2370/2448
f 2375/2375/2449 2373/2373/2449 2376/2376/2449
f 2371/2371/2450 2377/2377/2450 2378/2378/2450
f 2378/2378/2451 2377/2377/2451 2379/2379/2451
f 2380/2380/2452 2379/2379/2452 2377/2377/2452
f 2379/2379/2453 2380/2380/2453 2381/2381/2453
f 2382/2382/2454 2381/2381/2455 2380/2380/2456
f 2381/2381/2457 2382/2382/2457 2383/2383/2457
f 2383/2383/2458 2382/2382/2458 2384/2384/2458
f 2384/2384/2459 2382/2382/2459 2385/2385/2459
f 2385/2385/2460 2382/2382/2460 2386/2386/2460
f 2380/2380/2456 2386/2386/2461 2382/2382/2454
f 2387/2387/2462 2383/2383/2462 2388/2388/2462
f 2384/2384/2463 2388/2388/2463 2383/2383/2463
f 2389/2389/2464 2388/2388/2464 2384/2384/2464
f 2388/2388/2465 2389/2389/2465 2390/2390/2465
f 2391/2391/2466 2392/2392/2466 2393/2393/2466
f 2394/2394/2467 2393/2393/2467 2392/2392/2467
f 2393/2393/2468 2394/2394/2468 2395/2395/2468
f 2395/2395/2469 2394/2394/2469 2396/2396/2469
f 2396/2396/2470 2394/2394/2470 2397/2397/2470
f 2392/2392/2471 2397/2397/2471 2394/2394/2471
f 2397/2397/2472 2392/2392/2472 2398/2398/2472
f 2390/2390/2473 2398/2398/2473 2392/2392/2473
f 2399/2399/2474 2400/2400/2474 2401/2401/2474
f 2402/2402/2475 2401/2401/2475 2400/2400/2475
f 2401/2401/2476 2402/2402/2476 2403/2403/2476
f 2391/2391/2477 2403/2403/2477 2402/2402/2477
f 2393/2393/2478 2403/2403/2478 2391/2391/2478
f 2395/2395/2479 2403/2403/2479 2393/2393/2479
f 2404/2404/2480 2403/2403/2480 2395/2395/2480
f 2405/2405/2481 2403/2403/2481 2404/2404/2481
f 2406/2406/2482 2403/2403/2482 2405/2405/2482
f 2403/2403/2483 2406/2406/2483 2401/2401/2483
f 2407/2407/2484 2401/2401/2484 2406/2406/2484
f 2408/2408/2485 2401/2401/2485 2407/2407/2485
f 2401/2401/2486 2408/2408/2487 2399/2399/2488
f 2409/2409/2489 2399/2399/2488 2408/2408/2487
f 2410/2410/2490 2400/2400/2490 2411/2411/2490
f 2411/2411/2491 2400/2400/2491 2412/2412/2491
f 2399/2399/2492 2412/2412/2492 2400/2400/2492
f 2409/2409/2493 2412/2412/2493 2399/2399/2493
f 2412/2412/2494 2409/2409/2494 2413/2413/2494
f 2414/2414/2495 2410/2410/2495 2415/2415/2495
f 2411/2411/2496 2415/2415/2496 2410/2410/2496
f 2415/2415/2497 2411/2411/2497 2416/2416/2497
f 2416/2416/2498 2411/2411/2498 2417/2417/2498
f 2412/2412/2499 2417/2417/2499 2411/2411/2499
f 2417/2417/2500 2412/2412/2500 2418/2418/2500
f 2418/2418/2501 2412/2412/2501 2419/2419/2501
f 2413/2413/2502 2419/2419/2502 2412/2412/2502
f 2419/2419/2503 2413/2413/2503 2420/2420/2503
f 2421/2421/2504 2420/2420/2504 2413/2413/2504
f 2422/2422/2505 2420/2420/2505 2421/2421/2505
f 2420/2420/2506 2422/2422/2506 2423/2423/2506
f 2424/2424/2507 2423/2423/2507 2422/2422/2507
f 2423/2423/2508 2424/2424/2508 2425/2425/2508
f 2425/2425/2509 2424/2424/2509 2426/2426/2509
f 2426/2426/2510 2424/2424/2510 2427/2427/2510
f 2427/2427/2511 2424/2424/2511 2428/2428/2511
f 2422/2422/2512 2428/2428/2512 2424/2424/2512
f 2271/2271/2513 2429/2429/2513 2430/2430/2513
f 2431/2431/2514 2430/2430/2514 2429/2429/2514
f 2430/2430/2515 2431/2431/2515 2432/2432/2515
f 2433/2433/2516 2434/2434/2516 2435/2435/2516
f 2436/2436/2517 2435/2435/2517 2434/2434/2517
f 2435/2435/2518 2436/2436/2518 2437/2437/2518
f 2437/2437/2519 2438/2438/2519 2439/2439/2519
f 2440/2440/2520 2439/2439/2520 2438/2438/2520
f 2441/2441/2521 2439/2439/2521 2440/2440/2521
f 2439/2439/2522 2441/2441/2522 2442/2442/2522
f 2443/2443/2523 2442/2442/2523 2441/2441/2523
f 2442/2442/2524 2443/2443/2524 2444/2444/2524
f 2444/2444/2525 2443/2443/2525 2445/2445/2525
f 2445/2445/2526 2443/2443/2526 2446/2446/2526
f 2447/2447/2527 2446/2446/2528 2443/2443/2529
f 2446/2446/2530 2447/2447/2530 2448/2448/2530
f 2449/2449/2531 2448/2448/2531 2447/2447/2531
f 2448/2448/2532 2449/2449/2533 2450/2450/2534
f 2451/2451/2535 2450/2450/2534 2449/2449/2533
f 2450/2450/2536 2451/2451/2536 2452/2452/2536
f 2453/2453/2537 2440/2440/2537 2454/2454/2537
f 2440/2440/2538 2453/2453/2538 2441/2441/2538
f 2455/2455/2539 2441/2441/2539 2453/2453/2539
f 2441/2441/2540 2455/2455/2540 2443/2443/2540
f 2443/2443/2529 2455/2455/2541 2447/2447/2527
f 2456/2456/2542 2447/2447/2542 2455/2455/2542
f 2447/2447/2543 2456/2456/2543 2449/2449/2543
f 2457/2457/2544 2449/2449/2544 2456/2456/2544
f 2449/2449/2545 2457/2457/2545 2451/2451/2545
f 2458/2458/2546 2451/2451/2546 2457/2457/2546
f 2448/2448/2547 2459/2459/2547 2446/2446/2547
f 2446/2446/2548 2459/2459/2548 2445/2445/2548
f 2445/2445/2549 2459/2459/2549 2460/2460/2549
f 2460/2460/2550 2459/2459/2550 2461/2461/2550
f 2462/2462/2551 2461/2461/2551 2459/2459/2551
f 2461/2461/2552 2462/2462/2552 2463/2463/2552
f 2464/2464/2553 2465/2465/2553 2452/2452/2553
f 2465/2465/2554 2464/2464/2554 2466/2466/2554
f 2466/2466/2555 2464/2464/2555 2467/2467/2555
f 2468/2468/2556 2467/2467/2556 2464/2464/2556
f 2467/2467/2557 2468/2468/2558 2469/2469/2559
f 2470/2470/2560 2469/2469/2559 2468/2468/2558
f 2471/2471/2561 2469/2469/2561 2470/2470/2561
f 2466/2466/2562 2472/2472/2562 2465/2465/2562
f 2473/2473/2563 2465/2465/2563 2472/2472/2563
f 2465/2465/2564 2473/2473/2564 2474/2474/2564
f 2475/2475/2565 2474/2474/2565 2473/2473/2565
f 2474/2474/2566 2475/2475/2566 2476/2476/2566
f 2477/2477/2567 2478/2478/2567 2479/2479/2567
f 2480/2480/2568 2479/2479/2568 2478/2478/2568
f 2481/2481/2569 2479/2479/2569 2480/2480/2569
f 2479/2479/2570 2481/2481/2570 2482/2482/2570
f 2483/2483/2571 2484/2484/2571 2485/2485/2571
f 2486/2486/2572 2485/2485/2572 2484/2484/2572
f 2478/2478/2573 2485/2485/2573 2486/2486/2573
f 2485/2485/2574 2478/2478/2574 2487/2487/2574
f 2488/2488/2575 2489/2489/2575 2490/2490/2575
f 2489/2489/2576 2488/2488/2576 2477/2477/2576
f 2491/2491/2577 2477/2477/2577 2488/2488/2577
f 2477/2477/2578 2491/2491/2578 2492/2492/2578
f 2492/2492/2579 2491/2491/2579 2493/2493/2579
f 2494/2494/2580 2493/2493/2580 2491/2491/2580
f 2495/2495/2581 2496/2496/2581 2483/2483/2581
f 2496/2496/2582 2495/2495/2582 2497/2497/2582
f 2498/2498/2583 2497/2497/2583 2495/2495/2583
f 2497/2497/2584 2498/2498/2584 2499/2499/2584
f 2500/2500/2585 2499/2499/2585 2498/2498/2585
f 2499/2499/2586 2500/2500/2586 2501/2501/2586
f 2502/2502/2587 2501/2501/2587 2500/2500/2587
f 2503/2503/2588 2496/2496/2588 2497/2497/2588
f 2496/2496/2589 2503/2503/2589 2480/2480/2589
f 2480/2480/2590 2503/2503/2591 2504/2504/2592
f 2505/2505/2593 2504/2504/2592 2503/2503/2591
f 2504/2504/2594 2505/2505/2594 2506/2506/2594
f 2506/2506/2595 2505/2505/2595 2507/2507/2595
f 2507/2507/2596 2505/2505/2596 2508/2508/2596
f 2503/2503/2597 2508/2508/2597 2505/2505/2597
f 2508/2508/2598 2503/2503/2598 2509/2509/2598
f 2509/2509/2599 2503/2503/2599 2499/2499/2599
f 2497/2497/2600 2499/2499/2600 2503/2503/2600
f 2510/2510/2601 2499/2499/2601 2501/2501/2601
f 2499/2499/2602 2510/2510/2602 2509/2509/2602
f 2511/2511/2603 2509/2509/2603 2510/2510/2603
f 2512/2512/2604 2509/2509/2604 2511/2511/2604
f 2513/2513/2605 2509/2509/2605 2512/2512/2605
f 2508/2508/2606 2509/2509/2606 2513/2513/2606
f 2514/2514/2607 2508/2508/2607 2513/2513/2607
f 2508/2508/2608 2514/2514/2608 2507/2507/2608
f 2507/2507/2609 2514/2514/2609 2515/2515/2609
f 2516/2516/2610 2515/2515/2611 2514/2514/2612
f 2517/2517/2613 2515/2515/2611 2516/2516/2610
f 2515/2515/2614 2517/2517/2615 2518/2518/2616
f 2519/2519/2617 2518/2518/2616 2517/2517/2615
f 2520/2520/2618 2518/2518/2618 2519/2519/2618
f 2518/2518/2619 2520/2520/2619 2515/2515/2619
f 2515/2515/2620 2520/2520/2620 2521/2521/2620
f 2522/2522/2621 2521/2521/2621 2520/2520/2621
f 2521/2521/2622 2522/2522/2622 2523/2523/2622
f 2524/2524/2623 2523/2523/2623 2522/2522/2623
f 2525/2525/2624 2523/2523/2624 2524/2524/2624
f 2526/2526/2625 2523/2523/2625 2527/2527/2625
f 2523/2523/2626 2526/2526/2626 2521/2521/2626
f 2528/2528/2627 2521/2521/2627 2526/2526/2627
f 2521/2521/2628 2528/2528/2628 2515/2515/2628
f 2515/2515/2629 2528/2528/2629 2507/2507/2629
f 2526/2526/2630 2507/2507/2630 2528/2528/2630
f 2507/2507/2631 2526/2526/2631 2506/2506/2631
f 2527/2527/2632 2506/2506/2632 2526/2526/2632
f 2529/2529/2633 2530/2530/2633 2531/2531/2633
f 2532/2532/2634 2531/2531/2634 2530/2530/2634
f 2531/2531/2635 2532/2532/2635 2533/2533/2635
f 2534/2534/2636 2535/2535/2636 2536/2536/2636
f 2537/2537/2637 2536/2536/2637 2535/2535/2637
f 2536/2536/2638 2537/2537/2638 2538/2538/2638
f 2539/2539/2639 2538/2538/2639 2537/2537/2639
f 2538/2538/2640 2539/2539/2640 2540/2540/2640
f 2532/2532/2641 2540/2540/2641 2539/2539/2641
f 2530/2530/2642 2540/2540/2642 2532/2532/2642
f 2540/2540/2643 2530/2530/2643 2541/2541/2643
f 2529/2529/2644 2541/2541/2644 2530/2530/2644
f 2541/2541/2645 2529/2529/2645 2542/2542/2645
f 2543/2543/2646 2544/2544/2646 2545/2545/2646
f 2533/2533/2647 2545/2545/2647 2544/2544/2647
f 2532/2532/2648 2545/2545/2648 2533/2533/2648
f 2539/2539/2649 2545/2545/2649 2532/2532/2649
f 2545/2545/2650 2539/2539/2650 2546/2546/2650
f 2537/2537/2651 2546/2546/2652 2539/2539/2653
f 2546/2546/2652 2537/2537/2651 2547/2547/2654
f 2535/2535/2655 2547/2547/2655 2537/2537/2655
f 2547/2547/2656 2535/2535/2656 2548/2548/2656
f 2549/2549/2657 2548/2548/2657 2535/2535/2657
f 2548/2548/2658 2549/2549/2658 2550/2550/2658
f 2551/2551/2659 2550/2550/2659 2549/2549/2659
f 2550/2550/2660 2551/2551/2660 2552/2552/2660
f 2553/2553/2661 2552/2552/2661 2551/2551/2661
f 2554/2554/2662 2546/2546/2663 2555/2555/2664
f 2547/2547/2665 2555/2555/2664 2546/2546/2663
f 2548/2548/2666 2555/2555/2666 2547/2547/2666
f 2555/2555/2667 2548/2548/2668 2556/2556/2669
f 2550/2550/2670 2556/2556/2669 2548/2548/2668
f 2556/2556/2671 2550/2550/2671 2552/2552/2671
f 2545/2545/2672 2546/2546/2673 2543/2543/2674
f 2543/2543/2674 2546/2546/2673 2557/2557/2675
f 2554/2554/2676 2557/2557/2676 2546/2546/2676
f 2557/2557/2677 2554/2554/2677 2558/2558/2677
f 2544/2544/2678 2543/2543/2678 2559/2559/2678
f 2560/2560/2679 2559/2559/2679 2543/2543/2679
f 2559/2559/2680 2560/2560/2680 2561/2561/2680
f 2562/2562/2681 2561/2561/2681 2560/2560/2681
f 2561/2561/2682 2562/2562/2682 2563/2563/2682
f 2563/2563/2683 2562/2562/2683 2564/2564/2683
f 2564/2564/2684 2562/2562/2684 2565/2565/2684
f 2560/2560/2685 2565/2565/2685 2562/2562/2685
f 2543/2543/2686 2565/2565/2686 2560/2560/2686
f 2557/2557/2687 2565/2565/2687 2543/2543/2687
f 2558/2558/2688 2565/2565/2688 2557/2557/2688
f 2566/2566/2689 2565/2565/2689 2558/2558/2689
f 2565/2565/2690 2566/2566/2690 2567/2567/2690
f 2304/2304/2691 2306/2306/2692 2568/2568/2693
f 2568/2568/2693 2306/2306/2692 2569/2569/2694
f 2307/2307/2695 2569/2569/2695 2306/2306/2695
f 2569/2569/2696 2307/2307/2696 2320/2320/2696
f 2570/2570/2697 2571/2571/2698 2572/2572/2699
f 2573/2573/2700 2572/2572/2699 2571/2571/2698
f 2572/2572/2701 2573/2573/2701 2574/2574/2701
f 2574/2574/2702 2573/2573/2702 2575/2575/2702
f 2575/2575/2703 2573/2573/2703 2576/2576/2703
f 2577/2577/2704 2576/2576/2704 2573/2573/2704
f 2578/2578/2705 2579/2579/2705 2580/2580/2705
f 2580/2580/2706 2579/2579/2706 2581/2581/2706
f 2582/2582/2707 2581/2581/2707 2579/2579/2707
f 2583/2583/2708 2581/2581/2708 2582/2582/2708
f 2581/2581/2709 2583/2583/2709 2584/2584/2709
f 2585/2585/2710 2584/2584/2710 2583/2583/2710
f 2584/2584/2711 2585/2585/2711 2586/2586/2711
f 2586/2586/2712 2585/2585/2712 2587/2587/2712
f 2574/2574/2713 2587/2587/2713 2585/2585/2713
f 2587/2587/2714 2574/2574/2714 2588/2588/2714
f 2589/2589/2715 2582/2582/2715 2590/2590/2715
f 2579/2579/2716 2590/2590/2716 2582/2582/2716
f 2590/2590/2717 2579/2579/2717 2591/2591/2717
f 2578/2578/2718 2591/2591/2718 2579/2579/2718
f 2591/2591/2719 2578/2578/2719 2592/2592/2719
f 2510/2510/2720 2593/2593/2720 2594/2594/2720
f 2595/2595/2721 2594/2594/2721 2593/2593/2721
f 2596/2596/2722 2594/2594/2722 2595/2595/2722
f 2597/2597/2723 2594/2594/2723 2596/2596/2723
f 2511/2511/2724 2594/2594/2724 2597/2597/2724
f 2594/2594/2725 2511/2511/2725 2510/2510/2725
f 2598/2598/2726 2599/2599/2726 2600/2600/2726
f 2601/2601/2727 2602/2602/2727 2603/2603/2727
f 2604/2604/2728 2605/2605/2728 2606/2606/2728
f 2607/2607/2729 2608/2608/2729 2609/2609/2729
f 2610/2610/2730 2611/2611/2730 2609/2609/2730
f 2609/2609/2731 2611/2611/2731 2607/2607/2731
f 2612/2612/2732 2607/2607/2732 2611/2611/2732
f 2613/2613/2733 2614/2614/2733 2615/2615/2733
f 2616/2616/2734 2615/2615/2734 2614/2614/2734
f 2617/2617/2735 2618/2618/2735 2619/2619/2735
f 2620/2620/2736 2619/2619/2736 2618/2618/2736
f 2621/2621/2737 2622/2622/2738 2623/2623/2739
f 2619/2619/2740 2623/2623/2739 2622/2622/2738
f 2623/2623/2741 2619/2619/2741 2624/2624/2741
f 2625/2625/2742 2624/2624/2742 2619/2619/2742
f 2626/2626/2743 2627/2627/2744 2628/2628/2745
f 2625/2625/2746 2628/2628/2745 2627/2627/2744
f 2628/2628/2747 2625/2625/2747 2629/2629/2747
f 2630/2630/2748 2631/2631/2748 2632/2632/2748
f 2633/2633/2749 2632/2632/2749 2631/2631/2749
f 2634/2634/2750 2635/2635/2750 2636/2636/2750
f 2637/2637/2751 2636/2636/2751 2635/2635/2751
f 2638/2638/2752 2639/2639/2752 2640/2640/2752
f 2641/2641/2753 2640/2640/2753 2639/2639/2753
f 2642/2642/2754 2643/2643/2754 2644/2644/2754
f 2645/2645/2755 2644/2644/2755 2643/2643/2755
f 2646/2646/2756 2647/2647/2756 2648/2648/2756
f 2649/2649/2757 2648/2648/2757 2647/2647/2757
f 2645/2645/2758 2648/2648/2758 2649/2649/2758
f 2643/2643/2759 2648/2648/2759 2645/2645/2759
f 2648/2648/2760 2643/2643/2760 2650/2650/2760
f 2651/2651/2761 2652/2652/2761 2653/2653/2761
f 2654/2654/2762 2653/2653/2762 2652/2652/2762
f 2653/2653/2763 2654/2654/2763 2655/2655/2763
f 2656/2656/2764 2657/2657/2764 2658/2658/2764
f 2659/2659/2765 2658/2658/2765 2657/2657/2765
f 2658/2658/2766 2659/2659/2766 2660/2660/2766
f 2661/2661/2767 2656/2656/2767 2662/2662/2767
f 2658/2658/2768 2662/2662/2768 2656/2656/2768
f 2662/2662/2769 2658/2658/2769 2663/2663/2769
f 2664/2664/2770 2665/2665/2770 2666/2666/2770
f 2666/2666/2771 2665/2665/2771 2667/2667/2771
f 2668/2668/2772 2667/2667/2772 2665/2665/2772
f 2667/2667/2773 2668/2668/2773 2669/2669/2773
f 2670/2670/2774 2671/2671/2774 2672/2672/2774
f 2673/2673/2775 2672/2672/2775 2671/2671/2775
f 2674/2674/2776 2672/2672/2776 2673/2673/2776
f 2672/2672/2777 2674/2674/2777 2675/2675/2777
f 2676/2676/2778 2677/2677/2778 2678/2678/2778
f 2679/2679/2779 2678/2678/2779 2677/2677/2779
f 2678/2678/2780 2679/2679/2780 2680/2680/2780
f 2680/2680/2781 2679/2679/2781 2681/2681/2781
f 2682/2682/2782 2681/2681/2782 2679/2679/2782
f 2683/2683/2783 2684/2684/2783 2685/2685/2783
f 2686/2686/2784 2685/2685/2784 2684/2684/2784
f 2685/2685/2785 2686/2686/2785 2687/2687/2785
f 2688/2688/2786 2687/2687/2786 2686/2686/2786
f 2687/2687/2787 2688/2688/2787 2689/2689/2787
f 2690/2690/2788 2691/2691/2788 2692/2692/2788
f 2692/2692/2789 2691/2691/2789 2693/2693/2789
f 2693/2693/2790 2691/2691/2790 2694/2694/2790
f 2694/2694/2791 2691/2691/2791 2695/2695/2791
f 2696/2696/2792 2695/2695/2792 2691/2691/2792
f 2695/2695/2793 2696/2696/2793 2697/2697/2793
f 2698/2698/2794 2699/2699/2794 2700/2700/2794
f 2701/2701/2795 2700/2700/2796 2699/2699/2795
f 2700/2700/2797 2701/2701/2797 2702/2702/2797
f 2702/2702/2798 2701/2701/2798 2703/2703/2798
f 2703/2703/2799 2701/2701/2799 2704/2704/2799
f 2699/2699/2795 2704/2704/2800 2701/2701/2795
f 2705/2705/2801 2706/2706/2801 2707/2707/2801
f 2708/2708/2802 2709/2709/2802 2710/2710/2802
f 2711/2711/2803 2709/2709/2803 2712/2712/2803
f 2713/2713/2804 2712/2712/2804 2709/2709/2804
f 2714/2714/2805 2709/2709/2805 2715/2715/2805
f 2711/2711/2806 2715/2715/2807 2709/2709/2808
f 2715/2715/2807 2711/2711/2806 2716/2716/2809
f 2709/2709/2810 2717/2717/2810 2718/2718/2810
f 2718/2718/2811 2717/2717/2811 2719/2719/2811
f 2720/2720/2812 2719/2719/2812 2717/2717/2812
f 2719/2719/2813 2720/2720/2813 2721/2721/2813
f 2722/2722/2814 2723/2723/2814 2724/2724/2814
f 2718/2718/2815 2724/2724/2815 2723/2723/2815
f 2725/2725/2816 2726/2726/2816 2727/2727/2816
f 2726/2726/2817 2725/2725/2817 2721/2721/2817
f 2721/2721/2818 2725/2725/2818 2728/2728/2818
f 2728/2728/2819 2725/2725/2819 2729/2729/2819
f 2729/2729/2820 2725/2725/2820 2730/2730/2820
f 2727/2727/2821 2730/2730/2821 2725/2725/2821
f 2730/2730/2822 2727/2727/2822 2731/2731/2822
f 2732/2732/2823 2731/2731/2823 2727/2727/2823
f 2731/2731/2824 2732/2732/2824 2733/2733/2824
f 2734/2734/2825 2733/2733/2825 2732/2732/2825
f 2733/2733/2826 2734/2734/2826 2735/2735/2826
f 2736/2736/2827 2735/2735/2827 2734/2734/2827
f 2735/2735/2828 2736/2736/2828 2737/2737/2828
f 2738/2738/2829 2737/2737/2829 2736/2736/2829
f 2727/2727/2830 2726/2726/2830 2732/2732/2830
f 2739/2739/2831 2732/2732/2831 2726/2726/2831
f 2740/2740/2832 2732/2732/2832 2739/2739/2832
f 2732/2732/2833 2740/2740/2833 2734/2734/2833
f 2734/2734/2834 2740/2740/2834 2736/2736/2834
f 2741/2741/2835 2736/2736/2835 2740/2740/2835
f 2742/2742/2836 2743/2743/2836 2744/2744/2836
f 2745/2745/2837 2742/2742/2837 2746/2746/2837
f 2747/2747/2838 2746/2746/2838 2742/2742/2838
f 2746/2746/2839 2747/2747/2839 2748/2748/2839
f 2749/2749/2840 2748/2748/2840 2747/2747/2840
f 2748/2748/2841 2749/2749/2841 2750/2750/2841
f 2751/2751/2842 2750/2750/2842 2749/2749/2842
f 2750/2750/2843 2751/2751/2843 2752/2752/2843
f 2744/2744/2844 2745/2745/2845 2753/2753/2846
f 2754/2754/2847 2753/2753/2846 2745/2745/2845
f 2755/2755/2848 2753/2753/2848 2754/2754/2848
f 2753/2753/2849 2755/2755/2849 2756/2756/2849
f 2757/2757/2850 2756/2756/2850 2755/2755/2850
f 2756/2756/2851 2757/2757/2851 2758/2758/2851
f 2759/2759/2852 2758/2758/2852 2757/2757/2852
f 2758/2758/2853 2759/2759/2853 2760/2760/2853
f 2752/2752/2854 2760/2760/2854 2759/2759/2854
f 2761/2761/2855 2762/2762/2855 2763/2763/2855
f 2761/2761/2856 2764/2764/2856 2765/2765/2856
f 2766/2766/2857 2767/2767/2857 2768/2768/2857
f 2769/2769/2858 2768/2768/2858 2767/2767/2858
f 2761/2761/2859 2768/2768/2859 2769/2769/2859
f 2768/2768/2860 2761/2761/2860 2770/2770/2860
f 2771/2771/2861 2772/2772/2861 2773/2773/2861
f 2774/2774/2862 2775/2775/2862 2776/2776/2862
f 2777/2777/2863 2776/2776/2864 2775/2775/2865
f 2776/2776/2866 2777/2777/2867 2773/2773/2866
f 2773/2773/2866 2777/2777/2867 2778/2778/2868
f 2778/2778/2869 2777/2777/2870 2779/2779/2871
f 2779/2779/2871 2777/2777/2870 2780/2780/2872
f 2780/2780/2873 2777/2777/2874 2781/2781/2875
f 2775/2775/2865 2781/2781/2876 2777/2777/2863
f 2781/2781/2875 2782/2782/2877 2780/2780/2873
f 2783/2783/2878 2780/2780/2878 2782/2782/2878
f 2784/2784/2879 2780/2780/2879 2783/2783/2879
f 2780/2780/2880 2784/2784/2880 2779/2779/2880
f 2779/2779/2881 2784/2784/2881 2785/2785/2881
f 2785/2785/2882 2784/2784/2883 2786/2786/2884
f 2786/2786/2884 2784/2784/2883 2787/2787/2885
f 2787/2787/2886 2784/2784/2886 2788/2788/2886
f 2783/2783/2887 2788/2788/2887 2784/2784/2887
f 2789/2789/2888 2787/2787/2888 2788/2788/2888
f 2786/2786/2889 2790/2790/2889 2791/2791/2889
f 2792/2792/2890 2793/2793/2890 2794/2794/2890
f 2786/2786/2891 2794/2794/2891 2793/2793/2891
f 2789/2789/2892 2795/2795/2892 2794/2794/2892
f 2796/2796/2893 2794/2794/2893 2795/2795/2893
f 2794/2794/2894 2796/2796/2894 2792/2792/2894
f 2797/2797/2895 2792/2792/2895 2796/2796/2895
f 2792/2792/2896 2797/2797/2896 2798/2798/2896
f 2799/2799/2897 2798/2798/2897 2797/2797/2897
f 2798/2798/2898 2799/2799/2898 2800/2800/2898
f 2801/2801/2899 2800/2800/2899 2799/2799/2899
f 2800/2800/2900 2801/2801/2900 2802/2802/2900
f 2803/2803/2901 2804/2804/2901 2805/2805/2901
f 2806/2806/2902 2803/2803/2902 2807/2807/2902
f 2808/2808/2903 2807/2807/2903 2803/2803/2903
f 2809/2809/2904 2806/2806/2904 2804/2804/2904
f 2810/2810/2905 2804/2804/2905 2806/2806/2905
f 2804/2804/2906 2810/2810/2906 2811/2811/2906
f 2812/2812/2907 2811/2811/2907 2810/2810/2907
f 2811/2811/2908 2812/2812/2908 2813/2813/2908
f 2813/2813/2909 2812/2812/2909 2814/2814/2909
f 2814/2814/2910 2812/2812/2911 2815/2815/2912
f 2815/2815/2913 2812/2812/2913 2816/2816/2913
f 2810/2810/2914 2816/2816/2914 2812/2812/2914
f 2817/2817/2915 2814/2814/2915 2818/2818/2915
f 2815/2815/2912 2818/2818/2916 2814/2814/2910
f 2818/2818/2917 2815/2815/2917 2819/2819/2917
f 2816/2816/2859 2819/2819/2859 2815/2815/2859
f 2818/2818/2918 2819/2819/2918 2820/2820/2918
f 2821/2821/2919 2820/2820/2919 2819/2819/2919
f 2820/2820/2920 2821/2821/2920 2822/2822/2920
f 2822/2822/2921 2821/2821/2921 2823/2823/2921
f 2823/2823/2922 2821/2821/2923 2824/2824/2924
f 2819/2819/2925 2824/2824/2924 2821/2821/2923
f 2825/2825/2926 2826/2826/2926 2827/2827/2926
f 2828/2828/2927 2827/2827/2927 2826/2826/2927
f 2827/2827/2928 2828/2828/2928 2829/2829/2928
f 2829/2829/2929 2828/2828/2929 2830/2830/2929
f 2824/2824/2930 2830/2830/2930 2828/2828/2930
f 2819/2819/2931 2830/2830/2931 2824/2824/2931
f 2830/2830/2932 2819/2819/2932 2831/2831/2932
f 2823/2823/2933 2824/2824/2933 2832/2832/2933
f 2828/2828/2934 2832/2832/2934 2824/2824/2934
f 2832/2832/2935 2828/2828/2936 2833/2833/2937
f 2826/2826/2938 2833/2833/2937 2828/2828/2936
f 2834/2834/2939 2833/2833/2939 2826/2826/2939
f 2835/2835/2940 2833/2833/2940 2834/2834/2940
f 2836/2836/2941 2833/2833/2941 2835/2835/2941
f 2833/2833/2942 2836/2836/2942 2832/2832/2942
f 2837/2837/2943 2832/2832/2943 2836/2836/2943
f 2832/2832/2944 2837/2837/2944 2823/2823/2944
f 2838/2838/2945 2839/2839/2945 2840/2840/2945
f 2841/2841/2946 2842/2842/2946 2843/2843/2946
f 2844/2844/2947 2845/2845/2947 2841/2841/2947
f 2846/2846/2948 2847/2847/2948 2848/2848/2948
f 2849/2849/2949 2848/2848/2949 2850/2850/2949
f 2851/2851/2950 2852/2852/2950 2853/2853/2950
f 2854/2854/2951 2851/2851/2951 2855/2855/2951
f 2854/2854/2952 2856/2856/2952 2857/2857/2952
f 2858/2858/2953 2859/2859/2953 2856/2856/2953
f 2856/2856/2954 2859/2859/2954 2860/2860/2954
f 2860/2860/2955 2859/2859/2955 2861/2861/2955
f 2862/2862/2956 2861/2861/2956 2859/2859/2956
f 2861/2861/2957 2862/2862/2957 2863/2863/2957
f 2864/2864/2958 2861/2861/2958 2865/2865/2958
f 2866/2866/2959 2867/2867/2959 2868/2868/2959
f 2869/2869/2960 2868/2868/2960 2867/2867/2960
f 2868/2868/2961 2869/2869/2961 2870/2870/2961
f 2871/2871/2962 2870/2870/2962 2869/2869/2962
f 2863/2863/2963 2870/2870/2963 2871/2871/2963
f 2870/2870/2964 2863/2863/2964 2868/2868/2964
f 2872/2872/2965 2873/2873/2965 2874/2874/2965
f 2872/2872/2966 2875/2875/2966 2876/2876/2966
f 2877/2877/2967 2878/2878/2968 2879/2879/2969
f 2880/2880/2970 2879/2879/2969 2878/2878/2968
f 2881/2881/2971 2882/2882/2971 2883/2883/2971
f 2884/2884/2972 2883/2883/2972 2882/2882/2972
f 2885/2885/2973 2886/2886/2973 2887/2887/2973
f 2888/2888/2974 2887/2887/2974 2886/2886/2974
f 2889/2889/2975 2890/2890/2975 2891/2891/2975
f 2892/2892/2976 2891/2891/2976 2890/2890/2976
f 2893/2893/2977 2894/2894/2977 2895/2895/2977
f 2896/2896/2978 2895/2895/2978 2894/2894/2978
f 2895/2895/2979 2896/2896/2979 2897/2897/2979
f 2898/2898/2980 2897/2897/2980 2896/2896/2980
f 2897/2897/2981 2898/2898/2981 2889/2889/2981
f 2899/2899/2982 2889/2889/2982 2898/2898/2982
f 2889/2889/2983 2899/2899/2983 2890/2890/2983
f 2900/2900/2984 2890/2890/2984 2899/2899/2984
f 2890/2890/2985 2900/2900/2985 2774/2774/2985
f 2901/2901/2986 2902/2902/2986 2903/2903/2986
f 2904/2904/2987 2903/2903/2987 2902/2902/2987
f 2903/2903/2988 2904/2904/2988 2905/2905/2988
f 2906/2906/2989 2907/2907/2989 2908/2908/2989
f 2909/2909/2990 2908/2908/2990 2907/2907/2990
f 2908/2908/2991 2909/2909/2991 2910/2910/2991
f 2907/2907/2992 2911/2911/2992 2909/2909/2992
f 2912/2912/2993 2909/2909/2993 2911/2911/2993
f 2909/2909/2994 2912/2912/2994 2913/2913/2994
f 2913/2913/2995 2912/2912/2995 2914/2914/2995
f 2915/2915/2996 2914/2914/2996 2912/2912/2996
f 2914/2914/2997 2915/2915/2997 2916/2916/2997
f 2910/2910/2998 2913/2913/2998 2917/2917/2998
f 2914/2914/2999 2917/2917/2999 2913/2913/2999
f 2917/2917/3000 2914/2914/3000 2918/2918/3000
f 2918/2918/3001 2914/2914/3001 2919/2919/3001
f 2916/2916/3002 2919/2919/3002 2914/2914/3002
f 2919/2919/3003 2916/2916/3003 2920/2920/3003
f 2921/2921/3004 2922/2922/3004 2923/2923/3004
f 2924/2924/3005 2923/2923/3005 2922/2922/3005
f 2923/2923/3006 2924/2924/3006 2925/2925/3006
f 2926/2926/3007 2927/2927/3007 2928/2928/3007
f 2925/2925/3008 2928/2928/3008 2927/2927/3008
f 2928/2928/3009 2925/2925/3009 2929/2929/3009
f 2924/2924/3010 2929/2929/3010 2925/2925/3010
f 2929/2929/3011 2924/2924/3011 2930/2930/3011
f 2931/2931/3012 2930/2930/3012 2924/2924/3012
f 2921/2921/3013 2932/2932/3013 2933/2933/3013
f 2934/2934/3014 2933/2933/3014 2932/2932/3014
f 2933/2933/3015 2934/2934/3015 2935/2935/3015
f 2936/2936/3016 2937/2937/3016 2938/2938/3016
f 2938/2938/3017 2937/2937/3017 2939/2939/3017
f 2940/2940/3018 2939/2939/3018 2937/2937/3018
f 2939/2939/3019 2940/2940/3019 2941/2941/3019
f 2934/2934/3020 2941/2941/3020 2940/2940/3020
f 2932/2932/3021 2941/2941/3021 2934/2934/3021
f 2941/2941/3022 2932/2932/3022 2942/2942/3022
f 2943/2943/3023 2942/2942/3023 2932/2932/3023
f 2944/2944/3024 2942/2942/3024 2943/2943/3024
f 2945/2945/3025 2942/2942/3025 2944/2944/3025
f 2939/2939/3026 2942/2942/3026 2945/2945/3026
f 2942/2942/3027 2939/2939/3027 2941/2941/3027
f 2939/2939/3028 2945/2945/3028 2946/2946/3028
f 2947/2947/3029 2946/2946/3029 2945/2945/3029
f 2948/2948/3030 2946/2946/3030 2947/2947/3030
f 2949/2949/3031 2946/2946/3031 2948/2948/3031
f 2938/2938/3032 2946/2946/3032 2949/2949/3032
f 2946/2946/3033 2938/2938/3033 2939/2939/3033
f 2950/2950/3034 2951/2951/3034 2952/2952/3034
f 2953/2953/3035 2952/2952/3035 2951/2951/3035
f 2954/2954/3036 2952/2952/3036 2953/2953/3036
f 2952/2952/3037 2954/2954/3037 2955/2955/3037
f 2956/2956/3038 2957/2957/3038 2958/2958/3038
f 2959/2959/3039 2958/2958/3039 2957/2957/3039
f 2960/2960/3040 2958/2958/3040 2959/2959/3040
f 2961/2961/3041 2958/2958/3041 2960/2960/3041
f 2962/2962/3042 2958/2958/3042 2961/2961/3042
f 2958/2958/3043 2962/2962/3043 2956/2956/3043
f 2963/2963/3044 2964/2964/3044 2965/2965/3044
f 2966/2966/3045 2965/2965/3045 2964/2964/3045
f 2965/2965/3046 2966/2966/3046 2967/2967/3046
f 2967/2967/3047 2966/2966/3047 2968/2968/3047
f 2968/2968/3048 2966/2966/3048 2969/2969/3048
f 2969/2969/3049 2966/2966/3049 2970/2970/3049
f 2964/2964/3050 2970/2970/3050 2966/2966/3050
f 2970/2970/3051 2964/2964/3051 2971/2971/3051
f 2972/2972/3052 2973/2973/3052 2974/2974/3052
f 2975/2975/3053 2974/2974/3053 2973/2973/3053
f 2974/2974/3054 2975/2975/3054 2976/2976/3054
f 2977/2977/3055 2976/2976/3055 2975/2975/3055
f 2978/2978/3056 2976/2976/3056 2977/2977/3056
f 2976/2976/3057 2978/2978/3057 2979/2979/3057
f 2979/2979/3058 2978/2978/3058 2980/2980/3058
f 2980/2980/3059 2978/2978/3059 2981/2981/3059
f 2981/2981/3060 2978/2978/3060 2982/2982/3060
f 2977/2977/3061 2982/2982/3061 2978/2978/3061
f 2975/2975/3062 2982/2982/3062 2977/2977/3062
f 2982/2982/3063 2975/2975/3063 2973/2973/3063
f 2983/2983/3064 2984/2984/3064 2985/2985/3064
f 2983/2983/3065 2986/2986/3065 2987/2987/3065
f 2988/2988/3066 2987/2987/3066 2986/2986/3066
f 2987/2987/3067 2988/2988/3067 2989/2989/3067
f 2990/2990/3068 2989/2989/3068 2988/2988/3068
f 2989/2989/3069 2990/2990/3069 2991/2991/3069
f 2988/2988/3070 2986/2986/3070 2992/2992/3070
f 2993/2993/3071 2992/2992/3071 2986/2986/3071
f 2992/2992/3072 2993/2993/3072 2994/2994/3072
f 2995/2995/3073 2988/2988/3073 2992/2992/3073
f 2988/2988/3074 2995/2995/3074 2990/2990/3074
f 2990/2990/3075 2995/2995/3075 2996/2996/3075
f 2997/2997/3076 2996/2996/3077 2995/2995/3078
f 2996/2996/3079 2997/2997/3079 2998/2998/3079
f 2998/2998/3080 2997/2997/3080 2999/2999/3080
f 3000/3000/3081 2999/2999/3081 2997/2997/3081
f 3001/3001/3082 2999/2999/3083 3000/3000/3084
f 3002/3002/3085 2999/2999/3083 3001/3001/3082
f 3003/3003/3086 2999/2999/3086 3002/3002/3086
f 2999/2999/3087 3003/3003/3087 2998/2998/3087
f 2998/2998/3088 3003/3003/3088 3004/3004/3088
f 3005/3005/3089 3004/3004/3089 3003/3003/3089
f 3006/3006/3090 3004/3004/3090 3005/3005/3090
f 3007/3007/3091 2990/2990/3091 3008/3008/3091
f 2996/2996/3092 3008/3008/3092 2990/2990/3092
f 2998/2998/3093 3008/3008/3093 2996/2996/3093
f 3008/3008/3094 2998/2998/3094 3009/3009/3094
f 3004/3004/3095 3009/3009/3095 2998/2998/3095
f 3009/3009/3096 3004/3004/3096 3010/3010/3096
f 3006/3006/3097 3010/3010/3097 3004/3004/3097
f 3010/3010/3098 3006/3006/3098 3011/3011/3098
f 3012/3012/3099 3013/3013/3099 3014/3014/3099
f 3013/3013/3100 3012/3012/3100 3002/3002/3100
f 3015/3015/3101 3002/3002/3101 3012/3012/3101
f 3002/3002/3102 3015/3015/3102 3003/3003/3102
f 3003/3003/3103 3015/3015/3103 3005/3005/3103
f 3005/3005/3104 3015/3015/3104 3016/3016/3104
f 3012/3012/3105 3016/3016/3105 3015/3015/3105
f 3016/3016/3106 3012/3012/3106 3017/3017/3106
f 3017/3017/3107 3012/3012/3107 3018/3018/3107
f 3014/3014/3108 3018/3018/3108 3012/3012/3108
f 3019/3019/3109 3020/3020/3109 3021/3021/3109
f 3021/3021/3110 3022/3022/3110 3023/3023/3110
f 3024/3024/3111 3023/3023/3111 3025/3025/3111
f 3026/3026/3112 3027/3027/3112 3028/3028/3112
f 3029/3029/3113 3028/3028/3113 3030/3030/3113
f 3031/3031/3114 3032/3032/3114 3029/3029/3114
f 3033/3033/3115 3027/3027/3115 3034/3034/3115
f 3035/3035/3116 3034/3034/3116 3027/3027/3116
f 3036/3036/3117 3032/3032/3117 3037/3037/3117
f 3038/3038/3118 3037/3037/3118 3032/3032/3118
f 3039/3039/3119 3040/3040/3119 3038/3038/3119
f 3041/3041/3120 3038/3038/3120 3040/3040/3120
f 3042/3042/3121 3043/3043/3121 3044/3044/3121
f 3045/3045/3122 3046/3046/3122 3047/3047/3122
f 3048/3048/3123 3049/3049/3123 3047/3047/3123
f 3050/3050/3124 3047/3047/3124 3049/3049/3124
f 3047/3047/3125 3050/3050/3125 3051/3051/3125
f 3051/3051/3126 3050/3050/3126 3052/3052/3126
f 3052/3052/3127 3050/3050/3127 3053/3053/3127
f 3049/3049/3128 3053/3053/3128 3050/3050/3128
f 3054/3054/3129 3051/3051/3129 3055/3055/3129
f 3052/3052/3130 3055/3055/3130 3051/3051/3130
f 3055/3055/3131 3052/3052/3131 3056/3056/3131
f 3057/3057/3132 3058/3058/3132 3048/3048/3132
f 3058/3058/3133 3057/3057/3133 3059/3059/3133
f 3060/3060/3134 3059/3059/3134 3057/3057/3134
f 3061/3061/3135 3059/3059/3135 3060/3060/3135
f 3062/3062/3136 3059/3059/3136 3061/3061/3136
f 3063/3063/3137 3059/3059/3137 3062/3062/3137
f 3059/3059/3138 3063/3063/3138 3058/3058/3138
f 3064/3064/3139 3058/3058/3139 3063/3063/3139
f 3065/3065/3140 3066/3066/3140 3067/3067/3140
f 3068/3068/3141 3069/3069/3141 3070/3070/3141
f 3071/3071/3142 3072/3072/3142 3073/3073/3142
f 3074/3074/3143 3075/3075/3143 3076/3076/3143
f 3076/3076/3144 3075/3075/3144 3077/3077/3144
f 3077/3077/3145 3075/3075/3146 3078/3078/3147
f 3079/3079/3148 3078/3078/3147 3075/3075/3146
f 3078/3078/3149 3079/3079/3149 3080/3080/3149
f 3080/3080/3150 3079/3079/3150 3073/3073/3150
f 3073/3073/3151 3079/3079/3151 3081/3081/3151
f 3081/3081/3152 3079/3079/3152 3082/3082/3152
f 3082/3082/3153 3079/3079/3153 3083/3083/3153
f 3083/3083/3154 3079/3079/3154 3084/3084/3154
f 3075/3075/3146 3084/3084/3155 3079/3079/3148
f 3075/3075/3156 3074/3074/3156 3085/3085/3156
f 3086/3086/3157 3085/3085/3158 3074/3074/3159
f 3087/3087/3160 3085/3085/3158 3086/3086/3157
f 3088/3088/3161 3085/3085/3161 3087/3087/3161
f 3085/3085/3162 3088/3088/3162 3075/3075/3162
f 3075/3075/3163 3088/3088/3163 3084/3084/3163
f 3089/3089/3164 3084/3084/3164 3088/3088/3164
f 3084/3084/3165 3089/3089/3165 3083/3083/3165
f 3083/3083/3166 3089/3089/3166 3090/3090/3166
f 3090/3090/3167 3089/3089/3168 3091/3091/3169
f 3092/3092/3170 3091/3091/3169 3089/3089/3168
f 3091/3091/3171 3092/3092/3172 3093/3093/3173
f 3094/3094/3174 3093/3093/3173 3092/3092/3172
f 3095/3095/3175 3093/3093/3175 3094/3094/3175
f 3096/3096/3176 3097/3097/3176 3087/3087/3176
f 3087/3087/3177 3097/3097/3177 3088/3088/3177
f 3098/3098/3178 3088/3088/3178 3097/3097/3178
f 3088/3088/3179 3098/3098/3179 3089/3089/3179
f 3099/3099/3180 3089/3089/3180 3098/3098/3180
f 3100/3100/3181 3089/3089/3181 3099/3099/3181
f 3089/3089/3182 3100/3100/3183 3092/3092/3184
f 3101/3101/3185 3092/3092/3184 3100/3100/3183
f 3102/3102/3186 3092/3092/3186 3101/3101/3186
f 3092/3092/3187 3102/3102/3187 3094/3094/3187
f 3094/3094/3188 3102/3102/3189 3095/3095/3190
f 3103/3103/3191 3095/3095/3190 3102/3102/3189
f 3095/3095/3192 3103/3103/3193 3104/3104/3194
f 3105/3105/3195 3104/3104/3194 3103/3103/3193
f 3095/3095/3196 3104/3104/3196 3106/3106/3196
f 3106/3106/3197 3104/3104/3197 3107/3107/3197
f 3108/3108/3198 3107/3107/3198 3104/3104/3198
f 3107/3107/3199 3108/3108/3199 3109/3109/3199
f 3109/3109/3200 3108/3108/3200 3110/3110/3200
f 3110/3110/3201 3108/3108/3201 3111/3111/3201
f 3104/3104/3202 3111/3111/3202 3108/3108/3202
f 3105/3105/3203 3112/3112/3203 3104/3104/3203
f 3113/3113/3204 3104/3104/3204 3112/3112/3204
f 3114/3114/3205 3104/3104/3205 3113/3113/3205
f 3104/3104/3206 3114/3114/3206 3111/3111/3206
f 3111/3111/3207 3114/3114/3207 3115/3115/3207
f 3116/3116/3208 3115/3115/3208 3114/3114/3208
f 3115/3115/3209 3116/3116/3209 3117/3117/3209
f 3117/3117/3210 3116/3116/3210 3118/3118/3210
f 3119/3119/3211 3118/3118/3211 3116/3116/3211
f 3120/3120/3212 3118/3118/3212 3119/3119/3212
f 3121/3121/3213 3118/3118/3213 3120/3120/3213
f 3122/3122/3214 3118/3118/3214 3121/3121/3214
f 3118/3118/3215 3122/3122/3215 3117/3117/3215
f 3123/3123/3216 3117/3117/3216 3122/3122/3216
f 3111/3111/3217 3124/3124/3217 3110/3110/3217
f 3125/3125/3218 3110/3110/3218 3124/3124/3218
f 3126/3126/3219 3127/3127/3219 3128/3128/3219
f 3128/3128/3220 3129/3129/3220 3130/3130/3220
f 3130/3130/3221 3127/3127/3221 3131/3131/3221
f 3132/3132/3222 3131/3131/3222 3127/3127/3222
f 3131/3131/3223 3132/3132/3223 3133/3133/3223
f 3134/3134/3224 3135/3135/3224 3133/3133/3224
f 3136/3136/3225 3133/3133/3225 3135/3135/3225
f 3127/3127/3226 3137/3137/3226 3138/3138/3226
f 3139/3139/3227 3138/3138/3227 3137/3137/3227
f 3140/3140/3228 3141/3141/3228 3138/3138/3228
f 3141/3141/3229 3142/3142/3229 3137/3137/3229
f 3143/3143/3230 3137/3137/3230 3142/3142/3230
f 3144/3144/3231 3137/3137/3231 3143/3143/3231
f 3137/3137/3232 3144/3144/3232 3145/3145/3232
f 3146/3146/3233 3147/3147/3233 3148/3148/3233
f 3149/3149/3234 3150/3150/3234 3148/3148/3234
f 3151/3151/3235 3152/3152/3235 3153/3153/3235
f 3150/3150/3236 3153/3153/3236 3152/3152/3236
f 3154/3154/3237 3153/3153/3237 3150/3150/3237
f 3153/3153/3238 3154/3154/3238 3155/3155/3238
f 3156/3156/3239 3157/3157/3239 3158/3158/3239
f 3159/3159/3240 3160/3160/3240 3161/3161/3240
f 3162/3162/3241 3161/3161/3241 3160/3160/3241
f 3161/3161/3242 3162/3162/3242 3163/3163/3242
f 3164/3164/3243 3163/3163/3243 3162/3162/3243
f 3165/3165/3244 3163/3163/3244 3164/3164/3244
f 3163/3163/3245 3165/3165/3245 3166/3166/3245
f 3166/3166/3246 3165/3165/3246 3158/3158/3246
f 3158/3158/3247 3165/3165/3247 3156/3156/3247
f 3164/3164/3248 3156/3156/3248 3165/3165/3248
f 3167/3167/3249 3168/3168/3249 3156/3156/3249
f 3169/3169/3250 3156/3156/3250 3168/3168/3250
f 3156/3156/3251 3169/3169/3251 3170/3170/3251
f 3171/3171/3252 3172/3172/3253 3173/3173/3254
f 3174/3174/3255 3173/3173/3254 3172/3172/3253
f 3093/3093/3256 3175/3175/3256 3176/3176/3256
f 3106/3106/3257 3176/3176/3257 3175/3175/3257
f 3177/3177/3258 3178/3178/3259 3179/3179/3260
f 3180/3180/3261 3179/3179/3260 3178/3178/3259
f 3179/3179/3262 3180/3180/3262 3181/3181/3262
f 3182/3182/3263 3183/3183/3263 3184/3184/3263
f 3185/3185/3264 3184/3184/3264 3183/3183/3264
f 3184/3184/3265 3185/3185/3265 3186/3186/3265
f 3187/3187/3266 3188/3188/3266 3189/3189/3266
f 3190/3190/3267 3189/3189/3267 3188/3188/3267
f 3189/3189/3268 3190/3190/3268 3191/3191/3268
f 3192/3192/3269 3188/3188/3269 3193/3193/3269
f 3187/3187/3270 3193/3193/3270 3188/3188/3270
f 3193/3193/3271 3187/3187/3271 3194/3194/3271
f 3195/3195/3272 3196/3196/3272 3197/3197/3272
f 3198/3198/3273 3197/3197/3273 3196/3196/3273
f 3197/3197/3274 3198/3198/3274 3199/3199/3274
f 3200/3200/3275 3199/3199/3275 3198/3198/3275
f 3201/3201/3276 3202/3202/3276 3203/3203/3276
f 3203/3203/3277 3202/3202/3277 3204/3204/3277
f 3205/3205/3278 3204/3204/3278 3202/3202/3278
f 3204/3204/3279 3205/3205/3279 3206/3206/3279
f 3207/3207/3280 3206/3206/3280 3208/3208/3280
f 3209/3209/3281 3208/3208/3281 3206/3206/3281
f 3208/3208/3282 3209/3209/3282 3210/3210/3282
f 3210/3210/3283 3209/3209/3283 3211/3211/3283
f 3212/3212/3284 3211/3211/3284 3209/3209/3284
f 3211/3211/3285 3212/3212/3285 3213/3213/3285
f 3213/3213/3286 3212/3212/3286 3205/3205/3286
f 3205/3205/3287 3212/3212/3287 3206/3206/3287
f 3209/3209/3288 3206/3206/3288 3212/3212/3288
f 3214/3214/3289 3215/3215/3289 3216/3216/3289
f 3217/3217/3290 3216/3216/3290 3215/3215/3290
f 3216/3216/3291 3217/3217/3291 3218/3218/3291
f 3219/3219/3292 3218/3218/3292 3217/3217/3292
f 3220/3220/3293 3221/3221/3293 3219/3219/3293
f 3219/3219/3294 3221/3221/3294 3218/3218/3294
f 3222/3222/3295 3218/3218/3295 3221/3221/3295
f 3223/3223/3296 3218/3218/3296 3222/3222/3296
f 3224/3224/3297 3218/3218/3297 3223/3223/3297
f 3218/3218/3298 3224/3224/3298 3216/3216/3298
f 3216/3216/3299 3224/3224/3299 3214/3214/3299
f 3225/3225/3300 3214/3214/3300 3224/3224/3300
f 3223/3223/3301 3222/3222/3301 3226/3226/3301
f 3227/3227/3302 3226/3226/3302 3222/3222/3302
f 3226/3226/3303 3227/3227/3303 3228/3228/3303
f 3228/3228/3304 3227/3227/3304 3229/3229/3304
f 3229/3229/3305 3227/3227/3305 3230/3230/3305
f 3222/3222/3306 3230/3230/3306 3227/3227/3306
f 3230/3230/3307 3222/3222/3307 3231/3231/3307
f 3221/3221/3308 3231/3231/3308 3222/3222/3308
f 3231/3231/3309 3221/3221/3310 3232/3232/3311
f 3232/3232/3311 3221/3221/3310 3233/3233/3312
f 3220/3220/3313 3233/3233/3313 3221/3221/3313
f 3233/3233/3314 3220/3220/3314 3234/3234/3314
f 3235/3235/3315 3234/3234/3315 3220/3220/3315
f 3236/3236/3316 3234/3234/3316 3235/3235/3316
f 3226/3226/3317 3237/3237/3317 3223/3223/3317
f 3223/3223/3318 3237/3237/3318 3224/3224/3318
f 3224/3224/3319 3237/3237/3319 3225/3225/3319
f 3238/3238/3320 3225/3225/3320 3237/3237/3320
f 2995/2995/3321 3239/3239/3321 3240/3240/3321
f 3241/3241/3322 3240/3240/3322 3239/3239/3322
f 3242/3242/3323 3240/3240/3323 3241/3241/3323
f 3000/3000/3324 3240/3240/3324 3242/3242/3324
f 2997/2997/3325 3240/3240/3325 3000/3000/3325
f 3240/3240/3326 2997/2997/3076 2995/2995/3078
f 3243/3243/3327 3244/3244/3327 3245/3245/3327
f 3246/3246/3328 3245/3245/3328 3244/3244/3328
f 3247/3247/3329 3245/3245/3329 3246/3246/3329
f 3245/3245/3330 3247/3247/3330 3248/3248/3330
f 3249/3249/3331 3248/3248/3331 3247/3247/3331
f 3248/3248/3332 3249/3249/3332 3250/3250/3332
f 3251/3251/3333 3243/3243/3333 3252/3252/3333
f 3252/3252/3334 3243/3243/3334 3253/3253/3334
f 3245/3245/3335 3253/3253/3335 3243/3243/3335
f 3253/3253/3336 3245/3245/3336 3254/3254/3336
f 3248/3248/3337 3254/3254/3337 3245/3245/3337
f 3254/3254/3338 3248/3248/3338 3255/3255/3338
f 3250/3250/3339 3255/3255/3339 3248/3248/3339
f 3255/3255/3340 3250/3250/3340 3256/3256/3340
f 3247/3247/3341 3257/3257/3341 3249/3249/3341
f 3257/3257/3342 3247/3247/3342 3258/3258/3342
f 3246/3246/3343 3258/3258/3343 3247/3247/3343
f 3258/3258/3344 3246/3246/3344 3259/3259/3344
f 3244/3244/3345 3259/3259/3345 3246/3246/3345
f 3260/3260/3346 3259/3259/3347 3244/3244/3348
f 3261/3261/3349 3259/3259/3347 3260/3260/3346
f 3262/3262/3350 3259/3259/3350 3261/3261/3350
f 3259/3259/3351 3262/3262/3351 3258/3258/3351
f 3263/3263/3352 3258/3258/3352 3262/3262/3352
f 3264/3264/3353 3265/3265/3353 3266/3266/3353
f 3267/3267/3354 3266/3266/3354 3268/3268/3354
f 3264/3264/3355 3269/3269/3356 3270/3270/3356
f 3267/3267/3356 3270/3270/3356 3269/3269/3356
f 3271/3271/3357 3272/3272/3357 3268/3268/3357
f 3266/3266/3358 3273/3273/3358 3274/3274/3358
f 3275/3275/3359 3274/3274/3359 3273/3273/3359
f 3276/3276/3360 3274/3274/3360 3275/3275/3360
f 3274/3274/3361 3276/3276/3361 3277/3277/3361
f 3272/3272/3362 3277/3277/3362 3278/3278/3362
f 3278/3278/3363 3277/3277/3363 3279/3279/3363
f 3276/3276/3364 3279/3279/3364 3277/3277/3364
f 3279/3279/3365 3276/3276/3365 3280/3280/3365
f 3281/3281/3366 3280/3280/3366 3276/3276/3366
f 3282/3282/3367 3280/3280/3367 3281/3281/3367
f 3280/3280/3368 3282/3282/3368 3283/3283/3368
f 3276/3276/3369 3275/3275/3369 3281/3281/3369
f 3284/3284/3370 3281/3281/3370 3275/3275/3370
f 3281/3281/3371 3284/3284/3371 3282/3282/3371
f 3285/3285/3372 3282/3282/3372 3284/3284/3372
f 3282/3282/3373 3285/3285/3373 3286/3286/3373
f 3287/3287/3374 3286/3286/3374 3285/3285/3374
f 3286/3286/3375 3287/3287/3375 3288/3288/3375
f 3288/3288/3376 3287/3287/3376 3289/3289/3376
f 3290/3290/3377 3289/3289/3377 3287/3287/3377
f 3289/3289/3378 3290/3290/3378 3291/3291/3378
f 3291/3291/3379 3290/3290/3379 3292/3292/3379
f 3292/3292/3380 3290/3290/3380 3293/3293/3380
f 3294/3294/3381 3293/3293/3381 3290/3290/3381
f 3293/3293/3382 3294/3294/3382 3295/3295/3382
f 3275/3275/3383 3296/3296/3383 3284/3284/3383
f 3284/3284/3384 3296/3296/3384 3285/3285/3384
f 3285/3285/3385 3296/3296/3385 3287/3287/3385
f 3294/3294/3386 3287/3287/3386 3296/3296/3386
f 3287/3287/3387 3294/3294/3387 3290/3290/3387
f 3295/3295/3388 3294/3294/3389 3297/3297/3390
f 3297/3297/3390 3294/3294/3389 3298/3298/3391
f 3298/3298/3392 3294/3294/3392 3266/3266/3392
f 3266/3266/3393 3294/3294/3393 3299/3299/3393
f 3296/3296/3394 3299/3299/3394 3294/3294/3394
f 3299/3299/3395 3296/3296/3395 3300/3300/3395
f 3301/3301/3396 3302/3302/3396 3303/3303/3396
f 3303/3303/3397 3304/3304/3397 3305/3305/3397
f 3306/3306/3398 3305/3305/3398 3304/3304/3398
f 3305/3305/3399 3306/3306/3399 3307/3307/3399
f 3308/3308/3400 3309/3309/3400 3310/3310/3400
f 3311/3311/3401 3282/3282/3401 3312/3312/3401
f 3282/3282/3402 3313/3313/3402 3314/3314/3402
f 3315/3315/3403 3316/3316/3403 3317/3317/3403
f 3318/3318/3404 3317/3317/3404 3319/3319/3404
f 3319/3319/3405 3317/3317/3405 3320/3320/3405
f 3320/3320/3406 3317/3317/3407 3321/3321/3408
f 3322/3322/3409 3321/3321/3408 3317/3317/3407
f 3321/3321/3410 3322/3322/3410 3323/3323/3410
f 3324/3324/3411 3325/3325/3411 3326/3326/3411
f 3327/3327/3412 3326/3326/3412 3325/3325/3412
f 3326/3326/3413 3327/3327/3413 3328/3328/3413
f 3328/3328/3414 3327/3327/3414 3329/3329/3414
f 3319/3319/3415 3329/3329/3415 3327/3327/3415
f 3320/3320/3416 3329/3329/3416 3319/3319/3416
f 3329/3329/3417 3320/3320/3417 3328/3328/3417
f 3328/3328/3418 3320/3320/3418 3330/3330/3418
f 3321/3321/3419 3330/3330/3419 3320/3320/3419
f 3330/3330/3420 3331/3331/3420 3328/3328/3420
f 3332/3332/3421 3328/3328/3421 3331/3331/3421
f 3333/3333/3422 3328/3328/3422 3332/3332/3422
f 3328/3328/3423 3333/3333/3423 3326/3326/3423
f 3334/3334/3424 3326/3326/3424 3333/3333/3424
f 3326/3326/3425 3334/3334/3425 3335/3335/3425
f 3336/3336/3426 3337/3337/3426 3331/3331/3426
f 3338/3338/3427 3331/3331/3428 3337/3337/3429
f 3331/3331/3428 3338/3338/3427 3332/3332/3430
f 3339/3339/3431 3340/3340/3431 3331/3331/3431
f 3331/3331/3432 3340/3340/3432 3336/3336/3432
f 3341/3341/3433 3336/3336/3433 3340/3340/3433
f 3342/3342/3434 3336/3336/3434 3341/3341/3434
f 3343/3343/3435 3336/3336/3435 3342/3342/3435
f 3336/3336/3436 3343/3343/3436 3337/3337/3436
f 3344/3344/3437 3337/3337/3437 3343/3343/3437
f 3345/3345/3438 3337/3337/3438 3344/3344/3438
f 3346/3346/3439 3337/3337/3439 3345/3345/3439
f 3337/3337/3440 3346/3346/3440 3338/3338/3440
f 3347/3347/3441 3338/3338/3441 3346/3346/3441
f 3338/3338/3442 3347/3347/3442 3332/3332/3442
f 3348/3348/3443 3332/3332/3443 3347/3347/3443
f 3332/3332/3444 3348/3348/3444 3349/3349/3444
f 3349/3349/3445 3350/3350/3445 3332/3332/3445
f 3332/3332/3446 3350/3350/3446 3351/3351/3446
f 3352/3352/3447 3351/3351/3447 3350/3350/3447
f 3353/3353/3448 3351/3351/3448 3352/3352/3448
f 3354/3354/3449 3351/3351/3449 3353/3353/3449
f 3333/3333/3450 3351/3351/3450 3354/3354/3450
f 3351/3351/3451 3333/3333/3451 3332/3332/3451
f 3355/3355/3452 3356/3356/3452 3357/3357/3452
f 3357/3357/3453 3356/3356/3453 3358/3358/3453
f 3358/3358/3454 3356/3356/3454 3359/3359/3454
f 3359/3359/3455 3356/3356/3455 3360/3360/3455
f 3361/3361/3456 3360/3360/3456 3356/3356/3456
f 3362/3362/3457 3360/3360/3457 3361/3361/3457
f 3360/3360/3458 3362/3362/3458 3363/3363/3458
f 3363/3363/3459 3362/3362/3459 3364/3364/3459
f 3364/3364/3460 3362/3362/3460 3353/3353/3460
f 3353/3353/3461 3362/3362/3461 3354/3354/3461
f 3361/3361/3462 3354/3354/3462 3362/3362/3462
f 3334/3334/3463 3354/3354/3463 3361/3361/3463
f 3354/3354/3464 3334/3334/3464 3333/3333/3464
f 3365/3365/3465 3363/3363/3465 3359/3359/3465
f 3366/3366/3466 3359/3359/3466 3363/3363/3466
f 3359/3359/3467 3366/3366/3467 3358/3358/3467
f 3367/3367/3468 3358/3358/3468 3366/3366/3468
f 3368/3368/3469 3358/3358/3469 3367/3367/3469
f 3369/3369/3470 3358/3358/3470 3368/3368/3470
f 3358/3358/3471 3369/3369/3471 3370/3370/3471
f 3371/3371/3472 3372/3372/3472 3373/3373/3472
f 3374/3374/3473 3375/3375/3473 3376/3376/3473
f 3377/3377/3474 3374/3374/3474 3378/3378/3474
f 3379/3379/3475 3378/3378/3475 3374/3374/3475
f 3380/3380/3476 3378/3378/3476 3379/3379/3476
f 3378/3378/3477 3380/3380/3477 3381/3381/3477
f 3382/3382/3478 3383/3383/3478 3384/3384/3478
f 3385/3385/3479 3384/3384/3479 3383/3383/3479
f 3380/3380/3480 3384/3384/3480 3385/3385/3480
f 3379/3379/3481 3384/3384/3481 3380/3380/3481
f 3384/3384/3482 3379/3379/3483 3386/3386/3484
f 3374/3374/3485 3386/3386/3485 3379/3379/3485
f 3386/3386/3486 3374/3374/3487 3387/3387/3488
f 3387/3387/3489 3374/3374/3489 3388/3388/3489
f 3389/3389/3490 3388/3388/3490 3374/3374/3490
f 3388/3388/3491 3389/3389/3491 3390/3390/3491
f 3391/3391/3492 3390/3390/3492 3389/3389/3492
f 3390/3390/3493 3391/3391/3493 3392/3392/3493
f 3393/3393/3494 3392/3392/3494 3391/3391/3494
f 3394/3394/3495 3392/3392/3495 3393/3393/3495
f 3390/3390/3496 3395/3395/3496 3388/3388/3496
f 3396/3396/3497 3388/3388/3497 3395/3395/3497
f 3388/3388/3498 3396/3396/3498 3387/3387/3498
f 3397/3397/3499 3387/3387/3499 3396/3396/3499
f 3398/3398/3500 3387/3387/3500 3397/3397/3500
f 3387/3387/3488 3398/3398/3501 3386/3386/3486
f 3386/3386/3484 3398/3398/3502 3384/3384/3482
f 3384/3384/3503 3398/3398/3503 3382/3382/3503
f 3382/3382/3504 3398/3398/3504 3399/3399/3504
f 3397/3397/3505 3399/3399/3505 3398/3398/3505
f 3399/3399/3506 3397/3397/3506 3400/3400/3506
f 3401/3401/3507 3400/3400/3507 3397/3397/3507
f 3402/3402/3508 3400/3400/3508 3401/3401/3508
f 3400/3400/3509 3402/3402/3510 3403/3403/3511
f 3404/3404/3512 3395/3395/3512 3405/3405/3512
f 3395/3395/3513 3404/3404/3513 3396/3396/3513
f 3406/3406/3514 3396/3396/3514 3404/3404/3514
f 3396/3396/3515 3406/3406/3515 3397/3397/3515
f 3397/3397/3516 3406/3406/3516 3401/3401/3516
f 3401/3401/3517 3406/3406/3517 3407/3407/3517
f 3404/3404/3518 3407/3407/3518 3406/3406/3518
f 3407/3407/3519 3404/3404/3520 3408/3408/3521
f 3405/3405/3522 3408/3408/3521 3404/3404/3520
f 3409/3409/3523 3410/3410/3523 3411/3411/3523
f 3412/3412/3524 3411/3411/3524 3410/3410/3524
f 3411/3411/3525 3412/3412/3525 3413/3413/3525
f 3403/3403/3526 3413/3413/3526 3412/3412/3526
f 3402/3402/3510 3413/3413/3527 3403/3403/3511
f 3413/3413/3528 3402/3402/3528 3414/3414/3528
f 3401/3401/3529 3414/3414/3529 3402/3402/3529
f 3414/3414/3530 3401/3401/3530 3415/3415/3530
f 3407/3407/3531 3415/3415/3531 3401/3401/3531
f 3415/3415/3532 3407/3407/3532 3416/3416/3532
f 3408/3408/3533 3416/3416/3533 3407/3407/3533
f 3417/3417/3534 3416/3416/3534 3408/3408/3534
f 3416/3416/3535 3417/3417/3535 3418/3418/3535
f 3419/3419/3536 3418/3418/3537 3417/3417/3538
f 3419/3419/3539 3408/3408/3539 3420/3420/3539
f 3419/3419/3540 3417/3417/3540 3421/3421/3540
f 3422/3422/3541 3423/3423/3541 3424/3424/3541
f 3425/3425/3542 3424/3424/3542 3423/3423/3542
f 3426/3426/3543 3424/3424/3543 3425/3425/3543
f 3418/3418/3544 3424/3424/3544 3426/3426/3544
f 3419/3419/3536 3424/3424/3545 3418/3418/3537
f 3424/3424/3546 3419/3419/3546 3422/3422/3546
f 3420/3420/3547 3427/3427/3547 3422/3422/3547
f 3428/3428/3548 3429/3429/3548 3430/3430/3548
f 3431/3431/3549 3428/3428/3549 3432/3432/3549
f 3433/3433/3550 3434/3434/3550 3435/3435/3550
f 3435/3435/3551 3434/3434/3551 3436/3436/3551
f 3408/3408/3552 3436/3436/3552 3434/3434/3552
f 3405/3405/3553 3436/3436/3553 3408/3408/3553
f 3437/3437/3554 3436/3436/3554 3405/3405/3554
f 3438/3438/3555 3436/3436/3555 3437/3437/3555
f 3436/3436/3556 3438/3438/3556 3435/3435/3556
f 3435/3435/3557 3438/3438/3557 3439/3439/3557
f 3440/3440/3558 3439/3439/3558 3438/3438/3558
f 3439/3439/3559 3440/3440/3559 3429/3429/3559
f 3429/3429/3560 3440/3440/3560 3432/3432/3560
f 3441/3441/3561 3432/3432/3561 3440/3440/3561
f 3432/3432/3562 3441/3441/3562 3394/3394/3562
f 3392/3392/3563 3394/3394/3563 3441/3441/3563
f 3390/3390/3564 3392/3392/3564 3442/3442/3564
f 3441/3441/3565 3442/3442/3565 3392/3392/3565
f 3442/3442/3566 3441/3441/3566 3440/3440/3566
f 3443/3443/3567 3444/3444/3567 3445/3445/3567
f 3446/3446/3568 3445/3445/3568 3444/3444/3568
f 3447/3447/3569 3445/3445/3570 3446/3446/3571
f 3445/3445/3570 3447/3447/3569 3448/3448/3572
f 3449/3449/3573 3448/3448/3573 3447/3447/3573
f 3450/3450/3574 3448/3448/3574 3449/3449/3574
f 3394/3394/3575 3448/3448/3575 3450/3450/3575
f 3393/3393/3576 3448/3448/3576 3394/3394/3576
f 3448/3448/3577 3393/3393/3577 3445/3445/3577
f 3451/3451/3578 3449/3449/3578 3452/3452/3578
f 3447/3447/3579 3452/3452/3579 3449/3449/3579
f 3446/3446/3580 3452/3452/3580 3447/3447/3580
f 3452/3452/3581 3446/3446/3581 3453/3453/3581
f 3444/3444/3582 3453/3453/3582 3446/3446/3582
f 3454/3454/3583 3453/3453/3583 3444/3444/3583
f 3453/3453/3584 3454/3454/3584 3455/3455/3584
f 3456/3456/3585 3455/3455/3585 3457/3457/3585
f 3454/3454/3586 3457/3457/3586 3455/3455/3586
f 3457/3457/3587 3454/3454/3587 3458/3458/3587
f 3444/3444/3588 3458/3458/3588 3454/3454/3588
f 3443/3443/3589 3458/3458/3589 3444/3444/3589
f 3458/3458/3590 3443/3443/3590 3389/3389/3590
f 3459/3459/3591 3389/3389/3591 3443/3443/3591
f 3389/3389/3592 3459/3459/3592 3391/3391/3592
f 3391/3391/3593 3459/3459/3593 3393/3393/3593
f 3443/3443/3594 3393/3393/3594 3459/3459/3594
f 3393/3393/3595 3443/3443/3595 3460/3460/3595
f 3455/3455/3596 3456/3456/3596 3461/3461/3596
f 3462/3462/3597 3461/3461/3597 3456/3456/3597
f 3461/3461/3598 3462/3462/3598 3463/3463/3598
f 3464/3464/3599 3463/3463/3599 3462/3462/3599
f 3463/3463/3600 3464/3464/3600 3465/3465/3600
f 3466/3466/3601 3465/3465/3601 3464/3464/3601
f 3467/3467/3602 3465/3465/3602 3466/3466/3602
f 3468/3468/3603 3465/3465/3603 3467/3467/3603
f 3465/3465/3604 3468/3468/3604 3469/3469/3604
f 3470/3470/3605 3469/3469/3605 3468/3468/3605
f 3471/3471/3606 3469/3469/3606 3470/3470/3606
f 3469/3469/3607 3471/3471/3608 3472/3472/3609
f 3472/3472/3610 3471/3471/3610 3473/3473/3610
f 3474/3474/3611 3473/3473/3611 3471/3471/3611
f 3475/3475/3612 3474/3474/3612 3476/3476/3612
f 3471/3471/3613 3476/3476/3613 3474/3474/3613
f 3476/3476/3614 3471/3471/3614 3477/3477/3614
f 3470/3470/3615 3477/3477/3615 3471/3471/3615
f 3468/3468/3616 3477/3477/3616 3470/3470/3616
f 3477/3477/3617 3468/3468/3617 3478/3478/3617
f 3467/3467/3618 3478/3478/3618 3468/3468/3618
f 3478/3478/3619 3467/3467/3619 3479/3479/3619
f 3469/3469/3620 3463/3463/3620 3465/3465/3620
f 3463/3463/3621 3469/3469/3621 3480/3480/3621
f 3472/3472/3609 3480/3480/3622 3469/3469/3607
f 3480/3480/3623 3472/3472/3623 3481/3481/3623
f 3473/3473/3624 3481/3481/3624 3472/3472/3624
f 3482/3482/3625 3481/3481/3625 3473/3473/3625
f 3481/3481/3626 3482/3482/3626 3483/3483/3626
f 3484/3484/3627 3483/3483/3627 3482/3482/3627
f 3485/3485/3628 3483/3483/3628 3484/3484/3628
f 3463/3463/3629 3480/3480/3629 3461/3461/3629
f 3461/3461/3630 3480/3480/3630 3486/3486/3630
f 3481/3481/3631 3486/3486/3631 3480/3480/3631
f 3483/3483/3632 3486/3486/3632 3481/3481/3632
f 3487/3487/3633 3486/3486/3633 3483/3483/3633
f 3486/3486/3634 3487/3487/3634 3488/3488/3634
f 3453/3453/3635 3488/3488/3635 3487/3487/3635
f 3455/3455/3636 3488/3488/3636 3453/3453/3636
f 3488/3488/3637 3455/3455/3637 3486/3486/3637
f 3461/3461/3638 3486/3486/3638 3455/3455/3638
f 3327/3327/3639 3489/3489/3639 3490/3490/3639
f 3491/3491/3640 3492/3492/3640 3327/3327/3640
f 3493/3493/3641 3327/3327/3641 3492/3492/3641
f 3318/3318/3642 3489/3489/3642 3494/3494/3642
f 3495/3495/3643 3494/3494/3643 3489/3489/3643
f 3494/3494/3644 3495/3495/3644 3496/3496/3644
f 3497/3497/3645 3496/3496/3645 3495/3495/3645
f 3496/3496/3646 3497/3497/3646 3498/3498/3646
f 3499/3499/3647 3500/3500/3647 3324/3324/3647
f 3501/3501/3648 3324/3324/3648 3500/3500/3648
f 3502/3502/3649 3324/3324/3649 3501/3501/3649
f 3324/3324/3650 3502/3502/3650 3325/3325/3650
f 3497/3497/3651 3325/3325/3651 3502/3502/3651
f 3325/3325/3652 3497/3497/3652 3492/3492/3652
f 3503/3503/3653 3504/3504/3654 3505/3505/3655
f 3506/3506/3656 3505/3505/3655 3504/3504/3654
f 3505/3505/3657 3506/3506/3657 3507/3507/3657
f 3356/3356/3658 3507/3507/3658 3506/3506/3658
f 3355/3355/3659 3507/3507/3659 3356/3356/3659
f 3499/3499/3660 3507/3507/3660 3355/3355/3660
f 3507/3507/3661 3499/3499/3661 3505/3505/3661
f 3324/3324/3662 3505/3505/3662 3499/3499/3662
f 3505/3505/3663 3324/3324/3663 3335/3335/3663
f 3335/3335/3664 3508/3508/3664 3509/3509/3664
f 3510/3510/3665 3511/3511/3665 3512/3512/3665
f 3513/3513/3666 3514/3514/3666 3515/3515/3666
f 3512/3512/3667 3515/3515/3667 3514/3514/3667
f 3516/3516/3668 3517/3517/3668 3518/3518/3668
f 3519/3519/3669 3520/3520/3669 3521/3521/3669
f 3522/3522/3670 3523/3523/3670 3520/3520/3670
f 3524/3524/3671 3520/3520/3671 3523/3523/3671
f 3520/3520/3672 3524/3524/3672 3525/3525/3672
f 3526/3526/3673 3525/3525/3673 3521/3521/3673
f 3527/3527/3674 3521/3521/3675 3525/3525/3676
f 3528/3528/3677 3521/3521/3675 3527/3527/3674
f 3521/3521/3678 3528/3528/3678 3529/3529/3678
f 3530/3530/3679 3531/3531/3680 3532/3532/3681
f 3533/3533/3682 3532/3532/3682 3531/3531/3682
f 3532/3532/3683 3533/3533/3683 3522/3522/3683
f 3534/3534/3684 3522/3522/3684 3533/3533/3684
f 3522/3522/3685 3534/3534/3685 3523/3523/3685
f 3535/3535/3686 3523/3523/3686 3534/3534/3686
f 3536/3536/3687 3531/3531/3687 3530/3530/3687
f 3531/3531/3688 3536/3536/3688 3537/3537/3688
f 3537/3537/3689 3536/3536/3689 3538/3538/3689
f 3538/3538/3690 3536/3536/3690 3539/3539/3690
f 3539/3539/3691 3536/3536/3691 3540/3540/3691
f 3530/3530/3692 3540/3540/3692 3536/3536/3692
f 3540/3540/3693 3530/3530/3693 3529/3529/3693
f 3541/3541/3694 3529/3529/3694 3530/3530/3694
f 3529/3529/3695 3541/3541/3695 3521/3521/3695
f 3521/3521/3696 3541/3541/3696 3542/3542/3696
f 3530/3530/3697 3542/3542/3697 3541/3541/3697
f 3542/3542/3698 3530/3530/3698 3543/3543/3698
f 3532/3532/3681 3543/3543/3699 3530/3530/3679
f 3544/3544/3700 3543/3543/3700 3532/3532/3700
f 3531/3531/3701 3545/3545/3701 3533/3533/3701
f 3545/3545/3702 3531/3531/3702 3546/3546/3702
f 3537/3537/3703 3546/3546/3703 3531/3531/3703
f 3547/3547/3704 3539/3539/3704 3548/3548/3704
f 3540/3540/3705 3548/3548/3705 3539/3539/3705
f 3548/3548/3706 3540/3540/3706 3549/3549/3706
f 3529/3529/3707 3549/3549/3707 3540/3540/3707
f 3549/3549/3708 3529/3529/3708 3550/3550/3708
f 3551/3551/3709 3545/3545/3709 3546/3546/3709
f 3545/3545/3710 3551/3551/3710 3552/3552/3710
f 3552/3552/3711 3551/3551/3711 3553/3553/3711
f 3554/3554/3712 3553/3553/3712 3551/3551/3712
f 3555/3555/3713 3553/3553/3713 3554/3554/3713
f 3553/3553/3714 3555/3555/3714 3556/3556/3714
f 3557/3557/3715 3556/3556/3715 3555/3555/3715
f 3558/3558/3716 3556/3556/3716 3557/3557/3716
f 3559/3559/3717 3560/3560/3717 3561/3561/3717
f 3560/3560/3718 3559/3559/3718 3562/3562/3718
f 3551/3551/3719 3562/3562/3719 3559/3559/3719
f 3546/3546/3720 3562/3562/3720 3551/3551/3720
f 3563/3563/3721 3562/3562/3721 3546/3546/3721
f 3564/3564/3722 3562/3562/3722 3563/3563/3722
f 3562/3562/3723 3564/3564/3723 3560/3560/3723
f 3565/3565/3724 3560/3560/3724 3564/3564/3724
f 3560/3560/3725 3565/3565/3725 3561/3561/3725
f 3557/3557/3726 3561/3561/3726 3565/3565/3726
f 3528/3528/3727 3550/3550/3727 3566/3566/3727
f 3567/3567/3728 3568/3568/3728 3569/3569/3728
f 3570/3570/3729 3571/3571/3729 3572/3572/3729
f 3573/3573/3730 3572/3572/3731 3571/3571/3732
f 3572/3572/3733 3573/3573/3733 3574/3574/3733
f 3574/3574/3734 3573/3573/3734 3575/3575/3734
f 3575/3575/3735 3573/3573/3735 3576/3576/3735
f 3576/3576/3736 3573/3573/3736 3568/3568/3736
f 3568/3568/3737 3573/3573/3737 3569/3569/3737
f 3571/3571/3732 3569/3569/3738 3573/3573/3730
f 3577/3577/3739 3578/3578/3739 3579/3579/3739
f 3580/3580/3740 3579/3579/3740 3578/3578/3740
f 3579/3579/3741 3580/3580/3741 3581/3581/3741
f 3582/3582/3742 3581/3581/3742 3580/3580/3742
f 3581/3581/3743 3582/3582/3743 3574/3574/3743
f 3574/3574/3744 3582/3582/3744 3572/3572/3744
f 3572/3572/3745 3582/3582/3745 3570/3570/3745
f 3570/3570/3746 3582/3582/3746 3583/3583/3746
f 3580/3580/3747 3583/3583/3747 3582/3582/3747
f 3583/3583/3748 3580/3580/3748 3578/3578/3748
f 3584/3584/3749 3585/3585/3749 3577/3577/3749
f 3577/3577/3750 3585/3585/3750 3578/3578/3750
f 3586/3586/3751 3578/3578/3751 3585/3585/3751
f 3578/3578/3752 3586/3586/3752 3587/3587/3752
f 3588/3588/3753 3586/3586/3753 3589/3589/3753
f 3585/3585/3754 3589/3589/3754 3586/3586/3754
f 3589/3589/3755 3585/3585/3755 3590/3590/3755
f 3584/3584/3756 3590/3590/3756 3585/3585/3756
f 3590/3590/3757 3584/3584/3757 3591/3591/3757
f 3592/3592/3758 3593/3593/3758 3589/3589/3758
f 3594/3594/3759 3589/3589/3759 3593/3593/3759
f 3595/3595/3760 3596/3596/3760 3597/3597/3760
f 3598/3598/3761 3597/3597/3761 3596/3596/3761
f 3597/3597/3762 3598/3598/3762 3588/3588/3762
f 3599/3599/3763 3600/3600/3763 3601/3601/3763
f 3602/3602/3764 3601/3601/3764 3600/3600/3764
f 3603/3603/3765 3604/3604/3765 3605/3605/3765
f 3606/3606/3766 3605/3605/3766 3604/3604/3766
f 3605/3605/3767 3606/3606/3767 3607/3607/3767
f 3608/3608/3768 3607/3607/3768 3606/3606/3768
f 3607/3607/3769 3608/3608/3769 3609/3609/3769
f 3609/3609/3770 3608/3608/3770 3610/3610/3770
f 3611/3611/3771 3610/3610/3771 3608/3608/3771
f 3610/3610/3772 3611/3611/3772 3602/3602/3772
f 3612/3612/3773 3613/3613/3773 3614/3614/3773
f 3614/3614/3774 3613/3613/3774 3615/3615/3774
f 3616/3616/3775 3615/3615/3775 3613/3613/3775
f 3615/3615/3776 3616/3616/3776 3604/3604/3776
f 3604/3604/3777 3616/3616/3778 3606/3606/3779
f 3606/3606/3779 3616/3616/3778 3608/3608/3780
f 3617/3617/3781 3608/3608/3781 3616/3616/3781
f 3618/3618/3782 3608/3608/3782 3617/3617/3782
f 3608/3608/3783 3618/3618/3784 3611/3611/3785
f 3619/3619/3786 3611/3611/3785 3618/3618/3784
f 3620/3620/3787 3611/3611/3787 3619/3619/3787
f 3611/3611/3788 3620/3620/3788 3599/3599/3788
f 3599/3599/3789 3620/3620/3790 3621/3621/3791
f 3622/3622/3792 3621/3621/3791 3620/3620/3790
f 3613/3613/3793 3623/3623/3793 3616/3616/3793
f 3616/3616/3794 3623/3623/3794 3617/3617/3794
f 3624/3624/3795 3617/3617/3795 3623/3623/3795
f 3617/3617/3796 3624/3624/3796 3618/3618/3796
f 3622/3622/3797 3620/3620/3797 3625/3625/3797
f 3626/3626/3798 3625/3625/3798 3620/3620/3798
f 3625/3625/3799 3626/3626/3799 3627/3627/3799
f 3619/3619/3800 3628/3628/3800 3620/3620/3800
f 3620/3620/3801 3628/3628/3801 3626/3626/3801
f 3626/3626/3802 3628/3628/3802 3629/3629/3802
f 3629/3629/3803 3628/3628/3803 3630/3630/3803
f 3631/3631/3804 3630/3630/3804 3628/3628/3804
f 3630/3630/3805 3631/3631/3805 3632/3632/3805
f 3633/3633/3806 3632/3632/3807 3631/3631/3808
f 3634/3634/3809 3632/3632/3807 3633/3633/3806
f 3635/3635/3810 3632/3632/3810 3634/3634/3810
f 3632/3632/3811 3635/3635/3811 3636/3636/3811
f 3637/3637/3812 3636/3636/3812 3635/3635/3812
f 3638/3638/3813 3636/3636/3813 3637/3637/3813
f 3639/3639/3814 3636/3636/3814 3638/3638/3814
f 3636/3636/3815 3639/3639/3815 3630/3630/3815
f 3636/3636/3816 3630/3630/3816 3632/3632/3816
f 3630/3630/3817 3639/3639/3817 3629/3629/3817
f 3640/3640/3818 3629/3629/3818 3639/3639/3818
f 3641/3641/3819 3629/3629/3819 3640/3640/3819
f 3629/3629/3820 3641/3641/3820 3642/3642/3820
f 3643/3643/3821 3637/3637/3821 3644/3644/3821
f 3635/3635/3822 3644/3644/3822 3637/3637/3822
f 3634/3634/3823 3644/3644/3823 3635/3635/3823
f 3644/3644/3824 3634/3634/3825 3645/3645/3826
f 3645/3645/3826 3634/3634/3825 3646/3646/3827
f 3618/3618/3828 3646/3646/3828 3634/3634/3828
f 3637/3637/3829 3645/3645/3829 3647/3647/3829
f 3647/3647/3830 3645/3645/3830 3648/3648/3830
f 3648/3648/3831 3645/3645/3831 3649/3649/3831
f 3646/3646/3832 3649/3649/3832 3645/3645/3832
f 3649/3649/3833 3646/3646/3833 3650/3650/3833
f 3651/3651/3834 3647/3647/3834 3652/3652/3834
f 3653/3653/3835 3652/3652/3835 3647/3647/3835
f 3652/3652/3836 3653/3653/3836 3654/3654/3836
f 3655/3655/3837 3654/3654/3837 3653/3653/3837
f 3654/3654/3838 3655/3655/3838 3656/3656/3838
f 3657/3657/3839 3646/3646/3839 3633/3633/3839
f 3646/3646/3840 3657/3657/3840 3658/3658/3840
f 3658/3658/3841 3657/3657/3841 3624/3624/3841
f 3633/3633/3842 3624/3624/3842 3657/3657/3842
f 3623/3623/3843 3659/3659/3843 3624/3624/3843
f 3660/3660/3844 3624/3624/3845 3659/3659/3846
f 3624/3624/3847 3660/3660/3847 3658/3658/3847
f 3658/3658/3848 3660/3660/3848 3656/3656/3848
f 3656/3656/3849 3660/3660/3849 3661/3661/3849
f 3659/3659/3846 3661/3661/3850 3660/3660/3844
f 3661/3661/3851 3659/3659/3851 3662/3662/3851
f 3662/3662/3852 3659/3659/3853 3663/3663/3854
f 3664/3664/3855 3663/3663/3854 3659/3659/3853
f 3665/3665/3856 3663/3663/3856 3664/3664/3856
f 3663/3663/3857 3665/3665/3857 3666/3666/3857
f 3666/3666/3858 3665/3665/3858 3667/3667/3858
f 3668/3668/3859 3667/3667/3859 3665/3665/3859
f 3669/3669/3860 3667/3667/3860 3668/3668/3860
f 3659/3659/3861 3623/3623/3861 3664/3664/3861
f 3613/3613/3862 3664/3664/3862 3623/3623/3862
f 3612/3612/3863 3664/3664/3863 3613/3613/3863
f 3664/3664/3864 3612/3612/3864 3665/3665/3864
f 3668/3668/3865 3665/3665/3865 3612/3612/3865
f 3670/3670/3866 3671/3671/3866 3321/3321/3866
f 3666/3666/3867 3321/3321/3867 3671/3671/3867
f 3321/3321/3868 3666/3666/3868 3330/3330/3868
f 3330/3330/3869 3666/3666/3869 3340/3340/3869
f 3667/3667/3870 3340/3340/3870 3666/3666/3870
f 3340/3340/3871 3667/3667/3871 3341/3341/3871
f 3669/3669/3872 3341/3341/3872 3667/3667/3872
f 3341/3341/3873 3669/3669/3873 3342/3342/3873
f 3342/3342/3874 3669/3669/3874 3343/3343/3874
f 3343/3343/3875 3669/3669/3875 3672/3672/3875
f 3668/3668/3876 3672/3672/3876 3669/3669/3876
f 3672/3672/3877 3668/3668/3877 3673/3673/3877
f 3673/3673/3878 3668/3668/3878 3674/3674/3878
f 3675/3675/3879 3674/3674/3879 3668/3668/3879
f 3676/3676/3880 3673/3673/3880 3677/3677/3880
f 3674/3674/3881 3677/3677/3881 3673/3673/3881
f 3678/3678/3882 3677/3677/3882 3674/3674/3882
f 3679/3679/3883 3677/3677/3883 3678/3678/3883
f 3680/3680/3884 3677/3677/3884 3679/3679/3884
f 3677/3677/3885 3680/3680/3885 3676/3676/3885
f 3681/3681/3886 3680/3680/3886 3682/3682/3886
f 3679/3679/3887 3682/3682/3887 3680/3680/3887
f 3683/3683/3888 3682/3682/3888 3679/3679/3888
f 3682/3682/3889 3683/3683/3889 3684/3684/3889
f 3668/3668/3890 3612/3612/3890 3675/3675/3890
f 3614/3614/3891 3675/3675/3891 3612/3612/3891
f 3675/3675/3892 3614/3614/3892 3685/3685/3892
f 3615/3615/3893 3685/3685/3893 3614/3614/3893
f 3685/3685/3894 3615/3615/3895 3686/3686/3896
f 3604/3604/3897 3686/3686/3896 3615/3615/3895
f 3686/3686/3898 3604/3604/3898 3687/3687/3898
f 3687/3687/3899 3604/3604/3899 3688/3688/3899
f 3689/3689/3900 3688/3688/3900 3604/3604/3900
f 3690/3690/3901 3691/3691/3901 3692/3692/3901
f 3693/3693/3902 3692/3692/3902 3691/3691/3902
f 3691/3691/3903 3694/3694/3903 3695/3695/3903
f 3696/3696/3904 3695/3695/3904 3694/3694/3904
f 3695/3695/3905 3696/3696/3905 3625/3625/3905
f 3697/3697/3906 3625/3625/3906 3696/3696/3906
f 3698/3698/3907 3625/3625/3907 3697/3697/3907
f 3625/3625/3908 3698/3698/3908 3699/3699/3908
f 3700/3700/3909 3701/3701/3909 3702/3702/3909
f 3703/3703/3910 3702/3702/3910 3701/3701/3910
f 3704/3704/3911 3705/3705/3911 3706/3706/3911
f 3707/3707/3912 3706/3706/3912 3705/3705/3912
f 3706/3706/3913 3707/3707/3913 3708/3708/3913
f 3709/3709/3914 3710/3710/3914 3711/3711/3914
f 3712/3712/3915 3711/3711/3915 3710/3710/3915
f 3711/3711/3916 3712/3712/3916 3713/3713/3916
f 3714/3714/3917 3712/3712/3917 3715/3715/3917
f 3715/3715/3918 3712/3712/3918 3716/3716/3918
f 3716/3716/3919 3712/3712/3919 3717/3717/3919
f 3710/3710/3920 3717/3717/3920 3712/3712/3920
f 3717/3717/3921 3710/3710/3921 3718/3718/3921
f 3400/3400/3922 3403/3403/3922 3399/3399/3922
f 3412/3412/3923 3399/3399/3923 3403/3403/3923
f 3383/3383/3924 3382/3382/3924 3719/3719/3924
f 3719/3719/3925 3382/3382/3925 3720/3720/3925
f 3720/3720/3926 3382/3382/3926 3721/3721/3926
f 3399/3399/3927 3721/3721/3927 3382/3382/3927
f 3412/3412/3928 3721/3721/3928 3399/3399/3928
f 3721/3721/3929 3412/3412/3929 3410/3410/3929
f 3722/3722/3930 3723/3723/3930 3724/3724/3930
f 3725/3725/3931 3724/3724/3931 3723/3723/3931
f 3726/3726/3932 3724/3724/3932 3725/3725/3932
f 3727/3727/3933 3724/3724/3933 3726/3726/3933
f 3728/3728/3934 3724/3724/3934 3727/3727/3934
f 3729/3729/3935 3724/3724/3935 3728/3728/3935
f 3724/3724/3936 3729/3729/3936 3730/3730/3936
f 3731/3731/3937 3732/3732/3937 3733/3733/3937
f 3734/3734/3938 3733/3733/3938 3732/3732/3938
f 3733/3733/3939 3734/3734/3939 3735/3735/3939
f 3736/3736/3940 3735/3735/3940 3734/3734/3940
f 3737/3737/3941 3735/3735/3941 3736/3736/3941
f 3735/3735/3942 3737/3737/3942 3738/3738/3942
f 3739/3739/3943 3738/3738/3943 3737/3737/3943
f 3738/3738/3944 3739/3739/3944 3740/3740/3944
f 3741/3741/3945 3742/3742/3945 3743/3743/3945
f 3744/3744/3946 3743/3743/3946 3742/3742/3946
f 3743/3743/3947 3744/3744/3947 3745/3745/3947
f 3746/3746/3948 3745/3745/3948 3744/3744/3948
f 3747/3747/3949 3745/3745/3949 3746/3746/3949
f 3343/3343/3950 3745/3745/3950 3747/3747/3950
f 3748/3748/3951 3745/3745/3951 3343/3343/3951
f 3745/3745/3952 3748/3748/3952 3743/3743/3952
f 3749/3749/3953 3750/3750/3953 3751/3751/3953
f 3751/3751/3954 3752/3752/3954 3753/3753/3954
f 3754/3754/3955 3755/3755/3955 3756/3756/3955
f 3757/3757/3956 3756/3756/3957 3755/3755/3958
f 3758/3758/3959 3756/3756/3957 3757/3757/3956
f 3756/3756/3960 3758/3758/3960 3749/3749/3960
f 3752/3752/3961 3749/3749/3961 3758/3758/3961
f 3755/3755/3962 3759/3759/3962 3760/3760/3962
f 3761/3761/3963 3750/3750/3963 3762/3762/3963
f 3763/3763/3964 3762/3762/3964 3750/3750/3964
f 3762/3762/3965 3763/3763/3965 3764/3764/3965
f 3765/3765/3966 3764/3764/3966 3763/3763/3966
f 3764/3764/3967 3765/3765/3967 3766/3766/3967
f 3766/3766/3968 3765/3765/3968 3767/3767/3968
f 3768/3768/3969 3767/3767/3969 3765/3765/3969
f 3767/3767/3970 3768/3768/3970 3769/3769/3970
f 3770/3770/3971 3771/3771/3971 3772/3772/3971
f 3773/3773/3972 3772/3772/3972 3771/3771/3972
f 3774/3774/3973 3775/3775/3973 3776/3776/3973
f 3777/3777/3974 3776/3776/3974 3775/3775/3974
f 3776/3776/3975 3777/3777/3975 3778/3778/3975
f 3778/3778/3976 3777/3777/3976 3779/3779/3976
f 3770/3770/3977 3779/3779/3977 3777/3777/3977
f 3779/3779/3978 3770/3770/3978 3780/3780/3978
f 3781/3781/3979 3772/3772/3979 3782/3782/3979
f 3772/3772/3980 3781/3781/3980 3783/3783/3980
f 3784/3784/3981 3783/3783/3981 3781/3781/3981
f 3783/3783/3982 3784/3784/3983 3785/3785/3984
f 3786/3786/3985 3785/3785/3984 3784/3784/3983
f 3787/3787/3986 3785/3785/3986 3786/3786/3986
f 3785/3785/3987 3787/3787/3987 3788/3788/3987
f 3789/3789/3988 3788/3788/3988 3787/3787/3988
f 3790/3790/3989 3791/3791/3989 3792/3792/3989
f 3793/3793/3990 3792/3792/3990 3791/3791/3990
f 3793/3793/3991 3794/3794/3991 3792/3792/3991
f 3795/3795/3992 3792/3792/3992 3794/3794/3992
f 3792/3792/3993 3795/3795/3993 3796/3796/3993
f 3796/3796/3994 3795/3795/3994 3797/3797/3994
f 3798/3798/3995 3797/3797/3995 3795/3795/3995
f 3799/3799/3996 3797/3797/3996 3798/3798/3996
f 3797/3797/3997 3799/3799/3997 3800/3800/3997
f 3801/3801/3998 3800/3800/3998 3799/3799/3998
f 3802/3802/3999 3800/3800/3999 3801/3801/3999
f 3803/3803/4000 3800/3800/4000 3802/3802/4000
f 3800/3800/4001 3803/3803/4001 3797/3797/4001
f 3790/3790/4002 3797/3797/4002 3803/3803/4002
f 3797/3797/4003 3790/3790/4003 3796/3796/4003
f 3792/3792/4004 3796/3796/4004 3790/3790/4004
f 3801/3801/4005 3804/3804/4005 3805/3805/4005
f 3806/3806/4006 3805/3805/4006 3804/3804/4006
f 3805/3805/4007 3806/3806/4007 3807/3807/4007
f 3808/3808/4008 3807/3807/4008 3806/3806/4008
f 3807/3807/4009 3808/3808/4009 3809/3809/4009
f 3810/3810/4010 3809/3809/4010 3808/3808/4010
f 3809/3809/4011 3810/3810/4011 3811/3811/4011
f 3812/3812/4012 3811/3811/4012 3810/3810/4012
f 3813/3813/4013 3814/3814/4013 3815/3815/4013
f 3816/3816/4014 3815/3815/4014 3814/3814/4014
f 3816/3816/4015 3817/3817/4015 3815/3815/4015
f 3818/3818/4016 3815/3815/4016 3817/3817/4016
f 3815/3815/4017 3818/3818/4017 3813/3813/4017
f 3819/3819/4018 3813/3813/4018 3818/3818/4018
f 3813/3813/4019 3819/3819/4019 3820/3820/4019
f 3821/3821/4020 3820/3820/4020 3819/3819/4020
f 3820/3820/4021 3821/3821/4021 3822/3822/4021
f 3823/3823/4022 3822/3822/4022 3821/3821/4022
f 3824/3824/4023 3822/3822/4023 3823/3823/4023
f 3825/3825/4024 3822/3822/4024 3824/3824/4024
f 3826/3826/4025 3822/3822/4025 3825/3825/4025
f 3822/3822/4026 3826/3826/4026 3820/3820/4026
f 3814/3814/4027 3820/3820/4027 3826/3826/4027
f 3820/3820/4028 3814/3814/4028 3813/3813/4028
f 3827/3827/4029 3828/3828/4029 3829/3829/4029
f 3829/3829/4030 3828/3828/4030 3830/3830/4030
f 3831/3831/4031 3830/3830/4031 3828/3828/4031
f 3830/3830/4032 3831/3831/4032 3832/3832/4032
f 3833/3833/4033 3832/3832/4033 3831/3831/4033
f 3832/3832/4034 3833/3833/4034 3834/3834/4034
f 3835/3835/4035 3834/3834/4035 3833/3833/4035
f 3834/3834/4036 3835/3835/4036 3824/3824/4036
f 3836/3836/4037 3837/3837/4037 3838/3838/4037
f 3839/3839/4038 3836/3836/4038 3840/3840/4038
f 3841/3841/4039 3840/3840/4039 3836/3836/4039
f 3842/3842/4040 3840/3840/4040 3841/3841/4040
f 3843/3843/4041 3840/3840/4041 3842/3842/4041
f 3844/3844/4042 3840/3840/4042 3843/3843/4042
f 3845/3845/4043 3840/3840/4043 3844/3844/4043
f 3840/3840/4044 3845/3845/4044 3837/3837/4044
f 3846/3846/4045 3847/3847/4045 3848/3848/4045
f 3849/3849/4046 3848/3848/4046 3847/3847/4046
f 3848/3848/4047 3849/3849/4047 3850/3850/4047
f 3850/3850/4048 3849/3849/4048 3851/3851/4048
f 3851/3851/4049 3849/3849/4049 3852/3852/4049
f 3852/3852/4050 3849/3849/4050 3845/3845/4050
f 3847/3847/4051 3845/3845/4051 3849/3849/4051
f 3851/3851/4052 3853/3853/4052 3854/3854/4052
f 3855/3855/4053 3854/3854/4053 3853/3853/4053
f 3856/3856/4054 3854/3854/4054 3855/3855/4054
f 3857/3857/4055 3854/3854/4055 3856/3856/4055
f 3854/3854/4056 3857/3857/4056 3858/3858/4056
f 3859/3859/4057 3858/3858/4057 3857/3857/4057
f 3858/3858/4058 3859/3859/4058 3860/3860/4058
f 3861/3861/4059 3860/3860/4059 3859/3859/4059
f 3862/3862/4060 3861/3861/4060 3863/3863/4060
f 3859/3859/4061 3863/3863/4061 3861/3861/4061
f 3863/3863/4062 3859/3859/4062 3864/3864/4062
f 3857/3857/4063 3864/3864/4063 3859/3859/4063
f 3864/3864/4064 3857/3857/4064 3865/3865/4064
f 3860/3860/4065 3866/3866/4065 3858/3858/4065
f 3867/3867/4066 3858/3858/4066 3866/3866/4067
f 3858/3858/4066 3867/3867/4066 3854/3854/4068
f 3854/3854/4069 3867/3867/4069 3868/3868/4069
f 3866/3866/4070 3868/3868/4070 3867/3867/4070
f 3869/3869/4071 3868/3868/4071 3870/3870/4071
f 3871/3871/4072 3872/3872/4072 3873/3873/4072
f 3874/3874/4073 3875/3875/4073 3873/3873/4073
f 3873/3873/4074 3875/3875/4074 3871/3871/4074
f 3876/3876/4075 3871/3871/4075 3875/3875/4075
f 3877/3877/4076 3878/3878/4076 3879/3879/4076
f 3880/3880/4077 3879/3879/4077 3878/3878/4077
f 3881/3881/4078 3882/3882/4078 3883/3883/4078
f 3883/3883/4079 3882/3882/4079 3884/3884/4079
f 3885/3885/4080 3884/3884/4080 3882/3882/4080
f 3884/3884/4081 3885/3885/4081 3886/3886/4081
f 3886/3886/4082 3885/3885/4082 3887/3887/4082
f 3887/3887/4083 3885/3885/4083 3888/3888/4083
f 3888/3888/4084 3885/3885/4084 3877/3877/4084
f 3882/3882/4085 3877/3877/4085 3885/3885/4085
f 3889/3889/4086 3890/3890/4086 3891/3891/4086
f 3892/3892/4087 3891/3891/4087 3890/3890/4087
f 3893/3893/4088 3891/3891/4088 3892/3892/4088
f 3891/3891/4089 3893/3893/4089 3886/3886/4089
f 3886/3886/4090 3893/3893/4090 3884/3884/4090
f 3884/3884/4091 3893/3893/4091 3894/3894/4091
f 3894/3894/4092 3893/3893/4092 3895/3895/4092
f 3892/3892/4093 3895/3895/4093 3893/3893/4093
f 3895/3895/4094 3892/3892/4094 3896/3896/4094
f 3891/3891/4095 3897/3897/4096 3898/3898/4097
f 3899/3899/4098 3898/3898/4097 3897/3897/4096
f 3900/3900/4099 3898/3898/4099 3899/3899/4099
f 3898/3898/4100 3900/3900/4100 3901/3901/4100
f 3902/3902/4101 3903/3903/4101 3900/3900/4101
f 3900/3900/4102 3903/3903/4102 3901/3901/4102
f 3904/3904/4103 3901/3901/4103 3903/3903/4103
f 3901/3901/4104 3904/3904/4105 3898/3898/4106
f 3905/3905/4107 3898/3898/4106 3904/3904/4105
f 3898/3898/4108 3905/3905/4108 3906/3906/4108
f 3907/3907/4109 3908/3908/4109 3909/3909/4109
f 3910/3910/4110 3909/3909/4110 3908/3908/4110
f 3911/3911/4111 3912/3912/4111 3913/3913/4111
f 3914/3914/4112 3913/3913/4112 3912/3912/4112
f 3915/3915/4113 3916/3916/4113 3917/3917/4113
f 3918/3918/4114 3917/3917/4114 3916/3916/4114
f 3917/3917/4115 3918/3918/4115 3919/3919/4115
f 3920/3920/4116 3919/3919/4116 3918/3918/4116
f 3921/3921/4117 3922/3922/4117 3923/3923/4117
f 3924/3924/4118 3923/3923/4118 3922/3922/4118
f 3923/3923/4119 3924/3924/4119 3925/3925/4119
f 3925/3925/4120 3924/3924/4120 3915/3915/4120
f 3915/3915/4121 3924/3924/4121 3916/3916/4121
f 3926/3926/4122 3916/3916/4122 3924/3924/4122
f 3927/3927/4123 3916/3916/4123 3926/3926/4123
f 3916/3916/4124 3927/3927/4124 3918/3918/4124
f 3928/3928/4125 3918/3918/4125 3927/3927/4125
f 3929/3929/4126 3918/3918/4126 3928/3928/4126
f 3930/3930/4127 3918/3918/4127 3929/3929/4127
f 3918/3918/4128 3930/3930/4128 3920/3920/4128
f 3931/3931/4129 3920/3920/4129 3930/3930/4129
f 3920/3920/4130 3931/3931/4130 3932/3932/4130
f 3924/3924/4131 3922/3922/4131 3933/3933/4131
f 3934/3934/4132 3933/3933/4132 3922/3922/4132
f 3933/3933/4133 3934/3934/4133 3935/3935/4133
f 3936/3936/4134 3935/3935/4134 3934/3934/4134
f 3935/3935/4135 3936/3936/4135 3928/3928/4135
f 3928/3928/4136 3936/3936/4136 3937/3937/4136
f 3938/3938/4137 3937/3937/4137 3936/3936/4137
f 3939/3939/4138 3937/3937/4138 3938/3938/4138
f 3940/3940/4139 3937/3937/4139 3939/3939/4139
f 3937/3937/4140 3940/3940/4140 3941/3941/4140
f 3941/3941/4141 3940/3940/4141 3942/3942/4141
f 3942/3942/4142 3940/3940/4142 3943/3943/4142
f 3943/3943/4143 3940/3940/4143 3944/3944/4143
f 3945/3945/4144 3944/3944/4144 3940/3940/4144
f 3946/3946/4145 3947/3947/4145 3948/3948/4145
f 3949/3949/4146 3948/3948/4146 3947/3947/4146
f 3950/3950/4147 3948/3948/4147 3949/3949/4147
f 3948/3948/4148 3950/3950/4148 3951/3951/4148
f 3952/3952/4149 3951/3951/4149 3950/3950/4149
f 3951/3951/4150 3952/3952/4150 3953/3953/4150
f 3954/3954/4151 3955/3955/4151 3951/3951/4151
f 3951/3951/4152 3955/3955/4152 3948/3948/4152
f 3956/3956/4153 3948/3948/4153 3955/3955/4153
f 3948/3948/4154 3956/3956/4154 3946/3946/4154
f 3957/3957/4155 3946/3946/4155 3956/3956/4155
f 3958/3958/4156 3957/3957/4156 3959/3959/4156
f 3956/3956/4157 3959/3959/4157 3957/3957/4157
f 3959/3959/4158 3956/3956/4158 3960/3960/4158
f 3955/3955/4159 3960/3960/4159 3956/3956/4159
f 3960/3960/4160 3955/3955/4160 3961/3961/4160
f 3954/3954/4161 3961/3961/4161 3955/3955/4161
f 3961/3961/4162 3954/3954/4162 3962/3962/4162
f 3962/3962/4163 3954/3954/4163 3963/3963/4163
f 3951/3951/4164 3963/3963/4164 3954/3954/4164
f 3963/3963/4165 3951/3951/4165 3964/3964/4165
f 3965/3965/4166 3966/3966/4166 3967/3967/4166
f 3968/3968/4167 3967/3967/4167 3966/3966/4167
f 3969/3969/4168 3967/3967/4168 3968/3968/4168
f 3970/3970/4169 3967/3967/4169 3969/3969/4169
f 3967/3967/4170 3970/3970/4170 3971/3971/4170
f 3971/3971/4171 3970/3970/4171 3880/3880/4171
f 3969/3969/4172 3880/3880/4172 3970/3970/4172
f 3880/3880/4173 3969/3969/4173 3972/3972/4173
f 3972/3972/4174 3969/3969/4174 3973/3973/4174
f 3974/3974/4175 3973/3973/4175 3969/3969/4175
f 3975/3975/4176 3976/3976/4176 3977/3977/4176
f 3978/3978/4177 3977/3977/4177 3976/3976/4177
f 3977/3977/4178 3978/3978/4178 3979/3979/4178
f 3980/3980/4179 3979/3979/4179 3978/3978/4179
f 3981/3981/4180 3979/3979/4180 3980/3980/4180
f 3877/3877/4181 3979/3979/4181 3981/3981/4181
f 3882/3882/4182 3979/3979/4182 3877/3877/4182
f 3881/3881/4183 3979/3979/4183 3882/3882/4183
f 3982/3982/4184 3979/3979/4184 3881/3881/4184
f 3979/3979/4185 3982/3982/4185 3977/3977/4185
f 3983/3983/4186 3984/3984/4186 3985/3985/4186
f 3986/3986/4187 3983/3983/4187 3987/3987/4187
f 3988/3988/4188 3989/3989/4188 3986/3986/4188
f 3989/3989/4189 3988/3988/4189 3990/3990/4189
f 3990/3990/4190 3988/3988/4190 3991/3991/4190
f 3992/3992/4191 3991/3991/4191 3988/3988/4191
f 3991/3991/4192 3992/3992/4192 3993/3993/4192
f 3994/3994/4193 3993/3993/4193 3992/3992/4193
f 3993/3993/4194 3994/3994/4194 3995/3995/4194
f 3995/3995/4195 3994/3994/4195 3996/3996/4195
f 3997/3997/4196 3996/3996/4196 3994/3994/4196
f 3996/3996/4197 3997/3997/4197 3998/3998/4197
f 3999/3999/4198 3998/3998/4198 3997/3997/4198
f 3998/3998/4199 3999/3999/4199 4000/4000/4199
f 4001/4001/4200 4000/4000/4200 3999/3999/4200
f 4002/4002/4201 4003/4003/4201 4004/4004/4201
f 3999/3999/4202 4004/4004/4202 4003/4003/4202
f 3997/3997/4203 4004/4004/4203 3999/3999/4203
f 3994/3994/4204 4004/4004/4204 3997/3997/4204
f 4004/4004/4205 3994/3994/4205 4002/4002/4205
f 3992/3992/4206 4002/4002/4206 3994/3994/4206
f 4005/4005/4207 4002/4002/4207 3992/3992/4207
f 4002/4002/4208 4005/4005/4208 4006/4006/4208
f 4006/4006/4209 4005/4005/4209 4007/4007/4209
f 4008/4008/4210 4007/4007/4210 4005/4005/4210
f 4009/4009/4211 4007/4007/4211 4008/4008/4211
f 4001/4001/4212 3999/3999/4212 4010/4010/4212
f 4003/4003/4213 4010/4010/4213 3999/3999/4213
f 4010/4010/4214 4003/4003/4214 4011/4011/4214
f 4011/4011/4215 4003/4003/4215 4012/4012/4215
f 4002/4002/4216 4012/4012/4217 4003/4003/4218
f 4012/4012/4217 4002/4002/4216 4013/4013/4219
f 4006/4006/4220 4013/4013/4220 4002/4002/4220
f 4013/4013/4221 4006/4006/4221 4014/4014/4221
f 4007/4007/4222 4014/4014/4222 4006/4006/4222
f 4014/4014/4223 4007/4007/4223 4015/4015/4223
f 4009/4009/4224 4015/4015/4224 4007/4007/4224
f 4015/4015/4225 4009/4009/4225 4016/4016/4225
f 4017/4017/4226 4016/4016/4226 4009/4009/4226
f 4018/4018/4227 4016/4016/4227 4017/4017/4227
f 4011/4011/4228 4012/4012/4228 4019/4019/4228
f 4013/4013/4229 4019/4019/4229 4012/4012/4229
f 4019/4019/4230 4013/4013/4230 4020/4020/4230
f 4020/4020/4231 4013/4013/4231 4021/4021/4231
f 4014/4014/4232 4021/4021/4232 4013/4013/4232
f 4021/4021/4233 4014/4014/4233 4022/4022/4233
f 4022/4022/4234 4014/4014/4234 4023/4023/4234
f 4015/4015/4235 4023/4023/4235 4014/4014/4235
f 4023/4023/4236 4015/4015/4236 4024/4024/4236
f 4025/4025/4237 4024/4024/4237 4015/4015/4237
f 4026/4026/4238 4015/4015/4238 4027/4027/4238
f 4016/4016/4239 4027/4027/4239 4015/4015/4239
f 4027/4027/4240 4016/4016/4240 4028/4028/4240
f 4018/4018/4241 4028/4028/4241 4016/4016/4241
f 4028/4028/4242 4018/4018/4242 4029/4029/4242
f 4030/4030/4243 4029/4029/4243 4018/4018/4243
f 4029/4029/4244 4030/4030/4244 4031/4031/4244
f 4032/4032/4245 4031/4031/4245 4030/4030/4245
f 4031/4031/4246 4032/4032/4246 4033/4033/4246
f 4034/4034/4247 4033/4033/4247 4032/4032/4247
f 4035/4035/4248 4033/4033/4248 4034/4034/4248
f 4033/4033/4249 4035/4035/4249 4036/4036/4249
f 4037/4037/4250 4036/4036/4250 4035/4035/4250
f 4027/4027/4251 4028/4028/4251 4038/4038/4251
f 4029/4029/4252 4038/4038/4252 4028/4028/4252
f 4038/4038/4253 4029/4029/4254 4039/4039/4255
f 4039/4039/4255 4029/4029/4254 4040/4040/4256
f 4031/4031/4257 4040/4040/4257 4029/4029/4257
f 4041/4041/4258 4042/4042/4258 4031/4031/4258
f 4043/4043/4259 4031/4031/4259 4042/4042/4259
f 4031/4031/4260 4043/4043/4260 4040/4040/4260
f 4044/4044/4261 4040/4040/4261 4043/4043/4261
f 4045/4045/4262 4040/4040/4262 4044/4044/4262
f 4046/4046/4263 4040/4040/4263 4045/4045/4263
f 4040/4040/4264 4046/4046/4264 4039/4039/4264
f 4047/4047/4265 4039/4039/4265 4046/4046/4265
f 4039/4039/4266 4047/4047/4266 4038/4038/4266
f 4048/4048/4267 4038/4038/4267 4047/4047/4267
f 4038/4038/4268 4048/4048/4269 4027/4027/4270
f 4049/4049/4271 4027/4027/4270 4048/4048/4269
f 4027/4027/4272 4049/4049/4272 4026/4026/4272
f 4050/4050/4273 4026/4026/4273 4049/4049/4273
f 4051/4051/4274 4043/4043/4274 4052/4052/4274
f 4042/4042/4275 4052/4052/4275 4043/4043/4275
f 4052/4052/4276 4042/4042/4276 4053/4053/4276
f 4053/4053/4277 4042/4042/4277 4036/4036/4277
f 4033/4033/4278 4036/4036/4278 4042/4042/4278
f 4054/4054/4279 4044/4044/4279 4052/4052/4279
f 4015/4015/4280 4026/4026/4280 4025/4025/4280
f 4050/4050/4281 4025/4025/4281 4026/4026/4281
f 4025/4025/4282 4050/4050/4282 4055/4055/4282
f 4056/4056/4283 4055/4055/4283 4050/4050/4283
f 4055/4055/4284 4056/4056/4284 4057/4057/4284
f 4058/4058/4285 4057/4057/4285 4056/4056/4285
f 4057/4057/4286 4058/4058/4286 4059/4059/4286
f 4060/4060/4287 4059/4059/4287 4058/4058/4287
f 4059/4059/4288 4060/4060/4288 4061/4061/4288
f 4062/4062/4289 4061/4061/4289 4060/4060/4289
f 4061/4061/4290 4062/4062/4290 4063/4063/4290
f 4064/4064/4291 4063/4063/4291 4062/4062/4291
f 4063/4063/4292 4064/4064/4292 4065/4065/4292
f 4066/4066/4293 4065/4065/4293 4064/4064/4293
f 4064/4064/4294 4062/4062/4294 4067/4067/4294
f 4060/4060/4295 4067/4067/4295 4062/4062/4295
f 4067/4067/4296 4060/4060/4296 4068/4068/4296
f 4058/4058/4297 4068/4068/4297 4060/4060/4297
f 4068/4068/4298 4058/4058/4298 4056/4056/4298
f 4057/4057/4299 4059/4059/4299 4055/4055/4299
f 4069/4069/4300 4055/4055/4300 4059/4059/4300
f 4070/4070/4301 4071/4071/4301 4072/4072/4301
f 4071/4071/4302 4070/4070/4302 4061/4061/4302
f 4061/4061/4303 4070/4070/4303 4059/4059/4303
f 4059/4059/4304 4070/4070/4304 4073/4073/4304
f 4073/4073/4305 4070/4070/4305 4074/4074/4305
f 4072/4072/4306 4074/4074/4306 4070/4070/4306
f 4075/4075/4307 4065/4065/4307 4076/4076/4307
f 4063/4063/4308 4076/4076/4308 4077/4077/4308
f 4078/4078/4309 4079/4079/4309 4080/4080/4309
f 4068/4068/4310 4080/4080/4310 4079/4079/4310
f 4080/4080/4311 4068/4068/4311 4081/4081/4311
f 4056/4056/4312 4081/4081/4312 4068/4068/4312
f 4081/4081/4313 4056/4056/4313 4082/4082/4313
f 4083/4083/4314 4084/4084/4314 4085/4085/4314
f 4078/4078/4315 4085/4085/4315 4084/4084/4315
f 4085/4085/4316 4078/4078/4317 4086/4086/4318
f 4080/4080/4319 4086/4086/4319 4078/4078/4319
f 4086/4086/4320 4080/4080/4320 4087/4087/4320
f 4081/4081/4321 4087/4087/4321 4080/4080/4321
f 4087/4087/4322 4081/4081/4322 4088/4088/4322
f 4082/4082/4323 4088/4088/4323 4081/4081/4323
f 4088/4088/4324 4082/4082/4325 4089/4089/4326
f 4089/4089/4327 4082/4082/4327 4090/4090/4327
f 4091/4091/4328 4090/4090/4328 4082/4082/4328
f 4090/4090/4329 4091/4091/4329 4092/4092/4329
f 4093/4093/4330 4092/4092/4330 4091/4091/4330
f 4089/4089/4326 4094/4094/4331 4088/4088/4324
f 4095/4095/4332 4088/4088/4332 4094/4094/4332
f 4088/4088/4333 4095/4095/4333 4087/4087/4333
f 4085/4085/4316 4086/4086/4318 4096/4096/4334
f 4097/4097/4335 4096/4096/4335 4086/4086/4335
f 4096/4096/4336 4097/4097/4336 4098/4098/4336
f 4095/4095/4337 4098/4098/4337 4097/4097/4337
f 4098/4098/4338 4095/4095/4338 4099/4099/4338
f 4100/4100/4339 4099/4099/4339 4095/4095/4339
f 4101/4101/4340 4099/4099/4340 4100/4100/4340
f 4102/4102/4341 4099/4099/4342 4101/4101/4343
f 4099/4099/4344 4102/4102/4344 4098/4098/4344
f 4101/4101/4343 4103/4103/4345 4102/4102/4341
f 4104/4104/4346 4102/4102/4346 4103/4103/4346
f 4102/4102/4347 4104/4104/4347 4098/4098/4347
f 4105/4105/4348 4098/4098/4348 4104/4104/4348
f 4098/4098/4349 4105/4105/4349 4096/4096/4349
f 4106/4106/4350 4096/4096/4350 4105/4105/4350
f 4096/4096/4351 4106/4106/4351 4085/4085/4351
f 4107/4107/4352 4085/4085/4352 4106/4106/4352
f 4085/4085/4353 4107/4107/4353 4108/4108/4353
f 4109/4109/4354 4108/4108/4355 4107/4107/4356
f 4110/4110/4357 4108/4108/4355 4109/4109/4354
f 4111/4111/4358 4108/4108/4358 4110/4110/4358
f 4108/4108/4359 4111/4111/4359 4112/4112/4359
f 4113/4113/4360 4112/4112/4360 4111/4111/4360
f 4112/4112/4361 4085/4085/4361 4108/4108/4361
f 4114/4114/4362 4115/4115/4362 4116/4116/4362
f 4117/4117/4363 4116/4116/4363 4115/4115/4363
f 4116/4116/4364 4117/4117/4364 4110/4110/4364
f 4118/4118/4365 4110/4110/4365 4117/4117/4365
f 4110/4110/4366 4118/4118/4366 4111/4111/4366
f 4115/4115/4367 4119/4119/4367 4117/4117/4367
f 4118/4118/4368 4117/4117/4368 4119/4119/4368
f 4120/4120/4369 4121/4121/4369 4122/4122/4369
f 4123/4123/4370 4122/4122/4370 4121/4121/4370
f 4124/4124/4371 4122/4122/4371 4123/4123/4371
f 4122/4122/4372 4124/4124/4372 4125/4125/4372
f 4126/4126/4373 4125/4125/4373 4124/4124/4373
f 4127/4127/4374 4125/4125/4374 4126/4126/4374
f 4125/4125/4375 4127/4127/4375 4128/4128/4375
f 4116/4116/4376 4128/4128/4376 4127/4127/4376
f 4129/4129/4377 4128/4128/4377 4116/4116/4377
f 4128/4128/4378 4129/4129/4378 4130/4130/4378
f 4131/4131/4379 4130/4130/4379 4129/4129/4379
f 4132/4132/4380 4130/4130/4380 4131/4131/4380
f 4120/4120/4381 4130/4130/4381 4132/4132/4381
f 4130/4130/4382 4120/4120/4382 4122/4122/4382
f 4122/4122/4383 4125/4125/4383 4130/4130/4383
f 4128/4128/4384 4130/4130/4384 4125/4125/4384
f 4121/4121/4385 4120/4120/4385 4133/4133/4385
f 4134/4134/4386 4133/4133/4386 4120/4120/4386
f 4133/4133/4387 4134/4134/4387 4135/4135/4387
f 4136/4136/4388 4135/4135/4388 4134/4134/4388
f 4135/4135/4389 4136/4136/4389 4137/4137/4389
f 4138/4138/4390 4137/4137/4390 4136/4136/4390
f 4137/4137/4391 4138/4138/4391 4139/4139/4391
f 4139/4139/4392 4138/4138/4392 4140/4140/4392
f 4140/4140/4393 4138/4138/4393 4141/4141/4393
f 4142/4142/4394 4141/4141/4394 4138/4138/4394
f 4103/4103/4395 4141/4141/4395 4142/4142/4395
f 4143/4143/4396 4141/4141/4396 4103/4103/4396
f 4141/4141/4397 4143/4143/4397 4144/4144/4397
f 4145/4145/4398 4144/4144/4398 4143/4143/4398
f 4141/4141/4399 4144/4144/4399 4140/4140/4399
f 4103/4103/4400 4101/4101/4400 4143/4143/4400
f 4100/4100/4401 4143/4143/4401 4101/4101/4401
f 4143/4143/4402 4100/4100/4402 4145/4145/4402
f 4146/4146/4403 4145/4145/4403 4100/4100/4403
f 4145/4145/4404 4146/4146/4404 4147/4147/4404
f 4148/4148/4405 4147/4147/4405 4146/4146/4405
f 4095/4095/4406 4094/4094/4406 4100/4100/4406
f 4146/4146/4407 4100/4100/4407 4094/4094/4407
f 4149/4149/4408 4150/4150/4408 4082/4082/4408
f 4151/4151/4409 4091/4091/4409 4082/4082/4409
f 4083/4083/4410 4152/4152/4410 4153/4153/4410
f 4154/4154/4411 4155/4155/4411 4156/4156/4411
f 4155/4155/4412 4157/4157/4412 4158/4158/4412
f 4159/4159/4413 4158/4158/4413 4157/4157/4413
f 4160/4160/4414 4161/4161/4414 4156/4156/4414
f 4162/4162/4415 4156/4156/4415 4161/4161/4415
f 4156/4156/4416 4162/4162/4416 4157/4157/4416
f 4163/4163/4417 4159/4159/4417 4164/4164/4417
f 4157/4157/4418 4164/4164/4418 4159/4159/4418
f 4164/4164/4419 4157/4157/4419 4165/4165/4419
f 4162/4162/4420 4165/4165/4420 4157/4157/4420
f 4165/4165/4421 4162/4162/4421 4166/4166/4421
f 4161/4161/4422 4166/4166/4422 4162/4162/4422
f 4166/4166/4423 4161/4161/4423 4167/4167/4423
f 4168/4168/4424 4169/4169/4424 4160/4160/4424
f 4169/4169/4425 4168/4168/4425 4170/4170/4425
f 4171/4171/4426 4170/4170/4426 4168/4168/4426
f 4172/4172/4427 4170/4170/4427 4171/4171/4427
f 4170/4170/4428 4172/4172/4428 4173/4173/4428
f 4174/4174/4429 4173/4173/4429 4172/4172/4429
f 4173/4173/4430 4174/4174/4430 4175/4175/4430
f 4176/4176/4431 4175/4175/4431 4174/4174/4431
f 4171/4171/4432 4177/4177/4432 4172/4172/4432
f 4178/4178/4433 4172/4172/4433 4177/4177/4433
f 4172/4172/4434 4178/4178/4434 4174/4174/4434
f 4179/4179/4435 4174/4174/4435 4178/4178/4435
f 4180/4180/4436 4174/4174/4436 4179/4179/4436
f 4174/4174/4437 4180/4180/4437 4181/4181/4437
f 4177/4177/4438 4182/4182/4438 4178/4178/4438
f 4183/4183/4439 4178/4178/4439 4182/4182/4439
f 4178/4178/4440 4183/4183/4440 4179/4179/4440
f 4184/4184/4441 4170/4170/4441 4173/4173/4441
f 4185/4185/4442 4176/4176/4442 4181/4181/4442
f 4185/4185/4443 4186/4186/4443 4176/4176/4443
f 4187/4187/4444 4176/4176/4444 4186/4186/4444
f 4176/4176/4445 4187/4187/4445 4175/4175/4445
f 4188/4188/4446 4175/4175/4446 4187/4187/4446
f 4175/4175/4447 4188/4188/4447 4189/4189/4447
f 4190/4190/4448 4189/4189/4448 4188/4188/4448
f 4189/4189/4449 4190/4190/4449 4191/4191/4449
f 4192/4192/4450 4191/4191/4450 4190/4190/4450
f 4191/4191/4451 4192/4192/4451 4193/4193/4451
f 4194/4194/4452 4193/4193/4452 4192/4192/4452
f 4193/4193/4453 4194/4194/4453 4195/4195/4453
f 4196/4196/4454 4195/4195/4455 4194/4194/4456
f 4195/4195/4457 4196/4196/4457 4197/4197/4457
f 4198/4198/4458 4197/4197/4458 4196/4196/4458
f 4189/4189/4459 4191/4191/4459 4199/4199/4459
f 4193/4193/4460 4199/4199/4460 4191/4191/4460
f 4199/4199/4461 4193/4193/4461 4200/4200/4461
f 4195/4195/4462 4200/4200/4462 4193/4193/4462
f 4200/4200/4463 4195/4195/4463 4197/4197/4463
f 4194/4194/4456 4201/4201/4464 4196/4196/4454
f 4202/4202/4465 4196/4196/4465 4203/4203/4465
f 4201/4201/4466 4203/4203/4466 4196/4196/4466
f 4203/4203/4467 4201/4201/4467 4204/4204/4467
f 4202/4202/4468 4198/4198/4468 4205/4205/4468
f 4206/4206/4469 4207/4207/4469 4208/4208/4469
f 4209/4209/4470 4210/4210/4470 4208/4208/4470
f 4211/4211/4471 4212/4212/4471 4213/4213/4471
f 4208/4208/4472 4213/4213/4472 4212/4212/4472
f 4214/4214/4473 4209/4209/4473 4215/4215/4473
f 4211/4211/4474 4215/4215/4474 4209/4209/4474
f 4216/4216/4475 4217/4217/4475 4215/4215/4475
f 4218/4218/4476 4215/4215/4476 4217/4217/4476
f 4215/4215/4477 4218/4218/4477 4214/4214/4477
f 4219/4219/4478 4214/4214/4478 4218/4218/4478
f 4214/4214/4479 4219/4219/4479 4220/4220/4479
f 4221/4221/4480 4220/4220/4480 4219/4219/4480
f 4220/4220/4481 4221/4221/4481 4222/4222/4481
f 4223/4223/4482 4221/4221/4482 4219/4219/4482
f 4224/4224/4483 4225/4225/4483 4226/4226/4483
f 4227/4227/4484 4228/4228/4484 4229/4229/4484
f 4224/4224/4485 4229/4229/4485 4228/4228/4485
f 4230/4230/4486 4231/4231/4486 4229/4229/4486
f 4232/4232/4487 4229/4229/4487 4231/4231/4487
f 4233/4233/4488 4234/4234/4488 4235/4235/4488
f 4236/4236/4489 4237/4237/4489 4235/4235/4489
f 4238/4238/4490 4235/4235/4491 4237/4237/4492
f 4239/4239/4493 4235/4235/4491 4238/4238/4490
f 4235/4235/4494 4239/4239/4494 4233/4233/4494
f 4240/4240/4495 4233/4233/4495 4239/4239/4495
f 4233/4233/4496 4240/4240/4496 4241/4241/4496
f 4175/4175/4497 4189/4189/4497 4173/4173/4497
f 4242/4242/4498 4173/4173/4498 4189/4189/4498
f 4090/4090/4499 4092/4092/4499 4243/4243/4499
f 4244/4244/4500 4243/4243/4500 4092/4092/4500
f 4243/4243/4501 4244/4244/4501 4245/4245/4501
f 4246/4246/4502 4247/4247/4502 4248/4248/4502
f 4249/4249/4503 4248/4248/4503 4247/4247/4503
f 4248/4248/4504 4249/4249/4504 4250/4250/4504
f 4251/4251/4505 4252/4252/4505 4248/4248/4505
f 4253/4253/4506 4248/4248/4506 4252/4252/4506
f 4248/4248/4507 4253/4253/4507 4246/4246/4507
f 4246/4246/4508 4253/4253/4508 4254/4254/4508
f 4254/4254/4509 4253/4253/4509 4255/4255/4509
f 4252/4252/4510 4255/4255/4510 4253/4253/4510
f 3998/3998/4511 4256/4256/4511 3996/3996/4511
f 4257/4257/4512 3996/3996/4512 4256/4256/4512
f 3996/3996/4513 4257/4257/4513 3995/3995/4513
f 4034/4034/4514 4032/4032/4515 4258/4258/4516
f 4030/4030/4517 4258/4258/4516 4032/4032/4515
f 4259/4259/4518 4258/4258/4518 4030/4030/4518
f 4258/4258/4519 4259/4259/4519 4260/4260/4519
f 4260/4260/4520 4259/4259/4520 4261/4261/4520
f 4262/4262/4521 4261/4261/4521 4259/4259/4521
f 4263/4263/4522 4261/4261/4522 4262/4262/4522
f 4261/4261/4523 4263/4263/4523 4264/4264/4523
f 4265/4265/4524 4266/4266/4524 4267/4267/4524
f 4268/4268/4525 4269/4269/4525 4270/4270/4525
f 4271/4271/4526 4272/4272/4526 4273/4273/4526
f 4274/4274/4527 4275/4275/4527 4273/4273/4527
f 4276/4276/4528 4277/4277/4528 4275/4275/4528
f 4272/4272/4529 4275/4275/4529 4277/4277/4529
f 4278/4278/4530 4279/4279/4530 4280/4280/4530
f 4281/4281/4531 4280/4280/4531 4279/4279/4531
f 4280/4280/4532 4281/4281/4532 4275/4275/4532
f 4275/4275/4533 4281/4281/4533 4276/4276/4533
f 4282/4282/4534 4276/4276/4534 4281/4281/4534
f 4276/4276/4535 4282/4282/4535 4283/4283/4535
f 4283/4283/4536 4282/4282/4536 4284/4284/4536
f 4285/4285/4537 4284/4284/4537 4282/4282/4537
f 4286/4286/4538 4284/4284/4538 4285/4285/4538
f 4284/4284/4539 4286/4286/4539 4287/4287/4539
f 4278/4278/4540 4288/4288/4540 4279/4279/4540
f 4289/4289/4541 4279/4279/4541 4288/4288/4541
f 4279/4279/4542 4289/4289/4543 4281/4281/4544
f 4290/4290/4545 4281/4281/4544 4289/4289/4543
f 4281/4281/4546 4290/4290/4546 4282/4282/4546
f 4291/4291/4547 4282/4282/4547 4290/4290/4547
f 4292/4292/4548 4282/4282/4548 4291/4291/4548
f 4282/4282/4549 4292/4292/4549 4285/4285/4549
f 4293/4293/4550 4285/4285/4550 4292/4292/4550
f 4285/4285/4551 4293/4293/4551 4286/4286/4551
f 4294/4294/4552 4286/4286/4552 4293/4293/4552
f 4295/4295/4553 4286/4286/4553 4294/4294/4553
f 4286/4286/4554 4295/4295/4554 4287/4287/4554
f 4296/4296/4555 4287/4287/4555 4295/4295/4555
f 4297/4297/4556 4287/4287/4556 4298/4298/4556
f 4296/4296/4557 4298/4298/4557 4287/4287/4557
f 4298/4298/4558 4296/4296/4558 4299/4299/4558
f 4300/4300/4559 4299/4299/4559 4296/4296/4559
f 4301/4301/4560 4299/4299/4560 4300/4300/4560
f 4299/4299/4561 4301/4301/4561 4302/4302/4561
f 4303/4303/4562 4302/4302/4562 4301/4301/4562
f 4304/4304/4563 4305/4305/4563 4306/4306/4563
f 4303/4303/4564 4306/4306/4564 4305/4305/4564
f 4307/4307/4565 4308/4308/4565 4309/4309/4565
f 4275/4275/4566 4310/4310/4566 4311/4311/4566
f 4307/4307/4567 4311/4311/4567 4310/4310/4567
f 4311/4311/4568 4307/4307/4568 4312/4312/4568
f 4313/4313/4569 4312/4312/4569 4307/4307/4569
f 4312/4312/4570 4313/4313/4570 4314/4314/4570
f 4315/4315/4571 4314/4314/4571 4313/4313/4571
f 4316/4316/4572 4314/4314/4572 4315/4315/4572
f 4314/4314/4573 4316/4316/4573 4312/4312/4573
f 4312/4312/4574 4316/4316/4574 4311/4311/4574
f 4311/4311/4575 4316/4316/4575 4317/4317/4575
f 4315/4315/4576 4317/4317/4576 4316/4316/4576
f 4275/4275/4577 4311/4311/4577 4280/4280/4577
f 4317/4317/4578 4280/4280/4578 4311/4311/4578
f 4318/4318/4579 4310/4310/4579 4319/4319/4579
f 4275/4275/4580 4319/4319/4580 4310/4310/4580
f 4319/4319/4581 4275/4275/4581 4320/4320/4581
f 4321/4321/4582 4315/4315/4582 4322/4322/4582
f 4313/4313/4583 4322/4322/4583 4315/4315/4583
f 4322/4322/4584 4313/4313/4584 4323/4323/4584
f 4324/4324/4585 4323/4323/4585 4313/4313/4585
f 4323/4323/4586 4324/4324/4586 4325/4325/4586
f 4326/4326/4587 4325/4325/4587 4324/4324/4587
f 4327/4327/4588 4328/4328/4588 4315/4315/4588
f 4328/4328/4589 4327/4327/4589 4329/4329/4589
f 4278/4278/4590 4329/4329/4590 4327/4327/4590
f 4280/4280/4591 4329/4329/4591 4278/4278/4591
f 4330/4330/4592 4329/4329/4592 4280/4280/4592
f 4329/4329/4593 4330/4330/4593 4328/4328/4593
f 4331/4331/4594 4328/4328/4594 4330/4330/4594
f 4327/4327/4595 4331/4331/4595 4332/4332/4595
f 4321/4321/4596 4332/4332/4596 4331/4331/4596
f 4333/4333/4597 4332/4332/4597 4334/4334/4597
f 4335/4335/4598 4334/4334/4598 4332/4332/4598
f 4334/4334/4599 4335/4335/4599 4336/4336/4599
f 4288/4288/4600 4278/4278/4600 4337/4337/4600
f 4337/4337/4601 4278/4278/4601 4333/4333/4601
f 4338/4338/4602 4333/4333/4602 4278/4278/4602
f 4333/4333/4603 4338/4338/4603 4339/4339/4603
f 4340/4340/4604 4341/4341/4604 4342/4342/4604
f 4342/4342/4605 4341/4341/4605 4321/4321/4605
f 4335/4335/4606 4321/4321/4606 4341/4341/4606
f 4321/4321/4607 4335/4335/4607 4339/4339/4607
f 4343/4343/4608 4340/4340/4608 4344/4344/4608
f 4345/4345/4609 4344/4344/4609 4340/4340/4609
f 4344/4344/4610 4345/4345/4610 4346/4346/4610
f 4346/4346/4611 4345/4345/4611 4347/4347/4611
f 4348/4348/4612 4347/4347/4612 4345/4345/4612
f 4347/4347/4613 4348/4348/4613 4342/4342/4613
f 4349/4349/4614 4348/4348/4614 4340/4340/4614
f 4345/4345/4615 4340/4340/4615 4348/4348/4615
f 4321/4321/4616 4350/4350/4616 4349/4349/4616
f 4351/4351/4617 4349/4349/4617 4350/4350/4617
f 4349/4349/4618 4351/4351/4618 4352/4352/4618
f 4352/4352/4619 4351/4351/4619 4353/4353/4619
f 4350/4350/4620 4353/4353/4620 4351/4351/4620
f 4354/4354/4621 4355/4355/4621 4353/4353/4621
f 4356/4356/4622 4353/4353/4622 4355/4355/4622
f 4353/4353/4623 4356/4356/4623 4352/4352/4623
f 4357/4357/4624 4358/4358/4624 4356/4356/4624
f 4359/4359/4625 4356/4356/4625 4358/4358/4625
f 4346/4346/4626 4356/4356/4626 4359/4359/4626
f 4356/4356/4627 4346/4346/4627 4360/4360/4627
f 4361/4361/4628 4355/4355/4628 4362/4362/4628
f 4350/4350/4629 4362/4362/4629 4355/4355/4629
f 4363/4363/4630 4362/4362/4630 4350/4350/4630
f 4362/4362/4631 4363/4363/4631 4364/4364/4631
f 4325/4325/4632 4364/4364/4632 4363/4363/4632
f 4274/4274/4633 4364/4364/4633 4325/4325/4633
f 4365/4365/4634 4364/4364/4634 4274/4274/4634
f 4364/4364/4635 4365/4365/4635 4362/4362/4635
f 4362/4362/4636 4365/4365/4636 4366/4366/4636
f 4367/4367/4637 4366/4366/4637 4365/4365/4637
f 4366/4366/4638 4367/4367/4638 4355/4355/4638
f 4368/4368/4639 4359/4359/4639 4274/4274/4639
f 4368/4368/4640 4369/4369/4640 4370/4370/4640
f 4371/4371/4641 4372/4372/4641 4373/4373/4641
f 4374/4374/4642 4375/4375/4642 4376/4376/4642
f 4377/4377/4643 4378/4378/4643 4379/4379/4643
f 4380/4380/4644 4381/4381/4644 4382/4382/4644
f 4383/4383/4645 4381/4381/4645 4384/4384/4645
f 4385/4385/4646 4384/4384/4646 4381/4381/4646
f 4386/4386/4647 4383/4383/4647 4387/4387/4647
f 4387/4387/4648 4383/4383/4648 4388/4388/4648
f 4388/4388/4649 4383/4383/4649 4389/4389/4649
f 4384/4384/4650 4389/4389/4650 4383/4383/4650
f 4389/4389/4651 4384/4384/4651 4390/4390/4651
f 4391/4391/4652 4392/4392/4652 4393/4393/4652
f 4394/4394/4653 4395/4395/4653 4396/4396/4653
f 4350/4350/4654 4397/4397/4654 4398/4398/4654
f 4399/4399/4655 4400/4400/4655 4350/4350/4655
f 4401/4401/4656 4272/4272/4656 4402/4402/4656
f 4403/4403/4657 4402/4402/4657 4404/4404/4657
f 4405/4405/4658 4403/4403/4658 4406/4406/4658
f 4407/4407/4659 4406/4406/4659 4403/4403/4659
f 4406/4406/4660 4407/4407/4660 4408/4408/4660
f 4409/4409/4661 4408/4408/4661 4407/4407/4661
f 4410/4410/4662 4408/4408/4662 4409/4409/4662
f 4411/4411/4663 4408/4408/4663 4410/4410/4663
f 4412/4412/4664 4408/4408/4664 4411/4411/4664
f 4408/4408/4665 4412/4412/4665 4406/4406/4665
f 4413/4413/4666 4414/4414/4666 4410/4410/4666
f 4415/4415/4667 4410/4410/4667 4414/4414/4667
f 4410/4410/4668 4415/4415/4668 4411/4411/4668
f 4416/4416/4669 4411/4411/4669 4415/4415/4669
f 4411/4411/4670 4416/4416/4671 4412/4412/4672
f 4417/4417/4673 4412/4412/4672 4416/4416/4671
f 4418/4418/4674 4412/4412/4674 4417/4417/4674
f 4412/4412/4675 4418/4418/4675 4406/4406/4675
f 4419/4419/4676 4406/4406/4676 4418/4418/4676
f 4406/4406/4677 4419/4419/4677 4420/4420/4677
f 4421/4421/4678 4422/4422/4678 4414/4414/4678
f 4423/4423/4679 4414/4414/4679 4422/4422/4679
f 4414/4414/4680 4423/4423/4680 4415/4415/4680
f 4415/4415/4681 4423/4423/4681 4424/4424/4681
f 4424/4424/4682 4423/4423/4682 4425/4425/4682
f 4425/4425/4683 4423/4423/4683 4426/4426/4683
f 4422/4422/4684 4426/4426/4684 4423/4423/4684
f 4427/4427/4685 4428/4428/4685 4429/4429/4685
f 4430/4430/4686 4431/4431/4686 4432/4432/4686
f 4433/4433/4687 4432/4432/4687 4431/4431/4687
f 4432/4432/4688 4433/4433/4688 4434/4434/4688
f 4435/4435/4689 4434/4434/4689 4433/4433/4689
f 4436/4436/4690 4434/4434/4690 4435/4435/4690
f 4437/4437/4691 4434/4434/4691 4436/4436/4691
f 4428/4428/4692 4434/4434/4692 4437/4437/4692
f 4438/4438/4693 4434/4434/4693 4428/4428/4693
f 4434/4434/4694 4438/4438/4694 4432/4432/4694
f 4439/4439/4695 4440/4440/4695 4441/4441/4695
f 4442/4442/4696 4443/4443/4696 4444/4444/4696
f 4445/4445/4697 4446/4446/4697 4444/4444/4697
f 4447/4447/4698 4448/4448/4698 4449/4449/4698
f 4449/4449/4699 4450/4450/4699 4451/4451/4699
f 4448/4448/4700 4452/4452/4700 4453/4453/4700
f 4454/4454/4701 4453/4453/4701 4452/4452/4701
f 4453/4453/4702 4454/4454/4702 4455/4455/4702
f 4455/4455/4703 4454/4454/4703 4456/4456/4703
f 4456/4456/4704 4454/4454/4704 4457/4457/4704
f 4457/4457/4705 4454/4454/4706 4458/4458/4707
f 4452/4452/4708 4458/4458/4707 4454/4454/4706
f 4459/4459/4709 4460/4460/4709 4461/4461/4709
f 4462/4462/4710 4403/4403/4710 4359/4359/4710
f 4405/4405/4711 4359/4359/4711 4403/4403/4711
f 4359/4359/4712 4405/4405/4712 4346/4346/4712
f 4463/4463/4713 4346/4346/4713 4405/4405/4713
f 4346/4346/4714 4463/4463/4714 4344/4344/4714
f 4344/4344/4715 4463/4463/4715 4464/4464/4715
f 4464/4464/4716 4463/4463/4716 4465/4465/4716
f 4465/4465/4717 4463/4463/4717 4459/4459/4717
f 4466/4466/4718 4459/4459/4718 4463/4463/4718
f 4459/4459/4719 4466/4466/4719 4406/4406/4719
f 4467/4467/4720 4359/4359/4720 4468/4468/4720
f 4469/4469/4721 4468/4468/4721 4359/4359/4721
f 4470/4470/4722 4335/4335/4722 4471/4471/4722
f 4472/4472/4723 4471/4471/4723 4335/4335/4723
f 4471/4471/4724 4472/4472/4724 4473/4473/4724
f 4474/4474/4725 4473/4473/4725 4472/4472/4725
f 4473/4473/4726 4474/4474/4726 4464/4464/4726
f 4475/4475/4727 4476/4476/4727 4477/4477/4727
f 4478/4478/4728 4479/4479/4728 4480/4480/4728
f 4476/4476/4729 4480/4480/4729 4479/4479/4729
f 4480/4480/4730 4476/4476/4730 4481/4481/4730
f 4482/4482/4731 4483/4483/4731 4484/4484/4731
f 4485/4485/4732 4486/4486/4732 4487/4487/4732
f 4488/4488/4733 4489/4489/4733 4490/4490/4733
f 4491/4491/4734 4490/4490/4734 4492/4492/4734
f 4493/4493/4735 4492/4492/4735 4490/4490/4735
f 4494/4494/4736 4492/4492/4736 4493/4493/4736
f 4492/4492/4737 4494/4494/4737 4495/4495/4737
f 4496/4496/4738 4495/4495/4738 4494/4494/4738
f 4497/4497/4739 4495/4495/4739 4491/4491/4739
f 4498/4498/4740 4491/4491/4740 4495/4495/4740
f 4499/4499/4741 4500/4500/4741 4493/4493/4741
f 4501/4501/4742 4493/4493/4742 4500/4500/4742
f 4502/4502/4743 4493/4493/4743 4501/4501/4743
f 4493/4493/4744 4502/4502/4744 4494/4494/4744
f 4503/4503/4745 4500/4500/4745 4504/4504/4745
f 4499/4499/4746 4504/4504/4746 4500/4500/4746
f 4504/4504/4747 4499/4499/4747 4505/4505/4747
f 4505/4505/4748 4499/4499/4748 4506/4506/4748
f 4506/4506/4749 4499/4499/4749 4507/4507/4749
f 4508/4508/4750 4507/4507/4750 4499/4499/4750
f 4507/4507/4751 4508/4508/4751 4509/4509/4751
f 4510/4510/4752 4511/4511/4752 4512/4512/4752
f 4513/4513/4753 4510/4510/4753 4514/4514/4753
f 4515/4515/4754 4514/4514/4754 4516/4516/4754
f 4516/4516/4755 4514/4514/4755 4517/4517/4755
f 4517/4517/4756 4514/4514/4757 4518/4518/4758
f 4511/4511/4759 4518/4518/4759 4514/4514/4759
f 4518/4518/4760 4511/4511/4760 4519/4519/4760
f 4518/4518/4758 4520/4520/4761 4517/4517/4756
f 4521/4521/4762 4517/4517/4762 4520/4520/4762
f 4522/4522/4763 4523/4523/4763 4524/4524/4763
f 4522/4522/4764 4525/4525/4764 4526/4526/4764
f 4526/4526/4765 4525/4525/4765 4527/4527/4765
f 4528/4528/4766 4527/4527/4766 4525/4525/4766
f 4527/4527/4767 4528/4528/4767 4529/4529/4767
f 4529/4529/4768 4528/4528/4768 4530/4530/4768
f 4530/4530/4769 4528/4528/4769 4531/4531/4769
f 4525/4525/4770 4531/4531/4770 4528/4528/4770
f 4524/4524/4771 4531/4531/4771 4525/4525/4771
f 4532/4532/4772 4531/4531/4772 4524/4524/4772
f 4533/4533/4773 4531/4531/4773 4532/4532/4773
f 4531/4531/4774 4533/4533/4774 4534/4534/4774
f 4534/4534/4775 4530/4530/4775 4535/4535/4775
f 4536/4536/4776 4534/4534/4776 4537/4537/4776
f 4538/4538/4777 4539/4539/4777 4540/4540/4777
f 4541/4541/4778 4542/4542/4778 4543/4543/4778
f 4544/4544/4779 4545/4545/4780 4546/4546/4781
f 4547/4547/4782 4546/4546/4781 4545/4545/4780
f 4546/4546/4783 4547/4547/4783 4542/4542/4783
f 4548/4548/4784 4542/4542/4784 4547/4547/4784
f 4542/4542/4785 4548/4548/4785 4549/4549/4785
f 4547/4547/4786 4550/4550/4786 4551/4551/4786
f 4552/4552/4787 4551/4551/4787 4550/4550/4787
f 4551/4551/4788 4552/4552/4788 4553/4553/4788
f 4554/4554/4789 4553/4553/4789 4552/4552/4789
f 4555/4555/4790 4551/4551/4790 4556/4556/4790
f 4557/4557/4791 4556/4556/4791 4551/4551/4791
f 4556/4556/4792 4557/4557/4792 4543/4543/4792
f 4543/4543/4793 4557/4557/4793 4558/4558/4793
f 4558/4558/4794 4557/4557/4794 4559/4559/4794
f 4559/4559/4795 4557/4557/4795 4560/4560/4795
f 4551/4551/4796 4560/4560/4796 4557/4557/4796
f 4560/4560/4797 4551/4551/4797 4553/4553/4797
f 4561/4561/4798 4562/4562/4798 4563/4563/4798
f 4564/4564/4799 4565/4565/4799 4563/4563/4799
f 4566/4566/4800 4563/4563/4800 4565/4565/4800
f 4567/4567/4801 4568/4568/4801 4569/4569/4801
f 4356/4356/4802 4569/4569/4802 4568/4568/4802
f 4570/4570/4803 4571/4571/4803 4572/4572/4803
f 4573/4573/4804 4572/4572/4804 4571/4571/4804
f 4574/4574/4805 4575/4575/4805 4576/4576/4805
f 4577/4577/4806 4576/4576/4806 4575/4575/4806
f 4578/4578/4807 4579/4579/4807 4580/4580/4807
f 4581/4581/4808 4580/4580/4808 4579/4579/4808
f 4582/4582/4809 4583/4583/4809 4584/4584/4809
f 4585/4585/4810 4584/4584/4810 4583/4583/4810
f 4584/4584/4811 4585/4585/4811 4586/4586/4811
f 4586/4586/4812 4585/4585/4812 4587/4587/4812
f 4588/4588/4813 4587/4587/4813 4585/4585/4813
f 4587/4587/4814 4588/4588/4814 4589/4589/4814
f 4589/4589/4815 4588/4588/4815 4590/4590/4815
f 4578/4578/4816 4590/4590/4816 4588/4588/4816
f 4580/4580/4817 4590/4590/4817 4578/4578/4817
f 4590/4590/4818 4580/4580/4818 4591/4591/4818
f 4588/4588/4819 4585/4585/4819 4592/4592/4819
f 4583/4583/4820 4592/4592/4820 4585/4585/4820
f 4593/4593/4821 4592/4592/4821 4583/4583/4821
f 4592/4592/4822 4593/4593/4822 4594/4594/4822
f 4595/4595/4823 4596/4596/4823 4597/4597/4823
f 4598/4598/4824 4597/4597/4824 4596/4596/4824
f 4597/4597/4825 4598/4598/4825 4599/4599/4825
f 4600/4600/4826 4599/4599/4826 4601/4601/4826
f 4602/4602/4827 4601/4601/4827 4599/4599/4827
f 4601/4601/4828 4602/4602/4828 4603/4603/4828
f 4604/4604/4829 4605/4605/4829 4606/4606/4829
f 4607/4607/4830 4606/4606/4830 4605/4605/4830
f 4606/4606/4831 4607/4607/4831 4608/4608/4831
f 4609/4609/4832 4610/4610/4832 4608/4608/4832
f 4611/4611/4833 4608/4608/4833 4610/4610/4833
f 4608/4608/4834 4611/4611/4834 4606/4606/4834
f 4612/4612/4835 4606/4606/4835 4611/4611/4835
f 4613/4613/4836 4606/4606/4836 4612/4612/4836
f 4606/4606/4837 4613/4613/4837 4604/4604/4837
f 4614/4614/4838 4604/4604/4838 4613/4613/4838
f 4615/4615/4839 4616/4616/4839 4617/4617/4839
f 4617/4617/4840 4616/4616/4840 4618/4618/4840
f 4619/4619/4841 4618/4618/4841 4616/4616/4841
f 4618/4618/4842 4619/4619/4842 4620/4620/4842
f 4621/4621/4843 4622/4622/4843 4623/4623/4843
f 4623/4623/4844 4622/4622/4844 4624/4624/4844
f 4625/4625/4845 4624/4624/4845 4622/4622/4845
f 4624/4624/4846 4625/4625/4846 4626/4626/4846
f 4627/4627/4847 4628/4628/4847 4629/4629/4847
f 4630/4630/4848 4629/4629/4848 4628/4628/4848
f 4629/4629/4849 4630/4630/4849 4413/4413/4849
f 4631/4631/4850 4413/4413/4850 4630/4630/4850
f 4632/4632/4851 4633/4633/4851 4634/4634/4851
f 4635/4635/4852 4634/4634/4852 4633/4633/4852
f 4636/4636/4853 4634/4634/4853 4635/4635/4853
f 4634/4634/4854 4636/4636/4854 4637/4637/4854
f 4638/4638/4855 4639/4639/4855 4633/4633/4855
f 4633/4633/4856 4639/4639/4856 4635/4635/4856
f 4640/4640/4857 4635/4635/4857 4639/4639/4857
f 4641/4641/4858 4635/4635/4858 4640/4640/4858
f 4635/4635/4859 4641/4641/4859 4636/4636/4859
f 4642/4642/4860 4643/4643/4860 4644/4644/4860
f 4644/4644/4861 4643/4643/4861 4645/4645/4861
f 4645/4645/4862 4643/4643/4862 4646/4646/4862
f 4647/4647/4863 4646/4646/4863 4643/4643/4863
f 4646/4646/4864 4647/4647/4864 4648/4648/4864
f 4649/4649/4865 4650/4650/4865 4651/4651/4865
f 4651/4651/4866 4650/4650/4866 4652/4652/4866
f 4653/4653/4867 4652/4652/4867 4650/4650/4867
f 4652/4652/4868 4653/4653/4868 4654/4654/4868
f 4655/4655/4869 4654/4654/4869 4653/4653/4869
f 4654/4654/4870 4655/4655/4870 4656/4656/4870
f 4657/4657/4871 4658/4658/4871 4659/4659/4871
f 4660/4660/4872 4661/4661/4872 4662/4662/4872
f 4662/4662/4873 4661/4661/4873 4663/4663/4873
f 4664/4664/4874 4663/4663/4874 4661/4661/4874
f 4657/4657/4875 4663/4663/4875 4664/4664/4875
f 4663/4663/4876 4657/4657/4876 4662/4662/4876
f 4665/4665/4877 4662/4662/4877 4657/4657/4877
f 4662/4662/4878 4665/4665/4878 4666/4666/4878
f 4667/4667/4879 4662/4662/4879 4668/4668/4879
f 4666/4666/4880 4668/4668/4880 4662/4662/4880
f 4668/4668/4881 4666/4666/4881 4669/4669/4881
f 4670/4670/4882 4671/4671/4882 4672/4672/4882
f 4661/4661/4883 4672/4672/4883 4671/4671/4883
f 4667/4667/4884 4672/4672/4884 4661/4661/4884
f 4672/4672/4885 4667/4667/4885 4673/4673/4885
f 4674/4674/4886 4675/4675/4886 4676/4676/4886
f 4677/4677/4887 4675/4675/4887 4678/4678/4887
f 4679/4679/4888 4678/4678/4888 4680/4680/4888
f 4681/4681/4889 4680/4680/4889 4678/4678/4889
f 4682/4682/4890 4680/4680/4890 4681/4681/4890
f 4683/4683/4891 4680/4680/4891 4682/4682/4891
f 4680/4680/4892 4683/4683/4892 4679/4679/4892
f 4684/4684/4893 4685/4685/4893 4686/4686/4893
f 4687/4687/4894 4686/4686/4894 4685/4685/4894
f 4686/4686/4895 4687/4687/4896 4688/4688/4897
f 4689/4689/4898 4688/4688/4897 4687/4687/4896
f 4688/4688/4899 4689/4689/4899 4682/4682/4899
f 4690/4690/4900 4682/4682/4900 4689/4689/4900
f 4682/4682/4901 4690/4690/4901 4683/4683/4901
f 4691/4691/4902 4683/4683/4902 4690/4690/4902
f 4683/4683/4903 4691/4691/4903 4692/4692/4903
f 4693/4693/4904 4692/4692/4904 4691/4691/4904
f 4694/4694/4905 4695/4695/4905 4696/4696/4905
f 4697/4697/4906 4696/4696/4906 4695/4695/4906
f 4696/4696/4907 4697/4697/4907 4698/4698/4907
f 4699/4699/4908 4698/4698/4908 4697/4697/4908
f 4698/4698/4909 4699/4699/4910 4685/4685/4911
f 4685/4685/4911 4699/4699/4910 4687/4687/4912
f 4700/4700/4913 4687/4687/4914 4699/4699/4915
f 4687/4687/4916 4700/4700/4916 4689/4689/4916
f 4689/4689/4917 4700/4700/4918 4690/4690/4919
f 4701/4701/4920 4690/4690/4919 4700/4700/4918
f 4690/4690/4921 4701/4701/4921 4691/4691/4921
f 4691/4691/4922 4701/4701/4923 4702/4702/4924
f 4703/4703/4925 4702/4702/4924 4701/4701/4923
f 4702/4702/4926 4703/4703/4926 4704/4704/4926
f 4704/4704/4927 4703/4703/4927 4705/4705/4927
f 4706/4706/4928 4705/4705/4928 4703/4703/4928
f 4705/4705/4929 4706/4706/4929 4695/4695/4929
f 4695/4695/4930 4706/4706/4930 4697/4697/4930
f 4697/4697/4931 4706/4706/4931 4699/4699/4931
f 4699/4699/4915 4706/4706/4932 4700/4700/4913
f 4703/4703/4933 4700/4700/4933 4706/4706/4933
f 4700/4700/4918 4703/4703/4934 4701/4701/4920
f 4692/4692/4935 4702/4702/4935 4707/4707/4935
f 4708/4708/4936 4709/4709/4936 4692/4692/4936
f 4710/4710/4937 4707/4707/4938 4711/4711/4939
f 4693/4693/4940 4711/4711/4939 4707/4707/4938
f 4693/4693/4941 4712/4712/4942 4711/4711/4943
f 4713/4713/4944 4711/4711/4943 4712/4712/4942
f 4711/4711/4945 4713/4713/4946 4714/4714/4947
f 4715/4715/4948 4714/4714/4947 4713/4713/4946
f 4716/4716/4949 4714/4714/4949 4715/4715/4949
f 4714/4714/4950 4716/4716/4950 4717/4717/4950
f 4718/4718/4951 4717/4717/4952 4716/4716/4953
f 4719/4719/4954 4717/4717/4952 4718/4718/4951
f 4720/4720/4955 4717/4717/4956 4719/4719/4957
f 4721/4721/4958 4717/4717/4956 4720/4720/4955
f 4722/4722/4959 4717/4717/4959 4721/4721/4959
f 4717/4717/4960 4722/4722/4960 4714/4714/4960
f 4714/4714/4961 4722/4722/4961 4711/4711/4962
f 4710/4710/4962 4711/4711/4962 4722/4722/4961
f 4723/4723/4963 4724/4724/4963 4725/4725/4963
f 4726/4726/4964 4727/4727/4964 4728/4728/4964
f 4728/4728/4965 4729/4729/4966 4730/4730/4967
f 4730/4730/4968 4729/4729/4968 4731/4731/4968
f 4731/4731/4969 4729/4729/4969 4732/4732/4969
f 4732/4732/4970 4729/4729/4970 4733/4733/4970
f 4734/4734/4971 4733/4733/4971 4729/4729/4971
f 4733/4733/4972 4734/4734/4972 4735/4735/4972
f 4736/4736/4973 4735/4735/4973 4734/4734/4973
f 4737/4737/4974 4738/4738/4974 4739/4739/4974
f 4739/4739/4975 4738/4738/4975 4740/4740/4975
f 4731/4731/4976 4740/4740/4976 4738/4738/4976
f 4732/4732/4977 4740/4740/4977 4731/4731/4977
f 4740/4740/4978 4732/4732/4979 4741/4741/4980
f 4733/4733/4981 4741/4741/4981 4732/4732/4981
f 4741/4741/4982 4733/4733/4982 4742/4742/4982
f 4735/4735/4983 4742/4742/4983 4733/4733/4983
f 4742/4742/4984 4735/4735/4985 4743/4743/4986
f 4743/4743/4986 4735/4735/4985 4744/4744/4987
f 4736/4736/4988 4744/4744/4988 4735/4735/4988
f 4744/4744/4989 4736/4736/4989 4745/4745/4989
f 4746/4746/4990 4739/4739/4990 4747/4747/4990
f 4740/4740/4991 4747/4747/4991 4739/4739/4991
f 4747/4747/4992 4740/4740/4992 4748/4748/4992
f 4748/4748/4993 4740/4740/4993 4749/4749/4993
f 4741/4741/4980 4749/4749/4994 4740/4740/4978
f 4749/4749/4995 4741/4741/4995 4750/4750/4995
f 4742/4742/4996 4750/4750/4996 4741/4741/4996
f 4750/4750/4997 4742/4742/4997 4751/4751/4997
f 4743/4743/4998 4751/4751/4998 4742/4742/4998
f 4751/4751/4999 4743/4743/4999 4752/4752/4999
f 4752/4752/5000 4743/4743/5001 4753/4753/5002
f 4753/4753/5002 4743/4743/5001 4754/4754/5003
f 4744/4744/5004 4754/4754/5004 4743/4743/5004
f 4754/4754/5005 4744/4744/5005 4755/4755/5005
f 4744/4744/5006 4745/4745/5006 4755/4755/5006
f 4755/4755/5007 4745/4745/5007 4756/4756/5007
f 4757/4757/5008 4756/4756/5008 4745/4745/5008
f 4756/4756/5009 4757/4757/5009 4758/4758/5009
f 4759/4759/5010 4758/4758/5010 4757/4757/5010
f 4758/4758/5011 4759/4759/5011 4760/4760/5011
f 4761/4761/5012 4760/4760/5012 4759/4759/5012
f 4760/4760/5013 4761/4761/5013 4762/4762/5013
f 4762/4762/5014 4761/4761/5014 4763/4763/5014
f 4764/4764/5015 4763/4763/5015 4761/4761/5015
f 4761/4761/5016 4759/4759/5016 4765/4765/5016
f 4766/4766/5017 4765/4765/5017 4759/4759/5017
f 4767/4767/5018 4765/4765/5018 4766/4766/5018
f 4768/4768/5019 4765/4765/5019 4767/4767/5019
f 4765/4765/5020 4768/4768/5020 4769/4769/5020
f 4757/4757/5021 4745/4745/5021 4770/4770/5021
f 4736/4736/5022 4770/4770/5022 4745/4745/5022
f 4770/4770/5023 4736/4736/5023 4771/4771/5023
f 4734/4734/5024 4771/4771/5024 4736/4736/5024
f 4771/4771/5025 4734/4734/5025 4772/4772/5025
f 4729/4729/5026 4772/4772/5026 4734/4734/5026
f 4772/4772/5027 4729/4729/5027 4773/4773/5027
f 4774/4774/5028 4773/4773/5028 4729/4729/5028
f 4773/4773/5028 4774/4774/5028 4775/4775/5028
f 4776/4776/5029 4729/4729/4966 4728/4728/4965
f 4729/4729/5030 4776/4776/5030 4774/4774/5030
f 4774/4774/5031 4776/4776/5031 4777/4777/5031
f 4778/4778/5032 4777/4777/5032 4776/4776/5032
f 4777/4777/5033 4778/4778/5033 4779/4779/5033
f 4779/4779/5034 4778/4778/5035 4780/4780/5036
f 4781/4781/5037 4780/4780/5036 4778/4778/5035
f 4780/4780/5038 4781/4781/5039 4782/4782/5040
f 4783/4783/5041 4782/4782/5040 4781/4781/5039
f 4784/4784/5042 4782/4782/5042 4783/4783/5042
f 4782/4782/5043 4784/4784/5043 4785/4785/5043
f 4786/4786/5044 4785/4785/5044 4784/4784/5044
f 4785/4785/5045 4786/4786/5045 4787/4787/5045
f 4788/4788/5046 4787/4787/5046 4786/4786/5046
f 4726/4726/5047 4778/4778/5047 4776/4776/5047
f 4778/4778/5048 4726/4726/5049 4781/4781/5050
f 4789/4789/5051 4781/4781/5050 4726/4726/5049
f 4781/4781/5052 4789/4789/5053 4783/4783/5054
f 4790/4790/5055 4783/4783/5054 4789/4789/5053
f 4791/4791/5056 4783/4783/5056 4790/4790/5056
f 4783/4783/5057 4791/4791/5057 4792/4792/5057
f 4792/4792/5058 4791/4791/5058 4793/4793/5058
f 4794/4794/5059 4793/4793/5059 4791/4791/5059
f 4795/4795/5060 4793/4793/5061 4794/4794/5062
f 4796/4796/5063 4793/4793/5061 4795/4795/5060
f 4797/4797/5064 4798/4798/5064 4799/4799/5064
f 4793/4793/5065 4799/4799/5065 4798/4798/5065
f 4799/4799/5066 4793/4793/5066 4800/4800/5066
f 4800/4800/5067 4793/4793/5067 4801/4801/5067
f 4796/4796/5068 4801/4801/5068 4793/4793/5068
f 4801/4801/5069 4796/4796/5069 4802/4802/5069
f 4803/4803/5070 4792/4792/5070 4793/4793/5070
f 4792/4792/5071 4803/4803/5071 4783/4783/5071
f 4804/4804/5072 4783/4783/5072 4803/4803/5072
f 4805/4805/5073 4783/4783/5073 4804/4804/5073
f 4783/4783/5074 4805/4805/5074 4784/4784/5074
f 4806/4806/5075 4784/4784/5075 4805/4805/5075
f 4784/4784/5076 4806/4806/5076 4807/4807/5076
f 4808/4808/5077 4807/4807/5077 4806/4806/5077
f 4803/4803/5078 4809/4809/5078 4804/4804/5078
f 4810/4810/5079 4804/4804/5079 4809/4809/5079
f 4804/4804/5080 4810/4810/5080 4811/4811/5080
f 4812/4812/5081 4811/4811/5081 4810/4810/5081
f 4813/4813/5082 4811/4811/5082 4812/4812/5082
f 4806/4806/5083 4811/4811/5083 4813/4813/5083
f 4805/4805/5084 4811/4811/5084 4806/4806/5084
f 4811/4811/5085 4805/4805/5085 4804/4804/5085
f 4808/4808/5086 4806/4806/5086 4814/4814/5086
f 4813/4813/5087 4814/4814/5087 4806/4806/5087
f 4814/4814/5088 4813/4813/5088 4815/4815/5088
f 4812/4812/5089 4815/4815/5089 4813/4813/5089
f 4815/4815/5090 4812/4812/5090 4816/4816/5090
f 4816/4816/5091 4812/4812/5091 4817/4817/5091
f 4810/4810/5092 4817/4817/5092 4812/4812/5092
f 4817/4817/5093 4810/4810/5093 4818/4818/5093
f 4809/4809/5094 4818/4818/5094 4810/4810/5094
f 4818/4818/5095 4809/4809/5096 4819/4819/5097
f 4819/4819/5097 4809/4809/5096 4820/4820/5098
f 4803/4803/5099 4820/4820/5099 4809/4809/5099
f 4820/4820/5100 4803/4803/5100 4798/4798/5100
f 4793/4793/5101 4798/4798/5101 4803/4803/5101
f 4821/4821/5102 4822/4822/5102 4823/4823/5102
f 4816/4816/5103 4823/4823/5103 4822/4822/5103
f 4823/4823/5104 4816/4816/5104 4824/4824/5104
f 4817/4817/5105 4824/4824/5105 4816/4816/5105
f 4824/4824/5106 4817/4817/5106 4825/4825/5106
f 4818/4818/5107 4825/4825/5107 4817/4817/5107
f 4825/4825/5108 4818/4818/5108 4826/4826/5108
f 4819/4819/5109 4826/4826/5109 4818/4818/5109
f 4826/4826/5110 4819/4819/5111 4827/4827/5112
f 4827/4827/5112 4819/4819/5111 4828/4828/5113
f 4828/4828/5114 4819/4819/5114 4829/4829/5114
f 4820/4820/5115 4829/4829/5115 4819/4819/5115
f 4829/4829/5116 4820/4820/5116 4797/4797/5116
f 4798/4798/5117 4797/4797/5117 4820/4820/5117
f 4830/4830/5118 4831/4831/5118 4832/4832/5118
f 4833/4833/5119 4834/4834/5119 4835/4835/5119
f 4834/4834/5120 4836/4836/5120 4837/4837/5120
f 4838/4838/5121 4837/4837/5121 4836/4836/5121
f 4839/4839/5122 4840/4840/5123 4834/4834/5124
f 4841/4841/5125 4834/4834/5124 4840/4840/5123
f 4834/4834/5126 4841/4841/5126 4842/4842/5126
f 4834/4834/5127 4843/4843/5127 4844/4844/5127
f 4845/4845/5128 4844/4844/5128 4843/4843/5128
f 4846/4846/5129 4844/4844/5129 4845/4845/5129
f 4844/4844/5130 4846/4846/5130 4847/4847/5130
f 4848/4848/5131 4849/4849/5131 4850/4850/5131
f 4850/4850/5132 4849/4849/5132 4851/4851/5132
f 4851/4851/5133 4849/4849/5133 4852/4852/5133
f 4852/4852/5134 4849/4849/5134 4853/4853/5134
f 4854/4854/5135 4853/4853/5135 4849/4849/5135
f 4855/4855/5136 4853/4853/5136 4854/4854/5136
f 4856/4856/5137 4853/4853/5137 4855/4855/5137
f 4853/4853/5138 4856/4856/5138 4852/4852/5138
f 4846/4846/5139 4852/4852/5139 4856/4856/5139
f 4852/4852/5140 4846/4846/5140 4845/4845/5140
f 4857/4857/5141 4848/4848/5141 4858/4858/5141
f 4848/4848/5142 4857/4857/5142 4849/4849/5142
f 4849/4849/5143 4857/4857/5143 4854/4854/5143
f 4854/4854/5144 4857/4857/5144 4859/4859/5144
f 4859/4859/5145 4857/4857/5145 4860/4860/5145
f 4858/4858/5146 4860/4860/5146 4857/4857/5146
f 4861/4861/5147 4860/4860/5147 4858/4858/5147
f 4862/4862/5148 4860/4860/5148 4861/4861/5148
f 4860/4860/5149 4862/4862/5149 4859/4859/5149
f 4863/4863/5150 4859/4859/5150 4862/4862/5150
f 4864/4864/5151 4865/4865/5151 4866/4866/5151
f 4867/4867/5152 4866/4866/5152 4865/4865/5152
f 4866/4866/5153 4867/4867/5153 4868/4868/5153
f 4869/4869/5154 4868/4868/5154 4867/4867/5154
f 4868/4868/5155 4869/4869/5155 4870/4870/5155
f 4870/4870/5156 4869/4869/5156 4871/4871/5156
f 4871/4871/5157 4869/4869/5157 4862/4862/5157
f 4862/4862/5158 4869/4869/5158 4863/4863/5158
f 4867/4867/5159 4863/4863/5159 4869/4869/5159
f 4863/4863/5160 4867/4867/5160 4872/4872/5160
f 4865/4865/5161 4872/4872/5161 4867/4867/5161
f 4872/4872/5162 4865/4865/5162 4873/4873/5162
f 4874/4874/5163 4875/4875/5163 4876/4876/5163
f 4877/4877/5164 4878/4878/5164 4879/4879/5164
f 4880/4880/5165 4881/4881/5165 4882/4882/5165
f 4883/4883/5166 4882/4882/5166 4881/4881/5166
f 4884/4884/5167 4885/4885/5167 4679/4679/5167
f 4679/4679/5168 4885/4885/5168 4886/4886/5168
f 4886/4886/5169 4885/4885/5169 4887/4887/5169
f 4888/4888/5170 4887/4887/5170 4885/4885/5170
f 4889/4889/5171 4887/4887/5171 4888/4888/5171
f 4887/4887/5172 4889/4889/5172 4890/4890/5172
f 4890/4890/5173 4889/4889/5173 4883/4883/5173
f 4891/4891/5174 4883/4883/5174 4889/4889/5174
f 4883/4883/5175 4891/4891/5175 4892/4892/5175
f 4893/4893/5176 4888/4888/5176 4894/4894/5176
f 4885/4885/5177 4894/4894/5177 4888/4888/5177
f 4884/4884/5178 4894/4894/5178 4885/4885/5178
f 4894/4894/5179 4884/4884/5179 4708/4708/5179
f 4895/4895/5180 4896/4896/5180 4889/4889/5180
f 4897/4897/5181 4889/4889/5181 4896/4896/5181
f 4889/4889/5182 4897/4897/5182 4891/4891/5182
f 4898/4898/5183 4891/4891/5183 4897/4897/5183
f 4891/4891/5184 4898/4898/5184 4899/4899/5184
f 4900/4900/5185 4899/4899/5185 4898/4898/5185
f 4899/4899/5186 4900/4900/5186 4901/4901/5186
f 4902/4902/5187 4901/4901/5187 4900/4900/5187
f 4903/4903/5188 4904/4904/5188 4905/4905/5188
f 4899/4899/5189 4905/4905/5190 4904/4904/5191
f 4901/4901/5192 4905/4905/5190 4899/4899/5189
f 4906/4906/5193 4905/4905/5193 4901/4901/5193
f 4907/4907/5194 4905/4905/5194 4906/4906/5194
f 4905/4905/5195 4907/4907/5195 4908/4908/5195
f 4909/4909/5196 4908/4908/5196 4907/4907/5196
f 4910/4910/5197 4908/4908/5197 4909/4909/5197
f 4911/4911/5198 4908/4908/5198 4910/4910/5198
f 4908/4908/5199 4911/4911/5200 4903/4903/5201
f 4912/4912/5202 4903/4903/5201 4911/4911/5200
f 4903/4903/5203 4912/4912/5203 4913/4913/5203
f 4913/4913/5204 4912/4912/5204 4914/4914/5204
f 4915/4915/5205 4914/4914/5205 4912/4912/5205
f 4916/4916/5206 4917/4917/5206 4909/4909/5206
f 4909/4909/5207 4917/4917/5207 4910/4910/5207
f 4918/4918/5208 4910/4910/5208 4917/4917/5208
f 4910/4910/5209 4918/4918/5209 4911/4911/5209
f 4919/4919/5210 4911/4911/5210 4918/4918/5210
f 4911/4911/5211 4919/4919/5212 4912/4912/5213
f 4912/4912/5213 4919/4919/5212 4915/4915/5214
f 4920/4920/5215 4915/4915/5215 4919/4919/5215
f 4903/4903/5216 4913/4913/5217 4904/4904/5218
f 4921/4921/5219 4904/4904/5218 4913/4913/5217
f 4904/4904/5220 4921/4921/5220 4899/4899/5220
f 4899/4899/5221 4921/4921/5221 4922/4922/5221
f 4922/4922/5222 4921/4921/5222 4882/4882/5222
f 4882/4882/5223 4921/4921/5223 4923/4923/5223
f 4923/4923/5224 4921/4921/5224 4914/4914/5224
f 4913/4913/5225 4914/4914/5225 4921/4921/5225
f 4903/4903/5226 4905/4905/5226 4908/4908/5226
f 4924/4924/5227 4925/4925/5227 4926/4926/5227
f 4927/4927/5228 4926/4926/5228 4925/4925/5228
f 4928/4928/5229 4929/4929/5229 4930/4930/5229
f 4926/4926/5230 4930/4930/5230 4929/4929/5230
f 4930/4930/5231 4926/4926/5231 4931/4931/5231
f 4932/4932/5232 4929/4929/5232 4933/4933/5232
f 4928/4928/5233 4933/4933/5233 4929/4929/5233
f 4933/4933/5234 4928/4928/5234 4934/4934/5234
f 4935/4935/5235 4936/4936/5235 4788/4788/5235
f 4937/4937/5236 4788/4788/5236 4936/4936/5236
f 4938/4938/5237 4939/4939/5237 4940/4940/5237
f 4941/4941/5238 4940/4940/5238 4939/4939/5238
f 4940/4940/5239 4941/4941/5239 4942/4942/5239
f 4943/4943/5240 4944/4944/5240 4945/4945/5240
f 4946/4946/5241 4945/4945/5241 4944/4944/5241
f 4945/4945/5242 4946/4946/5242 4947/4947/5242
f 4948/4948/5243 4949/4949/5243 4950/4950/5243
f 4951/4951/5244 4952/4952/5244 4953/4953/5244
f 4954/4954/5245 4955/4955/5245 4956/4956/5245
f 4957/4957/5246 4958/4958/5246 4959/4959/5246
f 4960/4960/5247 4961/4961/5247 4962/4962/5247
f 4963/4963/5248 4964/4964/5248 4965/4965/5248
f 4966/4966/5249 4967/4967/5249 4968/4968/5249
f 4969/4969/5250 4970/4970/5250 4968/4968/5250
f 4971/4971/5251 4968/4968/5251 4970/4970/5251
f 4972/4972/5252 4970/4970/5252 4973/4973/5252
f 4969/4969/5253 4973/4973/5253 4970/4970/5253
f 4973/4973/5254 4969/4969/5254 4974/4974/5254
f 4975/4975/5255 4974/4974/5255 4976/4976/5255
f 4969/4969/5256 4976/4976/5256 4974/4974/5256
f 4976/4976/5257 4969/4969/5257 4977/4977/5257
f 4978/4978/5258 4977/4977/5258 4969/4969/5258
f 4977/4977/5259 4978/4978/5259 4979/4979/5259
f 4973/4973/5260 4980/4980/5260 4981/4981/5260
f 4982/4982/5261 4983/4983/5261 4984/4984/5261
f 4985/4985/5262 4986/4986/5262 4987/4987/5262
f 4988/4988/5263 4989/4989/5264 4990/4990/5265
f 4991/4991/5266 4990/4990/5265 4989/4989/5264
f 4992/4992/5267 4993/4993/5267 4994/4994/5267
f 4995/4995/5268 4994/4994/5268 4993/4993/5268
f 4996/4996/5269 4993/4993/5269 4997/4997/5269
f 4992/4992/5270 4997/4997/5270 4993/4993/5270
f 4997/4997/5271 4992/4992/5271 4998/4998/5271
f 4999/4999/5272 5000/5000/5273 5001/5001/5274
f 5002/5002/5275 5001/5001/5274 5000/5000/5273
f 5001/5001/5276 5002/5002/5276 5003/5003/5276
f 5004/5004/5277 5005/5005/5277 5006/5006/5277
f 5007/5007/5278 5006/5006/5278 5005/5005/5278
f 5006/5006/5279 5007/5007/5279 5008/5008/5279
f 5009/5009/5280 5010/5010/5280 5011/5011/5280
f 5012/5012/5281 5011/5011/5281 5010/5010/5281
f 5011/5011/5282 5012/5012/5282 5013/5013/5282
f 5014/5014/5283 5015/5015/5283 5016/5016/5283
f 5017/5017/5284 5016/5016/5284 5015/5015/5284
f 5018/5018/5285 5016/5016/5285 5017/5017/5285
f 5016/5016/5286 5018/5018/5286 5010/5010/5286
f 5019/5019/5287 5010/5010/5287 5018/5018/5287
f 5010/5010/5288 5019/5019/5288 5012/5012/5288
f 5020/5020/5289 5021/5021/5289 5015/5015/5289
f 5015/5015/5290 5021/5021/5290 5017/5017/5290
f 5022/5022/5291 5017/5017/5291 5021/5021/5291
f 5023/5023/5292 5017/5017/5292 5022/5022/5292
f 5017/5017/5293 5023/5023/5293 5018/5018/5293
f 5024/5024/5294 5025/5025/5294 5026/5026/5294
f 5027/5027/5295 5026/5026/5295 5025/5025/5295
f 5028/5028/5296 5026/5026/5296 5027/5027/5296
f 5029/5029/5297 5026/5026/5297 5028/5028/5297
f 5026/5026/5298 5029/5029/5298 5030/5030/5298
f 5031/5031/5299 5032/5032/5299 5033/5033/5299
f 5033/5033/5300 5032/5032/5300 5034/5034/5300
f 5035/5035/5301 5034/5034/5301 5032/5032/5301
f 5034/5034/5302 5035/5035/5302 5036/5036/5302
f 5036/5036/5303 5035/5035/5303 5037/5037/5303
f 5038/5038/5304 5037/5037/5304 5035/5035/5304
f 5037/5037/5305 5038/5038/5305 5039/5039/5305
f 5040/5040/5306 5041/5041/5306 5042/5042/5306
f 5043/5043/5307 5044/5044/5307 5045/5045/5307
f 5046/5046/5308 5047/5047/5308 5048/5048/5308
f 5049/5049/5309 5050/5050/5309 5051/5051/5309
f 5051/5051/5310 5050/5050/5310 5052/5052/5310
f 5053/5053/5311 5052/5052/5311 5050/5050/5311
f 5054/5054/5312 5052/5052/5312 5053/5053/5312
f 5052/5052/5313 5054/5054/5313 5055/5055/5313
f 5056/5056/5314 5055/5055/5314 5054/5054/5314
f 5057/5057/5315 5055/5055/5315 5056/5056/5315
f 5047/5047/5316 5055/5055/5316 5057/5057/5316
f 5055/5055/5317 5047/5047/5317 5058/5058/5317
f 5059/5059/5318 5058/5058/5318 5047/5047/5318
f 5060/5060/5319 5061/5061/5319 5062/5062/5319
f 5062/5062/5320 5061/5061/5320 5063/5063/5320
f 5064/5064/5321 5063/5063/5321 5061/5061/5321
f 5051/5051/5322 5063/5063/5322 5064/5064/5322
f 5052/5052/5323 5063/5063/5323 5051/5051/5323
f 5063/5063/5324 5052/5052/5324 5065/5065/5324
f 5055/5055/5325 5065/5065/5325 5052/5052/5325
f 5058/5058/5326 5065/5065/5326 5055/5055/5326
f 5066/5066/5327 5065/5065/5327 5058/5058/5327
f 5067/5067/5328 5065/5065/5328 5066/5066/5328
f 5065/5065/5329 5067/5067/5329 5063/5063/5329
f 5062/5062/5330 5063/5063/5330 5067/5067/5330
f 5068/5068/5331 5069/5069/5331 5067/5067/5331
f 5070/5070/5332 5067/5067/5332 5069/5069/5332
f 5067/5067/5333 5070/5070/5333 5062/5062/5333
f 5062/5062/5334 5070/5070/5334 5060/5060/5334
f 5071/5071/5335 5060/5060/5335 5070/5070/5335
f 5072/5072/5336 5060/5060/5336 5071/5071/5336
f 5073/5073/5337 5060/5060/5337 5072/5072/5337
f 5074/5074/5338 5060/5060/5338 5073/5073/5338
f 5060/5060/5339 5074/5074/5339 5061/5061/5339
f 5075/5075/5340 5061/5061/5340 5074/5074/5340
f 5061/5061/5341 5075/5075/5341 5064/5064/5341
f 5076/5076/5342 5064/5064/5342 5075/5075/5342
f 5049/5049/5343 5064/5064/5343 5076/5076/5343
f 5064/5064/5344 5049/5049/5344 5051/5051/5344
f 5077/5077/5345 5076/5076/5345 5078/5078/5345
f 5075/5075/5346 5078/5078/5346 5076/5076/5346
f 5078/5078/5347 5075/5075/5347 5079/5079/5347
f 5074/5074/5348 5079/5079/5348 5075/5075/5348
f 5073/5073/5349 5079/5079/5349 5074/5074/5349
f 5079/5079/5350 5073/5073/5350 5080/5080/5350
f 5072/5072/5351 5080/5080/5351 5073/5073/5351
f 5080/5080/5352 5072/5072/5352 5081/5081/5352
f 5082/5082/5353 5083/5083/5353 5084/5084/5353
f 5084/5084/5354 5083/5083/5354 5085/5085/5354
f 5086/5086/5355 5085/5085/5355 5083/5083/5355
f 5085/5085/5356 5086/5086/5356 5087/5087/5356
f 5088/5088/5357 5083/5083/5357 5089/5089/5357
f 5089/5089/5358 5083/5083/5358 5090/5090/5358
f 5082/5082/5359 5090/5090/5359 5083/5083/5359
f 5090/5090/5360 5082/5082/5360 5091/5091/5360
f 5092/5092/5361 5091/5091/5361 5082/5082/5361
f 5091/5091/5362 5092/5092/5362 5093/5093/5362
f 5094/5094/5363 5093/5093/5363 5092/5092/5363
f 5093/5093/5364 5094/5094/5364 5095/5095/5364
f 5096/5096/5365 5088/5088/5365 5097/5097/5365
f 5098/5098/5366 5097/5097/5366 5088/5088/5366
f 5097/5097/5367 5098/5098/5367 5099/5099/5367
f 5090/5090/5368 5099/5099/5368 5098/5098/5368
f 5099/5099/5369 5090/5090/5369 5100/5100/5369
f 5091/5091/5370 5100/5100/5370 5090/5090/5370
f 5093/5093/5371 5100/5100/5371 5091/5091/5371
f 5100/5100/5372 5093/5093/5372 5101/5101/5372
f 5095/5095/5373 5101/5101/5373 5093/5093/5373
f 5101/5101/5374 5095/5095/5374 5102/5102/5374
f 5099/5099/5375 5103/5103/5375 5097/5097/5375
f 5104/5104/5376 5097/5097/5376 5103/5103/5376
f 5105/5105/5377 5097/5097/5377 5104/5104/5377
f 5106/5106/5378 5097/5097/5378 5105/5105/5378
f 5097/5097/5379 5106/5106/5379 5107/5107/5379
f 5101/5101/5380 5108/5108/5380 5103/5103/5380
f 5109/5109/5381 5103/5103/5381 5108/5108/5381
f 5110/5110/5382 5103/5103/5382 5109/5109/5382
f 5103/5103/5383 5110/5110/5383 5104/5104/5383
f 5111/5111/5384 5104/5104/5384 5110/5110/5384
f 5112/5112/5385 5104/5104/5385 5111/5111/5385
f 5113/5113/5386 5104/5104/5386 5112/5112/5386
f 5104/5104/5387 5113/5113/5387 5105/5105/5387
f 5092/5092/5388 5082/5082/5388 5114/5114/5388
f 5115/5115/5389 5114/5114/5389 5082/5082/5389
f 5114/5114/5390 5115/5115/5390 5116/5116/5390
f 5117/5117/5391 5116/5116/5391 5115/5115/5391
f 5118/5118/5392 5119/5119/5392 5120/5120/5392
f 5121/5121/5393 5120/5120/5393 5119/5119/5393
f 5120/5120/5394 5121/5121/5394 5122/5122/5394
f 5123/5123/5395 5122/5122/5395 5121/5121/5395
f 5122/5122/5396 5124/5124/5396 5120/5120/5396
f 5125/5125/5397 5120/5120/5397 5124/5124/5397
f 5120/5120/5398 5125/5125/5398 5126/5126/5398
f 5126/5126/5399 5125/5125/5399 5127/5127/5399
f 5127/5127/5400 5125/5125/5400 5128/5128/5400
f 5124/5124/5401 5128/5128/5401 5125/5125/5401
f 5129/5129/5402 5130/5130/5402 5131/5131/5402
f 5132/5132/5403 5131/5131/5403 5130/5130/5403
f 5131/5131/5404 5132/5132/5404 5133/5133/5404
f 5133/5133/5405 5132/5132/5405 5134/5134/5405
f 5134/5134/5406 5132/5132/5406 5135/5135/5406
f 5136/5136/5407 5135/5135/5407 5132/5132/5407
f 5127/5127/5408 5135/5135/5408 5136/5136/5408
f 5135/5135/5409 5127/5127/5409 5128/5128/5409
f 5130/5130/5410 5137/5137/5410 5132/5132/5410
f 5132/5132/5411 5137/5137/5411 5136/5136/5411
f 5138/5138/5412 5136/5136/5412 5137/5137/5412
f 5136/5136/5413 5138/5138/5413 5127/5127/5413
f 5139/5139/5414 5140/5140/5414 5141/5141/5414
f 5142/5142/5415 5143/5143/5415 5144/5144/5415
f 5145/5145/5416 5144/5144/5416 5143/5143/5416
f 5144/5144/5417 5145/5145/5417 5146/5146/5417
f 5146/5146/5418 5145/5145/5418 5147/5147/5418
f 5148/5148/5419 5147/5147/5419 5145/5145/5419
f 5147/5147/5420 5148/5148/5420 5139/5139/5420
f 5149/5149/5421 5139/5139/5421 5148/5148/5421
f 5150/5150/5422 5151/5151/5422 5152/5152/5422
f 5153/5153/5423 5152/5152/5423 5151/5151/5423
f 5154/5154/5424 5155/5155/5424 5156/5156/5424
f 5157/5157/5425 5156/5156/5425 5155/5155/5425
f 5156/5156/5426 5157/5157/5426 5150/5150/5426
f 5158/5158/5427 5150/5150/5427 5157/5157/5427
f 5159/5159/5428 5151/5151/5428 5160/5160/5428
f 5161/5161/5429 5160/5160/5429 5151/5151/5429
f 5160/5160/5430 5161/5161/5430 5162/5162/5430
f 5162/5162/5431 5161/5161/5431 5163/5163/5431
f 5155/5155/5432 5163/5163/5432 5161/5161/5432
f 5163/5163/5433 5155/5155/5433 5164/5164/5433
f 5165/5165/5434 5164/5164/5434 5155/5155/5434
f 5164/5164/5435 5165/5165/5435 5166/5166/5435
f 5167/5167/5436 5154/5154/5436 5168/5168/5436
f 5166/5166/5437 5168/5168/5437 5154/5154/5437
f 5169/5169/5438 5170/5170/5438 5171/5171/5438
f 5172/5172/5439 5171/5171/5439 5170/5170/5439
f 5173/5173/5440 5174/5174/5440 5169/5169/5440
f 5175/5175/5441 5169/5169/5441 5174/5174/5441
f 5169/5169/5442 5175/5175/5443 5176/5176/5444
f 5177/5177/5445 5176/5176/5444 5175/5175/5443
f 5176/5176/5446 5177/5177/5446 5178/5178/5446
f 5178/5178/5447 5177/5177/5447 5179/5179/5447
f 5179/5179/5448 5177/5177/5448 5180/5180/5448
f 5175/5175/5449 5180/5180/5449 5177/5177/5449
f 5180/5180/5450 5175/5175/5450 5181/5181/5450
f 5182/5182/5451 5181/5181/5451 5175/5175/5451
f 5181/5181/5452 5182/5182/5452 5183/5183/5452
f 5183/5183/5453 5182/5182/5453 5184/5184/5453
f 5171/5171/5454 5184/5184/5454 5182/5182/5454
f 5184/5184/5455 5171/5171/5455 5185/5185/5455
f 5186/5186/5456 5187/5187/5456 5188/5188/5456
f 5189/5189/5457 5188/5188/5457 5187/5187/5457
f 5188/5188/5458 5190/5190/5458 5186/5186/5458
f 5191/5191/5459 5186/5186/5459 5190/5190/5459
f 5186/5186/5460 5191/5191/5460 5192/5192/5460
f 5193/5193/5461 5192/5192/5461 5191/5191/5461
f 5192/5192/5462 5193/5193/5462 5194/5194/5462
f 5194/5194/5463 5193/5193/5463 5141/5141/5463
f 5141/5141/5464 5193/5193/5464 5195/5195/5464
f 5195/5195/5465 5193/5193/5465 5196/5196/5465
f 5191/5191/5466 5196/5196/5466 5193/5193/5466
f 5196/5196/5467 5191/5191/5467 5197/5197/5467
f 5190/5190/5468 5197/5197/5468 5191/5191/5468
f 5197/5197/5469 5190/5190/5469 5198/5198/5469
f 5188/5188/5470 5198/5198/5470 5190/5190/5470
f 5199/5199/5471 5198/5198/5471 5188/5188/5471
f 5200/5200/5472 5201/5201/5472 5202/5202/5472
f 5203/5203/5473 5202/5202/5473 5201/5201/5473
f 5204/5204/5474 5200/5200/5474 5202/5202/5474
f 5200/5200/5475 5204/5204/5475 5205/5205/5475
f 5206/5206/5476 5205/5205/5476 5204/5204/5476
f 5207/5207/5477 5205/5205/5477 5206/5206/5477
f 5205/5205/5478 5207/5207/5478 5208/5208/5478
f 5208/5208/5479 5207/5207/5479 5209/5209/5479
f 5209/5209/5480 5207/5207/5480 5210/5210/5480
f 5210/5210/5481 5207/5207/5481 5211/5211/5481
f 5206/5206/5482 5211/5211/5482 5207/5207/5482
f 5211/5211/5483 5206/5206/5483 5212/5212/5483
f 5204/5204/5484 5212/5212/5484 5206/5206/5484
f 5212/5212/5485 5204/5204/5485 5213/5213/5485
f 5202/5202/5486 5213/5213/5486 5204/5204/5486
f 5214/5214/5487 5213/5213/5487 5202/5202/5487
f 5209/5209/5488 5215/5215/5488 5216/5216/5488
f 5217/5217/5489 5216/5216/5489 5215/5215/5489
f 5216/5216/5490 5217/5217/5490 5218/5218/5490
f 5218/5218/5491 5217/5217/5491 5219/5219/5491
f 5220/5220/5492 5219/5219/5492 5217/5217/5492
f 5219/5219/5493 5220/5220/5493 5221/5221/5493
f 5222/5222/5494 5221/5221/5494 5220/5220/5494
f 5221/5221/5495 5222/5222/5495 5223/5223/5495
f 5224/5224/5496 5225/5225/5496 5226/5226/5496
f 5227/5227/5497 5228/5228/5497 5229/5229/5497
f 5229/5229/5498 5228/5228/5498 5225/5225/5498
f 5225/5225/5499 5228/5228/5499 5230/5230/5499
f 5231/5231/5500 5230/5230/5500 5228/5228/5500
f 5232/5232/5501 5230/5230/5501 5231/5231/5501
f 5233/5233/5502 5230/5230/5502 5232/5232/5502
f 5230/5230/5503 5233/5233/5503 5234/5234/5503
f 5235/5235/5504 5227/5227/5504 5236/5236/5504
f 5227/5227/5505 5235/5235/5505 5228/5228/5505
f 5228/5228/5506 5235/5235/5506 5237/5237/5506
f 5238/5238/5507 5237/5237/5507 5235/5235/5507
f 5237/5237/5508 5238/5238/5508 5239/5239/5508
f 5240/5240/5509 5239/5239/5510 5238/5238/5511
f 5239/5239/5510 5240/5240/5509 5241/5241/5512
f 5242/5242/5513 5241/5241/5513 5240/5240/5513
f 5243/5243/5514 5242/5242/5514 5244/5244/5514
f 5240/5240/5515 5244/5244/5515 5242/5242/5515
f 5244/5244/5516 5240/5240/5516 5245/5245/5516
f 5238/5238/5517 5245/5245/5517 5240/5240/5517
f 5245/5245/5518 5238/5238/5518 5246/5246/5518
f 5235/5235/5519 5246/5246/5519 5238/5238/5519
f 5236/5236/5520 5246/5246/5520 5235/5235/5520
f 5246/5246/5521 5236/5236/5521 5247/5247/5521
f 5248/5248/5522 5249/5249/5522 5250/5250/5522
f 5241/5241/5523 5250/5250/5523 5249/5249/5523
f 5250/5250/5524 5241/5241/5524 5251/5251/5524
f 5242/5242/5525 5251/5251/5525 5241/5241/5525
f 5243/5243/5526 5251/5251/5526 5242/5242/5526
f 5252/5252/5527 5251/5251/5527 5243/5243/5527
f 5251/5251/5528 5252/5252/5528 5253/5253/5528
f 5254/5254/5529 5253/5253/5529 5252/5252/5529
f 5253/5253/5530 5254/5254/5530 5255/5255/5530
f 5256/5256/5531 5255/5255/5531 5254/5254/5531
f 5255/5255/5532 5256/5256/5532 5257/5257/5532
f 5258/5258/5533 5257/5257/5533 5256/5256/5533
f 5257/5257/5534 5258/5258/5534 5259/5259/5534
f 5260/5260/5535 5259/5259/5535 5258/5258/5535
f 5252/5252/5536 5261/5261/5536 5254/5254/5536
f 5262/5262/5537 5254/5254/5537 5261/5261/5537
f 5254/5254/5538 5262/5262/5538 5256/5256/5538
f 5263/5263/5539 5256/5256/5539 5262/5262/5539
f 5256/5256/5540 5263/5263/5540 5258/5258/5540
f 5258/5258/5541 5263/5263/5541 5264/5264/5541
f 5265/5265/5542 5264/5264/5542 5263/5263/5542
f 5264/5264/5543 5265/5265/5544 5266/5266/5545
f 5267/5267/5546 5266/5266/5545 5265/5265/5544
f 5266/5266/5547 5267/5267/5548 5268/5268/5549
f 5269/5269/5550 5268/5268/5549 5267/5267/5548
f 5270/5270/5551 5268/5268/5551 5269/5269/5551
f 5258/5258/5552 5264/5264/5552 5260/5260/5552
f 5260/5260/5553 5264/5264/5554 5271/5271/5555
f 5266/5266/5556 5271/5271/5555 5264/5264/5554
f 5271/5271/5557 5266/5266/5558 5272/5272/5559
f 5268/5268/5560 5272/5272/5559 5266/5266/5558
f 5272/5272/5561 5268/5268/5561 5273/5273/5561
f 5270/5270/5562 5273/5273/5562 5268/5268/5562
f 5273/5273/5563 5270/5270/5563 5274/5274/5563
f 5275/5275/5564 5274/5274/5564 5270/5270/5564
f 5274/5274/5565 5275/5275/5565 5276/5276/5565
f 5276/5276/5566 5275/5275/5566 5277/5277/5566
f 5278/5278/5567 5277/5277/5567 5275/5275/5567
f 5277/5277/5568 5278/5278/5568 5279/5279/5568
f 5280/5280/5569 5279/5279/5569 5278/5278/5569
f 5278/5278/5570 5275/5275/5571 5281/5281/5572
f 5270/5270/5573 5281/5281/5572 5275/5275/5571
f 5269/5269/5574 5281/5281/5574 5270/5270/5574
f 5282/5282/5575 5281/5281/5576 5269/5269/5577
f 5283/5283/5578 5281/5281/5576 5282/5282/5575
f 5281/5281/5579 5283/5283/5579 5278/5278/5579
f 5280/5280/5580 5278/5278/5580 5283/5283/5580
f 5280/5280/5581 5284/5284/5581 5279/5279/5581
f 5285/5285/5582 5279/5279/5582 5284/5284/5582
f 5286/5286/5583 5279/5279/5583 5285/5285/5583
f 5279/5279/5584 5286/5286/5584 5287/5287/5584
f 5287/5287/5585 5286/5286/5585 5288/5288/5585
f 5289/5289/5586 5288/5288/5586 5286/5286/5586
f 5290/5290/5587 5288/5288/5587 5289/5289/5587
f 5291/5291/5588 5288/5288/5588 5290/5290/5588
f 5288/5288/5589 5291/5291/5589 5287/5287/5589
f 5287/5287/5590 5291/5291/5590 5292/5292/5590
f 5292/5292/5591 5291/5291/5591 5293/5293/5591
f 5293/5293/5592 5291/5291/5592 5294/5294/5592
f 5290/5290/5593 5294/5294/5593 5291/5291/5593
f 5294/5294/5594 5290/5290/5594 5295/5295/5594
f 5295/5295/5595 5296/5296/5595 5294/5294/5595
f 5297/5297/5596 5285/5285/5596 5289/5289/5596
f 5298/5298/5597 5289/5289/5597 5285/5285/5597
f 5289/5289/5598 5298/5298/5598 5299/5299/5598
f 5300/5300/5599 5301/5301/5599 5302/5302/5599
f 5303/5303/5600 5304/5304/5600 5302/5302/5600
f 5302/5302/5601 5304/5304/5601 5305/5305/5601
f 5306/5306/5602 5305/5305/5602 5304/5304/5602
f 5305/5305/5603 5306/5306/5603 5307/5307/5603
f 5308/5308/5604 5309/5309/5604 5310/5310/5604
f 5307/5307/5605 5310/5310/5605 5309/5309/5605
f 5310/5310/5606 5307/5307/5606 5311/5311/5606
f 5306/5306/5607 5311/5311/5607 5307/5307/5607
f 5311/5311/5608 5306/5306/5608 5312/5312/5608
f 5304/5304/5609 5312/5312/5609 5306/5306/5609
f 5312/5312/5610 5304/5304/5610 5313/5313/5610
f 5303/5303/5611 5313/5313/5611 5304/5304/5611
f 5313/5313/5612 5303/5303/5612 5314/5314/5612
f 5315/5315/5613 5314/5314/5613 5303/5303/5613
f 5316/5316/5614 5317/5317/5614 5318/5318/5614
f 5319/5319/5615 5317/5317/5615 5320/5320/5615
f 5320/5320/5616 5321/5321/5616 5318/5318/5616
f 5319/5319/5617 5321/5321/5617 5322/5322/5617
f 5322/5322/5618 5321/5321/5618 5323/5323/5618
f 5324/5324/5619 5323/5323/5619 5321/5321/5619
f 5325/5325/5620 5323/5323/5620 5324/5324/5620
f 5326/5326/5621 5323/5323/5621 5325/5325/5621
f 5323/5323/5622 5326/5326/5622 5327/5327/5622
f 5328/5328/5623 5327/5327/5623 5326/5326/5623
f 5327/5327/5624 5328/5328/5624 5329/5329/5624
f 5329/5329/5625 5328/5328/5625 5330/5330/5625
f 5331/5331/5626 5330/5330/5626 5328/5328/5626
f 5330/5330/5627 5331/5331/5627 5332/5332/5627
f 5333/5333/5628 5332/5332/5628 5331/5331/5628
f 5332/5332/5629 5333/5333/5629 5334/5334/5629
f 5335/5335/5630 5334/5334/5630 5333/5333/5630
f 5336/5336/5631 5322/5322/5631 5327/5327/5631
f 5322/5322/5632 5336/5336/5632 5337/5337/5632
f 5337/5337/5633 5336/5336/5633 5338/5338/5633
f 5338/5338/5634 5336/5336/5634 5339/5339/5634
f 5339/5339/5635 5336/5336/5636 5340/5340/5637
f 5329/5329/5638 5340/5340/5638 5336/5336/5638
f 5330/5330/5639 5340/5340/5639 5329/5329/5639
f 5332/5332/5640 5340/5340/5640 5330/5330/5640
f 5340/5340/5641 5332/5332/5641 5341/5341/5641
f 5334/5334/5642 5341/5341/5642 5332/5332/5642
f 5341/5341/5643 5334/5334/5643 5342/5342/5643
f 5342/5342/5644 5334/5334/5644 5343/5343/5644
f 5343/5343/5645 5334/5334/5645 5344/5344/5645
f 5335/5335/5646 5344/5344/5646 5334/5334/5646
f 5345/5345/5647 5339/5339/5647 5346/5346/5647
f 5340/5340/5637 5346/5346/5648 5339/5339/5635
f 5346/5346/5649 5340/5340/5649 5347/5347/5649
f 5341/5341/5650 5347/5347/5650 5340/5340/5650
f 5342/5342/5651 5347/5347/5651 5341/5341/5651
f 5348/5348/5652 5347/5347/5652 5342/5342/5652
f 5347/5347/5653 5348/5348/5653 5349/5349/5653
f 5345/5345/5654 5346/5346/5654 5350/5350/5654
f 5350/5350/5655 5346/5346/5655 5351/5351/5655
f 5347/5347/5656 5351/5351/5656 5346/5346/5656
f 5349/5349/5657 5351/5351/5657 5347/5347/5657
f 5352/5352/5658 5351/5351/5658 5349/5349/5658
f 5351/5351/5659 5352/5352/5659 5353/5353/5659
f 5354/5354/5660 5353/5353/5660 5352/5352/5660
f 5355/5355/5661 5350/5350/5661 5356/5356/5661
f 5351/5351/5662 5356/5356/5662 5350/5350/5662
f 5353/5353/5663 5356/5356/5663 5351/5351/5663
f 5356/5356/5664 5353/5353/5664 5357/5357/5664
f 5358/5358/5665 5359/5359/5665 5360/5360/5665
f 5361/5361/5666 5360/5360/5666 5359/5359/5666
f 5360/5360/5667 5361/5361/5667 5362/5362/5667
f 5350/5350/5668 5362/5362/5668 5361/5361/5668
f 5355/5355/5669 5362/5362/5669 5350/5350/5669
f 5362/5362/5670 5355/5355/5670 5363/5363/5670
f 5361/5361/5671 5345/5345/5671 5350/5350/5671
f 5345/5345/5672 5361/5361/5672 5339/5339/5672
f 5359/5359/5673 5339/5339/5673 5361/5361/5673
f 5364/5364/5674 5339/5339/5674 5359/5359/5674
f 5339/5339/5675 5364/5364/5675 5338/5338/5675
f 5365/5365/5676 5338/5338/5676 5364/5364/5676
f 5338/5338/5677 5365/5365/5677 5337/5337/5677
f 5366/5366/5678 5337/5337/5678 5365/5365/5678
f 5367/5367/5679 5337/5337/5679 5366/5366/5679
f 5337/5337/5680 5367/5367/5680 5322/5322/5680
f 5368/5368/5681 5322/5322/5681 5367/5367/5681
f 5369/5369/5682 5322/5322/5682 5368/5368/5682
f 5322/5322/5683 5369/5369/5683 5319/5319/5683
f 5370/5370/5684 5319/5319/5684 5369/5369/5684
f 5322/5322/5685 5323/5323/5685 5327/5327/5685
f 5329/5329/5686 5336/5336/5686 5327/5327/5686
f 5371/5371/5687 5372/5372/5687 5373/5373/5687
f 5374/5374/5688 5375/5375/5688 5376/5376/5688
f 5373/5373/5689 5376/5376/5689 5375/5375/5689
f 5376/5376/5690 5373/5373/5690 5377/5377/5690
f 5378/5378/5691 5379/5379/5691 5376/5376/5691
f 5380/5380/5692 5376/5376/5692 5379/5379/5692
f 5381/5381/5693 5377/5377/5693 5378/5378/5693
f 5382/5382/5694 5378/5378/5694 5377/5377/5694
f 5383/5383/5695 5378/5378/5695 5382/5382/5695
f 5378/5378/5696 5383/5383/5696 5384/5384/5696
f 5385/5385/5697 5384/5384/5697 5383/5383/5697
f 5386/5386/5698 5384/5384/5698 5385/5385/5698
f 5384/5384/5699 5386/5386/5699 5387/5387/5699
f 5388/5388/5700 5387/5387/5700 5386/5386/5700
f 5389/5389/5701 5378/5378/5701 5390/5390/5701
f 5384/5384/5702 5390/5390/5702 5378/5378/5702
f 5390/5390/5703 5384/5384/5703 5391/5391/5703
f 5392/5392/5704 5393/5393/5704 5394/5394/5704
f 5392/5392/5705 5394/5394/5705 5395/5395/5705
f 5396/5396/5706 5395/5395/5706 5394/5394/5706
f 5395/5395/5707 5396/5396/5708 5397/5397/5709
f 5397/5397/5709 5396/5396/5708 5398/5398/5710
f 5399/5399/5711 5398/5398/5711 5396/5396/5711
f 5398/5398/5712 5399/5399/5712 5400/5400/5712
f 5401/5401/5713 5400/5400/5713 5399/5399/5713
f 5402/5402/5714 5400/5400/5714 5401/5401/5714
f 5400/5400/5715 5402/5402/5715 5403/5403/5715
f 5403/5403/5716 5402/5402/5716 5404/5404/5716
f 5405/5405/5717 5404/5404/5717 5402/5402/5717
f 5404/5404/5718 5405/5405/5718 5406/5406/5718
f 5407/5407/5719 5406/5406/5719 5405/5405/5719
f 5408/5408/5720 5406/5406/5720 5407/5407/5720
f 5409/5409/5721 5410/5410/5721 5411/5411/5721
f 5358/5358/5722 5411/5411/5722 5410/5410/5722
f 5409/5409/5723 5412/5412/5723 5413/5413/5723
f 5414/5414/5724 5413/5413/5724 5412/5412/5724
f 5413/5413/5725 5414/5414/5725 5415/5415/5725
f 5416/5416/5726 5417/5417/5726 5418/5418/5726
f 5419/5419/5727 5418/5418/5727 5417/5417/5727
f 5418/5418/5728 5419/5419/5728 5420/5420/5728
f 5420/5420/5729 5419/5419/5729 5421/5421/5729
f 5421/5421/5730 5419/5419/5730 5422/5422/5730
f 5422/5422/5731 5419/5419/5731 5423/5423/5731
f 5417/5417/5732 5423/5423/5732 5419/5419/5732
f 5423/5423/5733 5417/5417/5733 5415/5415/5733
f 5424/5424/5734 5425/5425/5734 5426/5426/5734
f 5427/5427/5735 5428/5428/5735 5429/5429/5735
f 5430/5430/5736 5429/5429/5736 5428/5428/5736
f 5429/5429/5737 5430/5430/5737 5431/5431/5737
f 5431/5431/5738 5430/5430/5738 5432/5432/5738
f 5432/5432/5739 5430/5430/5739 5433/5433/5739
f 5433/5433/5740 5430/5430/5740 5426/5426/5740
f 5426/5426/5741 5430/5430/5741 5424/5424/5741
f 5428/5428/5742 5424/5424/5742 5430/5430/5742
f 5343/5343/5743 5344/5344/5743 5434/5434/5743
f 5434/5434/5744 5344/5344/5744 5435/5435/5744
f 5436/5436/5745 5435/5435/5745 5344/5344/5745
f 5437/5437/5746 5435/5435/5746 5436/5436/5746
f 5435/5435/5747 5437/5437/5747 5434/5434/5747
f 5434/5434/5748 5437/5437/5748 5438/5438/5748
f 5438/5438/5749 5437/5437/5749 5431/5431/5749
f 5431/5431/5750 5437/5437/5750 5429/5429/5750
f 5429/5429/5751 5437/5437/5751 5427/5427/5751
f 5436/5436/5752 5427/5427/5752 5437/5437/5752
f 5439/5439/5753 5425/5425/5753 5440/5440/5753
f 5425/5425/5754 5439/5439/5754 5426/5426/5754
f 5441/5441/5755 5426/5426/5755 5439/5439/5755
f 5426/5426/5756 5441/5441/5756 5433/5433/5756
f 5433/5433/5757 5441/5441/5757 5442/5442/5757
f 5442/5442/5758 5441/5441/5758 5443/5443/5758
f 5443/5443/5759 5441/5441/5759 5444/5444/5759
f 5439/5439/5760 5444/5444/5760 5441/5441/5760
f 5444/5444/5761 5439/5439/5762 5445/5445/5763
f 5445/5445/5763 5439/5439/5762 5446/5446/5764
f 5440/5440/5765 5446/5446/5765 5439/5439/5765
f 5447/5447/5766 5446/5446/5766 5440/5440/5766
f 5448/5448/5767 5443/5443/5767 5449/5449/5767
f 5449/5449/5768 5443/5443/5768 5450/5450/5768
f 5444/5444/5769 5450/5450/5769 5443/5443/5769
f 5450/5450/5770 5444/5444/5770 5451/5451/5770
f 5445/5445/5771 5451/5451/5771 5444/5444/5771
f 5451/5451/5772 5445/5445/5772 5452/5452/5772
f 5446/5446/5773 5452/5452/5773 5445/5445/5773
f 5452/5452/5774 5446/5446/5774 5453/5453/5774
f 5447/5447/5775 5453/5453/5775 5446/5446/5775
f 5453/5453/5776 5447/5447/5776 5454/5454/5776
f 5455/5455/5777 5456/5456/5777 5457/5457/5777
f 5449/5449/5778 5457/5457/5778 5456/5456/5778
f 5457/5457/5779 5449/5449/5779 5458/5458/5779
f 5450/5450/5780 5458/5458/5780 5449/5449/5780
f 5458/5458/5781 5450/5450/5781 5459/5459/5781
f 5451/5451/5782 5459/5459/5782 5450/5450/5782
f 5459/5459/5783 5451/5451/5783 5460/5460/5783
f 5452/5452/5784 5460/5460/5784 5451/5451/5784
f 5460/5460/5785 5452/5452/5785 5461/5461/5785
f 5453/5453/5786 5461/5461/5786 5452/5452/5786
f 5454/5454/5787 5461/5461/5787 5453/5453/5787
f 5461/5461/5788 5454/5454/5788 5462/5462/5788
f 5261/5261/5789 5463/5463/5789 5262/5262/5789
f 5464/5464/5790 5262/5262/5790 5463/5463/5790
f 5263/5263/5791 5464/5464/5791 5265/5265/5791
f 5465/5465/5792 5265/5265/5792 5464/5464/5792
f 5265/5265/5793 5465/5465/5793 5267/5267/5793
f 5466/5466/5794 5267/5267/5794 5465/5465/5794
f 5467/5467/5795 5468/5468/5795 5469/5469/5795
f 5470/5470/5796 5469/5469/5796 5468/5468/5796
f 5471/5471/5797 5467/5467/5797 5472/5472/5797
f 5469/5469/5798 5472/5472/5798 5467/5467/5798
f 5472/5472/5799 5469/5469/5799 5473/5473/5799
f 5473/5473/5800 5469/5469/5800 5474/5474/5800
f 5470/5470/5801 5474/5474/5801 5469/5469/5801
f 5474/5474/5802 5470/5470/5803 5475/5475/5804
f 5476/5476/5805 5475/5475/5804 5470/5470/5803
f 5477/5477/5806 5478/5478/5806 5479/5479/5806
f 5479/5479/5807 5478/5478/5807 5480/5480/5807
f 5471/5471/5808 5480/5480/5808 5478/5478/5808
f 5480/5480/5809 5471/5471/5809 5481/5481/5809
f 5482/5482/5810 5483/5483/5810 5484/5484/5810
f 5485/5485/5811 5484/5484/5811 5483/5483/5811
f 5484/5484/5812 5485/5485/5812 5486/5486/5812
f 5487/5487/5813 5488/5488/5813 5489/5489/5813
f 5490/5490/5814 5489/5489/5814 5488/5488/5814
f 5489/5489/5815 5490/5490/5815 5491/5491/5815
f 5491/5491/5816 5490/5490/5816 5492/5492/5816
f 5492/5492/5817 5490/5490/5817 5493/5493/5817
f 5494/5494/5818 5493/5493/5818 5490/5490/5818
f 5493/5493/5819 5494/5494/5819 5483/5483/5819
f 5483/5483/5820 5494/5494/5820 5485/5485/5820
f 5495/5495/5821 5485/5485/5821 5494/5494/5821
f 5485/5485/5822 5495/5495/5822 5496/5496/5822
f 5490/5490/5823 5497/5497/5823 5494/5494/5823
f 5498/5498/5824 5494/5494/5824 5497/5497/5824
f 5494/5494/5825 5498/5498/5825 5495/5495/5825
f 5499/5499/5826 5500/5500/5826 5501/5501/5826
f 5502/5502/5827 5501/5501/5827 5500/5500/5827
f 5503/5503/5828 5501/5501/5828 5502/5502/5828
f 5501/5501/5829 5503/5503/5829 5504/5504/5829
f 5505/5505/5830 5506/5506/5830 5507/5507/5830
f 5507/5507/5831 5506/5506/5832 5508/5508/5832
f 5509/5509/5833 5508/5508/5832 5506/5506/5832
f 5508/5508/5834 5509/5509/5834 5510/5510/5834
f 5511/5511/5835 5512/5512/5835 5513/5513/5835
f 5514/5514/5836 5513/5513/5836 5512/5512/5836
f 5515/5515/5837 5513/5513/5837 5514/5514/5837
f 5513/5513/5838 5515/5515/5838 5509/5509/5838
f 5516/5516/5839 5517/5517/5839 5518/5518/5839
f 5519/5519/5840 5518/5518/5840 5517/5517/5840
f 5518/5518/5841 5519/5519/5841 5520/5520/5841
f 5520/5520/5842 5519/5519/5842 5514/5514/5842
f 5514/5514/5843 5519/5519/5843 5515/5515/5843
f 5515/5515/5844 5519/5519/5844 5521/5521/5844
f 5517/5517/5845 5521/5521/5845 5519/5519/5845
f 5522/5522/5846 5523/5523/5846 5524/5524/5846
f 5525/5525/5847 5524/5524/5847 5523/5523/5847
f 5524/5524/5848 5525/5525/5848 5526/5526/5848
f 5526/5526/5849 5525/5525/5849 5520/5520/5849
f 5520/5520/5850 5525/5525/5850 5518/5518/5850
f 5518/5518/5851 5525/5525/5851 5516/5516/5851
f 5523/5523/5852 5516/5516/5852 5525/5525/5852
f 5527/5527/5853 5528/5528/5853 5529/5529/5853
f 5529/5529/5854 5528/5528/5854 5530/5530/5854
f 5531/5531/5855 5530/5530/5855 5528/5528/5855
f 5530/5530/5856 5531/5531/5856 5532/5532/5856
f 5533/5533/5857 5534/5534/5857 5535/5535/5857
f 5535/5535/5858 5534/5534/5858 5536/5536/5858
f 5530/5530/5859 5536/5536/5859 5534/5534/5859
f 5537/5537/5860 5536/5536/5860 5530/5530/5860
f 5536/5536/5861 5537/5537/5861 5535/5535/5861
f 5535/5535/5862 5537/5537/5862 5538/5538/5862
f 5539/5539/5863 5538/5538/5863 5537/5537/5863
f 5538/5538/5864 5539/5539/5864 5540/5540/5864
f 5540/5540/5865 5539/5539/5865 5541/5541/5865
f 5541/5541/5866 5539/5539/5866 5542/5542/5866
f 5537/5537/5867 5542/5542/5867 5539/5539/5867
f 5543/5543/5868 5544/5544/5868 5545/5545/5868
f 5546/5546/5869 5545/5545/5869 5544/5544/5869
f 5545/5545/5870 5546/5546/5870 5547/5547/5870
f 5548/5548/5871 5547/5547/5871 5546/5546/5871
f 5248/5248/5872 5549/5549/5872 5550/5550/5872
f 5551/5551/5873 5550/5550/5873 5549/5549/5873
f 5550/5550/5874 5551/5551/5874 5552/5552/5874
f 5553/5553/5875 5552/5552/5875 5551/5551/5875
f 5552/5552/5876 5553/5553/5876 5554/5554/5876
f 5555/5555/5877 5556/5556/5877 5557/5557/5877
f 5557/5557/5878 5556/5556/5878 5558/5558/5878
f 5559/5559/5879 5558/5558/5879 5556/5556/5879
f 5558/5558/5880 5560/5560/5881 5557/5557/5882
f 5561/5561/5883 5557/5557/5882 5560/5560/5881
f 5562/5562/5884 5557/5557/5884 5561/5561/5884
f 5557/5557/5885 5562/5562/5885 5555/5555/5885
f 5555/5555/5886 5562/5562/5886 5563/5563/5886
f 5563/5563/5887 5562/5562/5887 5564/5564/5887
f 5564/5564/5888 5562/5562/5888 5565/5565/5888
f 5561/5561/5889 5565/5565/5889 5562/5562/5889
f 5555/5555/5890 5566/5566/5890 5556/5556/5890
f 5567/5567/5891 5556/5556/5891 5566/5566/5891
f 5556/5556/5892 5567/5567/5892 5559/5559/5892
f 5559/5559/5893 5567/5567/5893 5568/5568/5893
f 5568/5568/5894 5567/5567/5894 5569/5569/5894
f 5569/5569/5895 5567/5567/5895 5570/5570/5895
f 5566/5566/5896 5570/5570/5896 5567/5567/5896
f 5570/5570/5897 5566/5566/5897 5571/5571/5897
f 5555/5555/5898 5571/5571/5898 5566/5566/5898
f 5563/5563/5899 5571/5571/5899 5555/5555/5899
f 5571/5571/5900 5563/5563/5900 5572/5572/5900
f 5573/5573/5901 5572/5572/5901 5563/5563/5901
f 5572/5572/5902 5573/5573/5902 5574/5574/5902
f 5575/5575/5903 5574/5574/5903 5573/5573/5903
f 5565/5565/5904 5576/5576/5904 5564/5564/5904
f 5577/5577/5905 5564/5564/5905 5576/5576/5905
f 5564/5564/5906 5577/5577/5906 5578/5578/5906
f 5579/5579/5907 5578/5578/5907 5577/5577/5907
f 5578/5578/5908 5579/5579/5908 5580/5580/5908
f 5580/5580/5909 5579/5579/5909 5581/5581/5909
f 5582/5582/5910 5581/5581/5910 5579/5579/5910
f 5581/5581/5911 5582/5582/5911 5583/5583/5911
f 5584/5584/5912 5583/5583/5912 5582/5582/5912
f 5583/5583/5913 5584/5584/5913 5585/5585/5913
f 5586/5586/5914 5585/5585/5914 5584/5584/5914
f 5585/5585/5915 5586/5586/5915 5587/5587/5915
f 5588/5588/5916 5587/5587/5916 5586/5586/5916
f 5587/5587/5917 5588/5588/5917 5589/5589/5917
f 5589/5589/5918 5231/5231/5918 5587/5587/5918
f 5228/5228/5919 5587/5587/5919 5231/5231/5919
f 5587/5587/5920 5228/5228/5920 5585/5585/5920
f 5237/5237/5921 5585/5585/5921 5228/5228/5921
f 5585/5585/5922 5237/5237/5922 5583/5583/5922
f 5239/5239/5923 5583/5583/5923 5237/5237/5923
f 5583/5583/5924 5239/5239/5924 5581/5581/5924
f 5581/5581/5925 5239/5239/5925 5580/5580/5925
f 5580/5580/5926 5239/5239/5926 5578/5578/5926
f 5590/5590/5927 5578/5578/5927 5239/5239/5927
f 5578/5578/5928 5590/5590/5928 5564/5564/5928
f 5564/5564/5929 5590/5590/5929 5563/5563/5929
f 5591/5591/5930 5563/5563/5930 5590/5590/5930
f 5563/5563/5931 5591/5591/5931 5573/5573/5931
f 5573/5573/5932 5591/5591/5932 5592/5592/5932
f 5592/5592/5933 5591/5591/5933 5249/5249/5933
f 5249/5249/5934 5591/5591/5934 5241/5241/5934
f 5590/5590/5935 5241/5241/5935 5591/5591/5935
f 5241/5241/5936 5590/5590/5936 5239/5239/5936
f 5249/5249/5937 5593/5593/5937 5592/5592/5937
f 5594/5594/5938 5592/5592/5938 5593/5593/5938
f 5595/5595/5939 5592/5592/5939 5594/5594/5939
f 5596/5596/5940 5592/5592/5940 5595/5595/5940
f 5597/5597/5941 5592/5592/5941 5596/5596/5941
f 5592/5592/5942 5597/5597/5942 5574/5574/5942
f 5598/5598/5943 5599/5599/5943 5600/5600/5943
f 5601/5601/5944 5600/5600/5944 5599/5599/5944
f 5600/5600/5945 5601/5601/5945 5602/5602/5945
f 5602/5602/5946 5601/5601/5946 5603/5603/5946
f 5604/5604/5947 5603/5603/5947 5601/5601/5947
f 5605/5605/5948 5603/5603/5948 5604/5604/5948
f 5603/5603/5949 5605/5605/5949 5606/5606/5949
f 5606/5606/5950 5605/5605/5950 5607/5607/5950
f 5608/5608/5951 5607/5607/5951 5605/5605/5951
f 5609/5609/5952 5607/5607/5952 5608/5608/5952
f 5607/5607/5953 5609/5609/5953 5610/5610/5953
f 5611/5611/5954 5604/5604/5954 5612/5612/5954
f 5604/5604/5955 5611/5611/5956 5605/5605/5957
f 5613/5613/5958 5605/5605/5957 5611/5611/5956
f 5605/5605/5959 5613/5613/5960 5608/5608/5961
f 5614/5614/5962 5608/5608/5961 5613/5613/5960
f 5608/5608/5963 5614/5614/5963 5609/5609/5963
f 5615/5615/5964 5609/5609/5964 5614/5614/5964
f 5616/5616/5965 5609/5609/5965 5615/5615/5965
f 5609/5609/5966 5616/5616/5966 5610/5610/5966
f 5610/5610/5967 5616/5616/5967 5617/5617/5967
f 5617/5617/5968 5616/5616/5968 5618/5618/5968
f 5619/5619/5969 5618/5618/5969 5616/5616/5969
f 5618/5618/5970 5619/5619/5970 5620/5620/5970
f 5621/5621/5971 5620/5620/5971 5619/5619/5971
o rg_56_0
v 0.107258 0.548501 0.105000
v 0.105305 0.563641 0.120139
v 0.105854 0.563580 0.112325
v 0.120139 0.562359 0.115622
v 0.117758 0.563519 0.122337
v 0.107258 0.548501 0.105000
v 0.109883 0.562908 0.123741
v 0.120139 0.562359 0.115622
v 0.112997 0.564434 0.111532
v 0.088029 0.563030 0.108479
v 0.095415 0.563580 0.112325
v 0.093462 0.548868 0.105305
v 0.081131 0.562359 0.115622
v 0.093462 0.548868 0.105305
v 0.089982 0.560039 0.121726
v 0.084183 0.558879 0.121787
v 0.081131 0.562359 0.115622
v 0.095415 0.563580 0.112325
v 0.095538 0.563030 0.119224
v 0.093462 0.548868 0.105305
v 0.000122 0.798974 0.192968
v 0.000122 0.769977 0.198889
v 0.009951 0.776326 0.189915
v 0.000122 0.769977 0.198889
v -0.010683 0.775838 0.189305
v -0.007814 0.798974 0.188755
v -0.014407 0.782248 0.177828
v -0.079238 -0.202185 -0.014956
v -0.092913 -0.216165 -0.014895
v -0.075148 -0.190037 -0.022160
v -0.011660 0.822355 0.137782
v 0.000122 0.813809 0.148587
v 0.000122 0.848544 0.135828
v 0.000122 0.848544 0.135828
v 0.000122 0.813809 0.148587
v 0.014285 0.823088 0.136805
v -0.036200 -0.241438 -0.014834
v -0.034796 -0.234418 -0.022221
v -0.011477 -0.238508 -0.014834
v -0.011477 -0.238508 -0.014834
v -0.033026 -0.225810 -0.014834
v -0.046212 -0.213174 -0.027532
v -0.049753 -0.239668 -0.025701
v -0.049020 -0.256761 -0.024296
v -0.040352 -0.255601 -0.014773
v -0.040901 -0.272938 -0.023015
v -0.036811 -0.270252 -0.014773
v -0.019962 -0.298578 -0.014956
v -0.062389 -0.234357 -0.025273
v -0.057872 -0.256334 -0.022587
v -0.047250 -0.274159 -0.020451
v -0.019962 -0.298578 -0.014956
v -0.019962 -0.298578 -0.014956
v -0.047372 -0.277578 -0.014712
v -0.062206 -0.255418 -0.014773
v -0.069104 -0.233746 -0.014834
v -0.060680 -0.201514 -0.024724
v -0.065197 -0.196386 -0.014956
v -0.056163 -0.173372 -0.026006
v -0.092913 -0.216165 -0.014895
v -0.082840 -0.185031 -0.014956
v -0.075148 -0.190037 -0.022160
v -0.065197 -0.196386 -0.014956
v -0.079238 -0.202185 -0.014956
v -0.032477 -0.167755 -0.027898
v -0.017398 -0.151212 -0.022587
v -0.023869 -0.184787 -0.014956
v -0.024541 -0.138575 -0.024968
v -0.040779 -0.153104 -0.024724
v -0.068372 -0.165558 -0.014895
v -0.042122 -0.148465 -0.015078
v -0.032416 -0.127221 -0.015262
v -0.013552 -0.105122 -0.015078
v -0.010805 -0.118979 -0.023442
v 0.000122 -0.140101 -0.018741
v -0.012576 -0.168000 -0.013430
v 0.000122 -0.159758 -0.012209
v -0.040352 -0.255601 -0.014773
v -0.036200 -0.241438 -0.014834
v -0.046945 -0.237531 -0.004151
v -0.092913 -0.216165 -0.014895
v -0.079238 -0.202185 -0.014956
v -0.075087 -0.189976 -0.007753
v -0.065197 -0.196386 -0.014956
v -0.049692 -0.184604 -0.001648
v -0.055186 -0.207557 -0.003358
v -0.040840 -0.219584 -0.005311
v -0.034735 -0.234479 -0.006959
v -0.011477 -0.238508 -0.014834
v -0.033026 -0.225810 -0.014834
v -0.031317 -0.202674 -0.015078
v -0.037177 -0.194372 -0.006410
v -0.056529 -0.237531 -0.004701
v -0.051584 -0.256517 -0.005250
v -0.062206 -0.255418 -0.014773
v -0.069104 -0.233746 -0.014834
v -0.065197 -0.196386 -0.014956
v 0.020206 -0.298578 -0.014956
v 0.037055 -0.270252 -0.014773
v 0.041145 -0.272938 -0.023015
v 0.040596 -0.255601 -0.014773
v 0.065442 -0.196386 -0.014956
v 0.056834 -0.237531 -0.004701
v 0.069349 -0.233746 -0.014834
v 0.062450 -0.255418 -0.014773
v 0.079482 -0.202185 -0.014956
v 0.075331 -0.189976 -0.007753
v 0.065442 -0.196386 -0.014956
v 0.049997 -0.184604 -0.001648
v 0.055430 -0.207557 -0.003358
v 0.021671 -0.146145 -0.003846
v 0.016788 -0.158110 -0.006593
v 0.038887 -0.166595 -0.001343
v 0.028325 -0.176363 -0.006166
v 0.037421 -0.194372 -0.006410
v 0.041145 -0.219584 -0.005311
v 0.033270 -0.225810 -0.014834
v 0.031622 -0.202674 -0.015078
v 0.024113 -0.184787 -0.014956
v 0.012820 -0.168000 -0.013430
v 0.000122 -0.159758 -0.012209
v 0.000122 -0.145962 -0.001648
v 0.009828 -0.129540 -0.001831
v 0.032660 -0.127221 -0.015262
v 0.013796 -0.105122 -0.015078
v 0.042366 -0.148465 -0.015078
v 0.060009 -0.175203 -0.004212
v 0.068616 -0.165558 -0.014895
v 0.083145 -0.185031 -0.014956
v 0.020206 -0.298578 -0.014956
v 0.043343 -0.274647 -0.007387
v 0.037055 -0.270252 -0.014773
v 0.040596 -0.255601 -0.014773
v -0.052500 0.761553 0.167694
v -0.041328 0.745742 0.156584
v -0.054575 0.749466 0.154936
v -0.049875 0.731518 0.157500
v -0.041145 -0.098224 -0.013919
v -0.040107 -0.124779 -0.015017
v -0.035956 -0.101581 -0.011660
v -0.032477 -0.104695 -0.014224
v -0.014041 -0.089067 -0.013674
v 0.037788 0.760515 0.171907
v 0.051767 0.762102 0.169221
v 0.037543 0.745742 0.156584
v 0.056285 0.749588 0.154875
v 0.050302 0.731518 0.157500
v 0.091142 1.107930 0.178622
v 0.070692 1.081436 0.171357
v 0.076735 1.082962 0.167878
v 0.064526 1.061962 0.160552
v 0.070753 1.062328 0.155180
v 0.067761 1.086320 0.175386
v 0.091142 1.107930 0.178622
v 0.062267 1.089677 0.173372
v 0.061901 1.094866 0.171174
v 0.062206 1.094622 0.165558
v 0.057689 1.061535 0.162750
v 0.050180 1.062939 0.160491
v 0.047067 1.066235 0.156706
v 0.050241 1.067883 0.151761
v 0.058299 1.068860 0.149503
v 0.070081 1.092058 0.163787
v 0.091142 1.107930 0.178622
v 0.072462 1.086014 0.162383
v 0.076735 1.082962 0.167878
v 0.066907 1.066907 0.151090
v 0.070753 1.062328 0.155180
v -0.038642 -0.166595 -0.001343
v -0.042122 -0.148465 -0.015078
v -0.059703 -0.175203 -0.004212
v -0.068372 -0.165558 -0.014895
v -0.082840 -0.185031 -0.014956
v -0.028081 -0.176363 -0.006166
v -0.092913 -0.216165 -0.014895
v -0.023869 -0.184787 -0.014956
v -0.012576 -0.168000 -0.013430
v -0.016544 -0.158110 -0.006593
v -0.021427 -0.146145 -0.003846
v -0.032416 -0.127221 -0.015262
v -0.009584 -0.129540 -0.001831
v -0.013552 -0.105122 -0.015078
v 0.000122 -0.145962 -0.001648
v 0.000122 -0.159758 -0.012209
v 0.000122 0.846468 0.161651
v 0.004090 0.824370 0.177218
v 0.005067 0.823637 0.172822
v 0.008424 0.812344 0.178866
v 0.000122 0.810512 0.169160
v 0.000122 0.821745 0.167755
v 0.000122 0.846468 0.161651
v 0.014285 -0.089067 -0.013674
v 0.032721 -0.104695 -0.014224
v 0.036200 -0.101581 -0.011660
v 0.040352 -0.124779 -0.015017
v 0.041389 -0.098224 -0.013919
v 0.021488 -0.078506 -0.007997
v 0.014285 -0.089067 -0.013674
v -0.014041 -0.089067 -0.013674
v -0.032477 -0.104695 -0.014224
v -0.035956 -0.101398 -0.016483
v -0.040107 -0.124779 -0.015017
v -0.041145 -0.098224 -0.013919
v -0.021244 -0.078078 -0.018375
v -0.010622 0.801477 0.179843
v -0.006288 0.811245 0.184787
v -0.008302 0.811733 0.179049
v -0.003541 0.823637 0.176607
v -0.004823 0.823637 0.172822
v 0.000122 0.810512 0.169160
v 0.032721 -0.104695 -0.014224
v 0.014285 -0.089067 -0.013674
v 0.036200 -0.101398 -0.016483
v 0.021488 -0.078078 -0.018375
v 0.041389 -0.098224 -0.013919
v 0.040352 -0.124779 -0.015017
v 0.011049 -0.118979 -0.023442
v 0.013796 -0.105122 -0.015078
v 0.024785 -0.138575 -0.024968
v 0.032660 -0.127221 -0.015262
v 0.041023 -0.153104 -0.024724
v 0.042366 -0.148465 -0.015078
v 0.068616 -0.165558 -0.014895
v 0.000122 -0.140101 -0.018741
v 0.017642 -0.151212 -0.022587
v 0.032782 -0.167755 -0.027898
v 0.056407 -0.173372 -0.026006
v 0.083145 -0.185031 -0.014956
v 0.075453 -0.190037 -0.022160
v 0.065442 -0.196386 -0.014956
v 0.079482 -0.202185 -0.014956
v 0.000122 -0.159758 -0.012209
v 0.012820 -0.168000 -0.013430
v 0.024113 -0.184787 -0.014956
v 0.031622 -0.202674 -0.015078
v 0.042549 -0.188206 -0.027837
v 0.033270 -0.225810 -0.014834
v 0.046517 -0.213174 -0.027532
v 0.060924 -0.201514 -0.024724
v 0.065442 -0.196386 -0.014956
v 0.069349 -0.233746 -0.014834
v 0.062695 -0.234357 -0.025273
v 0.058116 -0.256334 -0.022587
v 0.062450 -0.255418 -0.014773
v 0.107258 0.548501 0.105000
v 0.105854 0.563580 0.112325
v 0.112997 0.564434 0.111532
v 0.079482 -0.202185 -0.014956
v 0.093157 -0.216165 -0.014895
v 0.075331 -0.189976 -0.007753
v 0.038887 -0.166595 -0.001343
v 0.049997 -0.184604 -0.001648
v 0.060009 -0.175203 -0.004212
v 0.083145 -0.185031 -0.014956
v 0.093157 -0.216165 -0.014895
v 0.041145 -0.219584 -0.005311
v 0.055430 -0.207557 -0.003358
v 0.047189 -0.237531 -0.004151
v 0.056834 -0.237531 -0.004701
v 0.051828 -0.256517 -0.005250
v 0.062450 -0.255418 -0.014773
v 0.047677 -0.277578 -0.014712
v 0.043343 -0.274647 -0.007387
v 0.020206 -0.298578 -0.014956
v 0.040596 -0.255601 -0.014773
v 0.036445 -0.241438 -0.014834
v 0.034980 -0.234479 -0.006959
v 0.011721 -0.238508 -0.014834
v 0.033270 -0.225810 -0.014834
v 0.011721 -0.238508 -0.014834
v 0.075453 -0.190037 -0.022160
v 0.093157 -0.216165 -0.014895
v 0.079482 -0.202185 -0.014956
v 0.083145 -0.185031 -0.014956
v 0.093157 -0.216165 -0.014895
v 0.010866 0.801477 0.179843
v 0.014712 0.782248 0.177828
v 0.000122 0.798852 0.166718
v 0.014712 0.782248 0.177828
v 0.006593 0.800073 0.188755
v 0.005555 0.812893 0.185215
v 0.000122 0.798974 0.192968
v 0.009951 0.776326 0.189915
v -0.007814 0.798974 0.188755
v 0.000122 0.813687 0.187412
v 0.004090 0.824370 0.177218
v 0.008424 0.812344 0.178866
v 0.000122 0.810512 0.169160
v 0.000122 0.798852 0.166718
v 0.000122 0.810512 0.169160
v 0.000122 0.798852 0.166718
v -0.010622 0.801477 0.179843
v -0.014407 0.782248 0.177828
v -0.006288 0.811245 0.184787
v 0.000122 0.825530 0.177828
v 0.000122 0.846468 0.161651
v -0.006288 0.811245 0.184787
v -0.003541 0.823637 0.176607
v -0.004823 0.823637 0.172822
v 0.000122 0.846468 0.161651
v 0.000122 0.821745 0.167755
v 0.006959 0.883096 0.106526
v 0.010683 0.868506 0.113852
v 0.000122 0.867652 0.103596
v 0.000122 0.904157 0.087357
v 0.006959 0.883096 0.106526
v 0.000122 0.882181 0.100910
v 0.010683 0.868506 0.113852
v 0.000122 0.853122 0.102314
v 0.014834 0.852085 0.117820
v 0.020084 0.830413 0.118979
v 0.010683 0.850864 0.128197
v 0.014285 0.823088 0.136805
v 0.000122 0.848544 0.135828
v 0.000122 0.867163 0.126610
v 0.009096 0.868445 0.120933
v 0.005006 0.884928 0.110555
v 0.000122 0.904157 0.087357
v 0.000122 0.885660 0.113424
v -0.004578 0.884134 0.112631
v -0.007265 0.867896 0.123924
v 0.000122 0.848544 0.135828
v 0.000122 0.882181 0.100910
v -0.006715 0.883096 0.106526
v 0.000122 0.867652 0.103596
v -0.010439 0.868506 0.113852
v 0.000122 0.853122 0.102314
v -0.014590 0.852085 0.117820
v -0.019840 0.830413 0.118979
v -0.008608 0.850253 0.131494
v -0.011660 0.822355 0.137782
v 0.000122 0.904157 0.087357
v -0.011477 -0.238508 -0.014834
v -0.033026 -0.225810 -0.014834
v -0.034735 -0.234479 -0.006959
v -0.082840 -0.185031 -0.014956
v -0.068372 -0.165558 -0.014895
v -0.056163 -0.173372 -0.026006
v -0.049753 -0.239668 -0.025701
v -0.062389 -0.234357 -0.025273
v -0.046212 -0.213174 -0.027532
v -0.060680 -0.201514 -0.024724
v -0.023869 -0.184787 -0.014956
v -0.031317 -0.202674 -0.015078
v -0.032477 -0.167755 -0.027898
v -0.042305 -0.188206 -0.027837
v -0.033026 -0.225810 -0.014834
v 0.013430 0.846591 0.034980
v 0.000122 0.843538 0.020084
v 0.011294 0.853367 0.030584
v 0.000122 0.871986 0.009707
v 0.000183 0.786094 0.223308
v 0.003174 0.766559 0.229351
v 0.000122 0.765826 0.225017
v 0.000305 0.757219 0.221171
v 0.009096 0.744643 0.228924
v 0.005799 0.754288 0.230999
v 0.002137 0.766986 0.233624
v 0.000183 0.786094 0.223308
v 0.005311 0.740736 0.237837
v 0.004273 0.753190 0.237287
v 0.002137 0.766986 0.233624
v 0.000183 0.786094 0.223308
v 0.000122 0.767413 0.234357
v 0.000122 0.751908 0.241255
v 0.000122 0.737379 0.242476
v 0.000183 0.786094 0.223308
v -0.002930 0.766559 0.229351
v -0.002320 0.766986 0.233930
v -0.005555 0.754288 0.230999
v -0.004212 0.753190 0.237715
v 0.000183 0.786094 0.223308
v 0.000122 0.737379 0.242476
v -0.005738 0.741164 0.237470
v -0.008852 0.744643 0.228924
v 0.000305 0.757219 0.221171
v 0.000122 0.765826 0.225017
v 0.079482 0.726574 0.174654
v 0.081497 0.718515 0.173616
v 0.086564 0.722056 0.175630
v 0.096881 0.727245 0.170014
v 0.092302 0.724925 0.175142
v 0.095415 0.714242 0.174226
v 0.092119 0.714791 0.178255
v 0.088517 0.714853 0.177462
v 0.084549 0.711495 0.176180
v 0.082901 0.709603 0.171601
v 0.080154 0.721263 0.168000
v 0.077468 0.726329 0.167267
v 0.072340 0.728588 0.170869
v 0.075209 0.731274 0.179721
v 0.065320 0.728832 0.176729
v 0.068738 0.731213 0.186619
v 0.088090 0.705696 0.180575
v 0.085709 0.705757 0.180026
v 0.083633 0.704841 0.178561
v 0.082290 0.703071 0.175447
v 0.060192 0.736951 0.200354
v 0.060985 0.727428 0.193700
v 0.067639 0.738905 0.193761
v 0.076918 0.736829 0.184360
v 0.082596 0.731457 0.178255
v 0.060802 0.723765 0.180880
v 0.057078 0.713265 0.186985
v 0.055308 0.719919 0.201209
v 0.053232 0.730236 0.209145
v 0.057017 0.747573 0.201270
v 0.046151 0.741408 0.211526
v 0.039741 0.755204 0.202552
v 0.052988 0.758684 0.193517
v 0.069104 0.758012 0.184665
v 0.069227 0.749344 0.192296
v 0.076918 0.736829 0.184360
v 0.087968 0.735669 0.176790
v 0.091142 0.739515 0.170808
v 0.080459 0.744521 0.183200
v 0.081802 0.750687 0.176485
v 0.070264 0.760820 0.176668
v 0.052805 0.762835 0.181491
v 0.051767 0.762102 0.169221
v 0.071790 0.759172 0.167023
v 0.084671 0.750443 0.161529
v 0.093523 0.740553 0.159514
v 0.098895 0.728161 0.159209
v 0.097125 0.713632 0.169282
v 0.090532 0.702155 0.175936
v 0.090104 0.704902 0.178561
v -0.031317 -0.202674 -0.015078
v -0.023869 -0.184787 -0.014956
v -0.037177 -0.194372 -0.006410
v -0.028081 -0.176363 -0.006166
v -0.049692 -0.184604 -0.001648
v 0.042549 -0.188206 -0.027837
v 0.046517 -0.213174 -0.027532
v 0.033270 -0.225810 -0.014834
v 0.035041 -0.234418 -0.022221
v 0.011721 -0.238508 -0.014834
v 0.060924 -0.201514 -0.024724
v 0.062695 -0.234357 -0.025273
v 0.050058 -0.239668 -0.025701
v 0.036445 -0.241438 -0.014834
v 0.011721 -0.238508 -0.014834
v 0.058116 -0.256334 -0.022587
v 0.049325 -0.256761 -0.024296
v 0.040596 -0.255601 -0.014773
v 0.041145 -0.272938 -0.023015
v 0.047494 -0.274159 -0.020451
v 0.020206 -0.298578 -0.014956
v 0.047677 -0.277578 -0.014712
v 0.062450 -0.255418 -0.014773
v -0.019962 -0.298578 -0.014956
v -0.043099 -0.274647 -0.007387
v -0.047372 -0.277578 -0.014712
v -0.051584 -0.256517 -0.005250
v -0.062206 -0.255418 -0.014773
v -0.019962 -0.298578 -0.014956
v -0.036811 -0.270252 -0.014773
v -0.040352 -0.255601 -0.014773
v -0.046945 -0.237531 -0.004151
v 0.065320 0.728832 0.176729
v 0.060802 0.723765 0.180880
v 0.059154 0.727672 0.167572
v 0.051828 0.715768 0.170625
v 0.057078 0.713265 0.186985
v 0.050302 0.731518 0.157500
v 0.058116 0.736097 0.155180
v 0.065259 0.732068 0.166474
v 0.066968 0.736219 0.154081
v 0.072645 0.729687 0.162017
v 0.075942 0.732190 0.153410
v 0.083145 0.741835 0.151822
v 0.089799 0.733838 0.149930
v 0.084671 0.750443 0.161529
v 0.071790 0.759172 0.167023
v 0.072340 0.728588 0.170869
v 0.077468 0.726329 0.167267
v 0.078261 0.725169 0.159697
v 0.083206 0.726207 0.152067
v 0.085892 0.719980 0.154936
v 0.094561 0.721934 0.152616
v 0.088212 0.705818 0.165497
v 0.094500 0.710396 0.164642
v 0.085221 0.699469 0.172456
v 0.088761 0.700324 0.173005
v 0.082901 0.700690 0.172822
v 0.083572 0.705757 0.168488
v 0.081375 0.717783 0.161834
v 0.080154 0.721263 0.168000
v 0.082901 0.709603 0.171601
v 0.082290 0.703071 0.175447
v 0.090532 0.702155 0.175936
v 0.097125 0.713632 0.169282
v 0.098895 0.728161 0.159209
v 0.093523 0.740553 0.159514
v 0.084671 0.750443 0.161529
v -0.052744 0.758073 0.191808
v -0.068677 0.758012 0.184665
v -0.057872 0.748367 0.200720
v -0.068799 0.749344 0.192296
v -0.059154 0.737073 0.200415
v -0.069471 0.760454 0.173189
v -0.051096 0.763018 0.179904
v -0.037666 0.760820 0.186253
v -0.038337 0.753617 0.199927
v -0.048898 0.743239 0.209267
v -0.050974 0.730236 0.209145
v -0.054881 0.719919 0.201209
v -0.060680 0.727306 0.193944
v -0.056651 0.710518 0.186985
v -0.060619 0.722056 0.181064
v -0.068311 0.731213 0.186619
v -0.064892 0.728832 0.176729
v -0.070325 0.757707 0.164398
v -0.052500 0.761553 0.167694
v -0.083633 0.751297 0.160918
v -0.081375 0.750687 0.176485
v -0.093584 0.739760 0.158904
v -0.090349 0.740187 0.170564
v -0.098468 0.728161 0.159209
v -0.096453 0.727245 0.170014
v -0.096209 0.715768 0.174410
v -0.096392 0.713204 0.168976
v -0.090593 0.702949 0.176546
v -0.080093 0.744521 0.183200
v -0.087113 0.736402 0.176668
v -0.091875 0.724925 0.175142
v -0.091692 0.714791 0.178255
v -0.090349 0.704841 0.179232
v -0.088822 0.706367 0.180819
v -0.075697 0.691838 0.185215
v -0.096209 0.715768 0.174410
v -0.088090 0.714853 0.177462
v -0.086136 0.722056 0.175630
v -0.082779 0.730542 0.177279
v -0.076491 0.736829 0.184360
v -0.067212 0.738905 0.193761
v -0.074782 0.731274 0.179721
v -0.078933 0.727001 0.174471
v -0.082352 0.719492 0.172883
v -0.084122 0.711495 0.176180
v -0.086075 0.705635 0.180575
v -0.082840 0.704658 0.179354
v -0.071974 0.728588 0.170869
v -0.077468 0.725902 0.166657
v -0.080764 0.718882 0.168427
v -0.082535 0.709603 0.171601
v -0.081741 0.703376 0.176363
v -0.075697 0.691838 0.185215
v -0.078445 0.724376 0.159270
v -0.080947 0.717783 0.161834
v -0.082474 0.726574 0.151578
v -0.085526 0.719980 0.154936
v -0.089799 0.733227 0.149503
v -0.094133 0.721934 0.152616
v -0.087785 0.705818 0.165497
v -0.094072 0.710396 0.164642
v -0.086747 0.701178 0.172029
v -0.089494 0.701361 0.173433
v -0.082718 0.701667 0.173860
v -0.083145 0.705757 0.168488
v -0.098468 0.728161 0.159209
v -0.096392 0.713204 0.168976
v -0.090593 0.702949 0.176546
v -0.075697 0.691838 0.185215
v -0.093584 0.739760 0.158904
v -0.083633 0.751297 0.160918
v -0.082718 0.741835 0.151822
v -0.070325 0.757707 0.164398
v -0.071058 0.748733 0.154569
v -0.052500 0.761553 0.167694
v -0.054575 0.749466 0.154936
v -0.058788 0.736402 0.154875
v -0.049875 0.731518 0.157500
v -0.058116 0.726451 0.167755
v -0.051401 0.715768 0.170625
v -0.060619 0.722056 0.181064
v -0.056651 0.710518 0.186985
v -0.064831 0.732068 0.166474
v -0.066541 0.736219 0.154081
v -0.075575 0.732190 0.153410
v -0.072218 0.729687 0.162017
v -0.064892 0.728832 0.176729
v -0.071974 0.728588 0.170869
v -0.077468 0.725902 0.166657
v -0.080764 0.718882 0.168427
v -0.082535 0.709603 0.171601
v -0.081741 0.703376 0.176363
v -0.075697 0.691838 0.185215
v 0.000122 0.744399 -0.087968
v -0.012576 0.754105 -0.068799
v -0.004151 0.761614 -0.093706
v 0.000122 0.768085 -0.090776
v 0.000122 0.759233 -0.125389
v 0.000122 0.754777 -0.097796
v 0.012820 0.754105 -0.068799
v 0.000122 0.744399 -0.087968
v 0.004395 0.761614 -0.093706
v 0.000122 0.754777 -0.097796
v 0.000122 0.759233 -0.125389
v 0.000122 0.826812 0.000916
v 0.016483 0.805018 -0.011965
v 0.000122 0.822905 -0.040168
v 0.005738 0.814602 -0.043831
v 0.000122 0.815457 -0.077712
v 0.000122 0.805873 -0.049142
v 0.000122 0.792565 -0.036506
v 0.000122 0.826812 0.000916
v -0.016238 0.805018 -0.011965
v -0.005494 0.814602 -0.043831
v 0.000122 0.792565 -0.036506
v 0.000122 0.805873 -0.049142
v 0.000122 0.815457 -0.077712
v 0.056285 0.749588 0.154875
v 0.071485 0.748733 0.154569
v 0.071790 0.759172 0.167023
v 0.051767 0.762102 0.169221
v 0.000122 0.768085 -0.090776
v 0.000122 0.771137 -0.058665
v 0.012820 0.754105 -0.068799
v -0.012576 0.754105 -0.068799
v 0.000122 0.771137 -0.058665
v 0.012881 0.616202 -0.100665
v 0.000122 0.588304 -0.148343
v 0.000122 0.628411 -0.110921
v 0.000122 0.588304 -0.148343
v -0.012637 0.616202 -0.100665
v 0.012881 0.616202 -0.100665
v 0.000122 0.596240 -0.110250
v 0.000122 0.588304 -0.148343
v 0.010500 0.533179 -0.107258
v 0.000122 0.507722 -0.144497
v 0.000122 0.543129 -0.115683
v 0.000122 0.507722 -0.144497
v -0.010256 0.533179 -0.107258
v 0.010500 0.533179 -0.107258
v 0.000122 0.516879 -0.115072
v 0.000122 0.507722 -0.144497
v 0.018314 -0.032599 -0.016116
v 0.020389 -0.016483 -0.013858
v 0.026616 -0.039924 -0.015567
v 0.022038 -0.046884 -0.013796
v 0.026616 -0.039924 -0.015567
v 0.037971 -0.068433 -0.013491
v 0.033270 -0.056346 -0.011904
v 0.035529 -0.054209 -0.012881
v 0.020389 -0.016483 -0.013858
v 0.033942 -0.036750 -0.010073
v 0.038520 -0.052500 -0.010866
v 0.037971 -0.068433 -0.013491
v 0.026128 -0.040901 -0.009340
v 0.038520 -0.052500 -0.010866
v 0.035285 -0.054636 -0.009951
v 0.037971 -0.068433 -0.013491
v 0.037971 -0.068433 -0.013491
v 0.033270 -0.056346 -0.011904
v 0.022038 -0.046884 -0.013796
v 0.017703 -0.033942 -0.007692
v 0.033942 -0.036750 -0.010073
v 0.000122 0.588304 -0.148343
v 0.000122 0.596240 -0.110250
v -0.012637 0.616202 -0.100665
v 0.000122 0.507722 -0.144497
v 0.000122 0.516879 -0.115072
v -0.010256 0.533179 -0.107258
v -0.026311 -0.039924 -0.015567
v -0.020145 -0.016483 -0.013858
v -0.018070 -0.032599 -0.016116
v -0.026311 -0.039924 -0.015567
v -0.021794 -0.046884 -0.013796
v -0.035224 -0.054209 -0.012881
v -0.033026 -0.056346 -0.011904
v -0.037727 -0.068433 -0.013491
v -0.037727 -0.068433 -0.013491
v -0.038276 -0.052500 -0.010866
v -0.033637 -0.036750 -0.010073
v -0.020145 -0.016483 -0.013858
v -0.037727 -0.068433 -0.013491
v -0.035041 -0.054636 -0.009951
v -0.038276 -0.052500 -0.010866
v -0.025884 -0.040901 -0.009340
v -0.033637 -0.036750 -0.010073
v -0.017398 -0.033942 -0.007692
v -0.021794 -0.046884 -0.013796
v -0.033026 -0.056346 -0.011904
v -0.037727 -0.068433 -0.013491
v -0.007020 0.653745 0.187534
v -0.015872 0.653440 0.194494
v -0.020695 0.649777 0.170380
v -0.015445 0.648495 0.143093
v -0.008485 0.650204 0.165375
v -0.012514 0.648129 0.170258
v 0.000672 0.656370 0.173555
v -0.020695 0.649777 0.170380
v -0.015445 0.648495 0.143093
v -0.025395 0.656736 0.164154
v -0.034735 0.670106 0.175569
v -0.026433 0.657774 0.186436
v -0.034735 0.670106 0.175569
v -0.014529 0.667786 0.165802
v -0.025395 0.656736 0.164154
v -0.014407 0.658446 0.161834
v -0.008485 0.650204 0.165375
v 0.000672 0.656370 0.173555
v 0.076125 0.691838 0.185215
v 0.088761 0.700324 0.173005
v 0.090532 0.702155 0.175936
v 0.076125 0.691838 0.185215
v 0.085221 0.699469 0.172456
v 0.076125 0.691838 0.185215
v 0.082901 0.700690 0.172822
v 0.076125 0.691838 0.185215
v 0.082290 0.703071 0.175447
v 0.032843 -0.071790 -0.011355
v 0.011843 -0.038703 -0.014224
v 0.007753 -0.066846 -0.005738
v 0.014285 -0.089067 -0.013674
v 0.021488 -0.078506 -0.007997
v 0.041389 -0.098224 -0.013919
v 0.000122 0.721323 -0.098101
v 0.000122 0.691289 -0.143092
v -0.012637 0.701545 -0.099505
v 0.000122 0.684329 -0.112325
v -0.037666 0.760820 0.186253
v -0.037360 0.760515 0.171907
v -0.051096 0.763018 0.179904
v -0.052500 0.761553 0.167694
v 0.088090 0.705696 0.180575
v 0.076125 0.691838 0.185215
v 0.090104 0.704902 0.178561
v 0.090532 0.702155 0.175936
v 0.085709 0.705757 0.180026
v 0.076125 0.691838 0.185215
v 0.083633 0.704841 0.178561
v 0.082290 0.703071 0.175447
v 0.000122 0.721323 -0.098101
v 0.012881 0.701545 -0.099505
v 0.000122 0.691289 -0.143092
v 0.000122 0.684329 -0.112325
v 0.010134 0.649106 0.188633
v 0.000672 0.656370 0.173555
v 0.014468 0.646603 0.172456
v 0.010012 0.653928 0.164215
v 0.020573 0.648495 0.143093
v 0.017215 0.658568 0.160369
v 0.027166 0.656065 0.164093
v 0.013980 0.666443 0.164886
v 0.034980 0.670106 0.175569
v 0.000672 0.656370 0.173555
v 0.010012 0.653928 0.164215
v 0.020573 0.648495 0.143093
v 0.022587 0.648984 0.169098
v 0.023320 0.653867 0.187229
v 0.034980 0.670106 0.175569
v 0.027166 0.656065 0.164093
v 0.020573 0.648495 0.143093
v 0.014468 0.646603 0.172456
v 0.010134 0.649106 0.188633
v 0.039741 0.755204 0.202552
v 0.052988 0.758684 0.193517
v 0.038703 0.760576 0.186802
v 0.052805 0.762835 0.181491
v 0.051767 0.762102 0.169221
v 0.037788 0.760515 0.171907
v -0.041145 -0.098224 -0.013919
v -0.032538 -0.071790 -0.011355
v -0.021244 -0.078078 -0.018375
v -0.011599 -0.038703 -0.014224
v -0.007570 -0.066296 -0.019779
v -0.014041 -0.089067 -0.013674
v 0.014285 -0.089067 -0.013674
v 0.007814 -0.066296 -0.019779
v 0.021488 -0.078078 -0.018375
v 0.011843 -0.038703 -0.014224
v 0.032843 -0.071790 -0.011355
v 0.041389 -0.098224 -0.013919
v -0.011599 -0.038703 -0.014224
v -0.032538 -0.071790 -0.011355
v -0.007509 -0.066846 -0.005738
v -0.021183 -0.078506 -0.007997
v -0.014041 -0.089067 -0.013674
v -0.035956 -0.101581 -0.011660
v -0.041145 -0.098224 -0.013919
v -0.005494 0.883157 0.023381
v 0.000122 0.887186 0.027532
v 0.000122 0.893963 -0.019290
v 0.006288 0.883340 0.026922
v 0.006959 0.879494 0.019596
v 0.014834 0.863012 0.041939
v 0.010195 0.870643 0.053721
v 0.000122 0.878213 0.058666
v -0.011782 0.870215 0.049814
v -0.014590 0.863012 0.041939
v -0.006715 0.879494 0.019596
v -0.011477 0.854893 0.030645
v -0.005677 0.875466 0.012148
v 0.000122 0.893963 -0.019290
v 0.000122 0.865454 0.078078
v -0.014712 0.857090 0.064221
v -0.019840 0.849887 0.052195
v -0.013369 0.846896 0.034735
v 0.000122 0.843538 0.020084
v 0.000122 0.871986 0.009707
v 0.000122 0.893963 -0.019290
v 0.000122 0.865454 0.078078
v 0.014102 0.856663 0.066846
v 0.020084 0.849887 0.052195
v 0.013430 0.846591 0.034980
v 0.011294 0.853367 0.030584
v 0.005250 0.875160 0.013430
v 0.000122 0.893963 -0.019290
v 0.000122 0.871986 0.009707
v -0.119834 0.562359 0.115622
v -0.106953 0.548501 0.105000
v -0.118308 0.559551 0.121238
v -0.106953 0.548501 0.105000
v -0.110982 0.560039 0.121726
v -0.105671 0.562664 0.118064
v -0.105610 0.563580 0.112325
v -0.106953 0.548501 0.105000
v -0.105610 0.563580 0.112325
v -0.112631 0.565350 0.109944
v -0.119834 0.562359 0.115622
v -0.093157 0.548868 0.105305
v -0.095171 0.563580 0.112325
v -0.088700 0.563458 0.108479
v -0.093157 0.548868 0.105305
v -0.080886 0.562359 0.115622
v -0.093157 0.548868 0.105305
v -0.096270 0.562603 0.118186
v -0.095171 0.563580 0.112325
v -0.083939 0.558696 0.121116
v -0.093279 0.561077 0.120567
v -0.093157 0.548868 0.105305
v -0.093157 0.548868 0.105305
v -0.080886 0.562359 0.115622
v -0.052500 0.761553 0.167694
v -0.037360 0.760515 0.171907
v -0.041328 0.745742 0.156584
v -0.061657 1.094866 0.171174
v -0.046761 1.066235 0.156706
v -0.049936 1.067883 0.151761
v -0.090898 1.107930 0.178622
v -0.076491 1.082962 0.167878
v -0.070386 1.081436 0.171357
v -0.070509 1.062328 0.155180
v -0.064282 1.061962 0.160552
v -0.057445 1.061535 0.162750
v -0.067517 1.086320 0.175386
v -0.090898 1.107930 0.178622
v -0.062023 1.089677 0.173372
v -0.049936 1.062939 0.160491
v -0.061901 1.094622 0.165558
v -0.058055 1.068860 0.149503
v -0.069837 1.092058 0.163787
v -0.090898 1.107930 0.178622
v -0.072218 1.086014 0.162383
v -0.076491 1.082962 0.167878
v -0.070509 1.062328 0.155180
v -0.066663 1.066907 0.151090
vt 2.655518 2.015137
vt 2.781006 1.008057
vt 2.831787 1.012451
vt 2.466309 1.014648
vt 2.541992 1.000000
vt 2.655518 2.015137
vt 2.723145 1.003418
vt 2.466309 1.014648
vt 2.654785 1.020752
vt -1.999023 0.063232
vt -2.375732 0.055664
vt -2.040771 0.981445
vt -1.709229 0.018555
vt -2.040771 0.981445
vt -2.185547 0.015625
vt -1.923340 -0.000977
vt -1.709229 0.018555
vt -2.375732 0.055664
vt -2.293945 0.038330
vt -2.040771 0.981445
vt 0.454834 -0.838623
vt 0.516113 -0.999268
vt 0.427246 -0.993896
vt 0.516113 -0.999268
vt 0.625000 -0.994385
vt 0.526367 -0.801025
vt 0.703857 -0.994629
vt -1.536133 2.655029
vt -2.076660 3.192871
vt -1.398682 2.619629
vt -0.530273 -0.991211
vt -0.692383 -1.001465
vt -0.633057 -0.725586
vt -0.633057 -0.725586
vt -0.692383 -1.001465
vt -0.832031 -1.003174
vt -1.878906 2.254883
vt -1.795166 2.228027
vt -1.839111 1.971436
vt -1.839111 1.971436
vt -1.722900 2.202393
vt -1.616699 2.368896
vt -1.861084 2.404053
vt -2.019531 2.400879
vt -2.005371 2.307129
vt -2.310303 2.215576
vt -2.286133 2.160400
vt -2.619873 1.982910
vt -1.810303 2.512451
vt -2.013916 2.478271
vt -2.320801 2.272705
vt -2.619873 1.982910
vt -2.619873 1.982910
vt -2.390381 2.314941
vt -2.003906 2.564941
vt -1.802979 2.578613
vt -1.507324 2.494141
vt -1.458252 2.541016
vt -1.247314 2.450684
vt -2.076660 3.192871
vt -1.350830 2.691406
vt -1.398682 2.619629
vt -1.458252 2.541016
vt -1.536133 2.655029
vt -1.198975 2.245361
vt -1.047852 2.118164
vt -1.356689 2.184326
vt -0.930176 2.176025
vt -1.062256 2.317383
vt -1.172852 2.564697
vt -1.008057 2.359863
vt -0.823731 2.250488
vt -0.621826 2.085938
vt -0.750732 2.056885
vt -0.944580 1.981201
vt -1.202637 2.086426
vt -1.125732 1.973145
vt -1.997803 2.327637
vt -1.861084 2.231201
vt -1.794434 2.423096
vt -2.051270 3.179932
vt -1.713867 2.803955
vt -1.464600 2.701172
vt -1.530273 2.622314
vt -1.312988 2.416504
vt -1.519043 2.471436
vt -1.635254 2.364258
vt -1.794678 2.220703
vt -1.824463 2.012207
vt -1.721191 2.197021
vt -1.491211 2.272949
vt -1.409180 2.320068
vt -1.790283 2.498535
vt -1.964600 2.469971
vt -1.953857 2.546631
vt -1.754395 2.588379
vt -1.530273 2.622314
vt -2.610596 1.992432
vt -2.289551 2.153564
vt -2.322998 2.215820
vt -2.009033 2.291992
vt -1.538086 2.598145
vt -1.798828 2.457031
vt -1.762451 2.561035
vt -1.961914 2.517334
vt -1.810791 2.859375
vt -1.472656 2.667969
vt -1.538086 2.598145
vt -1.321777 2.375244
vt -1.527588 2.430664
vt -0.987060 2.135010
vt -1.098633 2.104492
vt -1.163330 2.278809
vt -1.258301 2.203857
vt -1.417480 2.284424
vt -1.643799 2.324951
vt -1.728760 2.170410
vt -1.498779 2.248535
vt -1.340088 2.180908
vt -1.192383 2.082520
vt -1.123291 1.977539
vt -0.986328 2.001221
vt -0.841309 2.031982
vt -0.815185 2.220459
vt -0.623535 2.060791
vt -1.002930 2.307373
vt -1.232666 2.451416
vt -1.145264 2.522461
vt -1.427002 2.732178
vt -2.617188 1.982178
vt -2.346191 2.207275
vt -2.313721 2.135498
vt -2.006348 2.283936
vt 2.918701 -0.846436
vt 2.698242 -1.005615
vt 2.707031 -0.846191
vt 2.433838 -1.005371
vt 3.032471 0.753662
vt 3.036865 0.998535
vt 3.083008 0.732666
vt 3.152100 0.726562
vt 3.474854 0.021484
vt 3.144287 -1.010010
vt 3.144043 -0.792969
vt 3.356445 -1.007568
vt 3.330078 -0.791748
vt 3.592041 -1.007080
vt -0.462647 -1.995117
vt -0.228027 -2.557861
vt -0.148193 -2.539307
vt -0.217285 -3.000977
vt -0.126221 -2.995361
vt -0.313477 -2.497070
vt -0.462647 -1.995117
vt -0.385986 -2.501221
vt -0.481445 -2.447754
vt -0.593018 -2.458496
vt -0.306397 -3.009277
vt -0.393066 -3.007568
vt -0.498291 -2.997070
vt -0.615967 -2.988037
vt -0.707275 -2.993896
vt -0.680664 -2.469727
vt -0.462647 -1.995117
vt -0.793213 -2.515869
vt -0.891602 -2.505615
vt -0.789307 -2.992676
vt -0.869629 -2.994629
vt -1.154785 2.318848
vt -0.995606 2.327148
vt -1.224121 2.488281
vt -1.137695 2.543701
vt -1.419434 2.754883
vt -1.250244 2.238281
vt -2.051270 3.179932
vt -1.332764 2.203857
vt -1.185059 2.105957
vt -1.090576 2.136475
vt -0.978760 2.169922
vt -0.808106 2.238037
vt -0.833008 2.068359
vt -0.616455 2.076660
vt -0.986328 2.001221
vt -1.123291 1.977539
vt 0.361572 -0.220215
vt 0.372070 -0.523438
vt 0.334961 -0.534668
vt 0.307617 -0.671875
vt 0.213379 -0.705078
vt 0.247070 -0.526855
vt 0.361572 -0.220215
vt 3.474854 0.021484
vt 3.152100 0.726562
vt 3.083008 0.732666
vt 3.036865 0.998535
vt 3.032471 0.753662
vt 3.162109 0.209473
vt 3.474854 0.021484
vt 2.564453 0.006836
vt 2.905762 0.710938
vt 2.978760 0.723877
vt 3.036865 0.998535
vt 3.032471 0.753662
vt 2.876465 0.202393
vt 0.593018 -0.766113
vt 0.478516 -0.635742
vt 0.534424 -0.637451
vt 0.440674 -0.489746
vt 0.465088 -0.469971
vt 0.629883 -0.583740
vt 2.905762 0.710938
vt 2.564453 0.006836
vt 2.978760 0.723877
vt 2.876465 0.202393
vt 3.032471 0.753662
vt 3.036865 0.998535
vt -0.750977 2.082031
vt -0.622803 2.099854
vt -0.934326 2.199219
vt -0.829834 2.259521
vt -1.070557 2.336914
vt -1.007324 2.382568
vt -1.188232 2.563965
vt -0.944580 1.981201
vt -1.050049 2.134277
vt -1.204834 2.266602
vt -1.259766 2.467529
vt -1.370117 2.686279
vt -1.416016 2.625732
vt -1.517090 2.579102
vt -1.740967 2.809814
vt -1.125732 1.973145
vt -1.203613 2.082520
vt -1.360596 2.179199
vt -1.526855 2.241455
vt -1.395508 2.348389
vt -1.726074 2.189453
vt -1.626465 2.379150
vt -1.520752 2.502197
vt -1.517090 2.579102
vt -1.841309 2.612061
vt -1.824219 2.513672
vt -2.026855 2.469727
vt -2.079834 2.545898
vt 2.655518 2.015137
vt 2.831787 1.012451
vt 2.654785 1.020752
vt -1.810791 2.859375
vt -2.059082 3.154297
vt -1.472656 2.667969
vt -1.163330 2.278809
vt -1.321777 2.375244
vt -1.232666 2.451416
vt -1.427002 2.732178
vt -2.059082 3.154297
vt -1.643799 2.324951
vt -1.527588 2.430664
vt -1.802979 2.380859
vt -1.798828 2.457031
vt -1.973389 2.427246
vt -1.961914 2.517334
vt -2.406982 2.278076
vt -2.346191 2.207275
vt -2.617188 1.982178
vt -2.006348 2.283936
vt -1.868896 2.203125
vt -1.803223 2.182617
vt -1.832031 1.984375
vt -1.728760 2.170410
vt -1.832031 1.984375
vt -1.416016 2.625732
vt -2.086426 3.210449
vt -1.740967 2.809814
vt -1.370117 2.686279
vt -2.086426 3.210449
vt 0.287353 -0.773193
vt 0.348145 -0.992920
vt 0.096924 -0.966553
vt 0.348145 -0.992920
vt 0.374268 -0.807129
vt 0.360596 -0.652588
vt 0.454834 -0.838623
vt 0.427246 -0.993896
vt 0.526367 -0.801025
vt 0.413330 -0.633545
vt 0.372070 -0.523438
vt 0.307617 -0.671875
vt 0.213379 -0.705078
vt 0.096924 -0.966553
vt 0.629883 -0.583740
vt 0.792236 -0.861328
vt 0.593018 -0.766113
vt 0.703857 -0.994629
vt 0.478516 -0.635742
vt 0.415283 -0.510498
vt 0.361572 -0.220215
vt 0.478516 -0.635742
vt 0.440674 -0.489746
vt 0.465088 -0.469971
vt 0.361572 -0.220215
vt 0.514404 -0.432373
vt -0.575195 -0.380615
vt -0.654785 -0.490723
vt -0.904053 -0.571533
vt -0.379883 -0.114990
vt -0.575195 -0.380615
vt -0.742188 -0.362793
vt -0.654785 -0.490723
vt -1.115723 -0.853760
vt -0.824463 -0.777588
vt -0.942627 -1.004639
vt -0.729981 -0.751953
vt -0.832031 -1.003174
vt -0.633057 -0.725586
vt -0.543945 -0.563232
vt -0.605957 -0.522705
vt -0.513184 -0.391357
vt -0.379883 -0.114990
vt -0.455078 -0.401611
vt -0.397705 -0.392090
vt -0.454346 -0.525879
vt -0.633057 -0.725586
vt -0.281982 -0.383301
vt -0.358154 -0.385742
vt -0.246582 -0.483154
vt -0.382568 -0.495850
vt -0.113037 -0.958496
vt -0.379150 -0.762695
vt -0.377197 -0.981934
vt -0.509277 -0.743652
vt -0.530273 -0.991211
vt -0.379883 -0.114990
vt -1.824463 2.012207
vt -1.721191 2.197021
vt -1.794678 2.220703
vt -1.350830 2.691406
vt -1.172852 2.564697
vt -1.247314 2.450684
vt -1.861084 2.404053
vt -1.810303 2.512451
vt -1.616699 2.368896
vt -1.507324 2.494141
vt -1.356689 2.184326
vt -1.521240 2.250488
vt -1.198975 2.245361
vt -1.386719 2.331787
vt -1.722900 2.202393
vt -0.213379 0.087402
vt -0.099365 0.142090
vt -0.213135 0.178223
vt -0.292969 0.520752
vt 1.475586 0.686768
vt 1.799561 0.440918
vt 1.871338 0.494141
vt 2.080322 0.324707
vt 2.078857 0.021484
vt 1.937012 0.196533
vt 1.746094 0.416992
vt 1.475586 0.686768
vt 1.975098 0.007812
vt 1.882080 0.189209
vt 1.746094 0.416992
vt 1.475586 0.686768
vt 1.699219 0.396240
vt 1.817383 0.180664
vt 1.887939 -0.003662
vt 1.475586 0.686768
vt 1.625000 0.322266
vt 1.662354 0.359375
vt 1.668213 0.147217
vt 1.736572 0.162598
vt 1.475586 0.686768
vt 1.887939 -0.003662
vt 1.772949 0.010742
vt 1.666016 0.024414
vt 1.501465 0.067139
vt 1.549561 0.261475
vt 3.695068 -0.414062
vt 3.735107 -0.317139
vt 3.686279 -0.318359
vt 3.521484 -0.318848
vt 3.613525 -0.319092
vt 3.555420 -0.208740
vt 3.634277 -0.213867
vt 3.671631 -0.213135
vt 3.699463 -0.210693
vt 3.722412 -0.206543
vt 3.801514 -0.316650
vt 3.795898 -0.413574
vt 3.807861 -0.513428
vt 3.730469 -0.513672
vt 3.875000 -0.661621
vt 3.763916 -0.666748
vt 3.611328 -0.099365
vt 3.635986 -0.098633
vt 3.657715 -0.096924
vt 3.676514 -0.095947
vt 3.641846 -0.789795
vt 3.799316 -0.788574
vt 3.668945 -0.672607
vt 3.625977 -0.514404
vt 3.661377 -0.414795
vt 3.908203 -0.788574
vt 3.954590 -1.007324
vt 3.859375 -1.008301
vt 3.769775 -1.007080
vt 3.502930 -0.790771
vt 3.583740 -1.004883
vt 3.445068 -1.011475
vt 3.329590 -0.789307
vt 3.386719 -0.671875
vt 3.532959 -0.673340
vt 3.625977 -0.514404
vt 3.575684 -0.414551
vt 3.473633 -0.414307
vt 3.544922 -0.514404
vt 3.416992 -0.514160
vt 3.269531 -0.669189
vt 3.213135 -0.791504
vt 3.144043 -0.792969
vt 3.188232 -0.662354
vt 3.271973 -0.514160
vt 3.305664 -0.413086
vt 3.340332 -0.318604
vt 3.429199 -0.208740
vt 3.503174 -0.098877
vt 3.574707 -0.101074
vt -1.491211 2.272949
vt -1.332764 2.203857
vt -1.409180 2.320068
vt -1.250244 2.238281
vt -1.312988 2.416504
vt -1.395508 2.348389
vt -1.626465 2.379150
vt -1.726074 2.189453
vt -1.801758 2.224121
vt -1.834229 1.979492
vt -1.520752 2.502197
vt -1.824219 2.513672
vt -1.871582 2.404785
vt -1.885742 2.236328
vt -1.834229 1.979492
vt -2.026855 2.469727
vt -2.029785 2.395264
vt -2.009033 2.291992
vt -2.322998 2.215820
vt -2.335205 2.268311
vt -2.610596 1.992432
vt -2.405762 2.286865
vt -2.079834 2.545898
vt -2.616699 1.979004
vt -2.337646 2.248535
vt -2.385986 2.301758
vt -1.964600 2.469971
vt -1.953857 2.546631
vt -2.616699 1.979004
vt -2.305176 2.180664
vt -1.997803 2.327637
vt -1.794434 2.423096
vt 3.875000 -0.661621
vt 3.908203 -0.788574
vt 3.654297 -0.793701
vt 3.773926 -1.009766
vt 3.954590 -1.007324
vt 3.592041 -1.007080
vt 3.500488 -0.793213
vt 3.631104 -0.667480
vt 3.482178 -0.669434
vt 3.622803 -0.513184
vt 3.510010 -0.512939
vt 3.365723 -0.513428
vt 3.364502 -0.412354
vt 3.271973 -0.514160
vt 3.188232 -0.662354
vt 3.807861 -0.513428
vt 3.795898 -0.413574
vt 3.597900 -0.413330
vt 3.491699 -0.412109
vt 3.543457 -0.318848
vt 3.444580 -0.314697
vt 3.555908 -0.207275
vt 3.499756 -0.211182
vt 3.567871 -0.096191
vt 3.536377 -0.098633
vt 3.603516 -0.096436
vt 3.630371 -0.206543
vt 3.647705 -0.318359
vt 3.801514 -0.316650
vt 3.722412 -0.206543
vt 3.676514 -0.095947
vt 3.503174 -0.098877
vt 3.429199 -0.208740
vt 3.340332 -0.318604
vt 3.305664 -0.413086
vt 3.271973 -0.514160
vt 2.695313 -0.851318
vt 2.658691 -0.659912
vt 2.546143 -0.852051
vt 2.530273 -0.659424
vt 2.391113 -0.853271
vt 2.771484 -0.660889
vt 2.833008 -0.848633
vt 2.910645 -1.005859
vt 2.732178 -1.003906
vt 2.543213 -1.004639
vt 2.368408 -1.003174
vt 2.209473 -1.003662
vt 2.254883 -0.853027
vt 2.070557 -1.004395
vt 2.184082 -0.851562
vt 2.286377 -0.659668
vt 2.218262 -0.659912
vt 2.846191 -0.660400
vt 2.918701 -0.846436
vt 2.836182 -0.489746
vt 2.594727 -0.495361
vt 2.767578 -0.378174
vt 2.580322 -0.401123
vt 2.714600 -0.276611
vt 2.562988 -0.290527
vt 2.589111 -0.194824
vt 2.691162 -0.193115
vt 2.649658 -0.105957
vt 2.499756 -0.496826
vt 2.499512 -0.401123
vt 2.497559 -0.290771
vt 2.528320 -0.194336
vt 2.551758 -0.099121
vt 2.524902 -0.098389
vt 2.507080 0.009033
vt 2.589111 -0.194824
vt 2.472412 -0.193848
vt 2.434326 -0.290771
vt 2.411621 -0.400146
vt 2.390381 -0.498291
vt 2.384766 -0.658691
vt 2.342041 -0.500000
vt 2.358398 -0.399902
vt 2.403564 -0.290771
vt 2.403076 -0.193359
vt 2.471680 -0.101807
vt 2.438721 -0.105225
vt 2.285400 -0.501221
vt 2.315918 -0.398926
vt 2.361084 -0.290771
vt 2.373047 -0.193359
vt 2.407959 -0.107422
vt 2.507080 0.009033
vt 2.387207 -0.397461
vt 2.426025 -0.290771
vt 2.469238 -0.396240
vt 2.496826 -0.290771
vt 2.685303 -0.397461
vt 2.647949 -0.290527
vt 2.500000 -0.192383
vt 2.640625 -0.193604
vt 2.496338 -0.107178
vt 2.604248 -0.103027
vt 2.451416 -0.106689
vt 2.431641 -0.192139
vt 2.714600 -0.276611
vt 2.691162 -0.193115
vt 2.649658 -0.105957
vt 2.507080 0.009033
vt 2.767578 -0.378174
vt 2.836182 -0.489746
vt 2.755371 -0.498291
vt 2.846191 -0.660400
vt 2.781494 -0.663574
vt 2.918701 -0.846436
vt 2.707031 -0.846191
vt 2.450439 -0.848389
vt 2.433838 -1.005371
vt 2.341553 -0.850586
vt 2.249268 -1.005371
vt 2.184082 -0.851562
vt 2.070557 -1.004395
vt 2.322754 -0.660400
vt 2.429932 -0.660400
vt 2.463135 -0.501465
vt 2.372070 -0.500977
vt 2.218262 -0.659912
vt 2.285400 -0.501221
vt 2.315918 -0.398926
vt 2.361084 -0.290771
vt 2.373047 -0.193359
vt 2.407959 -0.107422
vt 2.507080 0.009033
vt 1.949707 1.044922
vt 1.659912 1.011719
vt 1.572266 1.319092
vt 1.435059 1.324951
vt 1.559326 1.681396
vt 1.712158 1.343750
vt 1.156006 1.018311
vt 0.898682 1.025635
vt 1.289307 1.345215
vt 1.123535 1.389160
vt 1.559326 1.681396
vt -0.570068 0.957520
vt -0.871338 0.987793
vt -0.480957 1.262939
vt -0.629394 1.323242
vt -0.434815 1.926270
vt -0.805420 1.391357
vt -1.103271 1.059570
vt -0.570068 0.957520
vt -0.134277 0.960693
vt -0.315918 1.284180
vt 0.076416 1.005127
vt -0.151855 1.327148
vt -0.434815 1.926270
vt 3.330078 -0.791748
vt 3.320068 -0.665283
vt 3.188232 -0.662354
vt 3.144043 -0.792969
vt 1.435059 1.324951
vt 1.397217 0.995361
vt 1.156006 1.018311
vt 1.659912 1.011719
vt 1.397217 0.995361
vt 0.322754 -2.007080
vt 0.537354 -1.056152
vt 0.592529 -2.009766
vt 0.537354 -1.056152
vt 0.798828 -1.973145
vt 0.322754 -2.007080
vt 0.070312 -1.969238
vt 0.537354 -1.056152
vt 1.726807 -2.026123
vt 1.560791 -1.265625
vt 1.558105 -2.014893
vt 1.560791 -1.265625
vt 1.400391 -2.019043
vt 1.726807 -2.026123
vt 1.960205 -2.002197
vt 1.560791 -1.265625
vt 3.995361 0.014648
vt 4.310059 -0.020752
vt 4.073242 0.328369
vt 3.804932 0.024170
vt 4.073242 0.328369
vt 4.297852 1.070312
vt 4.132813 0.797607
vt 4.221680 0.843994
vt 4.310059 -0.020752
vt 4.304199 0.356689
vt 4.279541 0.916504
vt 4.297852 1.070312
vt 4.541504 0.285156
vt 4.279541 0.916504
vt 4.350098 0.856934
vt 4.297852 1.070312
vt 4.297852 1.070312
vt 4.447266 0.803711
vt 4.887451 0.022949
vt 4.624268 0.002197
vt 4.304199 0.356689
vt 0.537354 -1.056152
vt 0.987305 -1.944580
vt 0.798828 -1.973145
vt 1.560791 -1.265625
vt 1.174316 -2.014893
vt 1.400391 -2.019043
vt 4.073242 0.328369
vt 4.310059 -0.020752
vt 3.995361 0.014648
vt 4.073242 0.328369
vt 3.804932 0.024170
vt 4.221680 0.843994
vt 4.132813 0.797607
vt 4.297852 1.070312
vt 4.297852 1.070312
vt 4.279541 0.916504
vt 4.304199 0.356689
vt 4.310059 -0.020752
vt 4.297852 1.070312
vt 4.350098 0.856934
vt 4.279541 0.916504
vt 4.541504 0.285156
vt 4.304199 0.356689
vt 4.624268 0.002197
vt 4.887451 0.022949
vt 4.447266 0.803711
vt 4.297852 1.070312
vt 2.558594 2.011475
vt 2.794434 1.992676
vt 2.930176 2.517090
vt 2.782959 3.007812
vt 2.586426 2.521484
vt 2.700684 2.518066
vt 2.355225 1.995361
vt 2.930176 2.517090
vt 2.782959 3.007812
vt 3.060303 2.519531
vt 3.403809 2.001465
vt 3.122803 1.993408
vt 3.403809 2.001465
vt 2.757813 1.997559
vt 3.060303 2.519531
vt 2.749268 2.521240
vt 2.586426 2.521484
vt 2.355225 1.995361
vt 3.601563 -0.001953
vt 3.536377 -0.098633
vt 3.503174 -0.098877
vt 3.601563 -0.001953
vt 3.567871 -0.096191
vt 3.601563 -0.001953
vt 3.603516 -0.096436
vt 3.601563 -0.001953
vt 3.676514 -0.095947
vt 3.021973 0.265625
vt 3.007568 -0.021240
vt 3.209961 0.010986
vt 3.474854 0.021484
vt 3.162109 0.209473
vt 3.032471 0.753662
vt 1.522949 -1.072510
vt 1.564697 -0.040527
vt 1.718994 -1.060791
vt 2.002197 -0.974121
vt 2.910645 -1.005859
vt 3.046631 -1.006592
vt 2.833008 -0.848633
vt 2.918701 -0.846436
vt 3.611328 -0.099365
vt 3.601563 -0.001953
vt 3.574707 -0.101074
vt 3.503174 -0.098877
vt 3.635986 -0.098633
vt 3.601563 -0.001953
vt 3.657715 -0.096924
vt 3.676514 -0.095947
vt 1.522949 -1.072510
vt 1.310791 -1.026855
vt 1.564697 -0.040527
vt 1.031982 -0.981689
vt 0.726318 1.993896
vt 1.026611 2.017578
vt 0.612549 2.464111
vt 0.748291 2.461914
vt 0.458496 3.000488
vt 0.541260 2.460938
vt 0.248779 2.461914
vt 0.561523 2.012695
vt 0.024170 2.001953
vt 1.026611 2.017578
vt 0.748291 2.461914
vt 0.458496 3.000488
vt 0.378662 2.462891
vt 0.341797 2.007080
vt 0.024170 2.001953
vt 0.248779 2.461914
vt 0.458496 3.000488
vt 0.612549 2.464111
vt 0.726318 1.993896
vt 3.445068 -1.011475
vt 3.329590 -0.789307
vt 3.281494 -1.010742
vt 3.213135 -0.791504
vt 3.144043 -0.792969
vt 3.144287 -1.010010
vt 3.032471 0.753662
vt 3.021973 0.265625
vt 2.876465 0.202393
vt 3.007568 -0.021240
vt 2.824463 0.014648
vt 2.564453 0.006836
vt 2.564453 0.006836
vt 2.824463 0.014648
vt 2.876465 0.202393
vt 3.007568 -0.021240
vt 3.021973 0.265625
vt 3.032471 0.753662
vt 3.007568 -0.021240
vt 3.021973 0.265625
vt 3.209961 0.010986
vt 3.162109 0.209473
vt 3.474854 0.021484
vt 3.083008 0.732666
vt 3.032471 0.753662
vt -0.574951 0.418457
vt -0.518799 0.423584
vt -0.625000 0.729980
vt -0.442871 0.449219
vt -0.367432 0.474609
vt -0.325195 0.213867
vt -0.410645 0.200439
vt -0.495117 0.187500
vt -0.609619 0.180664
vt -0.711914 0.174805
vt -0.626953 0.413818
vt -0.835938 0.162109
vt -0.691406 0.411377
vt -0.625000 0.729980
vt -0.557129 -0.012695
vt -0.692139 0.007568
vt -0.809326 0.025146
vt -0.904541 0.081787
vt -1.009033 0.144287
vt -0.747559 0.409424
vt -0.625000 0.729980
vt -0.557129 -0.012695
vt -0.432861 0.010254
vt -0.337158 0.028076
vt -0.213379 0.087402
vt -0.213135 0.178223
vt -0.324707 0.500977
vt -0.625000 0.729980
vt -0.292969 0.520752
vt 1.745117 2.099609
vt 1.241211 2.547607
vt 1.614990 2.059326
vt 1.241211 2.547607
vt 1.306396 2.010010
vt 1.233643 2.046387
vt 1.185059 2.070801
vt 1.241211 2.547607
vt 1.185059 2.070801
vt 1.510742 2.099121
vt 1.745117 2.099609
vt 3.385498 1.927490
vt 3.182373 1.001221
vt 3.405273 1.010498
vt 3.385498 1.927490
vt 3.653076 1.011963
vt 3.385498 1.927490
vt 3.233154 1.002197
vt 3.182373 1.001221
vt 3.522217 1.013428
vt 3.273193 1.002930
vt 3.385498 1.927490
vt 3.385498 1.927490
vt 3.653076 1.011963
vt 2.918701 -0.846436
vt 3.046631 -1.006592
vt 2.698242 -1.005615
vt -1.536377 -2.440186
vt -1.527344 -3.008545
vt -1.651611 -3.004395
vt -1.535889 -2.013428
vt -1.184326 -2.520020
vt -1.266846 -2.542969
vt -1.143311 -2.995850
vt -1.237793 -2.997070
vt -1.329102 -3.001953
vt -1.358643 -2.483643
vt -1.535889 -2.013428
vt -1.434082 -2.491455
vt -1.417480 -3.008057
vt -1.652100 -2.456543
vt -1.748535 -3.000244
vt -1.742676 -2.472656
vt -1.535889 -2.013428
vt -1.858154 -2.525879
vt -1.961182 -2.520020
vt -1.919922 -2.995850
vt -1.835938 -2.995117
vn -0.9958 -0.0590 -0.0695
vn 0.5530 -0.7657 0.3284
vn 0.1660 -0.7929 0.5863
vn -0.5405 -0.6287 0.5590
vn 0.5244 0.1544 -0.8374
vn 0.4127 0.3471 -0.8422
vn -0.7090 -0.1161 -0.6956
vn 0.1658 -0.7987 0.5785
vn -0.7422 -0.6701 -0.0108
vn 0.9925 -0.1188 -0.0272
vn 0.5748 -0.6149 0.5400
vn 0.6078 0.1589 0.7781
vn -0.6054 0.1592 0.7799
vn -0.4674 0.0789 0.8805
vn -0.9217 0.1230 0.3678
vn 0.5631 -0.5535 -0.6137
vn -0.5212 0.2943 0.8011
vn 0.4853 0.3015 0.8208
vn 0.0866 -0.7303 -0.6776
vn 0.3372 0.5722 -0.7476
vn 0.7940 0.2936 -0.5324
vn 0.2589 -0.1010 -0.9606
vn 0.3859 -0.7043 -0.5959
vn 0.6221 -0.0376 -0.7820
vn 0.7348 -0.2182 -0.6422
vn 0.6889 0.2933 -0.6628
vn 0.8485 0.2051 -0.4879
vn 0.7377 0.4421 -0.5102
vn -0.0920 -0.1394 -0.9860
vn -0.1929 -0.0886 -0.9772
vn -0.1952 -0.2305 -0.9533
vn -0.3247 -0.2355 -0.9161
vn -0.2510 -0.4708 -0.8458
vn -0.5497 -0.7125 -0.4361
vn -0.7841 -0.5258 -0.3299
vn -0.7773 -0.5077 -0.3716
vn -0.8545 -0.2732 -0.4419
vn -0.8241 -0.2325 -0.5165
vn -0.8384 0.0527 -0.5424
vn -0.8848 0.0910 -0.4570
vn -0.8758 0.1193 -0.4676
vn -0.6009 0.1929 -0.7757
vn -0.4903 0.3772 -0.7857
vn 0.2740 -0.5016 -0.8206
vn 0.2281 -0.5523 -0.8018
vn 0.5813 -0.2852 -0.7620
vn 0.3261 0.0062 -0.9453
vn -0.1360 0.1355 -0.9814
vn -0.1137 0.1484 -0.9824
vn -0.4627 0.4012 -0.7906
vn -0.4943 0.7545 -0.4317
vn -0.8659 0.3929 -0.3095
vn -0.3925 0.4250 -0.8157
vn -0.4430 0.3849 -0.8097
vn -0.4652 0.3880 -0.7956
vn 0.2053 -0.0679 -0.9763
vn 0.2613 -0.0790 -0.9620
vn 0.4049 -0.3455 -0.8466
vn 0.2838 -0.3024 -0.9100
vn 0.5298 -0.2838 -0.7992
vn 0.6568 -0.1894 0.7299
vn 0.5679 -0.5528 0.6098
vn 0.2276 -0.5510 0.8028
vn -0.0013 -0.7480 0.6638
vn -0.6954 0.1136 0.7096
vn 0.0610 -0.0887 0.9942
vn 0.1465 0.0141 0.9891
vn 0.2275 -0.0145 0.9737
vn 0.3210 -0.7385 0.5929
vn 0.0894 -0.7545 0.6501
vn 0.8239 0.2834 0.4908
vn 0.7562 -0.0490 0.6525
vn 0.7845 -0.0872 0.6139
vn 0.3489 -0.0098 0.9371
vn -0.7549 0.0044 0.6559
vn -0.0572 -0.0421 0.9975
vn -0.0572 -0.0437 0.9974
vn -0.6659 -0.1943 0.7203
vn -0.6508 -0.2051 0.7310
vn -0.6138 0.0668 0.7866
vn -0.7377 0.4421 -0.5102
vn -0.8485 0.2051 -0.4879
vn 0.6155 0.0669 0.7853
vn 0.6526 -0.2057 0.7292
vn -0.2276 -0.5510 0.8028
vn 0.0014 -0.7480 0.6638
vn 0.6963 0.1120 0.7090
vn 0.7541 0.0059 0.6567
vn -0.2694 -0.1097 0.9568
vn -0.2853 -0.1582 0.9453
vn -0.2659 -0.1801 0.9470
vn -0.2531 -0.1408 0.9571
vn -0.3470 -0.0104 0.9378
vn -0.7545 -0.0468 0.6546
vn -0.7861 -0.0895 0.6116
vn -0.6530 -0.2790 0.7041
vn -0.6710 -0.3478 0.6548
vn -0.5651 -0.4434 0.6957
vn -0.5385 -0.3222 0.7786
vn -0.2353 -0.4871 0.8411
vn -0.2031 -0.5952 0.7775
vn 0.0958 -0.2597 0.9609
vn 0.1009 -0.0486 0.9937
vn 0.4748 0.2358 0.8479
vn 0.4426 0.3710 0.8164
vn 0.4841 0.2285 0.8447
vn 0.4597 0.4786 0.7481
vn 0.3229 0.5314 0.7832
vn 0.3464 0.5403 0.7669
vn 0.5181 0.3841 0.7642
vn -0.5991 0.3517 0.7193
vn -0.6986 0.1689 0.6953
vn 0.2750 0.6752 -0.6844
vn 0.0899 -0.1177 -0.9890
vn -0.4278 -0.0540 0.9023
vn 0.4538 -0.2066 0.8668
vn 0.2997 -0.3842 0.8733
vn -0.2101 0.7055 -0.6768
vn -0.2069 0.7040 -0.6794
vn -0.2099 0.7053 -0.6771
vn -0.2065 0.7042 -0.6793
vn -0.0652 -0.1223 -0.9904
vn 0.5130 -0.5716 0.6404
vn 0.5190 -0.5345 0.6671
vn 0.5659 -0.5449 0.6188
vn 0.2400 -0.5280 0.8146
vn 0.3275 -0.4765 0.8159
vn -0.2632 0.1418 0.9543
vn -0.3718 0.3397 0.8639
vn -0.3941 0.9170 -0.0613
vn 0.2900 -0.5256 0.7998
vn -0.4626 -0.2462 0.8517
vn -0.3248 -0.2873 0.9011
vn -0.8564 0.1490 0.4943
vn -0.7480 0.0532 0.6616
vn -0.7713 0.5561 -0.3097
vn -0.8972 0.4364 -0.0677
vn -0.2873 0.5376 -0.7927
vn -0.0177 0.5308 -0.8473
vn 0.0420 0.6519 -0.7571
vn 0.3551 0.3420 -0.8700
vn 0.7405 -0.1449 -0.6563
vn 0.8122 0.1033 -0.5742
vn 0.7930 0.1356 -0.5939
vn 0.2545 0.4100 -0.8758
vn 0.4326 0.3622 -0.8256
vn -0.3237 0.5311 0.7830
vn -0.3459 0.5394 0.7677
vn -0.5178 0.3823 0.7653
vn 0.2664 -0.1795 0.9470
vn -0.1694 0.0873 0.9817
vn -0.2364 0.0133 0.9716
vn -0.5118 0.3442 0.7872
vn -0.5979 0.1950 0.7775
vn 0.5651 -0.4434 0.6957
vn 0.5385 -0.3222 0.7786
vn 0.2853 -0.1582 0.9453
vn 0.2694 -0.1097 0.9568
vn -0.4597 0.4785 0.7481
vn -0.4841 0.2285 0.8447
vn -0.4837 0.2290 0.8447
vn -0.4754 0.2355 0.8477
vn -0.4748 0.2358 0.8479
vn -0.4426 0.3710 0.8164
vn -0.1009 -0.0486 0.9937
vn -0.0958 -0.2597 0.9609
vn 0.2031 -0.5952 0.7775
vn 0.2353 -0.4871 0.8411
vn 0.9449 0.2842 0.1626
vn 0.9241 0.3531 0.1465
vn 0.7655 -0.1113 -0.6337
vn 0.7288 -0.0850 -0.6795
vn 0.7358 -0.1623 -0.6575
vn -0.2997 -0.3842 0.8733
vn -0.4538 -0.2067 0.8668
vn 0.4277 -0.0540 0.9023
vn 0.3549 0.0784 0.9316
vn -0.2621 -0.3121 0.9132
vn 0.2915 -0.3120 -0.9043
vn 0.4466 -0.1348 -0.8845
vn -0.4329 0.0203 -0.9012
vn -0.3609 0.1531 -0.9199
vn 0.2529 -0.2357 -0.9384
vn -0.9114 0.2325 0.3397
vn -0.8499 0.4083 0.3330
vn -0.8655 0.4063 0.2931
vn -0.7633 -0.1100 -0.6366
vn -0.7486 0.1188 -0.6523
vn -0.2915 -0.3120 -0.9043
vn -0.2529 -0.2357 -0.9384
vn 0.3609 0.1531 -0.9199
vn 0.4329 0.0204 -0.9012
vn -0.4466 -0.1348 -0.8845
vn 0.4652 0.3880 -0.7956
vn 0.4430 0.3849 -0.8097
vn 0.3925 0.4250 -0.8157
vn 0.8659 0.3929 -0.3095
vn 0.4943 0.7545 -0.4317
vn -0.2613 -0.0790 -0.9620
vn -0.2053 -0.0679 -0.9763
vn -0.3254 0.0058 -0.9456
vn 0.1363 0.1359 -0.9813
vn 0.1140 0.1487 -0.9823
vn 0.4627 0.4012 -0.7906
vn 0.4873 0.3660 -0.7928
vn 0.4896 0.3783 -0.7856
vn -0.2729 -0.5014 -0.8211
vn -0.2278 -0.5514 -0.8025
vn -0.2838 -0.3024 -0.9100
vn -0.4049 -0.3455 -0.8466
vn -0.5298 -0.2838 -0.7992
vn -0.5795 -0.2852 -0.7635
vn -0.6158 -0.2534 -0.7460
vn -0.5590 -0.2693 -0.7842
vn -0.7243 -0.0588 -0.6870
vn 0.0891 0.0396 -0.9952
vn 0.1231 0.0074 -0.9924
vn 0.2009 -0.0124 -0.9795
vn 0.8758 0.1193 -0.4677
vn 0.8848 0.0910 -0.4570
vn 0.8406 0.0543 -0.5390
vn 0.8259 -0.2347 -0.5127
vn 0.8544 -0.2732 -0.4419
vn -0.1496 0.4207 -0.8948
vn -0.5679 -0.5528 0.6098
vn 0.1691 0.0877 0.9817
vn 0.2368 0.0128 0.9715
vn 0.5112 0.3412 0.7888
vn 0.5961 0.1932 0.7793
vn -0.0613 -0.0886 0.9942
vn -0.1473 0.0143 0.9890
vn 0.0569 -0.0420 0.9975
vn 0.0569 -0.0429 0.9975
vn 0.0569 -0.0438 0.9974
vn 0.6657 -0.1963 0.7199
vn 0.6300 -0.4182 0.6544
vn 0.7095 -0.4004 0.5800
vn 0.5000 -0.6605 0.5601
vn -0.6236 0.2028 0.7550
vn -0.6431 -0.1999 0.7392
vn -0.6568 -0.1894 0.7299
vn -0.3210 -0.7385 0.5929
vn -0.0894 -0.7545 0.6501
vn -0.2274 -0.0136 0.9737
vn -0.8219 0.2856 0.4929
vn -0.3486 0.5916 0.7270
vn -0.5614 -0.5519 -0.6166
vn 0.6014 0.1919 -0.7755
vn 0.7344 0.2144 -0.6440
vn 0.8858 0.1305 0.4453
vn 0.8722 0.1946 0.4488
vn 0.4932 0.2684 0.8275
vn 0.5281 0.1158 0.8413
vn 0.8936 0.1471 0.4241
vn -0.4448 0.3164 0.8379
vn 0.3950 0.3245 0.8595
vn 0.3795 0.5610 0.7357
vn 0.8616 0.3596 0.3583
vn 0.8932 0.2352 0.3833
vn 0.7453 0.1083 -0.6579
vn 0.7534 0.1348 -0.6436
vn -0.7534 0.1348 -0.6436
vn -0.7350 0.2122 -0.6441
vn -0.9306 0.1481 0.3348
vn -0.9090 0.2262 0.3500
vn -0.4617 0.3244 0.8256
vn -0.4873 0.5493 0.6788
vn 0.2903 0.6020 0.7439
vn 0.2877 0.5855 0.7579
vn -0.5059 0.5505 0.6641
vn -0.5015 0.5289 0.6846
vn -0.8906 0.3405 0.3016
vn -0.7358 -0.1623 -0.6575
vn -0.7288 -0.0850 -0.6795
vn 0.6932 -0.1742 -0.6993
vn 0.6098 -0.4160 -0.6746
vn 0.6396 -0.1397 -0.7559
vn 0.6926 0.0634 -0.7185
vn 0.7259 0.0174 -0.6876
vn 0.7230 0.1390 -0.6767
vn 0.8918 0.2381 0.3847
vn 0.8922 0.2367 0.3847
vn 0.8918 0.2380 0.3847
vn 0.8916 0.2355 0.3868
vn 0.5097 0.3143 0.8009
vn 0.4820 0.3888 0.7852
vn 0.4569 0.3746 0.8068
vn 0.8914 0.2394 0.3848
vn 0.9341 0.2873 0.2118
vn 0.9110 0.3565 0.2072
vn 0.8927 0.3624 0.2679
vn 0.8606 0.4661 0.2052
vn 0.4195 0.7403 0.5253
vn 0.4921 0.5053 0.7088
vn 0.3851 0.5583 0.7349
vn -0.3407 0.7667 0.5441
vn -0.3144 0.5765 0.7542
vn -0.2320 0.5646 0.7921
vn -0.2713 0.4271 0.8626
vn -0.6098 -0.4160 -0.6746
vn -0.6396 -0.1397 -0.7559
vn -0.6932 -0.1742 -0.6993
vn -0.6926 0.0634 -0.7185
vn -0.7259 0.0174 -0.6876
vn -0.7230 0.1390 -0.6767
vn -0.8758 0.2446 0.4161
vn -0.8785 0.2351 0.4158
vn -0.8782 0.2353 0.4164
vn -0.8647 0.1986 0.4613
vn -0.3928 0.2429 0.8870
vn -0.3464 0.3920 0.8523
vn -0.8757 0.2451 0.4159
vn -0.9039 0.3017 0.3031
vn -0.8851 0.3554 0.3004
vn -0.8989 0.3570 0.2540
vn -0.8527 0.4749 0.2177
vn 0.3486 0.5916 0.7269
vn -0.4880 0.3650 -0.7929
vn -0.0594 -0.0609 -0.9964
vn -0.1707 0.0253 -0.9850
vn -0.2002 -0.0125 -0.9797
vn 0.6187 -0.2526 -0.7439
vn 0.5568 -0.2699 -0.7856
vn 0.7214 -0.0606 -0.6899
vn 0.6336 -0.1085 -0.7660
vn -0.1234 0.0072 -0.9923
vn -0.0889 0.0398 -0.9952
vn 0.7518 -0.1754 -0.6357
vn 0.7641 -0.2211 -0.6061
vn 0.8206 -0.0505 -0.5693
vn 0.7629 0.2772 -0.5841
vn 0.8534 0.3706 -0.3666
vn 0.8815 0.1275 -0.4547
vn 0.9505 0.2312 0.2076
vn 0.9544 0.2113 0.2108
vn 0.9009 0.0938 0.4237
vn 0.9273 0.2589 0.2703
vn 0.9395 0.2160 0.2657
vn 0.3880 0.4683 0.7938
vn 0.3810 0.2919 0.8773
vn 0.5989 0.3255 0.7317
vn 0.6739 0.0886 0.7335
vn 0.6417 0.0642 0.7643
vn -0.9753 0.1901 0.1122
vn -0.9690 0.2219 0.1084
vn -0.9558 0.1921 0.2225
vn -0.5524 0.2901 0.7814
vn -0.2249 0.3961 0.8903
vn -0.2330 0.4956 0.8367
vn -0.6233 0.0655 0.7792
vn -0.6201 0.0628 0.7820
vn -0.9189 0.1089 0.3792
vn -0.9348 0.2698 0.2310
vn -0.8419 0.3719 -0.3911
vn -0.8673 0.1876 -0.4612
vn -0.8064 0.0941 -0.5838
vn -0.8204 -0.0456 -0.5700
vn -0.2489 -0.1847 0.9508
vn 0.7043 0.1457 0.6948
vn 0.7737 0.1732 0.6094
vn -0.0660 0.2941 0.9535
vn -0.2081 0.1877 0.9599
vn -0.4327 0.1103 0.8948
vn -0.4149 0.1475 0.8978
vn -0.8807 -0.2321 0.4129
vn -0.9724 -0.1853 0.1419
vn -0.8822 -0.4705 -0.0193
vn -0.9278 -0.2657 0.2618
vn -0.3281 -0.9369 0.1205
vn -0.4346 -0.8130 0.3875
vn 0.1647 -0.9574 0.2371
vn 0.1881 -0.9677 0.1679
vn -0.1981 0.3238 0.9252
vn -0.2047 0.3236 0.9238
vn -0.5597 0.3803 0.7362
vn -0.6375 0.3359 0.6934
vn -0.9434 0.2190 0.2491
vn -0.9333 0.2430 0.2644
vn 0.6657 -0.3894 0.6366
vn 0.7154 -0.4178 0.5600
vn 0.5430 -0.5284 0.6526
vn 0.5740 -0.6217 0.5330
vn 0.1617 -0.6614 0.7324
vn 0.1629 -0.6520 0.7405
vn 0.1616 -0.6606 0.7332
vn 0.1633 -0.6509 0.7414
vn -0.3654 -0.3902 0.8451
vn 0.1789 -0.1938 0.9646
vn 0.7116 -0.6983 -0.0778
vn 0.5805 -0.7850 0.2160
vn 0.9524 -0.2964 0.0711
vn 0.8800 -0.3787 0.2866
vn 0.8728 -0.2286 0.4312
vn 0.8390 -0.2155 0.4996
vn 0.7138 0.1545 0.6831
vn 0.6018 0.2177 0.7684
vn 0.3258 0.6172 0.7162
vn 0.3258 0.6174 0.7160
vn 0.3259 0.6176 0.7158
vn 0.3983 0.6176 0.6782
vn 0.4126 0.6052 0.6808
vn 0.5793 0.1034 0.8086
vn 0.6622 0.0044 0.7493
vn 0.5000 -0.3644 0.7856
vn 0.2859 -0.0316 0.9577
vn 0.6945 0.1730 0.6984
vn 0.7433 0.3093 0.5932
vn 0.7810 0.2473 0.5734
vn 0.7701 0.3856 0.5081
vn 0.6677 0.4770 0.5715
vn 0.6541 0.5050 0.5631
vn 0.6241 0.7045 0.3379
vn 0.2312 0.9070 0.3520
vn 0.1948 0.9281 0.3174
vn 0.1368 0.9881 -0.0706
vn 0.0703 0.9851 -0.1572
vn 0.5432 0.8376 -0.0572
vn 0.6566 0.7456 0.1138
vn 0.7518 0.6457 0.1337
vn 0.8005 0.5575 0.2200
vn 0.8962 0.3830 0.2241
vn 0.8923 0.4044 0.2006
vn 0.9829 0.0077 0.1839
vn 0.9451 -0.0006 0.3266
vn 0.8863 -0.3093 0.3447
vn 0.8542 -0.2834 0.4359
vn 0.7579 -0.1347 0.6384
vn 0.6791 -0.1160 0.7248
vn 0.6523 -0.2764 0.7057
vn 0.6710 -0.3478 0.6548
vn 0.2539 -0.1412 0.9569
vn -0.6313 -0.1097 -0.7678
vn -0.7927 0.2948 -0.5336
vn -0.3372 0.5722 -0.7476
vn 0.1712 0.0257 -0.9849
vn 0.0594 -0.0609 -0.9964
vn -0.2579 -0.1009 -0.9609
vn -0.3845 -0.7045 -0.5965
vn -0.0865 -0.7303 -0.6776
vn 0.0921 -0.1397 -0.9859
vn 0.1942 -0.0886 -0.9769
vn -0.6204 -0.0378 -0.7834
vn -0.7326 -0.2175 -0.6450
vn -0.6864 0.2944 -0.6650
vn 0.3244 -0.2365 -0.9159
vn 0.2510 -0.4708 -0.8458
vn 0.5475 -0.7111 -0.4411
vn 0.7831 -0.5230 -0.3365
vn 0.7773 -0.5077 -0.3716
vn 0.1965 -0.2313 -0.9528
vn -0.5018 -0.6614 0.5574
vn -0.7122 -0.4012 0.5760
vn -0.6296 -0.4197 0.6538
vn 0.5991 0.3517 0.7193
vn 0.6986 0.1689 0.6953
vn 0.6236 0.2028 0.7550
vn 0.6431 -0.1999 0.7392
vn 0.5805 -0.7591 -0.2947
vn 0.7910 -0.5536 -0.2605
vn 0.8104 -0.4815 -0.3337
vn 0.5428 -0.5060 -0.6703
vn 0.2921 -0.7794 -0.5543
vn 0.4297 -0.7296 -0.5320
vn -0.0268 -0.9468 -0.3208
vn -0.4673 -0.8169 -0.3381
vn -0.4008 -0.8271 -0.3941
vn -0.1103 -0.0807 -0.9906
vn -0.2462 0.0244 -0.9689
vn 0.5350 0.5886 -0.6061
vn 0.2012 0.7170 -0.6674
vn 0.5338 -0.8055 -0.2574
vn -0.2724 -0.9181 -0.2881
vn -0.3729 -0.9191 -0.1270
vn -0.4720 -0.8728 -0.1246
vn -0.6114 -0.7892 0.0569
vn -0.6669 -0.6071 -0.4320
vn -0.6088 -0.6313 -0.4804
vn -0.2354 -0.0681 -0.9695
vn 0.1284 -0.3688 -0.9206
vn -0.1868 -0.2867 -0.9396
vn -0.0761 -0.6041 -0.7933
vn 0.3967 -0.6634 -0.6345
vn 0.4759 -0.7419 -0.4723
vn 0.2716 -0.7017 -0.6587
vn -0.4145 -0.5765 -0.7041
vn -0.4489 -0.5457 -0.7076
vn -0.4348 -0.5830 -0.6863
vn -0.6762 -0.4474 -0.5853
vn -0.6202 -0.5328 -0.5758
vn -0.7177 -0.4551 -0.5271
vn -0.9172 -0.3969 -0.0352
vn -0.8854 -0.4574 0.0828
vn -0.9737 -0.2168 -0.0704
vn -0.9755 -0.2134 0.0533
vn -0.9830 -0.0247 -0.1817
vn -0.9789 -0.0276 -0.2024
vn 0.8183 -0.5555 -0.1474
vn 0.8320 -0.5477 -0.0887
vn 0.9035 -0.3131 -0.2928
vn 0.9022 -0.3138 -0.2959
vn 0.9031 -0.3133 -0.2936
vn 0.9020 -0.3138 -0.2965
vn 0.6449 0.2969 -0.7043
vn 0.8433 0.2274 -0.4870
vn 0.5202 0.5912 -0.6163
vn 0.6325 0.0125 0.7744
vn 0.6741 -0.2032 0.7102
vn 0.5511 -0.1294 0.8243
vn -0.2838 0.7256 0.6269
vn -0.4588 0.5908 0.6637
vn -0.6072 0.0475 0.7931
vn -0.0995 0.9718 0.2137
vn -0.2512 0.9057 0.3415
vn -0.0284 0.9245 0.3801
vn 0.0107 0.8845 0.4664
vn -0.1639 0.7128 0.6820
vn -0.1761 0.7515 0.6358
vn -0.6565 0.0978 0.7480
vn -0.7042 0.0608 0.7074
vn -0.7813 -0.1668 0.6015
vn -0.8523 -0.1897 0.4874
vn -0.8726 -0.3504 0.3402
vn -0.9558 -0.2738 0.1071
vn -0.6404 -0.7123 0.2873
vn -0.7973 -0.5885 -0.1340
vn -0.1931 0.9766 -0.0950
vn -0.0251 0.9549 -0.2960
vn -0.3681 0.8970 -0.2445
vn -0.6099 0.7835 0.1191
vn -0.7618 0.6335 0.1353
vn -0.7977 0.5687 0.2005
vn -0.8938 0.3825 0.2340
vn -0.8893 0.4109 0.2007
vn -0.9810 0.0509 0.1873
vn -0.9932 -0.0887 0.0753
vn -0.9089 -0.3644 0.2026
vn -0.5856 0.7837 0.2073
vn -0.6541 0.5050 0.5632
vn -0.6651 0.4825 0.5700
vn -0.7772 0.3825 0.4996
vn -0.7928 0.2320 0.5636
vn -0.7384 0.3231 0.5919
vn -0.6873 0.1920 0.7005
vn -0.6606 0.2562 0.7057
vn -0.6031 0.2243 0.7655
vn -0.6498 -0.0131 0.7600
vn -0.7080 -0.0264 0.7057
vn -0.5559 -0.2636 0.7884
vn -0.6872 -0.5631 0.4590
vn -0.8869 -0.3356 0.3174
vn 0.1960 0.3461 0.9175
vn 0.2081 0.1877 0.9599
vn 0.0659 0.2941 0.9535
vn -0.1491 -0.1315 0.9800
vn -0.2011 -0.0467 0.9785
vn -0.5464 -0.3236 0.7725
vn -0.5761 -0.1486 0.8038
vn -0.6728 -0.2080 0.7100
vn -0.6306 0.0130 0.7760
vn -0.6312 0.0128 0.7755
vn -0.6343 0.0120 0.7730
vn -0.6351 0.0118 0.7723
vn -0.6424 -0.3510 0.6813
vn -0.7326 -0.4039 0.5478
vn -0.5430 -0.5284 0.6526
vn -0.5740 -0.6217 0.5330
vn -0.1630 -0.6615 0.7320
vn -0.1464 -0.7074 0.6915
vn 0.3559 -0.3120 0.8809
vn 0.3804 -0.3539 0.8544
vn 0.6040 0.0386 0.7960
vn 0.4779 0.2423 0.8443
vn 0.5554 0.3725 0.7435
vn 0.4307 0.4452 0.7850
vn -0.1881 -0.9677 0.1679
vn -0.1642 -0.9572 0.2384
vn 0.3874 -0.8408 0.3780
vn 0.3104 -0.9316 0.1892
vn 0.8679 -0.4428 0.2250
vn 0.8770 -0.3219 0.3566
vn 0.9375 -0.0618 0.3425
vn 0.9352 -0.0625 0.3487
vn 0.9371 -0.0619 0.3436
vn 0.9347 -0.0627 0.3498
vn 0.9381 0.2742 0.2118
vn 0.9324 0.2869 0.2197
vn 0.8515 0.5163 0.0916
vn 0.4352 0.5635 0.7022
vn 0.1954 0.4415 0.8757
vn 0.1748 0.3491 0.9206
vn 0.7186 -0.4715 -0.5111
vn 0.5922 -0.5661 -0.5734
vn -0.1143 -0.4083 -0.9057
vn 0.1769 -0.3241 -0.9293
vn 0.0768 -0.6039 -0.7934
vn -0.3968 -0.6634 -0.6344
vn -0.4830 -0.7483 -0.4548
vn -0.3452 -0.7385 -0.5792
vn -0.2633 -0.8775 -0.4009
vn 0.3987 -0.5569 -0.7286
vn 0.3522 -0.7357 -0.5786
vn 0.3656 -0.7263 -0.5821
vn 0.4352 -0.5818 -0.6871
vn 0.6721 -0.4488 -0.5890
vn -0.9019 -0.3139 -0.2966
vn -0.9070 -0.3112 -0.2838
vn -0.8412 -0.5301 -0.1068
vn -0.8568 -0.5141 -0.0402
vn -0.6465 -0.7474 0.1530
vn -0.6719 0.2647 -0.6918
vn -0.8550 0.1957 -0.4803
vn -0.5402 0.5734 -0.6160
vn -0.4903 0.5789 -0.6515
vn -0.1388 0.6793 -0.7206
vn -0.2759 0.7200 -0.6368
vn -0.0352 0.7393 -0.6724
vn -0.0171 0.7272 -0.6862
vn 0.0224 -0.0025 -0.9997
vn 0.2441 -0.0742 -0.9669
vn -0.2513 -0.7722 -0.5835
vn -0.5271 -0.5133 -0.6772
vn -0.7573 -0.5643 -0.3288
vn -0.7815 -0.4758 -0.4035
vn -0.4889 -0.7025 -0.5172
vn 0.0555 -0.9444 -0.3240
vn 0.0998 0.0747 -0.9922
vn 0.1716 0.1002 -0.9801
vn 0.1100 -0.0816 -0.9906
vn 0.2673 0.0395 -0.9628
vn 0.2642 -0.0099 -0.9644
vn 0.6230 -0.6027 -0.4986
vn 0.6875 -0.5801 -0.4369
vn 0.3984 -0.8273 -0.3960
vn 0.4673 -0.8169 -0.3381
vn -0.6806 -0.6480 -0.3420
vn -0.5941 -0.7661 -0.2453
vn 0.2702 -0.9186 -0.2883
vn 0.3716 -0.9200 -0.1245
vn 0.5087 -0.8526 -0.1199
vn 0.6271 -0.7751 0.0772
vn 0.9278 -0.3701 -0.0463
vn 0.9085 -0.4155 0.0440
vn 0.9825 -0.1862 0.0038
vn 0.9852 -0.1704 0.0175
vn 0.9838 -0.0113 -0.1788
vn 0.9512 -0.2044 -0.2313
vn 0.8899 0.1310 -0.4368
vn -0.8538 -0.3426 -0.3921
vn -0.8092 0.5792 -0.0991
vn -0.7920 0.5915 -0.1513
vn -0.8660 -0.4936 -0.0797
vn -0.8736 -0.3346 -0.3533
vn 0.8538 -0.3426 -0.3921
vn 0.8736 -0.3346 -0.3533
vn 0.8660 -0.4936 -0.0797
vn 0.7920 0.5915 -0.1513
vn 0.8092 0.5792 -0.0991
vn 0.7812 0.6214 -0.0591
vn 0.8046 0.5861 -0.0950
vn 0.7978 0.5914 -0.1173
vn 0.8712 -0.4655 -0.1561
vn 0.8690 -0.3407 -0.3589
vn 0.8520 -0.3473 -0.3918
vn -0.7813 0.6214 -0.0591
vn -0.8046 0.5861 -0.0950
vn -0.8520 -0.3473 -0.3917
vn -0.8690 -0.3407 -0.3589
vn -0.8712 -0.4655 -0.1561
vn -0.7978 0.5914 -0.1173
vn -0.2537 -0.0563 -0.9656
vn -0.1226 -0.0391 -0.9917
vn -0.0176 0.0453 -0.9988
vn -0.1716 0.1002 -0.9801
vn 0.2864 0.7308 -0.6196
vn 0.0415 0.7652 -0.6424
vn 0.0295 0.7578 -0.6518
vn 0.7832 0.6189 -0.0588
vn -0.7832 0.6189 -0.0588
vn 0.7785 0.4281 -0.4589
vn -0.7785 0.4281 -0.4589
vn 0.8094 -0.5749 0.1198
vn 0.7771 0.3972 -0.4881
vn -0.7771 0.3972 -0.4881
vn 0.7871 -0.5890 0.1833
vn 0.1668 0.1157 -0.9792
vn -0.0980 -0.1844 -0.9780
vn -0.3768 -0.0250 -0.9259
vn -0.1080 -0.3167 -0.9424
vn -0.0505 -0.2149 -0.9753
vn 0.5305 0.2010 -0.8235
vn 0.5309 0.2010 -0.8232
vn 0.5326 0.1966 -0.8232
vn 0.5325 0.1962 -0.8234
vn 0.4936 0.1468 -0.8572
vn 0.5050 0.1233 -0.8542
vn 0.1038 -0.0199 0.9944
vn 0.2109 0.0973 0.9727
vn 0.3673 -0.1635 0.9156
vn -0.5163 -0.3058 0.7999
vn -0.4564 -0.3811 0.8040
vn -0.4350 -0.3273 0.8388
vn -0.2277 -0.4767 0.8491
vn 0.1321 -0.0741 0.9885
vn 0.1891 0.3010 0.9347
vn -0.8094 -0.5749 0.1198
vn -0.7871 -0.5890 0.1833
vn -0.1679 0.1155 -0.9790
vn 0.0989 -0.1846 -0.9778
vn 0.0509 -0.2151 -0.9753
vn 0.1093 -0.3181 -0.9417
vn 0.3833 -0.0279 -0.9232
vn -0.4973 0.1243 -0.8586
vn -0.4884 0.1428 -0.8609
vn -0.5317 0.1981 -0.8234
vn -0.5310 0.1997 -0.8235
vn -0.3670 -0.1635 0.9157
vn -0.2109 0.0973 0.9727
vn -0.1044 -0.0193 0.9944
vn -0.1890 0.3004 0.9349
vn -0.1324 -0.0727 0.9885
vn 0.2266 -0.4774 0.8490
vn 0.4350 -0.3273 0.8388
vn 0.4563 -0.3808 0.8042
vn 0.5160 -0.3058 0.8001
vn 0.1308 -0.9837 0.1233
vn 0.4029 -0.9135 -0.0558
vn 0.5173 -0.8534 0.0642
vn 0.5051 -0.8551 0.1173
vn -0.1795 -0.9174 0.3553
vn -0.1974 -0.9803 0.0081
vn -0.7703 -0.6265 -0.1188
vn -0.8241 -0.5664 -0.0109
vn -0.8242 -0.5662 -0.0118
vn -0.8241 -0.5663 -0.0113
vn -0.8243 -0.5660 -0.0126
vn -0.5136 -0.8271 0.2284
vn -0.3432 0.4596 -0.8191
vn -0.2471 0.3762 -0.8930
vn -0.2289 0.8650 -0.4466
vn 0.8314 0.4703 -0.2958
vn 0.7425 0.2701 -0.6130
vn 0.5666 0.2141 -0.7957
vn 0.6235 -0.7744 0.1070
vn 0.2706 -0.8989 -0.3447
vn -0.4262 -0.6095 -0.6684
vn -0.9112 0.1765 -0.3722
vn 0.2575 0.2445 0.9349
vn -0.1685 -0.3751 0.9116
vn 0.2341 0.0882 0.9682
vn 0.2842 -0.0011 0.9588
vn -0.7755 0.5251 -0.3506
vn -0.8383 -0.5317 -0.1203
vn 0.1695 0.9854 -0.0173
vn 0.1038 0.9860 -0.1302
vn 0.6178 -0.2885 0.7315
vn 0.6876 -0.4427 0.5754
vn -0.1891 0.4547 0.8704
vn -0.6185 0.6104 0.4949
vn -0.8486 0.5247 0.0678
vn 0.7755 0.5251 -0.3506
vn 0.8383 -0.5317 -0.1203
vn -0.5791 -0.8147 -0.0291
vn -0.5576 -0.7469 -0.3623
vn -0.7263 -0.6596 -0.1935
vn 0.3649 0.8334 -0.4150
vn 0.4097 0.5747 -0.7085
vn 0.3295 0.4808 -0.8126
vn -0.6527 0.2454 -0.7168
vn -0.5668 0.2222 -0.7933
vn -0.6414 0.6020 -0.4756
vn 0.3521 -0.9072 0.2301
vn 0.8427 -0.5275 0.1080
vn 0.8546 -0.5169 0.0506
vn 0.8211 -0.5684 -0.0529
vn 0.2800 -0.9600 -0.0036
vn 0.3622 -0.9016 0.2365
vn -0.0272 0.9456 0.3243
vn -0.0278 0.9452 0.3254
vn -0.0277 0.9452 0.3253
vn -0.0284 0.9448 0.3265
vn -0.1742 0.9837 -0.0440
vn -0.1123 0.9937 0.0028
vn -0.4222 0.2227 -0.8787
vn -0.4350 0.1991 -0.8782
vn -0.2352 0.1587 -0.9589
vn 0.1599 -0.2978 -0.9411
vn -0.1599 -0.2978 -0.9411
vn 0.2352 0.1587 -0.9589
vn 0.4333 0.1988 -0.8790
vn 0.4211 0.2215 -0.8795
vn -0.2580 0.2443 0.9347
vn -0.2346 0.0875 0.9682
vn 0.1694 -0.3753 0.9113
vn 0.2626 -0.3130 0.9127
vn -0.3545 0.0790 0.9317
vn -0.2839 -0.0006 0.9589
vn -0.6322 0.7668 0.1110
vn 0.5339 0.8368 0.1211
vn 0.9565 0.2851 -0.0621
vn 0.9398 0.3305 -0.0874
vn 0.9018 0.4245 0.0805
vn 0.8983 0.4329 0.0750
vn 0.8987 0.4323 0.0738
vn 0.6562 0.7145 0.2428
vn 0.5311 0.8142 0.2347
vn -0.6483 0.7316 0.2108
vn -0.6631 0.7224 0.1960
vn -0.9205 0.3897 -0.0282
vn -0.9283 0.3675 -0.0562
vn -0.9530 0.0503 -0.2988
vn -0.9761 0.1029 -0.1917
vn -0.9865 0.0394 -0.1588
vn -0.9367 0.3484 -0.0350
vn -0.7015 0.5956 0.3915
vn -0.6972 0.5948 0.4001
vn -0.9109 0.3799 0.1609
vn -0.9298 0.3680 -0.0050
vn -0.9287 0.0904 -0.3597
vn -0.9487 0.0663 -0.3092
vn -0.7442 -0.1561 -0.6495
vn -0.7658 -0.2204 -0.6041
vn -0.5642 -0.4584 -0.6867
vn -0.5909 -0.6429 -0.4873
vn 0.6951 0.6008 0.3949
vn 0.6674 0.6003 0.4407
vn 0.8939 0.4131 0.1739
vn 0.9021 0.4239 0.0807
vn 0.9247 0.0788 -0.3725
vn 0.9346 0.0681 -0.3492
vn 0.9483 0.0243 -0.3163
vn 0.9561 0.0364 -0.2906
vn 0.9743 -0.0919 -0.2055
vn 0.6817 -0.5831 -0.4419
vn 0.6795 -0.3281 -0.6562
vn -0.7679 -0.6316 -0.1071
vn 0.0167 -0.8211 0.5705
vn 0.6409 -0.5510 0.5345
vn 0.9962 -0.0871 -0.0033
vn 0.3812 0.3763 -0.8444
vn -0.6238 0.0190 -0.7813
vn -0.4789 0.3238 -0.8160
vn 0.6707 -0.0438 -0.7404
vn -0.9806 -0.0431 -0.1911
vn -0.2296 -0.7609 0.6069
vn -0.6665 -0.5848 0.4625
vn 0.7490 -0.6621 -0.0252
vn 0.2419 0.6665 -0.7052
vn 0.7707 0.5572 -0.3091
vn -0.5095 -0.5710 0.6437
vn -0.5126 -0.5529 0.6570
vn -0.5724 -0.5277 0.6276
vn -0.2891 -0.5321 0.7958
vn -0.2582 -0.5200 0.8142
vn -0.3293 -0.4782 0.8142
vn 0.2632 0.1418 0.9543
vn 0.4626 -0.2462 0.8517
vn 0.3248 -0.2873 0.9011
vn 0.7548 0.0255 0.6554
vn 0.8322 0.1655 0.5293
vn 0.3718 0.3397 0.8639
vn 0.3951 0.9169 -0.0570
vn 0.8998 0.4325 -0.0579
vn 0.2854 0.5372 -0.7937
vn 0.0176 0.5307 -0.8474
vn -0.0418 0.6521 -0.7570
vn -0.3551 0.3420 -0.8700
vn -0.7405 -0.1449 -0.6563
vn -0.8140 0.1144 -0.5694
vn -0.7892 0.1259 -0.6012
vn -0.4326 0.3622 -0.8256
vn -0.2545 0.4100 -0.8758
usemtl texturefile_503
s 1
f 5622/5622/5972 5623/5623/5972 5624/5624/5972
f 5625/5625/5973 5626/5626/5973 5627/5627/5973
f 5628/5628/5974 5627/5627/5974 5626/5626/5974
f 5627/5627/5975 5628/5628/5975 5623/5623/5975
f 5629/5629/5976 5627/5627/5976 5630/5630/5976
f 5631/5631/5977 5632/5632/5977 5633/5633/5977
f 5634/5634/5978 5631/5631/5978 5635/5635/5978
f 5636/5636/5979 5637/5637/5979 5633/5633/5979
f 5638/5638/5980 5633/5633/5980 5637/5637/5980
f 5639/5639/5981 5640/5640/5981 5641/5641/5981
f 5636/5636/5982 5641/5641/5982 5640/5640/5982
f 5642/5642/5983 5643/5643/5983 5644/5644/5983
f 5645/5645/5984 5642/5642/5984 5646/5646/5984
f 5647/5647/5985 5646/5646/5985 5642/5642/5985
f 5646/5646/5986 5647/5647/5986 5648/5648/5986
f 5649/5649/5987 5650/5650/5987 5651/5651/5987
f 5652/5652/5988 5653/5653/5988 5654/5654/5988
f 5655/5655/5989 5656/5656/5989 5657/5657/5989
f 5658/5658/5990 5659/5659/5990 5660/5660/5990
f 5661/5661/5991 5659/5659/5991 5662/5662/5991
f 5662/5662/5992 5659/5659/5992 5663/5663/5992
f 5663/5663/5993 5659/5659/5993 5664/5664/5993
f 5658/5658/5994 5664/5664/5994 5659/5659/5994
f 5664/5664/5995 5658/5658/5995 5665/5665/5995
f 5666/5666/5996 5665/5665/5996 5658/5658/5996
f 5665/5665/5997 5666/5666/5997 5667/5667/5997
f 5668/5668/5998 5667/5667/5998 5666/5666/5998
f 5667/5667/5999 5668/5668/5999 5669/5669/5999
f 5670/5670/6000 5664/5664/6000 5671/5671/6000
f 5665/5665/6001 5671/5671/6001 5664/5664/6001
f 5671/5671/6002 5665/5665/6002 5672/5672/6002
f 5667/5667/6003 5672/5672/6003 5665/5665/6003
f 5672/5672/6004 5667/5667/6004 5673/5673/6004
f 5674/5674/6005 5675/5675/6005 5672/5672/6005
f 5676/5676/6006 5672/5672/6006 5675/5675/6006
f 5672/5672/6007 5676/5676/6007 5671/5671/6007
f 5677/5677/6008 5671/5671/6008 5676/5676/6008
f 5671/5671/6009 5677/5677/6009 5670/5670/6009
f 5670/5670/6010 5677/5677/6010 5678/5678/6010
f 5679/5679/6011 5678/5678/6011 5677/5677/6011
f 5678/5678/6012 5679/5679/6012 5680/5680/6012
f 5681/5681/6013 5682/5682/6013 5683/5683/6013
f 5680/5680/6014 5683/5683/6014 5682/5682/6014
f 5684/5684/6015 5683/5683/6015 5680/5680/6015
f 5683/5683/6016 5684/5684/6016 5685/5685/6016
f 5686/5686/6017 5687/5687/6017 5688/5688/6017
f 5687/5687/6018 5686/5686/6018 5689/5689/6018
f 5689/5689/6019 5686/5686/6019 5690/5690/6019
f 5680/5680/6020 5690/5690/6020 5686/5686/6020
f 5691/5691/6021 5690/5690/6021 5680/5680/6021
f 5692/5692/6022 5690/5690/6022 5691/5691/6022
f 5693/5693/6023 5690/5690/6023 5692/5692/6023
f 5690/5690/6024 5693/5693/6024 5689/5689/6024
f 5694/5694/6025 5689/5689/6025 5693/5693/6025
f 5695/5695/6026 5689/5689/6026 5694/5694/6026
f 5689/5689/6027 5695/5695/6027 5687/5687/6027
f 5696/5696/6028 5687/5687/6028 5695/5695/6028
f 5687/5687/6029 5696/5696/6029 5697/5697/6029
f 5698/5698/6030 5697/5697/6030 5696/5696/6030
f 5687/5687/6031 5697/5697/6031 5688/5688/6031
f 5699/5699/6032 5700/5700/6032 5701/5701/6032
f 5702/5702/6033 5703/5703/6033 5704/5704/6033
f 5705/5705/6034 5704/5704/6034 5703/5703/6034
f 5704/5704/6035 5705/5705/6035 5706/5706/6035
f 5707/5707/6036 5706/5706/6036 5705/5705/6036
f 5706/5706/6037 5707/5707/6037 5708/5708/6037
f 5701/5701/6038 5708/5708/6038 5707/5707/6038
f 5708/5708/6039 5701/5701/6039 5709/5709/6039
f 5700/5700/6040 5709/5709/6040 5701/5701/6040
f 5709/5709/6041 5700/5700/6041 5710/5710/6041
f 5709/5709/6042 5711/5711/6042 5708/5708/6042
f 5712/5712/6043 5708/5708/6043 5711/5711/6043
f 5713/5713/6044 5708/5708/6044 5712/5712/6044
f 5708/5708/6045 5713/5713/6045 5706/5706/6045
f 5714/5714/6046 5707/5707/6046 5705/5705/6046
f 5707/5707/6047 5714/5714/6047 5701/5701/6047
f 5701/5701/6048 5714/5714/6048 5715/5715/6048
f 5715/5715/6049 5714/5714/6049 5716/5716/6049
f 5716/5716/6050 5714/5714/6050 5717/5717/6050
f 5718/5718/6051 5717/5717/6051 5714/5714/6051
f 5719/5719/6052 5720/5720/6052 5721/5721/6052
f 5722/5722/6053 5721/5721/6053 5720/5720/6053
f 5723/5723/6054 5724/5724/6054 5725/5725/6054
f 5726/5726/6055 5725/5725/6055 5724/5724/6055
f 5727/5727/6056 5728/5728/6056 5729/5729/6056
f 5730/5730/6057 5729/5729/6057 5728/5728/6057
f 5731/5731/6058 5729/5729/6058 5730/5730/6058
f 5729/5729/6059 5731/5731/6059 5724/5724/6059
f 5732/5732/6060 5733/5733/6060 5734/5734/6060
f 5735/5735/6061 5734/5734/6061 5733/5733/6061
f 5734/5734/6062 5735/5735/6062 5730/5730/6062
f 5736/5736/6063 5730/5730/6063 5735/5735/6063
f 5730/5730/6064 5736/5736/6064 5737/5737/6064
f 5738/5738/6065 5737/5737/6065 5739/5739/6065
f 5736/5736/6066 5739/5739/6066 5737/5737/6066
f 5739/5739/6067 5736/5736/6067 5740/5740/6067
f 5735/5735/6068 5740/5740/6068 5736/5736/6068
f 5740/5740/6069 5735/5735/6069 5741/5741/6069
f 5733/5733/6070 5741/5741/6070 5735/5735/6070
f 5741/5741/6071 5733/5733/6071 5742/5742/6071
f 5742/5742/6072 5733/5733/6072 5743/5743/6072
f 5732/5732/6073 5743/5743/6073 5733/5733/6073
f 5743/5743/6074 5732/5732/6074 5744/5744/6074
f 5745/5745/6075 5744/5744/6075 5732/5732/6075
f 5744/5744/6076 5745/5745/6076 5746/5746/6076
f 5745/5745/6077 5732/5732/6077 5747/5747/6077
f 5734/5734/6078 5747/5747/6078 5732/5732/6078
f 5748/5748/6079 5747/5747/6079 5734/5734/6079
f 5747/5747/6080 5748/5748/6080 5749/5749/6080
f 5750/5750/6081 5749/5749/6081 5748/5748/6081
f 5751/5751/6082 5752/5752/6082 5753/5753/6082
f 5754/5754/6083 5753/5753/6083 5752/5752/6083
f 5755/5755/6084 5756/5756/6084 5757/5757/6084
f 5758/5758/6085 5757/5757/6085 5756/5756/6085
f 5759/5759/6086 5760/5760/6086 5761/5761/6086
f 5762/5762/6087 5761/5761/6087 5760/5760/6087
f 5761/5761/6088 5762/5762/6088 5763/5763/6088
f 5764/5764/6089 5765/5765/6090 5766/5766/6091
f 5767/5767/6092 5766/5766/6091 5765/5765/6090
f 5766/5766/6093 5767/5767/6093 5768/5768/6093
f 5769/5769/6094 5770/5770/6094 5771/5771/6094
f 5772/5772/6095 5771/5771/6095 5770/5770/6095
f 5771/5771/6096 5772/5772/6096 5773/5773/6096
f 5772/5772/6097 5770/5770/6097 5774/5774/6097
f 5775/5775/6098 5774/5774/6098 5770/5770/6098
f 5774/5774/6099 5775/5775/6099 5776/5776/6099
f 5776/5776/6100 5775/5775/6100 5777/5777/6100
f 5778/5778/6101 5777/5777/6101 5775/5775/6101
f 5772/5772/6102 5774/5774/6102 5779/5779/6102
f 5776/5776/6103 5779/5779/6103 5774/5774/6103
f 5779/5779/6104 5776/5776/6104 5780/5780/6104
f 5777/5777/6105 5780/5780/6105 5776/5776/6105
f 5780/5780/6106 5777/5777/6106 5781/5781/6106
f 5781/5781/6107 5777/5777/6107 5782/5782/6107
f 5778/5778/6108 5782/5782/6108 5777/5777/6108
f 5782/5782/6109 5778/5778/6109 5783/5783/6109
f 5783/5783/6110 5778/5778/6110 5784/5784/6110
f 5785/5785/6111 5784/5784/6111 5778/5778/6111
f 5784/5784/6112 5785/5785/6112 5786/5786/6112
f 5787/5787/6113 5786/5786/6113 5785/5785/6113
f 5786/5786/6114 5787/5787/6114 5788/5788/6114
f 5789/5789/6115 5788/5788/6115 5787/5787/6115
f 5783/5783/6116 5784/5784/6116 5788/5788/6116
f 5786/5786/6117 5788/5788/6117 5784/5784/6117
f 5790/5790/6118 5791/5791/6118 5792/5792/6118
f 5793/5793/6119 5792/5792/6119 5791/5791/6119
f 5792/5792/6120 5793/5793/6120 5794/5794/6120
f 5795/5795/6121 5790/5790/6121 5706/5706/6121
f 5792/5792/6122 5706/5706/6122 5790/5790/6122
f 5706/5706/6123 5792/5792/6123 5704/5704/6123
f 5794/5794/6124 5704/5704/6124 5792/5792/6124
f 5704/5704/6125 5794/5794/6125 5796/5796/6125
f 5797/5797/6126 5798/5798/6126 5795/5795/6126
f 5799/5799/6127 5795/5795/6127 5798/5798/6127
f 5795/5795/6128 5799/5799/6128 5790/5790/6128
f 5800/5800/6129 5790/5790/6129 5799/5799/6129
f 5790/5790/6130 5800/5800/6130 5791/5791/6130
f 5791/5791/6131 5800/5800/6132 5801/5801/6133
f 5802/5802/6134 5801/5801/6133 5800/5800/6132
f 5801/5801/6135 5802/5802/6135 5803/5803/6135
f 5802/5802/6136 5800/5800/6136 5804/5804/6136
f 5799/5799/6137 5804/5804/6137 5800/5800/6137
f 5804/5804/6138 5799/5799/6138 5805/5805/6138
f 5798/5798/6139 5805/5805/6139 5799/5799/6139
f 5806/5806/6140 5807/5807/6140 5808/5808/6140
f 5809/5809/6141 5808/5808/6141 5807/5807/6141
f 5810/5810/6142 5808/5808/6142 5809/5809/6142
f 5811/5811/6143 5808/5808/6143 5810/5810/6143
f 5808/5808/6144 5811/5811/6144 5812/5812/6144
f 5813/5813/6145 5814/5814/6145 5815/5815/6145
f 5816/5816/6146 5815/5815/6146 5814/5814/6146
f 5817/5817/6147 5815/5815/6147 5816/5816/6147
f 5818/5818/6148 5815/5815/6148 5817/5817/6148
f 5815/5815/6149 5818/5818/6149 5819/5819/6149
f 5820/5820/6150 5821/5821/6150 5822/5822/6150
f 5823/5823/6151 5822/5822/6151 5821/5821/6151
f 5824/5824/6152 5822/5822/6152 5823/5823/6152
f 5825/5825/6153 5822/5822/6153 5824/5824/6153
f 5822/5822/6154 5825/5825/6154 5820/5820/6154
f 5826/5826/6155 5827/5827/6155 5828/5828/6155
f 5829/5829/6156 5828/5828/6156 5827/5827/6156
f 5830/5830/6157 5828/5828/6157 5829/5829/6157
f 5831/5831/6158 5828/5828/6158 5830/5830/6158
f 5828/5828/6159 5831/5831/6159 5826/5826/6159
f 5832/5832/6160 5833/5833/6160 5834/5834/6160
f 5835/5835/6161 5834/5834/6161 5833/5833/6161
f 5836/5836/6162 5834/5834/6162 5835/5835/6162
f 5837/5837/6163 5834/5834/6163 5836/5836/6163
f 5834/5834/6164 5837/5837/6164 5832/5832/6164
f 5838/5838/6165 5839/5839/6165 5840/5840/6165
f 5841/5841/6166 5840/5840/6166 5839/5839/6166
f 5840/5840/6167 5841/5841/6167 5842/5842/6167
f 5843/5843/6168 5842/5842/6168 5841/5841/6168
f 5842/5842/6169 5843/5843/6169 5844/5844/6169
f 5845/5845/6170 5838/5838/6170 5846/5846/6170
f 5840/5840/6171 5846/5846/6171 5838/5838/6171
f 5846/5846/6172 5840/5840/6172 5847/5847/6172
f 5842/5842/6173 5847/5847/6173 5840/5840/6173
f 5847/5847/6174 5842/5842/6174 5848/5848/6174
f 5844/5844/6175 5848/5848/6175 5842/5842/6175
f 5849/5849/6176 5848/5848/6176 5844/5844/6176
f 5850/5850/6177 5848/5848/6177 5849/5849/6177
f 5848/5848/6178 5850/5850/6178 5851/5851/6178
f 5852/5852/6179 5851/5851/6179 5850/5850/6179
f 5853/5853/6180 5845/5845/6180 5854/5854/6180
f 5846/5846/6181 5854/5854/6181 5845/5845/6181
f 5854/5854/6182 5846/5846/6182 5855/5855/6182
f 5847/5847/6183 5855/5855/6183 5846/5846/6183
f 5855/5855/6184 5847/5847/6184 5856/5856/6184
f 5857/5857/6185 5856/5856/6185 5847/5847/6185
f 5856/5856/6186 5857/5857/6186 5858/5858/6186
f 5848/5848/6187 5857/5857/6187 5847/5847/6187
f 5857/5857/6188 5848/5848/6188 5859/5859/6188
f 5859/5859/6189 5848/5848/6189 5860/5860/6189
f 5861/5861/6190 5860/5860/6190 5848/5848/6190
f 5862/5862/6191 5860/5860/6191 5861/5861/6191
f 5860/5860/6192 5862/5862/6192 5863/5863/6192
f 5863/5863/6193 5862/5862/6193 5864/5864/6193
f 5865/5865/6194 5864/5864/6194 5862/5862/6194
f 5866/5866/6195 5867/5867/6195 5868/5868/6195
f 5869/5869/6196 5870/5870/6196 5871/5871/6196
f 5872/5872/6197 5873/5873/6197 5874/5874/6197
f 5871/5871/6198 5874/5874/6198 5873/5873/6198
f 5874/5874/6199 5871/5871/6199 5875/5875/6199
f 5876/5876/6200 5875/5875/6200 5871/5871/6200
f 5873/5873/6201 5877/5877/6201 5878/5878/6201
f 5879/5879/6202 5878/5878/6202 5877/5877/6202
f 5878/5878/6203 5879/5879/6204 5880/5880/6204
f 5881/5881/6205 5880/5880/6204 5879/5879/6204
f 5880/5880/6206 5881/5881/6206 5882/5882/6206
f 5882/5882/6207 5881/5881/6207 5883/5883/6207
f 5884/5884/6208 5883/5883/6208 5881/5881/6208
f 5883/5883/6209 5884/5884/6209 5885/5885/6209
f 5884/5884/6210 5881/5881/6210 5886/5886/6210
f 5879/5879/6211 5886/5886/6211 5881/5881/6211
f 5886/5886/6212 5879/5879/6212 5887/5887/6212
f 5888/5888/6213 5887/5887/6213 5879/5879/6213
f 5887/5887/6214 5888/5888/6214 5889/5889/6214
f 5879/5879/6215 5877/5877/6215 5888/5888/6215
f 5890/5890/6216 5888/5888/6216 5877/5877/6216
f 5888/5888/6217 5890/5890/6217 5891/5891/6217
f 5892/5892/6218 5893/5893/6218 5894/5894/6218
f 5895/5895/6219 5896/5896/6219 5892/5892/6219
f 5897/5897/6220 5898/5898/6220 5899/5899/6220
f 5900/5900/6221 5897/5897/6221 5901/5901/6221
f 5902/5902/6222 5901/5901/6222 5897/5897/6222
f 5903/5903/6223 5901/5901/6223 5902/5902/6223
f 5904/5904/6224 5901/5901/6224 5903/5903/6224
f 5901/5901/6225 5904/5904/6225 5898/5898/6225
f 5905/5905/6226 5903/5903/6226 5906/5906/6226
f 5902/5902/6227 5906/5906/6227 5903/5903/6227
f 5906/5906/6228 5902/5902/6228 5907/5907/6228
f 5907/5907/6229 5902/5902/6229 5908/5908/6229
f 5897/5897/6230 5908/5908/6230 5902/5902/6230
f 5908/5908/6231 5897/5897/6231 5909/5909/6231
f 5910/5910/6232 5909/5909/6232 5897/5897/6232
f 5911/5911/6233 5912/5912/6233 5913/5913/6233
f 5914/5914/6234 5913/5913/6234 5912/5912/6234
f 5905/5905/6235 5913/5913/6235 5914/5914/6235
f 5913/5913/6236 5905/5905/6236 5915/5915/6236
f 5906/5906/6237 5915/5915/6237 5905/5905/6237
f 5915/5915/6238 5906/5906/6238 5916/5916/6238
f 5907/5907/6239 5916/5916/6239 5906/5906/6239
f 5916/5916/6240 5907/5907/6240 5917/5917/6240
f 5918/5918/6241 5916/5916/6241 5919/5919/6241
f 5917/5917/6242 5919/5919/6242 5916/5916/6242
f 5919/5919/6243 5917/5917/6243 5920/5920/6243
f 5921/5921/6244 5922/5922/6244 5920/5920/6244
f 5911/5911/6245 5920/5920/6245 5922/5922/6245
f 5923/5923/6246 5924/5924/6246 5925/5925/6246
f 5926/5926/6247 5927/5927/6247 5928/5928/6247
f 5925/5925/6248 5928/5928/6248 5927/5927/6248
f 5925/5925/6249 5929/5929/6249 5930/5930/6249
f 5931/5931/6250 5930/5930/6250 5929/5929/6250
f 5930/5930/6251 5931/5931/6251 5932/5932/6251
f 5933/5933/6252 5932/5932/6253 5931/5931/6254
f 5932/5932/6255 5933/5933/6255 5934/5934/6255
f 5934/5934/6256 5933/5933/6256 5935/5935/6256
f 5935/5935/6257 5933/5933/6257 5936/5936/6257
f 5936/5936/6258 5933/5933/6258 5937/5937/6258
f 5931/5931/6254 5937/5937/6259 5933/5933/6252
f 5929/5929/6260 5937/5937/6260 5931/5931/6260
f 5937/5937/6261 5929/5929/6261 5938/5938/6261
f 5927/5927/6262 5938/5938/6262 5929/5929/6262
f 5939/5939/6263 5938/5938/6263 5927/5927/6263
f 5938/5938/6264 5939/5939/6264 5940/5940/6264
f 5940/5940/6265 5936/5936/6265 5938/5938/6265
f 5937/5937/6266 5938/5938/6266 5936/5936/6266
f 5939/5939/6267 5941/5941/6267 5940/5940/6267
f 5942/5942/6268 5940/5940/6268 5941/5941/6268
f 5940/5940/6269 5942/5942/6269 5936/5936/6269
f 5943/5943/6270 5936/5936/6270 5942/5942/6270
f 5926/5926/6271 5944/5944/6271 5945/5945/6271
f 5946/5946/6272 5945/5945/6272 5944/5944/6272
f 5945/5945/6273 5946/5946/6273 5947/5947/6273
f 5948/5948/6274 5947/5947/6274 5946/5946/6274
f 5947/5947/6275 5948/5948/6275 5949/5949/6275
f 5950/5950/6276 5949/5949/6276 5948/5948/6276
f 5949/5949/6277 5950/5950/6278 5951/5951/6279
f 5952/5952/6280 5951/5951/6280 5950/5950/6280
f 5943/5943/6281 5951/5951/6281 5952/5952/6281
f 5942/5942/6282 5951/5951/6282 5943/5943/6282
f 5951/5951/6279 5942/5942/6283 5949/5949/6277
f 5949/5949/6284 5942/5942/6284 5947/5947/6284
f 5941/5941/6285 5947/5947/6285 5942/5942/6285
f 5947/5947/6286 5941/5941/6286 5945/5945/6286
f 5953/5953/6287 5945/5945/6287 5941/5941/6287
f 5954/5954/6288 5955/5955/6288 5956/5956/6288
f 5957/5957/6289 5958/5958/6289 5959/5959/6289
f 5960/5960/6290 5961/5961/6290 5962/5962/6290
f 5963/5963/6291 5962/5962/6291 5961/5961/6291
f 5962/5962/6292 5963/5963/6292 5959/5959/6292
f 5964/5964/6293 5965/5965/6293 5966/5966/6293
f 5966/5966/6294 5965/5965/6294 5967/5967/6294
f 5968/5968/6295 5967/5967/6295 5965/5965/6295
f 5962/5962/6296 5967/5967/6296 5968/5968/6296
f 5959/5959/6297 5967/5967/6297 5962/5962/6297
f 5967/5967/6298 5959/5959/6298 5966/5966/6298
f 5969/5969/6299 5970/5970/6299 5971/5971/6299
f 5972/5972/6300 5971/5971/6300 5970/5970/6300
f 5973/5973/6301 5974/5974/6301 5975/5975/6301
f 5976/5976/6302 5975/5975/6302 5974/5974/6302
f 5977/5977/6303 5976/5976/6303 5978/5978/6303
f 5974/5974/6304 5978/5978/6304 5976/5976/6304
f 5978/5978/6305 5974/5974/6305 5979/5979/6305
f 5980/5980/6306 5979/5979/6306 5974/5974/6306
f 5981/5981/6307 5977/5977/6307 5982/5982/6307
f 5978/5978/6308 5982/5982/6308 5977/5977/6308
f 5982/5982/6309 5978/5978/6309 5983/5983/6309
f 5984/5984/6310 5985/5985/6310 5979/5979/6310
f 5979/5979/6311 5985/5985/6311 5982/5982/6311
f 5986/5986/6312 5982/5982/6312 5985/5985/6312
f 5982/5982/6313 5986/5986/6313 5981/5981/6313
f 5987/5987/6314 5981/5981/6314 5986/5986/6314
f 5988/5988/6315 5989/5989/6315 5990/5990/6315
f 5991/5991/6316 5990/5990/6316 5989/5989/6316
f 5992/5992/6317 5990/5990/6317 5991/5991/6317
f 5986/5986/6318 5990/5990/6318 5992/5992/6318
f 5985/5985/6319 5990/5990/6319 5986/5986/6319
f 5990/5990/6320 5985/5985/6320 5993/5993/6320
f 5994/5994/6321 5986/5986/6321 5995/5995/6321
f 5992/5992/6322 5995/5995/6322 5986/5986/6322
f 5995/5995/6323 5992/5992/6323 5996/5996/6323
f 5991/5991/6324 5996/5996/6324 5992/5992/6324
f 5996/5996/6325 5991/5991/6325 5997/5997/6325
f 5997/5997/6326 5991/5991/6326 5998/5998/6326
f 5989/5989/6327 5998/5998/6327 5991/5991/6327
f 5998/5998/6328 5989/5989/6328 5973/5973/6328
f 5999/5999/6329 6000/6000/6329 6001/6001/6329
f 6002/6002/6330 6003/6003/6330 6004/6004/6330
f 6004/6004/6331 6003/6003/6331 6005/6005/6331
f 6001/6001/6332 6005/6005/6332 6003/6003/6332
f 6005/6005/6333 6001/6001/6333 6006/6006/6333
f 6000/6000/6334 6006/6006/6334 6001/6001/6334
f 6006/6006/6335 6000/6000/6335 6007/6007/6335
f 6007/6007/6336 6000/6000/6336 6008/6008/6336
f 6008/6008/6337 6000/6000/6337 6009/6009/6337
f 6009/6009/6338 6000/6000/6338 6010/6010/6338
f 5999/5999/6339 6010/6010/6339 6000/6000/6339
f 6010/6010/6340 5999/5999/6340 6011/6011/6340
f 6012/6012/6341 6011/6011/6341 5999/5999/6341
f 6011/6011/6342 6012/6012/6342 6013/6013/6342
f 6014/6014/6343 6013/6013/6343 6012/6012/6343
f 6005/6005/6344 6006/6006/6344 6015/6015/6344
f 6015/6015/6345 6006/6006/6345 6016/6016/6345
f 6007/6007/6346 6016/6016/6346 6006/6006/6346
f 6016/6016/6347 6007/6007/6347 6017/6017/6347
f 6008/6008/6348 6017/6017/6348 6007/6007/6348
f 6017/6017/6349 6008/6008/6349 6018/6018/6349
f 6019/6019/6350 6020/6020/6350 6021/6021/6350
f 6014/6014/6351 6021/6021/6351 6020/6020/6351
f 6021/6021/6352 6014/6014/6352 6022/6022/6352
f 6012/6012/6353 6022/6022/6353 6014/6014/6353
f 6022/6022/6354 6012/6012/6355 6023/6023/6356
f 5999/5999/6357 6023/6023/6356 6012/6012/6355
f 6001/6001/6358 6023/6023/6358 5999/5999/6358
f 6023/6023/6359 6001/6001/6359 6003/6003/6359
f 6013/6013/6360 6014/6014/6360 6024/6024/6360
f 6020/6020/6361 6024/6024/6361 6014/6014/6361
f 6024/6024/6362 6020/6020/6362 6025/6025/6362
f 6025/6025/6363 6020/6020/6363 6026/6026/6363
f 6019/6019/6364 6026/6026/6364 6020/6020/6364
f 6026/6026/6365 6019/6019/6365 6027/6027/6365
f 6028/6028/6366 6027/6027/6366 6019/6019/6366
f 6027/6027/6367 6028/6028/6367 6029/6029/6367
f 6029/6029/6368 6028/6028/6369 6030/6030/6369
f 6030/6030/6369 6028/6028/6369 6031/6031/6370
f 6031/6031/6371 6028/6028/6371 6032/6032/6371
f 6032/6032/6372 6028/6028/6372 6033/6033/6372
f 6019/6019/6373 6033/6033/6373 6028/6028/6373
f 6033/6033/6374 6019/6019/6374 6021/6021/6374
f 6034/6034/6375 6023/6023/6375 6035/6035/6375
f 6003/6003/6376 6035/6035/6376 6023/6023/6376
f 6002/6002/6377 6035/6035/6377 6003/6003/6377
f 6036/6036/6378 6035/6035/6378 6002/6002/6378
f 6035/6035/6379 6036/6036/6379 6037/6037/6379
f 6038/6038/6380 6037/6037/6380 6036/6036/6380
f 6037/6037/6381 6038/6038/6381 6033/6033/6381
f 6033/6033/6382 6038/6038/6382 6032/6032/6382
f 6039/6039/6383 6032/6032/6383 6038/6038/6383
f 6032/6032/6384 6039/6039/6384 6031/6031/6384
f 6040/6040/6385 6031/6031/6385 6039/6039/6385
f 6041/6041/6386 6040/6040/6386 6042/6042/6386
f 6039/6039/6387 6042/6042/6387 6040/6040/6387
f 6042/6042/6388 6039/6039/6388 6043/6043/6388
f 6038/6038/6389 6043/6043/6389 6039/6039/6389
f 6043/6043/6390 6038/6038/6390 6044/6044/6390
f 6036/6036/6391 6044/6044/6391 6038/6038/6391
f 6044/6044/6392 6036/6036/6392 6045/6045/6392
f 6002/6002/6393 6045/6045/6393 6036/6036/6393
f 6045/6045/6394 6002/6002/6394 6046/6046/6394
f 6004/6004/6395 6046/6046/6395 6002/6002/6395
f 6046/6046/6396 6004/6004/6396 6047/6047/6396
f 6047/6047/6397 6004/6004/6397 6048/6048/6397
f 6005/6005/6398 6048/6048/6398 6004/6004/6398
f 6048/6048/6399 6005/6005/6399 6015/6015/6399
f 6049/6049/6400 6050/6050/6400 6051/6051/6400
f 6052/6052/6401 6051/6051/6401 6050/6050/6401
f 6051/6051/6402 6052/6052/6402 6053/6053/6402
f 6054/6054/6403 6055/6055/6403 6056/6056/6403
f 6057/6057/6404 6056/6056/6404 6055/6055/6404
f 6056/6056/6405 6057/6057/6405 6058/6058/6405
f 6059/6059/6406 6060/6060/6406 6055/6055/6406
f 6061/6061/6407 6055/6055/6407 6060/6060/6407
f 6055/6055/6408 6061/6061/6408 6057/6057/6408
f 6062/6062/6409 6057/6057/6409 6061/6061/6409
f 6057/6057/6410 6062/6062/6410 6063/6063/6410
f 6060/6060/6411 6064/6064/6411 6061/6061/6411
f 6065/6065/6412 6061/6061/6412 6064/6064/6412
f 6061/6061/6413 6065/6065/6413 6062/6062/6413
f 6062/6062/6414 6065/6065/6414 6066/6066/6414
f 6066/6066/6415 6065/6065/6415 6067/6067/6415
f 6068/6068/6416 6067/6067/6416 6065/6065/6416
f 6067/6067/6417 6068/6068/6417 6069/6069/6417
f 6069/6069/6418 6068/6068/6418 6070/6070/6418
f 6070/6070/6419 6068/6068/6419 6071/6071/6419
f 6071/6071/6420 6068/6068/6420 6064/6064/6420
f 6065/6065/6421 6064/6064/6421 6068/6068/6421
f 6072/6072/6422 6073/6073/6422 6074/6074/6422
f 6075/6075/6423 6074/6074/6423 6073/6073/6423
f 6074/6074/6424 6075/6075/6424 6076/6076/6424
f 6077/6077/6425 6078/6078/6425 6073/6073/6425
f 6079/6079/6426 6073/6073/6426 6078/6078/6426
f 6073/6073/6427 6079/6079/6427 6075/6075/6427
f 6080/6080/6428 6075/6075/6428 6079/6079/6428
f 6081/6081/6429 6082/6082/6429 6083/6083/6429
f 6083/6083/6430 6082/6082/6430 6084/6084/6430
f 6085/6085/6431 6084/6084/6431 6082/6082/6431
f 6084/6084/6432 6086/6086/6432 6083/6083/6432
f 6087/6087/6433 6083/6083/6433 6086/6086/6433
f 6083/6083/6434 6087/6087/6434 6088/6088/6434
f 6089/6089/6435 6088/6088/6435 6087/6087/6435
f 6088/6088/6436 6089/6089/6436 6090/6090/6436
f 6090/6090/6437 6089/6089/6437 6091/6091/6437
f 6092/6092/6438 6091/6091/6438 6089/6089/6438
f 6091/6091/6439 6092/6092/6439 6093/6093/6439
f 6093/6093/6440 6092/6092/6440 6094/6094/6440
f 6095/6095/6441 6094/6094/6441 6092/6092/6441
f 6088/6088/6442 6081/6081/6442 6083/6083/6442
f 6081/6081/6443 6088/6088/6443 6096/6096/6443
f 6090/6090/6444 6096/6096/6444 6088/6088/6444
f 6096/6096/6445 6090/6090/6445 6097/6097/6445
f 6097/6097/6446 6090/6090/6446 6098/6098/6446
f 6091/6091/6447 6098/6098/6447 6090/6090/6447
f 6098/6098/6448 6091/6091/6448 6099/6099/6448
f 6093/6093/6449 6099/6099/6449 6091/6091/6449
f 6099/6099/6450 6093/6093/6450 6100/6100/6450
f 6101/6101/6451 6100/6100/6451 6093/6093/6451
f 6100/6100/6452 6101/6101/6452 6102/6102/6452
f 6103/6103/6453 6102/6102/6453 6101/6101/6453
f 6102/6102/6454 6103/6103/6454 6104/6104/6454
f 6105/6105/6455 6104/6104/6455 6103/6103/6455
f 6104/6104/6456 6106/6106/6456 6102/6102/6456
f 6107/6107/6457 6102/6102/6457 6106/6106/6457
f 6102/6102/6458 6107/6107/6458 6100/6100/6458
f 6108/6108/6459 6100/6100/6459 6107/6107/6459
f 6100/6100/6460 6108/6108/6460 6099/6099/6460
f 6099/6099/6461 6108/6108/6461 6098/6098/6461
f 6098/6098/6462 6108/6108/6462 6097/6097/6462
f 6097/6097/6463 6108/6108/6463 6109/6109/6463
f 6107/6107/6464 6109/6109/6464 6108/6108/6464
f 6109/6109/6465 6107/6107/6465 6110/6110/6465
f 6106/6106/6466 6110/6110/6466 6107/6107/6466
f 6110/6110/6467 6106/6106/6467 6111/6111/6467
f 6112/6112/6468 6105/6105/6468 6113/6113/6468
f 6103/6103/6469 6113/6113/6469 6105/6105/6469
f 6113/6113/6470 6103/6103/6471 6114/6114/6472
f 6101/6101/6473 6114/6114/6472 6103/6103/6471
f 6114/6114/6474 6101/6101/6474 6115/6115/6474
f 6093/6093/6475 6115/6115/6475 6101/6101/6475
f 6115/6115/6476 6093/6093/6476 6116/6116/6476
f 6033/6033/6477 6021/6021/6477 6037/6037/6477
f 6022/6022/6478 6037/6037/6478 6021/6021/6478
f 6037/6037/6479 6022/6022/6479 6035/6035/6479
f 6117/6117/6480 6118/6118/6480 6119/6119/6480
f 6120/6120/6481 6119/6119/6481 6118/6118/6481
f 6119/6119/6482 6120/6120/6482 6121/6121/6482
f 6118/6118/6483 6117/6117/6483 6122/6122/6483
f 6122/6122/6484 6117/6117/6484 6123/6123/6484
f 6123/6123/6485 6117/6117/6485 6124/6124/6485
f 6124/6124/6486 6117/6117/6486 6125/6125/6486
f 6119/6119/6487 6125/6125/6487 6117/6117/6487
f 6125/6125/6488 6119/6119/6488 6126/6126/6488
f 6126/6126/6489 6119/6119/6489 6127/6127/6489
f 6121/6121/6490 6127/6127/6490 6119/6119/6490
f 6127/6127/6491 6121/6121/6491 6128/6128/6491
f 6129/6129/6492 6128/6128/6492 6121/6121/6492
f 6128/6128/6493 6129/6129/6493 6130/6130/6493
f 6130/6130/6494 6129/6129/6494 6131/6131/6494
f 6132/6132/6495 6131/6131/6495 6129/6129/6495
f 6131/6131/6496 6132/6132/6496 6133/6133/6496
f 6134/6134/6497 6123/6123/6497 6135/6135/6497
f 6123/6123/6498 6134/6134/6498 6122/6122/6498
f 6136/6136/6499 6122/6122/6499 6134/6134/6499
f 6122/6122/6500 6136/6136/6500 6137/6137/6500
f 6138/6138/6501 6137/6137/6501 6136/6136/6501
f 6137/6137/6502 6138/6138/6502 6139/6139/6502
f 6140/6140/6503 6139/6139/6503 6138/6138/6503
f 6139/6139/6504 6140/6140/6504 6141/6141/6504
f 6141/6141/6505 6140/6140/6505 6142/6142/6505
f 6143/6143/6506 6142/6142/6506 6140/6140/6506
f 6144/6144/6507 6142/6142/6507 6143/6143/6507
f 6137/6137/6508 6118/6118/6508 6122/6122/6508
f 6118/6118/6509 6137/6137/6509 6120/6120/6509
f 6120/6120/6510 6137/6137/6510 6145/6145/6510
f 6139/6139/6511 6145/6145/6511 6137/6137/6511
f 6145/6145/6512 6139/6139/6512 6146/6146/6512
f 6141/6141/6513 6146/6146/6513 6139/6139/6513
f 6146/6146/6514 6141/6141/6514 6147/6147/6514
f 6142/6142/6515 6147/6147/6515 6141/6141/6515
f 6147/6147/6516 6142/6142/6516 6148/6148/6516
f 6149/6149/6517 6148/6148/6517 6142/6142/6517
f 6148/6148/6518 6149/6149/6518 6150/6150/6518
f 6150/6150/6519 6149/6149/6519 6151/6151/6519
f 6151/6151/6520 6149/6149/6520 6144/6144/6520
f 6152/6152/6521 6144/6144/6521 6149/6149/6521
f 6150/6150/6522 6153/6153/6522 6148/6148/6522
f 6154/6154/6523 6148/6148/6523 6153/6153/6523
f 6148/6148/6524 6154/6154/6524 6147/6147/6524
f 6155/6155/6525 6147/6147/6525 6154/6154/6525
f 6147/6147/6526 6155/6155/6526 6146/6146/6526
f 6156/6156/6527 6146/6146/6527 6155/6155/6527
f 6146/6146/6528 6156/6156/6528 6145/6145/6528
f 6157/6157/6529 6145/6145/6529 6156/6156/6529
f 6145/6145/6530 6157/6157/6531 6120/6120/6532
f 6120/6120/6532 6157/6157/6531 6121/6121/6533
f 6121/6121/6534 6157/6157/6534 6129/6129/6534
f 6129/6129/6535 6157/6157/6535 6132/6132/6535
f 6156/6156/6536 6132/6132/6536 6157/6157/6536
f 6132/6132/6537 6156/6156/6537 6158/6158/6537
f 6156/6156/6538 6155/6155/6538 6158/6158/6538
f 6158/6158/6539 6155/6155/6539 6159/6159/6539
f 6154/6154/6540 6159/6159/6540 6155/6155/6540
f 6159/6159/6541 6154/6154/6541 6160/6160/6541
f 6153/6153/6542 6160/6160/6542 6154/6154/6542
f 6160/6160/6543 6153/6153/6543 6161/6161/6543
f 6162/6162/6544 6161/6161/6544 6153/6153/6544
f 6161/6161/6545 6162/6162/6545 6163/6163/6545
f 6132/6132/6546 6158/6158/6546 6133/6133/6546
f 6133/6133/6547 6158/6158/6547 6164/6164/6547
f 6159/6159/6548 6164/6164/6548 6158/6158/6548
f 6164/6164/6549 6159/6159/6549 6165/6165/6549
f 6160/6160/6550 6165/6165/6550 6159/6159/6550
f 6165/6165/6551 6160/6160/6551 6166/6166/6551
f 6166/6166/6552 6160/6160/6553 6167/6167/6554
f 6161/6161/6555 6167/6167/6554 6160/6160/6553
f 6163/6163/6556 6167/6167/6556 6161/6161/6556
f 6167/6167/6557 6163/6163/6557 6168/6168/6557
f 6168/6168/6558 6163/6163/6558 6169/6169/6558
f 6162/6162/6559 6169/6169/6559 6163/6163/6559
f 6169/6169/6560 6162/6162/6560 6150/6150/6560
f 6153/6153/6561 6150/6150/6561 6162/6162/6561
f 6170/6170/6562 6171/6171/6562 6172/6172/6562
f 6173/6173/6563 6172/6172/6563 6171/6171/6563
f 6172/6172/6564 6173/6173/6564 6174/6174/6564
f 6174/6174/6565 6173/6173/6565 6175/6175/6565
f 6176/6176/6566 6175/6175/6566 6173/6173/6566
f 6175/6175/6567 6176/6176/6567 6177/6177/6567
f 6178/6178/6568 6177/6177/6568 6176/6176/6568
f 6177/6177/6569 6178/6178/6569 6179/6179/6569
f 6179/6179/6570 6178/6178/6570 6169/6169/6570
f 6169/6169/6571 6178/6178/6571 6180/6180/6571
f 6176/6176/6572 6180/6180/6572 6178/6178/6572
f 6180/6180/6573 6176/6176/6573 6181/6181/6573
f 6173/6173/6574 6181/6181/6574 6176/6176/6574
f 6181/6181/6575 6173/6173/6575 6171/6171/6575
f 6175/6175/6576 6177/6177/6576 6182/6182/6576
f 6182/6182/6577 6177/6177/6577 6183/6183/6577
f 6179/6179/6578 6183/6183/6578 6177/6177/6578
f 6183/6183/6579 6179/6179/6579 6184/6184/6579
f 6185/6185/6580 6184/6184/6580 6179/6179/6580
f 6186/6186/6581 6175/6175/6581 6182/6182/6581
f 6175/6175/6582 6186/6186/6582 6174/6174/6582
f 6187/6187/6583 6174/6174/6583 6186/6186/6583
f 6174/6174/6584 6187/6187/6584 6188/6188/6584
f 6189/6189/6585 6188/6188/6585 6187/6187/6585
f 6188/6188/6586 6189/6189/6586 6190/6190/6586
f 6191/6191/6587 6190/6190/6587 6189/6189/6587
f 6192/6192/6588 6190/6190/6588 6191/6191/6588
f 6190/6190/6589 6192/6192/6589 6193/6193/6589
f 6194/6194/6590 6193/6193/6590 6192/6192/6590
f 6193/6193/6591 6194/6194/6591 6195/6195/6591
f 6196/6196/6592 6195/6195/6592 6194/6194/6592
f 6195/6195/6593 6196/6196/6593 6197/6197/6593
f 6198/6198/6594 6197/6197/6594 6196/6196/6594
f 6195/6195/6595 6199/6199/6595 6193/6193/6595
f 6200/6200/6596 6193/6193/6596 6199/6199/6596
f 6193/6193/6597 6200/6200/6597 6190/6190/6597
f 6190/6190/6598 6200/6200/6598 6188/6188/6598
f 6201/6201/6599 6188/6188/6599 6200/6200/6599
f 6188/6188/6600 6201/6201/6600 6174/6174/6600
f 6174/6174/6601 6201/6201/6601 6172/6172/6601
f 6172/6172/6602 6201/6201/6602 6170/6170/6602
f 6170/6170/6603 6201/6201/6603 6202/6202/6603
f 6200/6200/6604 6202/6202/6604 6201/6201/6604
f 6202/6202/6605 6200/6200/6605 6199/6199/6605
f 6203/6203/6606 6195/6195/6606 6197/6197/6606
f 6195/6195/6607 6203/6203/6607 6199/6199/6607
f 6204/6204/6608 6199/6199/6608 6203/6203/6608
f 6199/6199/6609 6204/6204/6609 6202/6202/6609
f 6205/6205/6610 6202/6202/6610 6204/6204/6610
f 6202/6202/6611 6205/6205/6611 6170/6170/6611
f 6170/6170/6612 6205/6205/6612 6171/6171/6612
f 6206/6206/6613 6171/6171/6613 6205/6205/6613
f 6207/6207/6614 6171/6171/6614 6206/6206/6614
f 6171/6171/6615 6207/6207/6615 6181/6181/6615
f 6208/6208/6616 6181/6181/6616 6207/6207/6616
f 6181/6181/6617 6208/6208/6617 6180/6180/6617
f 6209/6209/6618 6180/6180/6618 6208/6208/6618
f 6210/6210/6619 6211/6211/6619 6212/6212/6619
f 6213/6213/6620 6212/6212/6620 6211/6211/6620
f 6214/6214/6621 6212/6212/6621 6213/6213/6621
f 6215/6215/6622 6212/6212/6622 6214/6214/6622
f 6212/6212/6623 6215/6215/6623 6210/6210/6623
f 6216/6216/6624 6217/6217/6624 6218/6218/6624
f 6219/6219/6625 6218/6218/6625 6217/6217/6625
f 6220/6220/6626 6218/6218/6626 6219/6219/6626
f 6213/6213/6627 6218/6218/6627 6220/6220/6627
f 6218/6218/6628 6213/6213/6628 6216/6216/6628
f 6221/6221/6629 6222/6222/6629 6223/6223/6629
f 6224/6224/6630 6223/6223/6630 6222/6222/6630
f 6223/6223/6631 6224/6224/6631 6225/6225/6631
f 6225/6225/6632 6224/6224/6632 6226/6226/6632
f 6226/6226/6633 6224/6224/6633 6227/6227/6633
f 6222/6222/6634 6227/6227/6634 6224/6224/6634
f 6228/6228/6635 6223/6223/6635 6229/6229/6635
f 6230/6230/6636 6229/6229/6636 6223/6223/6636
f 6229/6229/6637 6230/6230/6637 6231/6231/6637
f 6231/6231/6638 6230/6230/6638 6232/6232/6638
f 6232/6232/6639 6230/6230/6639 6233/6233/6639
f 6223/6223/6640 6233/6233/6640 6230/6230/6640
f 6086/6086/6641 6234/6234/6641 6087/6087/6641
f 6087/6087/6642 6234/6234/6642 6089/6089/6642
f 6235/6235/6643 6089/6089/6643 6234/6234/6643
f 6089/6089/6644 6235/6235/6644 6092/6092/6644
f 6092/6092/6645 6235/6235/6645 6236/6236/6645
f 6236/6236/6646 6235/6235/6646 6237/6237/6646
f 6234/6234/6647 6237/6237/6647 6235/6235/6647
f 6238/6238/6648 6239/6239/6648 6240/6240/6648
f 6241/6241/6649 6242/6242/6649 6238/6238/6649
f 6243/6243/6650 6244/6244/6650 6245/6245/6650
f 6245/6245/6651 6246/6246/6651 6247/6247/6651
f 6248/6248/6652 6249/6249/6652 6250/6250/6652
f 6251/6251/6653 6252/6252/6653 6253/6253/6653
f 6253/6253/6654 6254/6254/6654 6255/6255/6654
f 6256/6256/6655 6257/6257/6655 6258/6258/6655
f 6259/6259/6656 6260/6260/6656 6261/6261/6656
f 6262/6262/6657 6259/6259/6657 6263/6263/6657
f 6264/6264/6658 6265/6265/6658 6266/6266/6658
f 6262/6262/6659 6266/6266/6659 6265/6265/6659
f 6266/6266/6660 6262/6262/6660 6261/6261/6660
f 6267/6267/6661 6268/6268/6662 6261/6261/6663
f 6269/6269/6664 6261/6261/6663 6268/6268/6662
f 6261/6261/6665 6269/6269/6665 6266/6266/6665
f 6270/6270/6666 6266/6266/6666 6269/6269/6666
f 6268/6268/6667 6271/6271/6667 6272/6272/6667
f 6273/6273/6668 6272/6272/6668 6271/6271/6668
f 6272/6272/6669 6273/6273/6669 6274/6274/6669
f 6275/6275/6670 6273/6273/6670 6276/6276/6670
f 6276/6276/6671 6273/6273/6671 6277/6277/6671
f 6271/6271/6672 6277/6277/6672 6273/6273/6672
f 6277/6277/6673 6271/6271/6673 6278/6278/6673
f 6279/6279/6674 6278/6278/6674 6271/6271/6674
f 6278/6278/6675 6279/6279/6675 6267/6267/6675
f 6280/6280/6676 6281/6281/6676 6282/6282/6676
f 6283/6283/6677 6284/6284/6677 6285/6285/6677
f 6286/6286/6678 6287/6287/6678 6288/6288/6678
f 6289/6289/6679 6288/6288/6679 6290/6290/6679
f 6286/6286/6680 6290/6290/6680 6291/6291/6680
f 6292/6292/6681 6291/6291/6681 6290/6290/6681
f 6291/6291/6682 6292/6292/6682 6293/6293/6682
f 6294/6294/6683 6295/6295/6683 6291/6291/6683
f 6291/6291/6684 6295/6295/6684 6286/6286/6684
f 6296/6296/6685 6286/6286/6685 6295/6295/6685
f 6286/6286/6686 6296/6296/6686 6297/6297/6686
f 6298/6298/6687 6299/6299/6687 6300/6300/6687
f 6301/6301/6688 6300/6300/6688 6299/6299/6688
f 6300/6300/6689 6301/6301/6689 6296/6296/6689
f 6297/6297/6690 6302/6302/6690 6303/6303/6690
f 6301/6301/6691 6303/6303/6691 6302/6302/6691
f 6303/6303/6692 6301/6301/6692 6304/6304/6692
f 6299/6299/6693 6304/6304/6693 6301/6301/6693
f 6304/6304/6694 6299/6299/6694 6305/6305/6694
f 6306/6306/6695 6305/6305/6695 6299/6299/6695
f 6307/6307/6696 6308/6308/6696 6309/6309/6696
f 6310/6310/6697 6311/6311/6697 6312/6312/6697
f 6313/6313/6698 6312/6312/6698 6311/6311/6698
f 6307/6307/6699 6312/6312/6699 6313/6313/6699
f 6314/6314/6700 6312/6312/6700 6307/6307/6700
f 6312/6312/6701 6314/6314/6701 6315/6315/6701
f 6315/6315/6702 6314/6314/6702 6316/6316/6702
f 6316/6316/6703 6314/6314/6704 6317/6317/6705
f 6317/6317/6705 6314/6314/6704 6318/6318/6706
f 6308/6308/6707 6318/6318/6707 6314/6314/6707
f 6319/6319/6708 6320/6320/6708 6321/6321/6708
f 6322/6322/6709 6321/6321/6709 6320/6320/6709
f 6321/6321/6710 6322/6322/6710 6315/6315/6710
f 6315/6315/6711 6322/6322/6711 6323/6323/6711
f 6320/6320/6712 6323/6323/6712 6322/6322/6712
f 6323/6323/6713 6320/6320/6713 6324/6324/6713
f 6325/6325/6714 6326/6326/6714 6327/6327/6714
f 6328/6328/6715 6329/6329/6715 6326/6326/6715
f 6330/6330/6716 6331/6331/6716 6329/6329/6716
f 6332/6332/6717 6333/6333/6717 6331/6331/6717
f 6334/6334/6718 6335/6335/6718 6336/6336/6718
f 6337/6337/6719 6338/6338/6719 6336/6336/6719
f 6336/6336/6720 6338/6338/6720 6334/6334/6720
f 6339/6339/6721 6334/6334/6721 6338/6338/6721
f 6340/6340/6722 6341/6341/6722 6342/6342/6722
f 6343/6343/6723 6342/6342/6723 6341/6341/6723
f 6344/6344/6724 6345/6345/6724 6346/6346/6724
f 6347/6347/6725 6346/6346/6725 6345/6345/6725
f 6348/6348/6726 6349/6349/6726 6350/6350/6726
f 6351/6351/6727 6350/6350/6727 6349/6349/6727
f 6348/6348/6728 6352/6352/6728 6353/6353/6728
f 6354/6354/6729 6353/6353/6729 6352/6352/6729
f 6353/6353/6730 6354/6354/6730 6355/6355/6730
f 6356/6356/6731 6357/6357/6731 6358/6358/6731
f 6359/6359/6732 6358/6358/6732 6357/6357/6732
f 6360/6360/6733 6361/6361/6733 6362/6362/6733
f 6363/6363/6734 6362/6362/6734 6361/6361/6734
f 6362/6362/6735 6363/6363/6735 6364/6364/6735
f 6364/6364/6736 6365/6365/6736 6366/6366/6736
f 6367/6367/6737 6366/6366/6737 6365/6365/6737
f 6366/6366/6738 6367/6367/6738 6368/6368/6738
f 6369/6369/6739 6367/6367/6739 6370/6370/6739
f 6365/6365/6740 6370/6370/6740 6367/6367/6740
f 6370/6370/6741 6365/6365/6741 6371/6371/6741
f 6372/6372/6742 6373/6373/6742 6360/6360/6742
f 6373/6373/6743 6372/6372/6743 6374/6374/6743
f 6374/6374/6744 6372/6372/6744 6375/6375/6744
f 6375/6375/6745 6372/6372/6745 6376/6376/6745
f 6376/6376/6746 6372/6372/6746 6377/6377/6746
f 6378/6378/6747 6377/6377/6747 6372/6372/6747
f 6379/6379/6748 6380/6380/6749 6381/6381/6750
f 6382/6382/6751 6381/6381/6750 6380/6380/6749
f 6383/6383/6752 6381/6381/6752 6382/6382/6752
f 6381/6381/6753 6383/6383/6753 6384/6384/6753
f 6385/6385/6754 6386/6386/6754 6387/6387/6754
f 6388/6388/6755 6387/6387/6755 6386/6386/6755
f 6389/6389/6756 6387/6387/6756 6388/6388/6756
f 6387/6387/6757 6389/6389/6757 6390/6390/6757
f 6391/6391/6758 6392/6392/6758 6393/6393/6758
f 6394/6394/6759 6393/6393/6759 6392/6392/6759
f 6395/6395/6760 6393/6393/6760 6394/6394/6760
f 6393/6393/6761 6395/6395/6761 6396/6396/6761
f 6397/6397/6762 6398/6398/6762 6399/6399/6762
f 6400/6400/6763 6399/6399/6763 6398/6398/6763
f 6399/6399/6764 6400/6400/6764 6401/6401/6764
f 6401/6401/6765 6400/6400/6765 6402/6402/6765
f 6402/6402/6766 6400/6400/6766 6403/6403/6766
f 6398/6398/6767 6403/6403/6767 6400/6400/6767
f 6404/6404/6768 6405/6405/6768 6406/6406/6768
f 6407/6407/6769 6406/6406/6769 6405/6405/6769
f 6406/6406/6770 6407/6407/6770 6408/6408/6770
f 6408/6408/6771 6407/6407/6771 6409/6409/6771
f 6410/6410/6772 6409/6409/6773 6407/6407/6774
f 6410/6410/6775 6407/6407/6775 6411/6411/6775
f 6405/6405/6776 6411/6411/6776 6407/6407/6776
f 6411/6411/6777 6405/6405/6777 6412/6412/6777
f 6404/6404/6778 6412/6412/6778 6405/6405/6778
f 6412/6412/6779 6404/6404/6779 6413/6413/6779
f 6414/6414/6780 6413/6413/6780 6404/6404/6780
f 6413/6413/6781 6414/6414/6781 6415/6415/6781
f 6415/6415/6782 6414/6414/6782 6416/6416/6782
f 6416/6416/6783 6414/6414/6783 6417/6417/6783
f 6404/6404/6784 6417/6417/6784 6414/6414/6784
f 6418/6418/6785 6411/6411/6785 6419/6419/6785
f 6412/6412/6786 6419/6419/6786 6411/6411/6786
f 6419/6419/6787 6412/6412/6787 6420/6420/6787
f 6413/6413/6788 6420/6420/6788 6412/6412/6788
f 6420/6420/6789 6413/6413/6789 6421/6421/6789
f 6415/6415/6790 6421/6421/6790 6413/6413/6790
f 6421/6421/6791 6415/6415/6791 6422/6422/6791
f 6422/6422/6792 6415/6415/6792 6423/6423/6792
f 6416/6416/6793 6423/6423/6793 6415/6415/6793
f 6423/6423/6794 6416/6416/6794 6424/6424/6794
f 6425/6425/6795 6426/6426/6795 6411/6411/6795
f 6411/6411/6796 6426/6426/6796 6410/6410/6796
f 6427/6427/6797 6410/6410/6797 6426/6426/6797
f 6410/6410/6772 6427/6427/6798 6409/6409/6773
f 6428/6428/6799 6409/6409/6799 6427/6427/6799
f 6429/6429/6800 6409/6409/6800 6428/6428/6800
f 6409/6409/6801 6429/6429/6801 6408/6408/6801
f 6430/6430/6802 6408/6408/6802 6429/6429/6802
f 6408/6408/6803 6430/6430/6803 6431/6431/6803
f 6431/6431/6804 6430/6430/6804 6432/6432/6804
f 6429/6429/6805 6432/6432/6805 6430/6430/6805
f 6433/6433/6806 6434/6434/6806 6435/6435/6806
f 6435/6435/6807 6436/6436/6807 6437/6437/6807
f 6438/6438/6808 6437/6437/6808 6436/6436/6808
f 6439/6439/6809 6438/6438/6809 6440/6440/6809
f 6441/6441/6810 6436/6436/6810 6442/6442/6810
f 6443/6443/6811 6442/6442/6811 6436/6436/6811
f 6444/6444/6812 6445/6445/6812 6446/6446/6812
f 6447/6447/6813 6446/6446/6813 6448/6448/6813
f 6449/6449/6814 6450/6450/6814 6451/6451/6814
f 6452/6452/6815 6453/6453/6815 6454/6454/6815
f 6450/6450/6816 6454/6454/6816 6453/6453/6816
f 6452/6452/6817 6455/6455/6817 6456/6456/6817
f 6457/6457/6818 6458/6458/6818 6459/6459/6818
f 6460/6460/6819 6461/6461/6819 6462/6462/6819
f 6463/6463/6820 6464/6464/6820 6465/6465/6820
f 6466/6466/6821 6465/6465/6821 6464/6464/6821
f 6467/6467/6822 6465/6465/6822 6466/6466/6822
f 6468/6468/6823 6465/6465/6823 6467/6467/6823
f 6469/6469/6824 6465/6465/6824 6468/6468/6824
f 6465/6465/6825 6469/6469/6825 6470/6470/6825
f 6470/6470/6826 6469/6469/6826 6471/6471/6826
f 6468/6468/6827 6471/6471/6827 6469/6469/6827
f 6472/6472/6828 6471/6471/6828 6468/6468/6828
f 6461/6461/6829 6471/6471/6829 6472/6472/6829
f 6460/6460/6830 6471/6471/6830 6461/6461/6830
f 6471/6471/6831 6460/6460/6831 6470/6470/6831
f 6470/6470/6832 6460/6460/6832 6473/6473/6832
f 6462/6462/6833 6473/6473/6833 6460/6460/6833
f 6462/6462/6834 6474/6474/6834 6473/6473/6834
f 6475/6475/6835 6473/6473/6835 6474/6474/6835
f 6473/6473/6836 6475/6475/6836 6476/6476/6836
f 6477/6477/6837 6476/6476/6837 6475/6475/6837
f 6476/6476/6838 6477/6477/6838 6478/6478/6838
f 6478/6478/6839 6477/6477/6839 6479/6479/6839
f 6479/6479/6840 6477/6477/6840 6480/6480/6840
f 6475/6475/6841 6480/6480/6841 6477/6477/6841
f 6480/6480/6842 6475/6475/6842 6474/6474/6842
