# Blender v2.79 (sub 0) OBJ File: ''
# www.blender.org
mtllib Kai.mtl
o rg_1_0.003
v 0.592088 1.085648 -0.002136
v 0.585923 1.086503 -0.005311
v 0.598559 1.084977 -0.005433
v 0.592088 1.085648 -0.002136
v 0.598559 1.084977 -0.005433
v 0.599353 1.086258 -0.002320
v 0.585923 1.086503 -0.005311
v 0.581894 1.087479 -0.004273
v 0.598559 1.084977 -0.005433
v 0.580734 1.088761 -0.001404
v 0.599353 1.086258 -0.002320
v 0.598498 1.084915 0.000611
v 0.581955 1.087479 0.000672
v 0.586289 1.086442 0.001282
v 0.592088 1.085648 -0.002136
v 0.599353 1.086258 -0.002320
v -0.571638 1.087235 -0.032904
v -0.584824 1.086808 -0.032171
v -0.577620 1.087663 -0.034979
v -0.585251 1.087602 -0.034003
v -0.584885 1.086747 -0.036383
v -0.571211 1.086869 -0.038459
v -0.567609 1.088151 -0.037788
v -0.566937 1.089677 -0.035773
v -0.585251 1.087602 -0.034003
v -0.567792 1.088456 -0.033881
v 0.601123 1.086808 -0.028692
v 0.602161 1.087846 -0.025822
v 0.594530 1.088273 -0.025761
v 0.601612 1.086991 -0.023320
v 0.588670 1.088884 -0.022831
v 0.583725 1.089982 -0.023503
v 0.582504 1.091081 -0.026128
v 0.602161 1.087846 -0.025822
v 0.584091 1.089616 -0.028570
v 0.588609 1.088517 -0.029241
v 0.566998 1.089677 -0.035773
v 0.567853 1.088456 -0.033881
v 0.584885 1.086808 -0.032171
v 0.571699 1.087235 -0.032904
v 0.577681 1.087663 -0.034979
v 0.585312 1.087602 -0.034003
v 0.584946 1.086747 -0.036383
v 0.571272 1.086869 -0.038459
v 0.567670 1.088151 -0.037788
v 0.585312 1.087602 -0.034003
v -0.586228 1.086442 0.001282
v -0.598437 1.084915 0.000611
v -0.592027 1.085648 -0.002136
v -0.599292 1.086258 -0.002320
v -0.598498 1.084977 -0.005433
v -0.585862 1.086503 -0.005311
v -0.581833 1.087479 -0.004273
v -0.580673 1.088761 -0.001404
v -0.599292 1.086258 -0.002320
v -0.581894 1.087479 0.000672
v -0.598498 1.086869 -0.010561
v -0.612234 1.084671 -0.011049
v -0.605580 1.086014 -0.014163
v -0.612905 1.085892 -0.013979
v -0.612112 1.084549 -0.017276
v -0.598437 1.086625 -0.018008
v -0.593798 1.087846 -0.016788
v -0.592516 1.089677 -0.013918
v -0.612905 1.085892 -0.013979
v -0.593981 1.087846 -0.011232
v -0.601551 1.086991 -0.023320
v -0.602100 1.087846 -0.025822
v -0.594469 1.088273 -0.025761
v -0.601062 1.086808 -0.028692
v -0.588548 1.088517 -0.029241
v -0.584030 1.089616 -0.028570
v -0.582443 1.091081 -0.026128
v -0.602100 1.087846 -0.025822
v -0.583664 1.089982 -0.023503
v -0.588609 1.088884 -0.022831
v -0.527929 1.046395 0.021427
v -0.514865 1.048776 0.015628
v -0.526830 1.044320 0.020023
v -0.512423 1.051096 0.016483
v -0.527929 1.046395 0.021427
v -0.511751 1.054698 0.017887
v -0.514010 1.056346 0.016788
v -0.528783 1.049631 0.019962
v -0.517612 1.056407 0.015689
v -0.517429 1.051767 0.018436
v 0.598498 1.086625 -0.018008
v 0.612173 1.084549 -0.017276
v 0.605641 1.086014 -0.014163
v 0.612966 1.085892 -0.013979
v 0.612295 1.084671 -0.011049
v 0.598559 1.086869 -0.010561
v 0.594042 1.087846 -0.011232
v 0.592577 1.089677 -0.013918
v 0.612966 1.085892 -0.013979
v 0.593859 1.087846 -0.016788
v 0.007509 1.091142 0.047311
v 0.000000 1.103596 0.044564
v 0.000000 1.089250 0.048715
v 0.011171 1.095599 0.044015
v 0.000000 1.103596 0.044564
v 0.007509 1.091142 0.047311
v 0.011904 1.101520 0.039619
v 0.000000 1.103596 0.044564
v 0.011171 1.095599 0.044015
v 0.009462 1.108540 0.034369
v 0.000000 1.103596 0.044564
v 0.011904 1.101520 0.039619
v 0.005250 1.111715 0.031988
v 0.000000 1.103596 0.044564
v 0.009462 1.108540 0.034369
v 0.005250 1.111715 0.031988
v 0.000000 1.112692 0.031317
v 0.000000 1.103596 0.044564
v 0.000000 1.089250 0.048715
v 0.000000 1.103596 0.044564
v -0.007448 1.091142 0.047311
v -0.007448 1.091142 0.047311
v 0.000000 1.103596 0.044564
v -0.011110 1.095599 0.044015
v -0.011110 1.095599 0.044015
v 0.000000 1.103596 0.044564
v -0.011843 1.101520 0.039619
v -0.011843 1.101520 0.039619
v 0.000000 1.103596 0.044564
v -0.009401 1.108540 0.034369
v -0.009401 1.108540 0.034369
v 0.000000 1.103596 0.044564
v -0.005189 1.111715 0.031988
v 0.000000 1.103596 0.044564
v 0.000000 1.112692 0.031317
v -0.005189 1.111715 0.031988
v 0.000000 1.109700 0.027227
v 0.000000 1.112692 0.031317
v 0.000000 1.100604 0.040474
v 0.000000 1.103596 0.044564
v 0.000000 1.089250 0.048715
v 0.000000 1.086258 0.044625
v 0.000000 1.086258 0.044625
v 0.000000 1.089250 0.048715
v 0.000000 1.100604 0.040474
v 0.000000 1.103596 0.044564
v 0.000000 1.112692 0.031317
v 0.000000 1.109700 0.027227
v 0.000000 1.324583 0.079177
v 0.000000 1.323362 0.082169
v 0.003602 1.323424 0.079116
v 0.000000 1.323362 0.082169
v 0.004640 1.319822 0.082962
v 0.003602 1.323424 0.079116
v 0.000000 1.323362 0.082169
v 0.000000 1.318357 0.085038
v 0.004640 1.319822 0.082962
v 0.003602 1.323424 0.079116
v 0.004640 1.319822 0.082962
v 0.007203 1.318479 0.078994
v 0.000000 1.318357 0.085038
v 0.003602 1.313412 0.084916
v 0.004640 1.319822 0.082962
v 0.004640 1.319822 0.082962
v 0.007203 1.313534 0.081924
v 0.007203 1.318479 0.078994
v 0.000000 1.318357 0.085038
v 0.000000 1.313412 0.085648
v 0.003602 1.313412 0.084916
v 0.004640 1.319822 0.082962
v 0.003602 1.313412 0.084916
v 0.007203 1.313534 0.081924
v 0.007203 1.318479 0.078994
v 0.007203 1.313534 0.081924
v 0.008058 1.313595 0.078872
v 0.000000 1.324583 0.079177
v -0.003541 1.323424 0.079116
v 0.000000 1.323362 0.082169
v -0.003541 1.323424 0.079116
v -0.004578 1.319822 0.082962
v 0.000000 1.323362 0.082169
v -0.003541 1.323424 0.079116
v -0.007142 1.318479 0.078994
v -0.004578 1.319822 0.082962
v 0.000000 1.323362 0.082169
v -0.004578 1.319822 0.082962
v 0.000000 1.318357 0.085038
v -0.007142 1.318479 0.078994
v -0.007142 1.313534 0.081924
v -0.004578 1.319822 0.082962
v -0.004578 1.319822 0.082962
v -0.003541 1.313412 0.084916
v 0.000000 1.318357 0.085038
v -0.007142 1.318479 0.078994
v -0.007997 1.313595 0.078872
v -0.007142 1.313534 0.081924
v -0.004578 1.319822 0.082962
v -0.007142 1.313534 0.081924
v -0.003541 1.313412 0.084916
v 0.000000 1.318357 0.085038
v -0.003541 1.313412 0.084916
v 0.000000 1.313412 0.085648
v 0.000000 1.313412 0.085648
v 0.000000 1.308528 0.084794
v 0.003602 1.313412 0.084916
v 0.000000 1.308528 0.084794
v 0.004640 1.307124 0.082596
v 0.003602 1.313412 0.084916
v 0.000000 1.308528 0.084794
v 0.000000 1.303644 0.081619
v 0.004640 1.307124 0.082596
v 0.003602 1.313412 0.084916
v 0.004640 1.307124 0.082596
v 0.007203 1.313534 0.081924
v 0.000000 1.303644 0.081619
v 0.003602 1.303767 0.078628
v 0.004640 1.307124 0.082596
v 0.004640 1.307124 0.082596
v 0.007203 1.308650 0.078750
v 0.007203 1.313534 0.081924
v 0.000000 1.303644 0.081619
v 0.000000 1.302607 0.078628
v 0.003602 1.303767 0.078628
v 0.004640 1.307124 0.082596
v 0.003602 1.303767 0.078628
v 0.007203 1.308650 0.078750
v 0.007203 1.313534 0.081924
v 0.007203 1.308650 0.078750
v 0.008058 1.313595 0.078872
v -0.007997 1.313595 0.078872
v -0.007142 1.308650 0.078750
v -0.007142 1.313534 0.081924
v -0.007142 1.308650 0.078750
v -0.004578 1.307124 0.082596
v -0.007142 1.313534 0.081924
v -0.007142 1.308650 0.078750
v -0.003541 1.303767 0.078628
v -0.004578 1.307124 0.082596
v -0.007142 1.313534 0.081924
v -0.004578 1.307124 0.082596
v -0.003541 1.313412 0.084916
v -0.003541 1.303767 0.078628
v 0.000000 1.303644 0.081619
v -0.004578 1.307124 0.082596
v -0.004578 1.307124 0.082596
v 0.000000 1.308528 0.084794
v -0.003541 1.313412 0.084916
v -0.003541 1.303767 0.078628
v 0.000000 1.302607 0.078628
v 0.000000 1.303644 0.081619
v -0.004578 1.307124 0.082596
v 0.000000 1.303644 0.081619
v 0.000000 1.308528 0.084794
v -0.003541 1.313412 0.084916
v 0.000000 1.308528 0.084794
v 0.000000 1.313412 0.085648
v 0.006105 1.170441 0.002930
v 0.007692 1.170991 -0.001709
v 0.004640 1.166290 0.003114
v 0.006898 1.167145 -0.003479
v 0.005799 1.162200 0.002015
v 0.007387 1.162811 -0.002625
v 0.008852 1.160552 0.000305
v 0.010500 1.161712 0.003602
v 0.011294 1.165619 0.005372
v 0.010805 1.169953 0.004457
v 0.009340 1.172151 0.001526
v 0.012453 1.170502 -0.000183
v 0.013613 1.166473 -0.001221
v 0.012087 1.162322 -0.001038
v 0.007387 1.162811 -0.002625
v 0.006898 1.167145 -0.003479
v 0.007692 1.170991 -0.001709
v 0.006105 1.159758 0.002930
v 0.007692 1.160369 -0.001709
v 0.004640 1.155607 0.003114
v 0.006898 1.156462 -0.003479
v 0.005799 1.151578 0.002015
v 0.007387 1.152128 -0.002625
v 0.008852 1.149930 0.000305
v 0.010500 1.151090 0.003602
v 0.011294 1.154936 0.005372
v 0.010805 1.159270 0.004457
v 0.009340 1.161529 0.001526
v 0.012453 1.159880 -0.000183
v 0.013613 1.155790 -0.001221
v 0.012087 1.151639 -0.001038
v 0.007387 1.152128 -0.002625
v 0.006898 1.156462 -0.003479
v 0.007692 1.160369 -0.001709
v 0.006105 1.149564 0.002930
v 0.007692 1.150113 -0.001709
v 0.004640 1.145412 0.003114
v 0.006898 1.146267 -0.003479
v 0.005799 1.141322 0.002015
v 0.007387 1.141933 -0.002625
v 0.008852 1.139674 0.000305
v 0.010500 1.140834 0.003602
v 0.011294 1.144741 0.005372
v 0.010805 1.149075 0.004457
v 0.009340 1.151273 0.001526
v 0.012453 1.149625 -0.000183
v 0.013613 1.145535 -0.001221
v 0.012087 1.141444 -0.001038
v 0.007387 1.141933 -0.002625
v 0.006898 1.146267 -0.003479
v 0.007692 1.150113 -0.001709
v -0.012392 1.149625 -0.000183
v -0.007631 1.150113 -0.001709
v -0.013552 1.145535 -0.001221
v -0.006837 1.146267 -0.003479
v -0.012026 1.141444 -0.001038
v -0.007326 1.141933 -0.002625
v -0.008791 1.139674 0.000305
v -0.010439 1.140834 0.003602
v -0.011233 1.144741 0.005372
v -0.010744 1.149075 0.004457
v -0.009279 1.151273 0.001526
v -0.006044 1.149564 0.002930
v -0.004578 1.145412 0.003114
v -0.005738 1.141322 0.002015
v -0.007326 1.141933 -0.002625
v -0.006837 1.146267 -0.003479
v -0.007631 1.150113 -0.001709
v -0.012392 1.159880 -0.000183
v -0.007631 1.160369 -0.001709
v -0.013552 1.155790 -0.001221
v -0.006837 1.156462 -0.003479
v -0.012026 1.151639 -0.001038
v -0.007326 1.152128 -0.002625
v -0.008791 1.149930 0.000305
v -0.010439 1.151090 0.003602
v -0.011233 1.154936 0.005372
v -0.010744 1.159270 0.004457
v -0.009279 1.161529 0.001526
v -0.006044 1.159758 0.002930
v -0.004578 1.155607 0.003114
v -0.005738 1.151578 0.002015
v -0.007326 1.152128 -0.002625
v -0.006837 1.156462 -0.003479
v -0.007631 1.160369 -0.001709
v -0.012392 1.170502 -0.000183
v -0.007631 1.170991 -0.001709
v -0.013552 1.166473 -0.001221
v -0.006837 1.167145 -0.003479
v -0.012026 1.162322 -0.001038
v -0.007326 1.162811 -0.002625
v -0.008791 1.160552 0.000305
v -0.010439 1.161712 0.003602
v -0.011233 1.165619 0.005372
v -0.010744 1.169953 0.004457
v -0.009279 1.172151 0.001526
v -0.006044 1.170441 0.002930
v -0.004578 1.166290 0.003114
v -0.005738 1.162200 0.002015
v -0.007326 1.162811 -0.002625
v -0.006837 1.167145 -0.003479
v -0.007631 1.170991 -0.001709
v 0.005616 1.169953 -0.002808
v 0.007081 1.170441 -0.007081
v 0.004273 1.166168 -0.002564
v 0.006349 1.166901 -0.008668
v 0.005311 1.162383 -0.003602
v 0.006776 1.162933 -0.007875
v 0.008119 1.160918 -0.005189
v 0.009645 1.161956 -0.002136
v 0.010378 1.165497 -0.000549
v 0.009951 1.169465 -0.001343
v 0.008546 1.171540 -0.004029
v 0.011416 1.170014 -0.005677
v 0.012453 1.166290 -0.006654
v 0.011110 1.162505 -0.006471
v 0.006776 1.162933 -0.007875
v 0.006349 1.166901 -0.008668
v 0.007081 1.170441 -0.007081
v 0.005616 1.160125 -0.002808
v 0.007081 1.160674 -0.007081
v 0.004273 1.156340 -0.002564
v 0.006349 1.157133 -0.008668
v 0.005311 1.152616 -0.003602
v 0.006776 1.153165 -0.007875
v 0.008119 1.151090 -0.005189
v 0.009645 1.152189 -0.002136
v 0.010378 1.155729 -0.000549
v 0.009951 1.159697 -0.001343
v 0.008546 1.161773 -0.004029
v 0.011416 1.160247 -0.005677
v 0.012453 1.156523 -0.006654
v 0.011110 1.152738 -0.006471
v 0.006776 1.153165 -0.007875
v 0.006349 1.157133 -0.008668
v 0.007081 1.160674 -0.007081
v 0.005616 1.150784 -0.002808
v 0.007081 1.151334 -0.007081
v 0.004273 1.147000 -0.002564
v 0.006349 1.147732 -0.008668
v 0.005311 1.143215 -0.003602
v 0.006776 1.143764 -0.007875
v 0.008119 1.141750 -0.005189
v 0.009645 1.142787 -0.002136
v 0.010378 1.146328 -0.000549
v 0.009951 1.150296 -0.001343
v 0.008546 1.152372 -0.004029
v 0.011416 1.150846 -0.005677
v 0.012453 1.147122 -0.006654
v 0.011110 1.143337 -0.006471
v 0.006776 1.143764 -0.007875
v 0.006349 1.147732 -0.008668
v 0.007081 1.151334 -0.007081
v -0.011355 1.150846 -0.005677
v -0.007020 1.151334 -0.007081
v -0.012392 1.147122 -0.006654
v -0.006288 1.147732 -0.008668
v -0.011049 1.143337 -0.006471
v -0.006715 1.143764 -0.007875
v -0.008058 1.141750 -0.005189
v -0.009584 1.142787 -0.002136
v -0.010317 1.146328 -0.000549
v -0.009890 1.150296 -0.001343
v -0.008485 1.152372 -0.004029
v -0.005555 1.150784 -0.002808
v -0.004212 1.147000 -0.002564
v -0.005250 1.143215 -0.003602
v -0.006715 1.143764 -0.007875
v -0.006288 1.147732 -0.008668
v -0.007020 1.151334 -0.007081
v -0.011355 1.160247 -0.005677
v -0.007020 1.160674 -0.007081
v -0.012392 1.156523 -0.006654
v -0.006288 1.157133 -0.008668
v -0.011049 1.152738 -0.006471
v -0.006715 1.153165 -0.007875
v -0.008058 1.151090 -0.005189
v -0.009584 1.152189 -0.002136
v -0.010317 1.155729 -0.000549
v -0.009890 1.159697 -0.001343
v -0.008485 1.161773 -0.004029
v -0.005555 1.160125 -0.002808
v -0.004212 1.156340 -0.002564
v -0.005250 1.152616 -0.003602
v -0.006715 1.153165 -0.007875
v -0.006288 1.157133 -0.008668
v -0.007020 1.160674 -0.007081
v -0.011355 1.170014 -0.005677
v -0.007020 1.170441 -0.007081
v -0.012392 1.166290 -0.006654
v -0.006288 1.166901 -0.008668
v -0.011049 1.162505 -0.006471
v -0.006715 1.162933 -0.007875
v -0.008058 1.160918 -0.005189
v -0.009584 1.161956 -0.002136
v -0.010317 1.165497 -0.000549
v -0.009890 1.169465 -0.001343
v -0.008485 1.171540 -0.004029
v -0.005555 1.169953 -0.002808
v -0.004212 1.166168 -0.002564
v -0.005250 1.162383 -0.003602
v -0.006715 1.162933 -0.007875
v -0.006288 1.166901 -0.008668
v -0.007020 1.170441 -0.007081
vt 1.183960 -1.170898
vt 1.171631 -1.172607
vt 1.196899 -1.169556
vt 1.183960 -1.170898
vt 1.196899 -1.169556
vt 1.198486 -1.172119
vt 1.171631 -1.172607
vt 1.163574 -1.174561
vt 1.196899 -1.169556
vt 1.161255 -1.177124
vt 1.198486 -1.172119
vt 1.196777 -1.169434
vt 1.163696 -1.174561
vt 1.172363 -1.172485
vt 1.183960 -1.170898
vt 1.198486 -1.172119
vt -1.143066 -1.174072
vt -1.169434 -1.173218
vt -1.155029 -1.174927
vt -1.170288 -1.174805
vt -1.169556 -1.173096
vt -1.142212 -1.173340
vt -1.135010 -1.175903
vt -1.133667 -1.178955
vt -1.170288 -1.174805
vt -1.135376 -1.176514
vt 1.202026 -1.173218
vt 1.204102 -1.175293
vt 1.188843 -1.176147
vt 1.203003 -1.173584
vt 1.177124 -1.177368
vt 1.167236 -1.179565
vt 1.164795 -1.181763
vt 1.204102 -1.175293
vt 1.167969 -1.178833
vt 1.177002 -1.176636
vt 1.133789 -1.178955
vt 1.135498 -1.176514
vt 1.169556 -1.173218
vt 1.143188 -1.174072
vt 1.155151 -1.174927
vt 1.170410 -1.174805
vt 1.169678 -1.173096
vt 1.142334 -1.173340
vt 1.135132 -1.175903
vt 1.170410 -1.174805
vt -1.172241 -1.172485
vt -1.196655 -1.169434
vt -1.183838 -1.170898
vt -1.198364 -1.172119
vt -1.196777 -1.169556
vt -1.171509 -1.172607
vt -1.163452 -1.174561
vt -1.161133 -1.177124
vt -1.198364 -1.172119
vt -1.163574 -1.174561
vt -1.196777 -1.173340
vt -1.224243 -1.168945
vt -1.210938 -1.171631
vt -1.225586 -1.171387
vt -1.223999 -1.168701
vt -1.196655 -1.172852
vt -1.187378 -1.175293
vt -1.184814 -1.178955
vt -1.225586 -1.171387
vt -1.187744 -1.175293
vt -1.202881 -1.173584
vt -1.203979 -1.175293
vt -1.188721 -1.176147
vt -1.201904 -1.173218
vt -1.176880 -1.176636
vt -1.167847 -1.178833
vt -1.164673 -1.181763
vt -1.203979 -1.175293
vt -1.167114 -1.179565
vt -1.177002 -1.177368
vt -1.055664 -1.092407
vt -1.029541 -1.097168
vt -1.053467 -1.088257
vt -1.024658 -1.101807
vt -1.055664 -1.092407
vt -1.023315 -1.109009
vt -1.027832 -1.112305
vt -1.057373 -1.098877
vt -1.035034 -1.112427
vt -1.034668 -1.103149
vt 1.196777 -1.172852
vt 1.224121 -1.168701
vt 1.211060 -1.171631
vt 1.225708 -1.171387
vt 1.224365 -1.168945
vt 1.196899 -1.173340
vt 1.187866 -1.175293
vt 1.184937 -1.178955
vt 1.225708 -1.171387
vt 1.187500 -1.175293
vt 0.015015 -1.181885
vt 0.000000 -1.206787
vt 0.000000 -1.178101
vt 0.022339 -1.190796
vt 0.000000 -1.206787
vt 0.015015 -1.181885
vt 0.023804 -1.202637
vt 0.000000 -1.206787
vt 0.022339 -1.190796
vt 0.018921 -1.216675
vt 0.000000 -1.206787
vt 0.023804 -1.202637
vt 0.010498 -1.223022
vt 0.000000 -1.206787
vt 0.018921 -1.216675
vt 0.010498 -1.223022
vt 0.000000 -1.224976
vt 0.000000 -1.206787
vt 0.000000 -1.178101
vt 0.000000 -1.206787
vt -0.014893 -1.181885
vt -0.014893 -1.181885
vt 0.000000 -1.206787
vt -0.022217 -1.190796
vt -0.022217 -1.190796
vt 0.000000 -1.206787
vt -0.023682 -1.202637
vt -0.023682 -1.202637
vt 0.000000 -1.206787
vt -0.018799 -1.216675
vt -0.018799 -1.216675
vt 0.000000 -1.206787
vt -0.010376 -1.223022
vt 0.000000 -1.206787
vt 0.000000 -1.224976
vt -0.010376 -1.223022
vt 0.000000 -1.218994
vt 0.000000 -1.224976
vt 0.000000 -1.200806
vt 0.000000 -1.206787
vt 0.000000 -1.178101
vt 0.000000 -1.172119
vt 0.000000 -1.172119
vt 0.000000 -1.178101
vt 0.000000 -1.200806
vt 0.000000 -1.206787
vt 0.000000 -1.224976
vt 0.000000 -1.218994
vt 0.000000 -1.648682
vt 0.000000 -1.646240
vt 0.007202 -1.646362
vt 0.000000 -1.646240
vt 0.009277 -1.639160
vt 0.007202 -1.646362
vt 0.000000 -1.646240
vt 0.000000 -1.636230
vt 0.009277 -1.639160
vt 0.007202 -1.646362
vt 0.009277 -1.639160
vt 0.014404 -1.636475
vt 0.000000 -1.636230
vt 0.007202 -1.626343
vt 0.009277 -1.639160
vt 0.009277 -1.639160
vt 0.014404 -1.626587
vt 0.014404 -1.636475
vt 0.000000 -1.636230
vt 0.000000 -1.626343
vt 0.007202 -1.626343
vt 0.009277 -1.639160
vt 0.007202 -1.626343
vt 0.014404 -1.626587
vt 0.014404 -1.636475
vt 0.014404 -1.626587
vt 0.016113 -1.626709
vt 0.000000 -1.648682
vt -0.007080 -1.646362
vt 0.000000 -1.646240
vt -0.007080 -1.646362
vt -0.009155 -1.639160
vt 0.000000 -1.646240
vt -0.007080 -1.646362
vt -0.014282 -1.636475
vt -0.009155 -1.639160
vt 0.000000 -1.646240
vt -0.009155 -1.639160
vt 0.000000 -1.636230
vt -0.014282 -1.636475
vt -0.014282 -1.626587
vt -0.009155 -1.639160
vt -0.009155 -1.639160
vt -0.007080 -1.626343
vt 0.000000 -1.636230
vt -0.014282 -1.636475
vt -0.015991 -1.626709
vt -0.014282 -1.626587
vt -0.009155 -1.639160
vt -0.014282 -1.626587
vt -0.007080 -1.626343
vt 0.000000 -1.636230
vt -0.007080 -1.626343
vt 0.000000 -1.626343
vt 0.000000 -1.626343
vt 0.000000 -1.616577
vt 0.007202 -1.626343
vt 0.000000 -1.616577
vt 0.009277 -1.613770
vt 0.007202 -1.626343
vt 0.000000 -1.616577
vt 0.000000 -1.606812
vt 0.009277 -1.613770
vt 0.007202 -1.626343
vt 0.009277 -1.613770
vt 0.014404 -1.626587
vt 0.000000 -1.606812
vt 0.007202 -1.607056
vt 0.009277 -1.613770
vt 0.009277 -1.613770
vt 0.014404 -1.616821
vt 0.014404 -1.626587
vt 0.000000 -1.606812
vt 0.000000 -1.604736
vt 0.007202 -1.607056
vt 0.009277 -1.613770
vt 0.007202 -1.607056
vt 0.014404 -1.616821
vt 0.014404 -1.626587
vt 0.014404 -1.616821
vt 0.016113 -1.626709
vt -0.015991 -1.626709
vt -0.014282 -1.616821
vt -0.014282 -1.626587
vt -0.014282 -1.616821
vt -0.009155 -1.613770
vt -0.014282 -1.626587
vt -0.014282 -1.616821
vt -0.007080 -1.607056
vt -0.009155 -1.613770
vt -0.014282 -1.626587
vt -0.009155 -1.613770
vt -0.007080 -1.626343
vt -0.007080 -1.607056
vt 0.000000 -1.606812
vt -0.009155 -1.613770
vt -0.009155 -1.613770
vt 0.000000 -1.616577
vt -0.007080 -1.626343
vt -0.007080 -1.607056
vt 0.000000 -1.604736
vt 0.000000 -1.606812
vt -0.009155 -1.613770
vt 0.000000 -1.606812
vt 0.000000 -1.616577
vt -0.007080 -1.626343
vt 0.000000 -1.616577
vt 0.000000 -1.626343
vt 0.012207 -1.340454
vt 0.015381 -1.341553
vt 0.009277 -1.332153
vt 0.013794 -1.333862
vt 0.011597 -1.323975
vt 0.014771 -1.325195
vt 0.017700 -1.320679
vt 0.020996 -1.322998
vt 0.022583 -1.330811
vt 0.021606 -1.339478
vt 0.018677 -1.343872
vt 0.024902 -1.340576
vt 0.027222 -1.332520
vt 0.024170 -1.324219
vt 0.014771 -1.325195
vt 0.013794 -1.333862
vt 0.015381 -1.341553
vt 0.012207 -1.319092
vt 0.015381 -1.320312
vt 0.009277 -1.310791
vt 0.013794 -1.312500
vt 0.011597 -1.302734
vt 0.014771 -1.303833
vt 0.017700 -1.299438
vt 0.020996 -1.301758
vt 0.022583 -1.309448
vt 0.021606 -1.318115
vt 0.018677 -1.322632
vt 0.024902 -1.319336
vt 0.027222 -1.311157
vt 0.024170 -1.302856
vt 0.014771 -1.303833
vt 0.013794 -1.312500
vt 0.015381 -1.320312
vt 0.012207 -1.298706
vt 0.015381 -1.299805
vt 0.009277 -1.290405
vt 0.013794 -1.292114
vt 0.011597 -1.282227
vt 0.014771 -1.283447
vt 0.017700 -1.278931
vt 0.020996 -1.281250
vt 0.022583 -1.289062
vt 0.021606 -1.297729
vt 0.018677 -1.302124
vt 0.024902 -1.298828
vt 0.027222 -1.290649
vt 0.024170 -1.282471
vt 0.014771 -1.283447
vt 0.013794 -1.292114
vt 0.015381 -1.299805
vt -0.024780 -1.298828
vt -0.015259 -1.299805
vt -0.027100 -1.290649
vt -0.013672 -1.292114
vt -0.024048 -1.282471
vt -0.014648 -1.283447
vt -0.017578 -1.278931
vt -0.020874 -1.281250
vt -0.022461 -1.289062
vt -0.021484 -1.297729
vt -0.018555 -1.302124
vt -0.012085 -1.298706
vt -0.009155 -1.290405
vt -0.011475 -1.282227
vt -0.014648 -1.283447
vt -0.013672 -1.292114
vt -0.015259 -1.299805
vt -0.024780 -1.319336
vt -0.015259 -1.320312
vt -0.027100 -1.311157
vt -0.013672 -1.312500
vt -0.024048 -1.302856
vt -0.014648 -1.303833
vt -0.017578 -1.299438
vt -0.020874 -1.301758
vt -0.022461 -1.309448
vt -0.021484 -1.318115
vt -0.018555 -1.322632
vt -0.012085 -1.319092
vt -0.009155 -1.310791
vt -0.011475 -1.302734
vt -0.014648 -1.303833
vt -0.013672 -1.312500
vt -0.015259 -1.320312
vt -0.024780 -1.340576
vt -0.015259 -1.341553
vt -0.027100 -1.332520
vt -0.013672 -1.333862
vt -0.024048 -1.324219
vt -0.014648 -1.325195
vt -0.017578 -1.320679
vt -0.020874 -1.322998
vt -0.022461 -1.330811
vt -0.021484 -1.339478
vt -0.018555 -1.343872
vt -0.012085 -1.340454
vt -0.009155 -1.332153
vt -0.011475 -1.323975
vt -0.014648 -1.325195
vt -0.013672 -1.333862
vt -0.015259 -1.341553
vt 0.011230 -1.339478
vt 0.014160 -1.340454
vt 0.008545 -1.331909
vt 0.012695 -1.333374
vt 0.010620 -1.324341
vt 0.013550 -1.325439
vt 0.016235 -1.321411
vt 0.019287 -1.323486
vt 0.020752 -1.330566
vt 0.019897 -1.338501
vt 0.017090 -1.342651
vt 0.022827 -1.339600
vt 0.024902 -1.332153
vt 0.022217 -1.324585
vt 0.013550 -1.325439
vt 0.012695 -1.333374
vt 0.014160 -1.340454
vt 0.011230 -1.319824
vt 0.014160 -1.320923
vt 0.008545 -1.312256
vt 0.012695 -1.313843
vt 0.010620 -1.304810
vt 0.013550 -1.305908
vt 0.016235 -1.301758
vt 0.019287 -1.303955
vt 0.020752 -1.311035
vt 0.019897 -1.318970
vt 0.017090 -1.323120
vt 0.022827 -1.320068
vt 0.024902 -1.312622
vt 0.022217 -1.305054
vt 0.013550 -1.305908
vt 0.012695 -1.313843
vt 0.014160 -1.320923
vt 0.011230 -1.301147
vt 0.014160 -1.302246
vt 0.008545 -1.293579
vt 0.012695 -1.295044
vt 0.010620 -1.286011
vt 0.013550 -1.287109
vt 0.016235 -1.283081
vt 0.019287 -1.285156
vt 0.020752 -1.292236
vt 0.019897 -1.300171
vt 0.017090 -1.304321
vt 0.022827 -1.301270
vt 0.024902 -1.293823
vt 0.022217 -1.286255
vt 0.013550 -1.287109
vt 0.012695 -1.295044
vt 0.014160 -1.302246
vt -0.022705 -1.301270
vt -0.014038 -1.302246
vt -0.024780 -1.293823
vt -0.012573 -1.295044
vt -0.022095 -1.286255
vt -0.013428 -1.287109
vt -0.016113 -1.283081
vt -0.019165 -1.285156
vt -0.020630 -1.292236
vt -0.019775 -1.300171
vt -0.016968 -1.304321
vt -0.011108 -1.301147
vt -0.008423 -1.293579
vt -0.010498 -1.286011
vt -0.013428 -1.287109
vt -0.012573 -1.295044
vt -0.014038 -1.302246
vt -0.022705 -1.320068
vt -0.014038 -1.320923
vt -0.024780 -1.312622
vt -0.012573 -1.313843
vt -0.022095 -1.305054
vt -0.013428 -1.305908
vt -0.016113 -1.301758
vt -0.019165 -1.303955
vt -0.020630 -1.311035
vt -0.019775 -1.318970
vt -0.016968 -1.323120
vt -0.011108 -1.319824
vt -0.008423 -1.312256
vt -0.010498 -1.304810
vt -0.013428 -1.305908
vt -0.012573 -1.313843
vt -0.014038 -1.320923
vt -0.022705 -1.339600
vt -0.014038 -1.340454
vt -0.024780 -1.332153
vt -0.012573 -1.333374
vt -0.022095 -1.324585
vt -0.013428 -1.325439
vt -0.016113 -1.321411
vt -0.019165 -1.323486
vt -0.020630 -1.330566
vt -0.019775 -1.338501
vt -0.016968 -1.342651
vt -0.011108 -1.339478
vt -0.008423 -1.331909
vt -0.010498 -1.324341
vt -0.013428 -1.325439
vt -0.012573 -1.333374
vt -0.014038 -1.340454
vn -0.1201 -0.9922 -0.0339
vn 0.0871 -0.9289 0.3600
vn 0.1036 0.8932 -0.4375
vn 0.1131 0.9234 -0.3669
vn 0.1027 0.9104 -0.4008
vn 0.1408 0.8839 0.4460
vn 0.1376 0.8769 0.4606
vn 0.1345 0.8562 0.4988
vn -0.1229 -0.9922 0.0220
vn 0.0667 -0.9143 -0.3995
vn 0.0175 -0.9681 -0.2500
vn -0.0424 -0.9202 -0.3891
vn 0.0516 -0.9373 0.3447
vn 0.0572 -0.9454 0.3210
vn -0.1142 0.6933 -0.7115
vn -0.1126 0.8099 -0.5757
vn -0.1390 0.9250 -0.3537
vn -0.0636 0.9102 0.4092
vn -0.0283 0.8456 0.5331
vn -0.0494 -0.9334 0.3555
vn -0.0553 -0.9410 -0.3337
vn -0.1475 -0.9850 -0.0895
vn 0.1475 0.9065 0.3956
vn 0.1531 0.9349 0.3203
vn 0.1469 0.9257 0.3486
vn 0.1557 0.9096 -0.3852
vn 0.1431 0.8870 -0.4391
vn 0.1393 0.8660 -0.4803
vn -0.1407 -0.9752 0.1710
vn 0.0284 0.8459 0.5326
vn -0.0271 0.5712 0.8204
vn -0.0175 -0.9681 -0.2500
vn 0.0424 -0.9202 -0.3891
vn -0.0516 -0.9373 0.3446
vn -0.0572 -0.9454 0.3210
vn 0.1142 0.6933 -0.7116
vn 0.1126 0.8099 -0.5757
vn 0.1390 0.9250 -0.3537
vn 0.0636 0.9102 0.4092
vn 0.1229 -0.9922 0.0220
vn -0.0667 -0.9143 -0.3995
vn -0.0871 -0.9289 0.3600
vn 0.1201 -0.9922 -0.0339
vn -0.1037 0.8933 -0.4373
vn -0.1131 0.9234 -0.3669
vn -0.1027 0.9104 -0.4008
vn -0.1408 0.8839 0.4461
vn -0.1376 0.8769 0.4606
vn -0.1345 0.8560 0.4992
vn 0.1603 -0.9837 -0.0817
vn 0.0057 -0.9226 -0.3857
vn 0.0250 -0.9237 0.3823
vn 0.1557 -0.9787 0.1337
vn -0.1590 0.9314 -0.3275
vn -0.1422 0.8621 -0.4864
vn -0.1656 0.8987 -0.4060
vn -0.1675 0.8958 0.4117
vn -0.1432 0.8524 0.5029
vn -0.1613 0.9439 0.2881
vn 0.0553 -0.9412 -0.3334
vn 0.0494 -0.9334 0.3555
vn 0.1407 -0.9752 0.1710
vn -0.1393 0.8659 -0.4804
vn -0.1431 0.8870 -0.4391
vn -0.1557 0.9096 -0.3853
vn -0.1469 0.9257 0.3486
vn -0.1531 0.9349 0.3202
vn -0.1475 0.9066 0.3954
vn 0.1475 -0.9850 -0.0895
vn -0.4326 0.3368 -0.8363
vn 0.4616 -0.6909 0.5563
vn 0.3822 -0.3704 0.8466
vn 0.3859 -0.3967 0.8329
vn -0.0629 0.4926 0.8680
vn 0.0074 0.4140 0.9102
vn -0.1889 0.7274 0.6596
vn -0.0836 -0.4292 -0.8993
vn 0.0152 -0.5090 -0.8607
vn -0.4320 0.3922 -0.8122
vn -0.1557 -0.9787 0.1338
vn -0.0250 -0.9237 0.3823
vn -0.0057 -0.9226 -0.3857
vn -0.1603 -0.9837 -0.0817
vn 0.1613 0.9439 0.2881
vn 0.1432 0.8524 0.5029
vn 0.1675 0.8958 0.4117
vn 0.1656 0.8987 -0.4060
vn 0.1422 0.8621 -0.4864
vn 0.1590 0.9315 -0.3272
vn 0.1089 0.2763 0.9549
vn 0.3163 0.3822 0.8683
vn 0.4041 0.5125 0.7576
vn 0.3882 0.6347 0.6681
vn 0.2411 0.7664 0.5954
vn 0.0808 0.8217 0.5642
vn -0.1098 0.2763 0.9548
vn -0.3174 0.3813 0.8683
vn -0.4059 0.5119 0.7571
vn -0.3899 0.6346 0.6673
vn -0.2417 0.7667 0.5947
vn -0.0817 0.8216 0.5642
vn 1.0000 0.0000 0.0000
vn -1.0000 0.0000 0.0000
vn 0.2912 0.8858 0.3614
vn 0.4485 0.7096 0.5435
vn 0.2252 0.4845 0.8453
vn 0.7719 0.5545 0.3109
vn 0.3383 0.2239 0.9140
vn 0.8479 0.2703 0.4562
vn 0.1977 0.1200 0.9729
vn 0.6309 0.1309 0.7647
vn 0.9498 0.1595 0.2693
vn -0.2957 0.8845 0.3609
vn -0.4539 0.7081 0.5408
vn -0.7719 0.5544 0.3111
vn -0.2281 0.4842 0.8447
vn -0.8478 0.2704 0.4563
vn -0.3423 0.2225 0.9129
vn -0.9498 0.1595 0.2693
vn -0.6309 0.1310 0.7647
vn -0.2010 0.1199 0.9722
vn 0.1968 -0.1694 0.9657
vn 0.3424 -0.2750 0.8984
vn 0.2262 -0.5309 0.8167
vn 0.6328 -0.1739 0.7545
vn 0.4463 -0.7374 0.5071
vn 0.8454 -0.2911 0.4479
vn 0.2911 -0.9039 0.3133
vn 0.7682 -0.5736 0.2843
vn 0.9497 -0.1707 0.2626
vn -0.9497 -0.1707 0.2626
vn -0.8453 -0.2912 0.4480
vn -0.7681 -0.5736 0.2845
vn -0.6328 -0.1740 0.7545
vn -0.4517 -0.7359 0.5045
vn -0.3468 -0.2738 0.8971
vn -0.2957 -0.9026 0.3129
vn -0.2291 -0.5305 0.8161
vn -0.1995 -0.1688 0.9652
vn -0.9104 0.3091 -0.2748
vn -0.9104 0.3098 -0.2743
vn -0.9100 0.3129 -0.2719
vn -0.9103 0.3127 -0.2712
vn -0.9251 -0.1711 -0.3390
vn -0.9251 -0.1711 -0.3391
vn -0.9250 -0.1712 -0.3391
vn -0.5772 -0.7604 -0.2977
vn -0.2342 -0.8745 0.4247
vn -0.3325 -0.3315 0.8829
vn -0.3328 -0.3319 0.8827
vn -0.3327 -0.3318 0.8827
vn -0.3330 -0.3321 0.8825
vn -0.3042 0.1491 0.9409
vn -0.2890 0.1664 0.9427
vn -0.4878 0.8706 -0.0636
vn -0.1272 0.7620 0.6350
vn 0.5681 0.7691 0.2927
vn 0.9209 0.1767 0.3474
vn 0.9206 0.1771 0.3480
vn 0.9206 0.1773 0.3480
vn 0.9213 0.1759 0.3468
vn 0.9084 -0.3111 0.2792
vn 0.9080 -0.3220 0.2682
vn 0.4971 -0.8659 0.0562
vn 0.1408 -0.7488 -0.6477
vn 0.3021 -0.1514 -0.9412
vn 0.3013 -0.1523 -0.9413
vn 0.3305 0.3378 -0.8813
vn 0.3188 0.3215 -0.8916
vn 0.2274 0.8741 -0.4292
vn -0.9114 0.3097 -0.2710
vn -0.9113 0.3096 -0.2713
vn -0.9114 0.3091 -0.2715
vn -0.9115 0.3085 -0.2722
vn -0.9246 -0.1735 -0.3392
vn -0.9246 -0.1736 -0.3392
vn -0.9257 -0.1712 -0.3374
vn -0.9258 -0.1709 -0.3371
vn -0.5746 -0.7663 -0.2875
vn -0.2341 -0.8745 0.4248
vn -0.3324 -0.3360 0.8812
vn -0.3327 -0.3364 0.8810
vn -0.3326 -0.3363 0.8811
vn -0.3328 -0.3367 0.8808
vn -0.4982 0.8652 -0.0564
vn -0.1316 0.7523 0.6456
vn 0.5706 0.7633 0.3030
vn 0.9214 0.1727 0.3482
vn 0.9200 0.1768 0.3498
vn 0.9197 0.1777 0.3500
vn 0.9218 0.1734 0.3467
vn 0.9070 -0.3207 0.2731
vn 0.9071 -0.3157 0.2783
vn 0.9073 -0.3154 0.2783
vn 0.9070 -0.3214 0.2722
vn 0.4866 -0.8713 0.0634
vn 0.1362 -0.7586 -0.6372
vn 0.3303 0.3330 -0.8832
vn 0.3188 0.3171 -0.8932
vn -0.9105 0.3091 -0.2749
vn -0.9104 0.3097 -0.2744
vn -0.2342 -0.8745 0.4248
vn -0.3042 0.1490 0.9409
vn -0.2890 0.1664 0.9428
vn -0.4877 0.8707 -0.0638
vn -0.1270 0.7620 0.6349
vn 0.5680 0.7691 0.2929
vn 0.9219 0.1736 0.3463
vn 0.9208 0.1767 0.3478
vn 0.9222 0.1739 0.3453
vn 0.9074 -0.3120 0.2816
vn 0.9067 -0.3263 0.2672
vn 0.3020 -0.1514 -0.9412
vn 0.2998 -0.1540 -0.9415
vn 0.3329 0.3366 -0.8808
vn 0.2272 0.8742 -0.4292
vn -0.3188 0.3171 -0.8932
vn -0.3329 0.3366 -0.8808
vn -0.2998 -0.1540 -0.9415
vn -0.3005 -0.1537 -0.9413
vn -0.3018 -0.1520 -0.9412
vn -0.3020 -0.1514 -0.9412
vn -0.1408 -0.7488 -0.6477
vn -0.4971 -0.8659 0.0562
vn -0.9067 -0.3263 0.2672
vn -0.9074 -0.3120 0.2816
vn -0.9222 0.1739 0.3453
vn -0.9217 0.1735 0.3469
vn -0.9207 0.1767 0.3479
vn -0.9206 0.1773 0.3480
vn -0.2272 0.8742 -0.4292
vn -0.5680 0.7691 0.2929
vn 0.1270 0.7620 0.6349
vn 0.2890 0.1664 0.9428
vn 0.3042 0.1491 0.9409
vn 0.3328 -0.3319 0.8827
vn 0.3331 -0.3319 0.8825
vn 0.3329 -0.3321 0.8825
vn 0.3325 -0.3316 0.8829
vn 0.2342 -0.8745 0.4247
vn 0.5772 -0.7604 -0.2977
vn 0.9250 -0.1712 -0.3391
vn 0.9102 0.3128 -0.2713
vn 0.9104 0.3093 -0.2748
vn 0.4877 0.8707 -0.0638
vn -0.3303 0.3330 -0.8832
vn -0.3013 -0.1523 -0.9413
vn -0.3017 -0.1518 -0.9412
vn -0.3015 -0.1520 -0.9413
vn -0.3021 -0.1514 -0.9412
vn -0.1362 -0.7586 -0.6372
vn -0.4866 -0.8713 0.0634
vn -0.9070 -0.3214 0.2722
vn -0.9069 -0.3208 0.2732
vn -0.9069 -0.3161 0.2785
vn -0.9073 -0.3154 0.2783
vn -0.9218 0.1734 0.3467
vn -0.9213 0.1729 0.3482
vn -0.9200 0.1769 0.3498
vn -0.9197 0.1777 0.3500
vn -0.2274 0.8741 -0.4292
vn -0.5706 0.7633 0.3030
vn 0.1316 0.7522 0.6456
vn 0.2890 0.1664 0.9427
vn 0.3327 -0.3365 0.8810
vn 0.3330 -0.3365 0.8808
vn 0.3328 -0.3367 0.8809
vn 0.3324 -0.3361 0.8812
vn 0.5746 -0.7663 -0.2875
vn 0.9258 -0.1709 -0.3371
vn 0.9245 -0.1736 -0.3393
vn 0.9114 0.3086 -0.2723
vn 0.9114 0.3099 -0.2709
vn 0.4982 0.8652 -0.0565
vn -0.3188 0.3215 -0.8916
vn -0.3306 0.3377 -0.8813
vn -0.3017 -0.1524 -0.9411
vn -0.9080 -0.3220 0.2682
vn -0.9084 -0.3111 0.2792
vn -0.9213 0.1759 0.3468
vn -0.9209 0.1767 0.3474
vn -0.9206 0.1772 0.3481
vn -0.5681 0.7691 0.2927
vn 0.1272 0.7620 0.6350
vn 0.3327 -0.3318 0.8827
vn 0.2341 -0.8745 0.4248
vn 0.9250 -0.1712 -0.3392
vn 0.4878 0.8706 -0.0637
vn -0.9109 0.3053 -0.2775
vn -0.9108 0.3061 -0.2769
vn -0.9105 0.3106 -0.2729
vn -0.9107 0.3105 -0.2724
vn -0.9280 -0.1626 -0.3352
vn -0.9281 -0.1636 -0.3345
vn -0.9261 -0.1669 -0.3384
vn -0.9258 -0.1674 -0.3390
vn -0.5673 -0.7694 -0.2936
vn -0.2266 -0.8820 0.4132
vn -0.3314 -0.3330 0.8828
vn -0.3306 -0.3325 0.8833
vn -0.3279 -0.3298 0.8853
vn -0.3284 -0.3289 0.8854
vn -0.2928 0.1646 0.9419
vn -0.2922 0.1635 0.9423
vn -0.2993 0.1569 0.9412
vn -0.3004 0.1560 0.9410
vn -0.4981 0.8641 -0.0721
vn -0.1351 0.7487 0.6490
vn 0.5740 0.7654 0.2910
vn 0.9262 0.1697 0.3366
vn 0.9273 0.1672 0.3348
vn 0.9275 0.1668 0.3346
vn 0.9261 0.1698 0.3370
vn 0.9117 -0.3104 0.2692
vn 0.9118 -0.3101 0.2692
vn 0.9118 -0.3096 0.2697
vn 0.9118 -0.3105 0.2688
vn 0.4859 -0.8724 0.0538
vn 0.1309 -0.7605 -0.6360
vn 0.2902 -0.1574 -0.9439
vn 0.2961 -0.1507 -0.9432
vn 0.3254 0.3300 -0.8861
vn 0.3203 0.3228 -0.8906
vn 0.2236 0.8779 -0.4235
vn -0.9120 0.3060 -0.2733
vn -0.9119 0.3065 -0.2730
vn -0.9117 0.3096 -0.2702
vn -0.9118 0.3095 -0.2699
vn -0.9271 -0.1646 -0.3367
vn -0.9271 -0.1659 -0.3361
vn -0.9260 -0.1673 -0.3384
vn -0.9258 -0.1674 -0.3389
vn -0.5799 -0.7589 -0.2963
vn -0.2314 -0.8728 0.4298
vn -0.3313 -0.3379 0.8809
vn -0.3301 -0.3369 0.8818
vn -0.3249 -0.3311 0.8859
vn -0.3255 -0.3299 0.8861
vn -0.2942 0.1651 0.9414
vn -0.2941 0.1645 0.9415
vn -0.3013 0.1567 0.9406
vn -0.3024 0.1556 0.9404
vn -0.5095 0.8581 -0.0645
vn -0.1468 0.7440 0.6518
vn 0.5741 0.7653 0.2912
vn 0.9263 0.1698 0.3364
vn 0.9273 0.1674 0.3349
vn 0.9262 0.1695 0.3368
vn 0.9118 -0.3100 0.2694
vn 0.9118 -0.3097 0.2696
vn 0.5013 -0.8632 0.0601
vn 0.1358 -0.7500 -0.6473
vn 0.2903 -0.1574 -0.9439
vn 0.2962 -0.1507 -0.9432
vn 0.3254 0.3299 -0.8862
vn 0.3202 0.3228 -0.8906
vn -0.9120 0.3060 -0.2732
vn -0.9120 0.3059 -0.2734
vn -0.9120 0.3058 -0.2735
vn -0.9280 -0.1626 -0.3351
vn -0.9281 -0.1640 -0.3342
vn -0.9261 -0.1670 -0.3382
vn -0.5673 -0.7695 -0.2934
vn -0.2268 -0.8820 0.4130
vn -0.3315 -0.3330 0.8827
vn -0.3308 -0.3325 0.8832
vn -0.3282 -0.3296 0.8853
vn -0.3284 -0.3288 0.8854
vn -0.2925 0.1640 0.9421
vn -0.2994 0.1569 0.9411
vn -0.3005 0.1560 0.9410
vn -0.4942 0.8674 -0.0577
vn -0.1351 0.7485 0.6492
vn 0.5741 0.7653 0.2911
vn 0.9262 0.1696 0.3367
vn 0.9274 0.1670 0.3347
vn 0.9275 0.1668 0.3347
vn 0.9262 0.1695 0.3369
vn 0.9117 -0.3105 0.2692
vn 0.9118 -0.3101 0.2691
vn 0.9118 -0.3105 0.2687
vn 0.4858 -0.8724 0.0535
vn 0.1310 -0.7606 -0.6359
vn 0.3255 0.3251 -0.8879
vn 0.3243 0.3235 -0.8889
vn 0.2324 0.8814 -0.4113
vn -0.3243 0.3235 -0.8889
vn -0.3245 0.3237 -0.8888
vn -0.3255 0.3250 -0.8879
vn -0.3254 0.3251 -0.8879
vn -0.2961 -0.1507 -0.9432
vn -0.2964 -0.1513 -0.9430
vn -0.2911 -0.1566 -0.9438
vn -0.2903 -0.1574 -0.9439
vn -0.1310 -0.7606 -0.6358
vn -0.4858 -0.8724 0.0535
vn -0.9118 -0.3105 0.2687
vn -0.9118 -0.3099 0.2693
vn -0.9118 -0.3101 0.2691
vn -0.9118 -0.3096 0.2697
vn -0.9262 0.1695 0.3369
vn -0.9262 0.1696 0.3367
vn -0.9273 0.1672 0.3349
vn -0.9275 0.1668 0.3347
vn -0.2324 0.8814 -0.4113
vn -0.5741 0.7653 0.2912
vn 0.1351 0.7485 0.6492
vn 0.2925 0.1640 0.9421
vn 0.2994 0.1569 0.9411
vn 0.3005 0.1560 0.9410
vn 0.2928 0.1646 0.9419
vn 0.3308 -0.3325 0.8832
vn 0.3282 -0.3296 0.8853
vn 0.3284 -0.3288 0.8854
vn 0.3315 -0.3330 0.8827
vn 0.2268 -0.8821 0.4130
vn 0.5673 -0.7695 -0.2933
vn 0.9258 -0.1674 -0.3389
vn 0.9280 -0.1626 -0.3351
vn 0.9120 0.3058 -0.2735
vn 0.9120 0.3060 -0.2732
vn 0.4942 0.8674 -0.0577
vn -0.3202 0.3228 -0.8906
vn -0.3211 0.3237 -0.8900
vn -0.3256 0.3292 -0.8863
vn -0.3254 0.3299 -0.8862
vn -0.2962 -0.1507 -0.9432
vn -0.2963 -0.1512 -0.9430
vn -0.1358 -0.7500 -0.6473
vn -0.5013 -0.8632 0.0601
vn -0.9118 -0.3105 0.2688
vn -0.9118 -0.3100 0.2694
vn -0.9118 -0.3101 0.2692
vn -0.9118 -0.3097 0.2696
vn -0.9262 0.1697 0.3367
vn -0.2236 0.8779 -0.4235
vn 0.1468 0.7440 0.6518
vn 0.2940 0.1644 0.9416
vn 0.3013 0.1567 0.9406
vn 0.3024 0.1556 0.9404
vn 0.2942 0.1651 0.9414
vn 0.3302 -0.3368 0.8818
vn 0.3252 -0.3309 0.8859
vn 0.3255 -0.3299 0.8861
vn 0.3313 -0.3379 0.8809
vn 0.2314 -0.8728 0.4298
vn 0.5799 -0.7589 -0.2963
vn 0.9271 -0.1646 -0.3367
vn 0.9118 0.3095 -0.2699
vn 0.9120 0.3060 -0.2733
vn 0.5095 0.8581 -0.0645
vn -0.3210 0.3238 -0.8900
vn -0.3254 0.3295 -0.8863
vn -0.3254 0.3300 -0.8861
vn -0.2964 -0.1514 -0.9430
vn -0.2911 -0.1567 -0.9438
vn -0.2902 -0.1574 -0.9439
vn -0.1309 -0.7605 -0.6360
vn -0.4859 -0.8724 0.0537
vn -0.9117 -0.3104 0.2692
vn -0.9117 -0.3098 0.2697
vn -0.9262 0.1695 0.3368
vn -0.9263 0.1697 0.3365
vn -0.9273 0.1674 0.3349
vn -0.9275 0.1668 0.3346
vn -0.5741 0.7654 0.2910
vn 0.1350 0.7487 0.6491
vn 0.2922 0.1635 0.9423
vn 0.2993 0.1569 0.9412
vn 0.3004 0.1560 0.9410
vn 0.3306 -0.3325 0.8833
vn 0.3279 -0.3298 0.8853
vn 0.3284 -0.3289 0.8854
vn 0.3314 -0.3330 0.8828
vn 0.2266 -0.8820 0.4132
vn 0.5673 -0.7694 -0.2936
vn 0.9258 -0.1674 -0.3390
vn 0.9107 0.3105 -0.2725
vn 0.9109 0.3053 -0.2775
vn 0.4981 0.8641 -0.0721
usemtl texturefile_3
s 1
f 1/1/1 2/2/1 3/3/1
f 4/4/2 5/5/2 6/6/2
f 7/7/3 8/8/3 9/9/3
f 10/10/4 9/9/4 8/8/4
f 9/9/5 10/10/5 11/11/5
f 11/11/6 10/10/6 12/12/6
f 13/13/7 12/12/7 10/10/7
f 14/14/8 12/12/8 13/13/8
f 15/15/9 12/12/9 14/14/9
f 12/12/10 15/15/10 16/16/10
f 17/17/11 18/18/11 19/19/11
f 20/20/12 19/19/12 18/18/12
f 21/21/13 19/19/13 20/20/13
f 19/19/14 21/21/14 22/22/14
f 22/22/15 21/21/15 23/23/15
f 23/23/16 21/21/16 24/24/16
f 25/25/17 24/24/17 21/21/17
f 18/18/18 24/24/18 25/25/18
f 24/24/19 18/18/19 26/26/19
f 27/27/20 28/28/20 29/29/20
f 30/30/21 29/29/21 28/28/21
f 29/29/22 30/30/22 31/31/22
f 31/31/23 30/30/23 32/32/23
f 32/32/24 30/30/24 33/33/24
f 34/34/25 33/33/25 30/30/25
f 27/27/26 33/33/26 34/34/26
f 33/33/27 27/27/27 35/35/27
f 35/35/28 27/27/28 36/36/28
f 29/29/29 36/36/29 27/27/29
f 37/37/30 38/38/30 39/39/30
f 40/40/31 39/39/31 38/38/31
f 41/41/32 39/39/32 40/40/32
f 39/39/33 41/41/33 42/42/33
f 42/42/34 41/41/34 43/43/34
f 44/44/35 43/43/35 41/41/35
f 45/45/36 43/43/36 44/44/36
f 37/37/37 43/43/37 45/45/37
f 43/43/38 37/37/38 46/46/38
f 39/39/39 46/46/39 37/37/39
f 47/47/40 48/48/40 49/49/40
f 50/50/41 49/49/41 48/48/41
f 51/51/42 49/49/42 50/50/42
f 49/49/43 51/51/43 52/52/43
f 52/52/44 51/51/44 53/53/44
f 53/53/45 51/51/45 54/54/45
f 55/55/46 54/54/46 51/51/46
f 48/48/47 54/54/47 55/55/47
f 54/54/48 48/48/48 56/56/48
f 47/47/49 56/56/49 48/48/49
f 57/57/50 58/58/50 59/59/50
f 60/60/51 59/59/51 58/58/51
f 61/61/52 59/59/52 60/60/52
f 59/59/53 61/61/53 62/62/53
f 62/62/54 61/61/54 63/63/54
f 63/63/55 61/61/55 64/64/55
f 65/65/56 64/64/56 61/61/56
f 58/58/57 64/64/57 65/65/57
f 64/64/58 58/58/58 66/66/58
f 57/57/59 66/66/59 58/58/59
f 67/67/60 68/68/60 69/69/60
f 70/70/61 69/69/61 68/68/61
f 69/69/62 70/70/62 71/71/62
f 71/71/63 70/70/63 72/72/63
f 72/72/64 70/70/64 73/73/64
f 74/74/65 73/73/65 70/70/65
f 67/67/66 73/73/66 74/74/66
f 73/73/67 67/67/67 75/75/67
f 75/75/68 67/67/68 76/76/68
f 69/69/69 76/76/69 67/67/69
f 77/77/70 78/78/70 79/79/70
f 80/80/71 79/79/71 78/78/71
f 79/79/72 80/80/72 81/81/72
f 82/82/73 81/81/73 80/80/73
f 83/83/74 81/81/74 82/82/74
f 81/81/75 83/83/75 84/84/75
f 85/85/76 84/84/76 83/83/76
f 84/84/77 85/85/77 77/77/77
f 86/86/78 77/77/78 85/85/78
f 77/77/79 86/86/79 78/78/79
f 87/87/80 88/88/80 89/89/80
f 90/90/81 89/89/81 88/88/81
f 91/91/82 89/89/82 90/90/82
f 89/89/83 91/91/83 92/92/83
f 92/92/84 91/91/84 93/93/84
f 93/93/85 91/91/85 94/94/85
f 95/95/86 94/94/86 91/91/86
f 88/88/87 94/94/87 95/95/87
f 94/94/88 88/88/88 96/96/88
f 87/87/89 96/96/89 88/88/89
f 97/97/90 98/98/90 99/99/90
f 100/100/91 101/101/91 102/102/91
f 103/103/92 104/104/92 105/105/92
f 106/106/93 107/107/93 108/108/93
f 109/109/94 110/110/94 111/111/94
f 112/112/95 113/113/95 114/114/95
f 115/115/96 116/116/96 117/117/96
f 118/118/97 119/119/97 120/120/97
f 121/121/98 122/122/98 123/123/98
f 124/124/99 125/125/99 126/126/99
f 127/127/100 128/128/100 129/129/100
f 130/130/101 131/131/101 132/132/101
f 133/133/102 134/134/102 135/135/102
f 136/136/102 135/135/102 134/134/102
f 137/137/102 135/135/102 136/136/102
f 135/135/102 137/137/102 138/138/102
f 139/139/103 140/140/103 141/141/103
f 142/142/103 141/141/103 140/140/103
f 143/143/103 141/141/103 142/142/103
f 141/141/103 143/143/103 144/144/103
f 145/145/104 146/146/104 147/147/104
f 148/148/105 149/149/105 150/150/105
f 151/151/106 152/152/106 153/153/106
f 154/154/107 155/155/107 156/156/107
f 157/157/108 158/158/108 159/159/108
f 160/160/109 161/161/109 162/162/109
f 163/163/110 164/164/110 165/165/110
f 166/166/111 167/167/111 168/168/111
f 169/169/112 170/170/112 171/171/112
f 172/172/113 173/173/113 174/174/113
f 175/175/114 176/176/114 177/177/114
f 178/178/115 179/179/115 180/180/115
f 181/181/116 182/182/116 183/183/116
f 184/184/117 185/185/117 186/186/117
f 187/187/118 188/188/118 189/189/118
f 190/190/119 191/191/119 192/192/119
f 193/193/120 194/194/120 195/195/120
f 196/196/121 197/197/121 198/198/121
f 199/199/122 200/200/122 201/201/122
f 202/202/123 203/203/123 204/204/123
f 205/205/124 206/206/124 207/207/124
f 208/208/125 209/209/125 210/210/125
f 211/211/126 212/212/126 213/213/126
f 214/214/127 215/215/127 216/216/127
f 217/217/128 218/218/128 219/219/128
f 220/220/129 221/221/129 222/222/129
f 223/223/130 224/224/130 225/225/130
f 226/226/131 227/227/131 228/228/131
f 229/229/132 230/230/132 231/231/132
f 232/232/133 233/233/133 234/234/133
f 235/235/134 236/236/134 237/237/134
f 238/238/135 239/239/135 240/240/135
f 241/241/136 242/242/136 243/243/136
f 244/244/137 245/245/137 246/246/137
f 247/247/138 248/248/138 249/249/138
f 250/250/139 251/251/139 252/252/139
f 253/253/140 254/254/141 255/255/142
f 256/256/143 255/255/142 254/254/141
f 255/255/144 256/256/145 257/257/145
f 258/258/146 257/257/145 256/256/145
f 259/259/147 257/257/147 258/258/147
f 260/260/148 257/257/148 259/259/148
f 257/257/149 260/260/150 255/255/151
f 261/261/152 255/255/151 260/260/150
f 255/255/153 261/261/153 253/253/153
f 262/262/154 253/253/154 261/261/154
f 254/254/155 253/253/155 263/263/155
f 262/262/156 263/263/156 253/253/156
f 263/263/157 262/262/157 264/264/157
f 261/261/158 264/264/159 262/262/160
f 264/264/159 261/261/158 265/265/161
f 260/260/162 265/265/162 261/261/162
f 265/265/163 260/260/163 266/266/163
f 259/259/164 266/266/164 260/260/164
f 267/267/165 266/266/165 259/259/165
f 268/268/166 266/266/166 267/267/166
f 266/266/167 268/268/167 265/265/167
f 269/269/168 265/265/168 268/268/168
f 265/265/169 269/269/169 264/264/169
f 263/263/170 264/264/170 269/269/170
f 270/270/171 271/271/172 272/272/173
f 273/273/174 272/272/173 271/271/172
f 272/272/175 273/273/176 274/274/177
f 275/275/178 274/274/177 273/273/176
f 276/276/179 274/274/179 275/275/179
f 277/277/180 274/274/180 276/276/180
f 274/274/181 277/277/182 272/272/183
f 278/278/184 272/272/183 277/277/182
f 272/272/153 278/278/153 270/270/153
f 279/279/154 270/270/154 278/278/154
f 271/271/185 270/270/185 280/280/185
f 279/279/186 280/280/186 270/270/186
f 280/280/187 279/279/187 281/281/187
f 278/278/188 281/281/189 279/279/190
f 281/281/189 278/278/188 282/282/191
f 277/277/192 282/282/193 278/278/194
f 282/282/193 277/277/192 283/283/195
f 276/276/196 283/283/196 277/277/196
f 284/284/197 283/283/197 276/276/197
f 285/285/166 283/283/166 284/284/166
f 283/283/167 285/285/167 282/282/167
f 286/286/198 282/282/198 285/285/198
f 282/282/199 286/286/199 281/281/199
f 280/280/170 281/281/170 286/286/170
f 287/287/200 288/288/201 289/289/142
f 290/290/143 289/289/142 288/288/201
f 289/289/144 290/290/145 291/291/144
f 292/292/146 291/291/144 290/290/145
f 293/293/147 291/291/147 292/292/147
f 294/294/202 291/291/202 293/293/202
f 291/291/149 294/294/150 289/289/151
f 295/295/152 289/289/151 294/294/150
f 289/289/203 295/295/203 287/287/203
f 296/296/204 287/287/204 295/295/204
f 288/288/205 287/287/205 297/297/205
f 296/296/206 297/297/206 287/287/206
f 297/297/207 296/296/207 298/298/207
f 295/295/208 298/298/209 296/296/160
f 298/298/209 295/295/208 299/299/210
f 294/294/211 299/299/211 295/295/211
f 299/299/212 294/294/212 300/300/212
f 293/293/164 300/300/164 294/294/164
f 301/301/165 300/300/165 293/293/165
f 302/302/213 300/300/213 301/301/213
f 300/300/214 302/302/214 299/299/214
f 303/303/215 299/299/215 302/302/215
f 299/299/199 303/303/199 298/298/199
f 297/297/216 298/298/216 303/303/216
f 304/304/217 305/305/217 306/306/217
f 307/307/218 306/306/218 305/305/218
f 306/306/219 307/307/220 308/308/221
f 309/309/222 308/308/221 307/307/220
f 310/310/223 308/308/223 309/309/223
f 311/311/224 308/308/224 310/310/224
f 308/308/225 311/311/225 306/306/225
f 312/312/226 306/306/226 311/311/226
f 306/306/227 312/312/228 304/304/229
f 313/313/230 304/304/229 312/312/228
f 305/305/231 304/304/231 314/314/231
f 313/313/232 314/314/232 304/304/232
f 314/314/233 313/313/233 315/315/233
f 312/312/234 315/315/234 313/313/234
f 315/315/235 312/312/235 316/316/235
f 311/311/236 316/316/237 312/312/238
f 316/316/237 311/311/236 317/317/239
f 310/310/240 317/317/240 311/311/240
f 318/318/241 317/317/241 310/310/241
f 319/319/242 317/317/242 318/318/242
f 317/317/242 319/319/242 316/316/242
f 320/320/243 316/316/243 319/319/243
f 316/316/244 320/320/244 315/315/244
f 314/314/245 315/315/245 320/320/245
f 321/321/217 322/322/217 323/323/217
f 324/324/246 323/323/246 322/322/246
f 323/323/247 324/324/248 325/325/249
f 326/326/250 325/325/249 324/324/248
f 327/327/251 325/325/251 326/326/251
f 328/328/252 325/325/252 327/327/252
f 325/325/253 328/328/254 323/323/255
f 329/329/256 323/323/255 328/328/254
f 323/323/257 329/329/258 321/321/259
f 330/330/260 321/321/259 329/329/258
f 322/322/261 321/321/261 331/331/261
f 330/330/262 331/331/262 321/321/262
f 331/331/263 330/330/263 332/332/263
f 329/329/264 332/332/264 330/330/264
f 332/332/235 329/329/235 333/333/235
f 328/328/265 333/333/266 329/329/267
f 333/333/266 328/328/265 334/334/268
f 327/327/240 334/334/240 328/328/240
f 335/335/269 334/334/269 327/327/269
f 336/336/270 334/334/270 335/335/270
f 334/334/271 336/336/271 333/333/271
f 337/337/272 333/333/272 336/336/272
f 333/333/273 337/337/273 332/332/273
f 331/331/274 332/332/274 337/337/274
f 338/338/275 339/339/275 340/340/275
f 341/341/276 340/340/276 339/339/276
f 340/340/247 341/341/277 342/342/249
f 343/343/222 342/342/249 341/341/277
f 344/344/223 342/342/223 343/343/223
f 345/345/224 342/342/224 344/344/224
f 342/342/278 345/345/278 340/340/278
f 346/346/279 340/340/279 345/345/279
f 340/340/280 346/346/281 338/338/282
f 347/347/230 338/338/282 346/346/281
f 339/339/261 338/338/261 348/348/261
f 347/347/283 348/348/283 338/338/283
f 348/348/284 347/347/284 349/349/284
f 346/346/264 349/349/264 347/347/264
f 349/349/235 346/346/235 350/350/235
f 345/345/236 350/350/285 346/346/238
f 350/350/285 345/345/236 351/351/239
f 344/344/286 351/351/286 345/345/286
f 352/352/241 351/351/241 344/344/241
f 353/353/242 351/351/242 352/352/242
f 351/351/287 353/353/287 350/350/287
f 354/354/243 350/350/243 353/353/243
f 350/350/244 354/354/244 349/349/244
f 348/348/288 349/349/288 354/354/288
f 355/355/289 356/356/290 357/357/291
f 358/358/292 357/357/291 356/356/290
f 357/357/293 358/358/294 359/359/295
f 360/360/296 359/359/295 358/358/294
f 361/361/297 359/359/297 360/360/297
f 362/362/298 359/359/298 361/361/298
f 359/359/299 362/362/300 357/357/301
f 363/363/302 357/357/301 362/362/300
f 357/357/303 363/363/304 355/355/305
f 364/364/306 355/355/305 363/363/304
f 356/356/307 355/355/307 365/365/307
f 364/364/308 365/365/308 355/355/308
f 365/365/309 364/364/309 366/366/309
f 363/363/310 366/366/311 364/364/312
f 366/366/311 363/363/310 367/367/313
f 362/362/314 367/367/315 363/363/316
f 367/367/315 362/362/314 368/368/317
f 361/361/318 368/368/318 362/362/318
f 369/369/319 368/368/319 361/361/319
f 370/370/320 368/368/320 369/369/320
f 368/368/321 370/370/321 367/367/321
f 371/371/322 367/367/322 370/370/322
f 367/367/323 371/371/323 366/366/323
f 365/365/324 366/366/324 371/371/324
f 372/372/325 373/373/326 374/374/327
f 375/375/328 374/374/327 373/373/326
f 374/374/329 375/375/330 376/376/331
f 377/377/332 376/376/331 375/375/330
f 378/378/333 376/376/333 377/377/333
f 379/379/334 376/376/334 378/378/334
f 376/376/335 379/379/336 374/374/337
f 380/380/338 374/374/337 379/379/336
f 374/374/339 380/380/340 372/372/341
f 381/381/342 372/372/341 380/380/340
f 373/373/343 372/372/343 382/382/343
f 381/381/344 382/382/344 372/372/344
f 382/382/345 381/381/345 383/383/345
f 380/380/346 383/383/347 381/381/312
f 383/383/347 380/380/346 384/384/348
f 379/379/349 384/384/315 380/380/350
f 384/384/315 379/379/349 385/385/317
f 378/378/351 385/385/351 379/379/351
f 386/386/352 385/385/352 378/378/352
f 387/387/353 385/385/353 386/386/353
f 385/385/354 387/387/354 384/384/354
f 388/388/355 384/384/355 387/387/355
f 384/384/356 388/388/356 383/383/356
f 382/382/324 383/383/324 388/388/324
f 389/389/357 390/390/358 391/391/358
f 392/392/359 391/391/358 390/390/358
f 391/391/360 392/392/361 393/393/362
f 394/394/332 393/393/362 392/392/361
f 395/395/363 393/393/363 394/394/363
f 396/396/364 393/393/364 395/395/364
f 393/393/365 396/396/366 391/391/367
f 397/397/368 391/391/367 396/396/366
f 391/391/303 397/397/369 389/389/370
f 398/398/371 389/389/370 397/397/369
f 390/390/372 389/389/372 399/399/372
f 398/398/373 399/399/373 389/389/373
f 399/399/374 398/398/374 400/400/374
f 397/397/375 400/400/376 398/398/377
f 400/400/376 397/397/375 401/401/378
f 396/396/379 401/401/380 397/397/316
f 401/401/380 396/396/379 402/402/381
f 395/395/382 402/402/382 396/396/382
f 403/403/383 402/402/383 395/395/383
f 404/404/353 402/402/353 403/403/353
f 402/402/321 404/404/321 401/401/321
f 405/405/384 401/401/384 404/404/384
f 401/401/385 405/405/385 400/400/385
f 399/399/386 400/400/386 405/405/386
f 406/406/387 407/407/388 408/408/389
f 409/409/390 408/408/389 407/407/388
f 408/408/391 409/409/392 410/410/393
f 411/411/394 410/410/393 409/409/392
f 412/412/395 410/410/395 411/411/395
f 413/413/396 410/410/396 412/412/396
f 410/410/397 413/413/398 408/408/399
f 414/414/400 408/408/399 413/413/398
f 408/408/401 414/414/402 406/406/403
f 415/415/404 406/406/403 414/414/402
f 407/407/405 406/406/405 416/416/405
f 415/415/406 416/416/406 406/406/406
f 416/416/407 415/415/407 417/417/407
f 414/414/408 417/417/409 415/415/410
f 417/417/409 414/414/408 418/418/411
f 413/413/412 418/418/413 414/414/414
f 418/418/413 413/413/412 419/419/415
f 412/412/416 419/419/416 413/413/416
f 420/420/417 419/419/417 412/412/417
f 421/421/418 419/419/418 420/420/418
f 419/419/419 421/421/419 418/418/419
f 422/422/420 418/418/420 421/421/420
f 418/418/421 422/422/421 417/417/421
f 416/416/422 417/417/422 422/422/422
f 423/423/423 424/424/424 425/425/425
f 426/426/426 425/425/425 424/424/424
f 425/425/427 426/426/428 427/427/393
f 428/428/394 427/427/393 426/426/428
f 429/429/429 427/427/429 428/428/429
f 430/430/430 427/427/430 429/429/430
f 427/427/431 430/430/432 425/425/433
f 431/431/434 425/425/433 430/430/432
f 425/425/401 431/431/435 423/423/403
f 432/432/404 423/423/403 431/431/435
f 424/424/436 423/423/436 433/433/436
f 432/432/406 433/433/406 423/423/406
f 433/433/437 432/432/437 434/434/437
f 431/431/438 434/434/439 432/432/440
f 434/434/439 431/431/438 435/435/441
f 430/430/442 435/435/443 431/431/444
f 435/435/443 430/430/442 436/436/445
f 429/429/446 436/436/446 430/430/446
f 437/437/447 436/436/447 429/429/447
f 438/438/418 436/436/418 437/437/418
f 436/436/448 438/438/448 435/435/448
f 439/439/449 435/435/449 438/438/449
f 435/435/450 439/439/450 434/434/450
f 433/433/451 434/434/451 439/439/451
f 440/440/423 441/441/452 442/442/453
f 443/443/454 442/442/453 441/441/452
f 442/442/391 443/443/455 444/444/456
f 445/445/457 444/444/456 443/443/455
f 446/446/458 444/444/458 445/445/458
f 447/447/459 444/444/459 446/446/459
f 444/444/431 447/447/460 442/442/461
f 448/448/400 442/442/461 447/447/460
f 442/442/462 448/448/463 440/440/464
f 449/449/465 440/440/464 448/448/463
f 441/441/436 440/440/436 450/450/436
f 449/449/466 450/450/466 440/440/466
f 450/450/467 449/449/467 451/451/467
f 448/448/468 451/451/469 449/449/470
f 451/451/469 448/448/468 452/452/411
f 447/447/471 452/452/472 448/448/473
f 452/452/472 447/447/471 453/453/474
f 446/446/475 453/453/475 447/447/475
f 454/454/476 453/453/476 446/446/476
f 455/455/477 453/453/477 454/454/477
f 453/453/419 455/455/419 452/452/419
f 456/456/478 452/452/478 455/455/478
f 452/452/479 456/456/479 451/451/479
f 450/450/480 451/451/480 456/456/480
o rg_1_0.004
v 0.000000 0.809780 0.048837
v -0.037360 0.809780 0.048837
v -0.034247 0.775410 0.043526
v -0.080398 0.817838 0.038032
v -0.005067 0.723521 -0.024846
v 0.000000 0.723094 -0.025151
v -0.006776 0.728161 0.009401
v 0.000000 0.728161 0.009401
v 0.000000 0.743972 0.026555
v -0.013674 0.743972 0.026555
v 0.013735 0.743972 0.026555
v 0.006837 0.728161 0.009401
v 0.005372 0.723094 -0.025151
v -0.287650 1.100299 -0.053599
v -0.287956 1.074538 -0.052988
v -0.447470 1.095049 -0.038398
v -0.446676 1.085709 -0.036872
v -0.287772 1.063671 -0.031561
v -0.446798 1.082779 -0.022831
v -0.287772 1.071363 -0.010256
v -0.446981 1.086991 -0.009767
v -0.287650 1.102008 -0.007081
v -0.447836 1.097308 -0.010744
v -0.287589 1.115072 -0.028997
v -0.448446 1.101764 -0.025456
v -0.287650 1.100299 -0.053599
v -0.447470 1.095049 -0.038398
v 0.020634 0.746597 -0.083450
v 0.023014 0.765521 -0.087296
v 0.030767 0.765277 -0.089311
v 0.025701 0.807460 -0.080337
v 0.053782 0.787986 -0.089433
v 0.051889 0.811367 -0.083816
v 0.078139 0.806300 -0.073805
v -0.078078 0.806300 -0.073805
v -0.051828 0.811367 -0.083816
v -0.053721 0.788291 -0.089372
v -0.025639 0.807460 -0.080337
v -0.030950 0.765277 -0.089311
v -0.022953 0.765521 -0.087296
v -0.022587 0.746536 -0.083572
v 0.080459 0.817838 0.038032
v 0.037421 0.809780 0.048837
v 0.034308 0.775410 0.043526
v 0.000000 0.809780 0.048837
v 0.000000 0.775410 0.043526
v -0.034247 0.775410 0.043526
v -0.013674 0.743972 0.026555
v 0.000000 0.743972 0.026555
v 0.013735 0.743972 0.026555
v 0.008546 0.716928 -0.052439
v 0.005372 0.723094 -0.025151
v 0.000000 0.724986 -0.047677
v 0.000000 0.724986 -0.047677
v -0.005067 0.723521 -0.024846
v -0.009645 0.715890 -0.053110
v 0.005372 0.723094 -0.025151
v 0.000000 0.723094 -0.025151
v 0.000000 0.724986 -0.047677
v -0.005067 0.723521 -0.024846
v 0.000000 0.799158 -0.073133
v 0.025701 0.807460 -0.080337
v 0.000000 0.766315 -0.079543
v 0.023014 0.765521 -0.087296
v 0.020634 0.746597 -0.083450
v 0.010927 0.724132 -0.077651
v 0.000000 0.728222 -0.075026
v 0.008546 0.716928 -0.052439
v 0.000000 0.724986 -0.047677
v 0.000000 0.766315 -0.079543
v -0.025639 0.807460 -0.080337
v -0.022953 0.765521 -0.087296
v -0.022587 0.746536 -0.083572
v -0.013430 0.723155 -0.078261
v 0.000000 0.728222 -0.075026
v -0.009645 0.715890 -0.053110
v 0.000000 0.724986 -0.047677
v 0.000000 0.882608 0.052561
v 0.000000 0.912704 0.051767
v -0.037727 0.886149 0.045358
v -0.035163 0.915939 0.044503
v 0.000000 0.882608 0.052561
v 0.037788 0.886149 0.045358
v 0.000000 0.912704 0.051767
v 0.035224 0.915939 0.044503
v 0.000000 0.902753 -0.059886
v 0.000000 0.929125 -0.059886
v 0.052561 0.899701 -0.047006
v 0.047555 0.927477 -0.049203
v 0.066052 0.896832 -0.038886
v 0.066724 0.922532 -0.028692
v -0.068189 0.924669 -0.028692
v -0.047494 0.927477 -0.049203
v -0.065991 0.896832 -0.038886
v -0.052500 0.899701 -0.047006
v 0.000000 0.929125 -0.059886
v 0.000000 0.902753 -0.059886
v 0.071852 0.922044 -0.004884
v 0.066418 0.921067 0.006593
v 0.071058 0.894268 0.004640
v 0.050852 0.918320 0.030829
v 0.055918 0.889628 0.030157
v 0.037788 0.886149 0.045358
v 0.035224 0.915939 0.044503
v -0.037727 0.886149 0.045358
v -0.035163 0.915939 0.044503
v -0.055857 0.889628 0.030157
v -0.050791 0.918320 0.030829
v -0.070997 0.894268 0.004640
v -0.066357 0.921067 0.006593
v -0.071790 0.922044 -0.004884
v 0.000000 0.983762 0.054087
v 0.032721 0.986204 0.064831
v 0.000000 0.989561 0.068555
v 0.035651 1.000794 0.075026
v 0.038459 1.023014 0.080703
v 0.000000 1.009218 0.076796
v 0.000000 1.045968 0.070020
v 0.023625 1.052439 0.069471
v 0.000000 0.983762 0.054087
v 0.000000 0.989561 0.068555
v -0.032660 0.986204 0.064831
v -0.035590 1.000794 0.075026
v -0.038398 1.023014 0.080703
v 0.000000 1.009218 0.076796
v 0.000000 1.045968 0.070020
v -0.023320 1.052439 0.069471
v 0.000000 0.983762 0.054087
v -0.032660 0.986204 0.064831
v -0.031622 0.981808 0.061108
v 0.031683 0.981808 0.061108
v 0.032721 0.986204 0.064831
v 0.000000 0.983762 0.054087
v -0.035651 0.945974 0.046212
v 0.000000 0.943105 0.052012
v 0.000000 0.983762 0.054087
v -0.035651 0.945974 0.046212
v -0.035163 0.915939 0.044503
v -0.031622 0.981808 0.061108
v -0.030706 0.975154 0.051951
v 0.000000 0.983762 0.054087
v 0.000000 0.983762 0.054087
v 0.000000 0.943105 0.052012
v 0.035712 0.945974 0.046212
v 0.000000 0.912704 0.051767
v 0.035224 0.915939 0.044503
v 0.000000 0.943105 0.052012
v 0.035712 0.945974 0.046212
v 0.031683 0.981808 0.061108
v 0.000000 0.983762 0.054087
v 0.030767 0.975154 0.051951
v -0.035163 0.915939 0.044503
v 0.000000 0.912704 0.051767
v 0.000000 0.943105 0.052012
v 0.084000 1.137354 -0.047128
v 0.048288 1.146084 -0.049997
v 0.047555 1.142360 -0.024296
v 0.080947 1.136377 -0.021610
v 0.084000 1.137354 -0.047128
v 0.047555 1.142360 -0.024296
v 0.080947 1.136377 -0.021610
v 0.045418 1.125572 0.004029
v 0.081436 1.120261 0.003358
v 0.045418 1.125572 0.004029
v 0.082474 1.091875 0.029425
v 0.044747 1.104878 0.024785
v 0.086320 1.065625 0.034430
v 0.066296 1.072706 0.043221
v 0.036078 1.073927 0.048166
v 0.030523 1.061046 0.062573
v 0.061291 1.057994 0.061413
v 0.076796 1.053843 0.052988
v 0.066296 1.072706 0.043221
v 0.061291 1.057994 0.061413
v 0.036078 1.073927 0.048166
v 0.066052 1.035468 0.073256
v 0.023625 1.052439 0.069471
v 0.023625 1.052439 0.069471
v 0.038459 1.023014 0.080703
v 0.056346 1.022953 0.077773
v 0.035651 1.000794 0.075026
v 0.066663 1.001343 0.063305
v 0.082474 1.091875 0.029425
v 0.044747 1.104878 0.024785
v 0.060497 0.987363 0.050302
v 0.076613 0.998230 0.044198
v 0.064831 0.987547 0.023015
v 0.070386 0.976192 0.006837
v 0.078322 0.996154 0.011843
v 0.058421 0.985105 0.032049
v 0.055064 0.977535 0.030890
v 0.055064 0.977535 0.030890
v 0.031683 0.981808 0.061108
v 0.030767 0.975154 0.051951
v 0.068128 0.947744 0.005677
v 0.064831 0.987547 0.023015
v 0.058421 0.985105 0.032049
v 0.076613 0.998230 0.044198
v 0.088395 1.016360 0.043526
v 0.075026 1.016421 0.063549
v 0.051889 0.946890 0.032843
v 0.068128 0.947744 0.005677
v 0.030767 0.975154 0.051951
v 0.066418 0.921067 0.006593
v 0.051889 0.946890 0.032843
v 0.035712 0.945974 0.046212
v 0.066418 0.921067 0.006593
v 0.050852 0.918320 0.030829
v 0.035712 0.945974 0.046212
v 0.072828 0.952018 -0.013735
v 0.071852 0.922044 -0.004884
v 0.050852 0.918320 0.030829
v 0.035224 0.915939 0.044503
v 0.076491 0.979611 -0.010805
v 0.086442 1.006959 -0.015506
v 0.078322 0.996154 0.011843
v 0.090715 1.012331 -0.006593
v 0.090898 1.012820 0.015994
v 0.086442 1.006959 -0.015506
v 0.088395 1.016360 0.043526
v 0.090898 1.012820 0.015994
v 0.095599 1.032416 0.020878
v 0.090715 1.012331 -0.006593
v 0.066052 1.035468 0.073256
v 0.075026 1.016421 0.063549
v 0.086686 1.035834 0.048898
v 0.086320 1.065625 0.034430
v 0.086686 1.035834 0.048898
v 0.076796 1.053843 0.052988
v 0.066663 1.001343 0.063305
v 0.056346 1.022953 0.077773
v 0.035651 1.000794 0.075026
v 0.032721 0.986204 0.064831
v 0.038459 1.023014 0.080703
v 0.060497 0.987363 0.050302
v 0.031683 0.981808 0.061108
v 0.072828 0.952018 -0.013735
v 0.070386 0.976192 0.006837
v 0.084000 1.137354 -0.047128
v 0.087235 1.122032 -0.061473
v 0.044075 1.133447 -0.069104
v 0.084000 1.137354 -0.047128
v 0.048288 1.146084 -0.049997
v 0.072218 1.090043 -0.081741
v 0.052134 1.124473 -0.072401
v 0.000000 1.111226 -0.079971
v 0.052134 1.124473 -0.072401
v 0.072218 1.090043 -0.081741
v 0.003907 1.086869 -0.088700
v 0.087540 1.088822 -0.074476
v 0.087235 1.122032 -0.061473
v 0.000000 1.111226 -0.079971
v 0.044075 1.133447 -0.069104
v 0.089250 1.065136 -0.066907
v 0.075759 1.064221 -0.078261
v 0.004090 1.056895 -0.087907
v 0.005250 1.029241 -0.083511
v 0.087540 1.088822 -0.074476
v 0.075759 1.064221 -0.078261
v 0.003907 1.086869 -0.088700
v 0.000000 1.086381 -0.085526
v 0.004762 1.000794 -0.074660
v 0.073744 1.024907 -0.069776
v 0.089250 1.065136 -0.066907
v 0.004762 1.000794 -0.074660
v 0.065381 0.992064 -0.059825
v 0.076491 0.981991 -0.022038
v 0.072828 0.952018 -0.017703
v 0.073744 1.024907 -0.069776
v 0.005250 1.029241 -0.083511
v 0.000000 1.030767 -0.075331
v 0.087479 1.031195 -0.048104
v 0.086442 1.006959 -0.019413
v 0.076491 0.981991 -0.022038
v 0.065381 0.992064 -0.059825
v 0.086442 1.006959 -0.019413
v 0.072828 0.952018 -0.017703
v 0.051523 0.956291 -0.054148
v 0.005128 0.963311 -0.065258
v 0.051523 0.956291 -0.054148
v 0.066724 0.922532 -0.028692
v 0.005128 0.963311 -0.065258
v 0.000000 0.929125 -0.059886
v 0.047555 0.927477 -0.049203
v 0.066724 0.922532 -0.028692
v 0.000000 0.929125 -0.059886
v 0.047555 0.927477 -0.049203
v 0.000000 0.963983 -0.062817
v 0.000000 1.001953 -0.067639
v 0.000000 1.001953 -0.067639
v 0.000000 1.030767 -0.075331
v 0.000000 1.055857 -0.084732
v 0.000000 1.086381 -0.085526
v 0.004090 1.056895 -0.087907
v 0.000000 1.055857 -0.084732
v -0.045052 1.133447 -0.069104
v -0.086564 1.122032 -0.061473
v -0.083389 1.137354 -0.047128
v -0.052744 1.124473 -0.072401
v 0.000000 1.111226 -0.079971
v -0.072096 1.090043 -0.081741
v -0.089006 1.088822 -0.074476
v -0.086564 1.122032 -0.061473
v -0.052744 1.124473 -0.072401
v -0.045052 1.133447 -0.069104
v -0.049081 1.146084 -0.049997
v -0.083389 1.137354 -0.047128
v -0.089006 1.088822 -0.074476
v -0.075697 1.064221 -0.078261
v -0.089189 1.065136 -0.066907
v -0.087418 1.031195 -0.048104
v -0.073683 1.024907 -0.069776
v 0.000000 1.086381 -0.085526
v -0.003846 1.086869 -0.088700
v 0.000000 1.111226 -0.079971
v -0.072096 1.090043 -0.081741
v 0.000000 1.086381 -0.085526
v -0.004029 1.056895 -0.087907
v -0.073683 1.024907 -0.069776
v -0.086381 1.006959 -0.019413
v -0.089189 1.065136 -0.066907
v -0.005189 1.029241 -0.083511
v -0.004701 1.000794 -0.074660
v -0.065320 0.992064 -0.059825
v -0.076430 0.981991 -0.022038
v -0.065320 0.992064 -0.059825
v -0.072767 0.952018 -0.017703
v -0.051462 0.956291 -0.054148
v -0.068189 0.924669 -0.028692
v -0.005067 0.963311 -0.065258
v -0.004701 1.000794 -0.074660
v 0.000000 1.001953 -0.067639
v 0.000000 1.030767 -0.075331
v -0.086381 1.006959 -0.019413
v -0.068189 0.924669 -0.028692
v -0.047494 0.927477 -0.049203
v -0.047494 0.927477 -0.049203
v 0.000000 0.929125 -0.059886
v -0.004029 1.056895 -0.087907
v -0.005189 1.029241 -0.083511
v 0.000000 1.030767 -0.075331
v 0.000000 1.055857 -0.084732
v -0.075697 1.064221 -0.078261
v -0.003846 1.086869 -0.088700
v 0.000000 0.963983 -0.062817
v -0.005067 0.963311 -0.065258
v 0.000000 1.001953 -0.067639
v 0.000000 0.929125 -0.059886
v -0.051462 0.956291 -0.054148
v -0.048410 1.142360 -0.024296
v -0.049081 1.146084 -0.049997
v -0.083389 1.137354 -0.047128
v -0.048410 1.142360 -0.024296
v -0.080459 1.136377 -0.021610
v -0.046273 1.125572 0.004029
v -0.080459 1.136377 -0.021610
v -0.036017 1.073927 0.048166
v -0.045663 1.104878 0.024785
v -0.081924 1.091875 0.029425
v -0.080947 1.120261 0.003358
v -0.046273 1.125572 0.004029
v -0.066235 1.072706 0.043221
v -0.086197 1.065625 0.034430
v -0.061229 1.057994 0.061413
v -0.030462 1.061046 0.062573
v -0.036017 1.073927 0.048166
v -0.081924 1.091875 0.029425
v -0.086625 1.035834 0.048898
v -0.065991 1.035468 0.073256
v -0.076735 1.053843 0.052988
v -0.086197 1.065625 0.034430
v -0.066235 1.072706 0.043221
v -0.095538 1.032416 0.020878
v -0.090837 1.012820 0.015994
v -0.088334 1.016360 0.043526
v -0.076735 1.053843 0.052988
v -0.061229 1.057994 0.061413
v -0.086625 1.035834 0.048898
v -0.065991 1.035468 0.073256
v -0.074965 1.016421 0.063549
v -0.023320 1.052439 0.069471
v -0.056285 1.022953 0.077773
v -0.074965 1.016421 0.063549
v -0.095538 1.032416 0.020878
v -0.088334 1.016360 0.043526
v -0.056285 1.022953 0.077773
v -0.038398 1.023014 0.080703
v -0.035590 1.000794 0.075026
v -0.066602 1.001343 0.063305
v -0.032660 0.986204 0.064831
v -0.056285 1.022953 0.077773
v -0.055003 0.977535 0.030890
v -0.058360 0.985105 0.032049
v -0.064770 0.987547 0.023015
v -0.068067 0.947744 0.005677
v -0.051828 0.946890 0.032843
v -0.055003 0.977535 0.030890
v -0.070325 0.976192 0.006837
v -0.070325 0.976192 0.006837
v -0.078261 0.996154 0.011843
v -0.086381 1.006959 -0.015506
v -0.078261 0.996154 0.011843
v -0.090837 1.012820 0.015994
v -0.076552 0.998230 0.044198
v -0.064770 0.987547 0.023015
v -0.076552 0.998230 0.044198
v -0.060436 0.987363 0.050302
v -0.051828 0.946890 0.032843
v -0.066357 0.921067 0.006593
v -0.050791 0.918320 0.030829
v -0.060436 0.987363 0.050302
v -0.066602 1.001343 0.063305
v -0.086381 1.006959 -0.015506
v -0.090654 1.012331 -0.006593
v -0.066602 1.001343 0.063305
v -0.060436 0.987363 0.050302
v -0.032660 0.986204 0.064831
v -0.031622 0.981808 0.061108
v -0.035163 0.915939 0.044503
v -0.035651 0.945974 0.046212
v -0.050791 0.918320 0.030829
v -0.051828 0.946890 0.032843
v -0.030706 0.975154 0.051951
v -0.055003 0.977535 0.030890
v -0.058360 0.985105 0.032049
v -0.064770 0.987547 0.023015
v -0.074965 1.016421 0.063549
v -0.076552 0.998230 0.044198
v -0.088334 1.016360 0.043526
v -0.078261 0.996154 0.011843
v -0.090837 1.012820 0.015994
v -0.086381 1.006959 -0.015506
v -0.076430 0.979611 -0.010805
v -0.070325 0.976192 0.006837
v -0.072767 0.952018 -0.013735
v -0.068067 0.947744 0.005677
v -0.066357 0.921067 0.006593
v -0.071790 0.922044 -0.004884
v 0.086075 0.784262 0.048776
v 0.029669 0.818631 0.053110
v 0.034613 0.770710 0.057017
v -0.002869 0.774861 0.056895
v 0.105915 0.787864 0.029119
v 0.088822 0.756547 0.056956
v 0.081008 0.733350 0.063122
v -0.003785 0.832367 -0.087723
v -0.054575 0.802454 -0.110250
v -0.043709 0.838349 -0.088883
v -0.078689 0.842073 -0.076918
v -0.098346 0.844149 -0.048837
v -0.093462 0.804713 -0.098712
v -0.101154 0.738966 -0.106831
v -0.106221 0.683902 -0.111837
v -0.138026 0.695013 -0.069532
v -0.123802 0.740248 -0.061779
v -0.111654 0.794579 -0.055674
v -0.100421 0.845797 -0.009401
v -0.106221 0.825468 -0.009401
v -0.114401 0.796044 -0.009218
v -0.126915 0.750809 -0.009218
v -0.141078 0.698919 -0.009889
v -0.114401 0.796044 -0.009218
v -0.098346 0.844149 0.010012
v -0.111654 0.794579 0.016849
v -0.121543 0.749222 0.023015
v -0.093462 0.793053 0.043526
v -0.098468 0.738416 0.055796
v -0.052805 0.778341 0.055125
v -0.111837 0.684146 0.068738
v -0.134485 0.695684 0.030767
v -0.141078 0.698919 -0.009889
v -0.126915 0.750809 -0.009218
v 0.074782 0.833710 -0.079421
v 0.091203 0.834503 -0.058421
v 0.086075 0.795922 -0.103962
v 0.115072 0.788169 -0.060558
v 0.119712 0.725536 -0.062633
v 0.029669 0.833832 -0.092729
v 0.034613 0.788841 -0.116720
v 0.092241 0.727672 -0.108174
v 0.129540 0.628106 -0.067578
v 0.104267 0.643673 -0.102069
v -0.106221 0.825468 -0.009401
v -0.098346 0.844149 0.010012
v -0.100421 0.845797 -0.009401
v -0.111654 0.794579 0.016849
v -0.078689 0.842073 0.034735
v -0.093462 0.793053 0.043526
v -0.043709 0.823149 0.050852
v -0.052805 0.778341 0.055125
v -0.003785 0.814541 0.053416
v -0.002869 0.774861 0.056895
v 0.029669 0.818631 0.053110
v 0.086075 0.784262 0.048776
v 0.074782 0.833710 0.044564
v 0.105915 0.787864 0.029119
v 0.109883 0.793175 0.021488
v 0.096942 0.834503 0.019596
v 0.118125 0.805445 -0.009401
v 0.108235 0.835297 -0.009401
v 0.108235 0.835297 -0.009401
v 0.118125 0.805445 -0.009401
v 0.091203 0.834503 -0.058421
v 0.122154 0.788780 -0.016360
v 0.115072 0.788169 -0.060558
v 0.130944 0.716196 -0.027898
v 0.119712 0.725536 -0.062633
v 0.139125 0.615164 -0.038032
v 0.129540 0.628106 -0.067578
v 0.065869 0.361455 -0.082290
v 0.109944 0.358220 -0.065381
v 0.072462 0.312008 -0.091569
v 0.116110 0.308894 -0.066663
v 0.119712 0.353336 -0.008302
v 0.123985 0.304743 -0.012637
v 0.094317 0.349673 0.016299
v 0.095538 0.300653 0.010073
v 0.069532 0.349063 0.026921
v 0.064892 0.300043 0.019596
v 0.064892 0.300043 0.019596
v 0.069532 0.349063 0.026921
v 0.036506 0.300592 0.005372
v 0.037360 0.349551 0.016238
v 0.022282 0.304621 -0.017581
v 0.020878 0.353763 -0.009279
v 0.030889 0.308894 -0.067700
v 0.030889 0.358220 -0.059093
v 0.065869 0.361455 -0.082290
v 0.072462 0.312008 -0.091569
v -0.072401 0.312008 -0.091569
v -0.065808 0.361455 -0.082290
v -0.030828 0.308833 -0.067700
v -0.030828 0.358159 -0.059093
v -0.020817 0.353763 -0.009279
v -0.022221 0.304621 -0.017581
v -0.037299 0.349551 0.016238
v -0.036445 0.300592 0.005372
v -0.069471 0.349002 0.026921
v -0.064831 0.300043 0.019596
v -0.064831 0.300043 0.019596
v -0.069471 0.349002 0.026921
v -0.095476 0.300653 0.010073
v -0.094256 0.349673 0.016299
v -0.123924 0.304743 -0.012637
v -0.119651 0.353336 -0.008302
v -0.116049 0.308894 -0.066663
v -0.109883 0.358220 -0.065381
v -0.072401 0.312008 -0.091569
v -0.065808 0.361455 -0.082290
v 0.081008 0.733350 0.063122
v 0.034613 0.770710 0.057017
v 0.036323 0.728100 0.069715
v -0.002869 0.774861 0.056895
v 0.064953 0.621269 0.086442
v 0.033698 0.630609 0.084244
v -0.005677 0.725047 0.069776
v -0.055369 0.727123 0.069288
v -0.052805 0.778341 0.055125
v -0.098468 0.738416 0.055796
v -0.111837 0.684146 0.068738
v -0.063671 0.666016 0.084183
v -0.007570 0.648800 0.084244
v -0.054575 0.802454 -0.110250
v -0.003785 0.832367 -0.087723
v -0.002869 0.786521 -0.106404
v 0.029669 0.833832 -0.092729
v 0.034613 0.788841 -0.116720
v 0.104267 0.643673 -0.102069
v 0.041756 0.656431 -0.110677
v 0.092241 0.727672 -0.108174
v 0.036323 0.728100 -0.116415
v -0.005677 0.725047 -0.116476
v -0.055369 0.727123 -0.115988
v -0.101154 0.738966 -0.106831
v -0.106221 0.683902 -0.111837
v -0.063671 0.670228 -0.110738
v -0.006776 0.661010 -0.110738
vt 1.319092 0.773071
vt 1.266724 0.772705
vt 1.270508 0.689087
vt 1.205322 0.793579
vt 1.304688 0.570801
vt 1.312256 0.570801
vt 1.305786 0.578369
vt 1.315430 0.578491
vt 1.317017 0.614746
vt 1.297729 0.614624
vt 1.336304 0.614868
vt 1.325073 0.578491
vt 1.319702 0.570923
vt 0.736816 0.500000
vt 0.685669 0.500000
vt 0.745483 0.000000
vt 0.689209 0.000000
vt 0.638428 0.500000
vt 0.593262 0.000000
vt 0.593872 0.500000
vt 0.563110 0.000000
vt 0.532471 0.500000
vt 0.538086 0.000000
vt 0.481323 0.500000
vt 0.497436 0.000000
vt 0.421997 0.500000
vt 0.430664 0.000000
vt 1.334351 0.639160
vt 1.337402 0.686035
vt 1.348022 0.685913
vt 1.341675 0.787964
vt 1.380249 0.741821
vt 1.378174 0.798462
vt 1.415894 0.784790
vt 1.196899 0.783325
vt 1.232666 0.797485
vt 1.229492 0.741577
vt 1.269775 0.787476
vt 1.261475 0.685303
vt 1.272827 0.685669
vt 1.273804 0.638550
vt 1.430786 0.795044
vt 1.371460 0.773438
vt 1.366577 0.689819
vt 1.319092 0.773071
vt 1.318604 0.689453
vt 1.270508 0.689087
vt 1.297729 0.614624
vt 1.317017 0.614746
vt 1.336304 0.614868
vt 1.321655 0.559814
vt 1.319702 0.570923
vt 1.310059 0.578735
vt 1.310059 0.578735
vt 1.304688 0.570801
vt 1.296021 0.557007
vt 1.319702 0.570923
vt 1.312256 0.570801
vt 1.310059 0.578735
vt 1.304688 0.570801
vt 1.306641 0.766113
vt 1.341675 0.787964
vt 1.306030 0.686401
vt 1.337402 0.686035
vt 1.334351 0.639160
vt 1.322266 0.581787
vt 1.307129 0.591309
vt 1.321655 0.559814
vt 1.310059 0.578735
vt 1.306030 0.686401
vt 1.269775 0.787476
vt 1.272827 0.685669
vt 1.273804 0.638550
vt 1.287842 0.579224
vt 1.307129 0.591309
vt 1.296021 0.557007
vt 1.310059 0.578735
vt 0.077759 0.537231
vt 0.182129 0.538452
vt 0.075317 0.657104
vt 0.180908 0.659668
vt 0.077759 0.537231
vt 0.073120 0.657104
vt 0.182129 0.538452
vt 0.180908 0.659790
vt 0.068970 0.524536
vt 0.201172 0.524658
vt 0.072266 0.719727
vt 0.195679 0.705200
vt 0.077881 0.854980
vt 0.221924 0.986328
vt 0.221924 0.986328
vt 0.195679 0.705200
vt 0.077881 0.854980
vt 0.072266 0.719727
vt 0.201172 0.524658
vt 0.068970 0.524536
vt 0.223633 0.988159
vt 0.202026 0.893555
vt 0.083130 0.863403
vt 0.182007 0.718384
vt 0.070312 0.710693
vt 0.074463 0.604980
vt 0.185791 0.605591
vt 0.074463 0.604980
vt 0.185791 0.605591
vt 0.070312 0.710693
vt 0.182129 0.718628
vt 0.083130 0.863403
vt 0.202026 0.893677
vt 0.223633 0.988159
vt 0.314209 0.544922
vt 0.277710 0.654297
vt 0.268677 0.543335
vt 0.230713 0.653809
vt 0.157105 0.653320
vt 0.168945 0.542358
vt 0.074585 0.542480
vt 0.074341 0.653809
vt 0.314209 0.544922
vt 0.268677 0.543335
vt 0.275513 0.654175
vt 0.228394 0.653687
vt 0.154663 0.653198
vt 0.168945 0.542358
vt 0.074585 0.542480
vt 0.072021 0.653809
vt 0.314209 0.544922
vt 0.275513 0.654175
vt 0.298706 0.654419
vt 0.300781 0.654541
vt 0.277710 0.654297
vt 0.314209 0.544922
vt 0.260620 0.670288
vt 0.262085 0.538330
vt 0.392822 0.539673
vt 0.260620 0.670288
vt 0.180908 0.659668
vt 0.361939 0.671143
vt 0.319702 0.670898
vt 0.392822 0.539673
vt 0.392822 0.539673
vt 0.262085 0.538330
vt 0.260132 0.669800
vt 0.182129 0.538452
vt 0.180908 0.659790
vt 0.262085 0.538330
vt 0.260132 0.669800
vt 0.362549 0.671143
vt 0.392822 0.539673
vt 0.319946 0.671021
vt 0.180908 0.659668
vt 0.182129 0.538452
vt 0.262085 0.538330
vt 0.999146 0.774170
vt 0.985840 0.536255
vt 0.885742 0.535645
vt 0.887451 0.775513
vt 0.999146 0.774170
vt 0.885742 0.535645
vt 0.887451 0.775513
vt 0.800293 0.535645
vt 0.798828 0.774658
vt 0.800293 0.535645
vt 0.669312 0.780029
vt 0.738159 0.535278
vt 0.582398 0.768311
vt 0.610840 0.681152
vt 0.628052 0.538086
vt 0.573364 0.534424
vt 0.553955 0.643188
vt 0.546875 0.708130
vt 0.610840 0.681152
vt 0.553955 0.643188
vt 0.628052 0.538086
vt 0.489624 0.653931
vt 0.499756 0.534058
vt 0.499756 0.534058
vt 0.436157 0.568481
vt 0.454712 0.625366
vt 0.393189 0.568970
vt 0.425049 0.686890
vt 0.669312 0.780029
vt 0.738159 0.535278
vt 0.388306 0.705200
vt 0.425293 0.760498
vt 0.379761 0.810547
vt 0.359009 0.895630
vt 0.418579 0.882935
vt 0.367188 0.759521
vt 0.345337 0.751099
vt 0.345337 0.751099
vt 0.339233 0.605347
vt 0.319458 0.605469
vt 0.276611 0.891113
vt 0.379761 0.810547
vt 0.367188 0.759521
vt 0.425293 0.760498
vt 0.470215 0.785767
vt 0.459228 0.702759
vt 0.263306 0.721191
vt 0.276611 0.891113
vt 0.319458 0.605469
vt 0.202026 0.893555
vt 0.263306 0.721191
vt 0.256103 0.605469
vt 0.202026 0.893555
vt 0.182007 0.718384
vt 0.256103 0.605469
vt 0.292480 0.987793
vt 0.223633 0.988159
vt 0.182007 0.718384
vt 0.185791 0.605591
vt 0.381470 0.987427
vt 0.465820 0.986084
vt 0.418579 0.882935
vt 0.484985 0.989746
vt 0.469849 0.896240
vt 0.465820 0.986084
vt 0.470215 0.785767
vt 0.469849 0.896240
vt 0.505493 0.887817
vt 0.484985 0.989746
vt 0.489624 0.653931
vt 0.459228 0.702759
vt 0.507690 0.757446
vt 0.582398 0.768311
vt 0.507690 0.757446
vt 0.546875 0.708130
vt 0.425049 0.686890
vt 0.454712 0.625366
vt 0.393189 0.568970
vt 0.357178 0.569092
vt 0.436157 0.568481
vt 0.388306 0.705200
vt 0.339233 0.605347
vt 0.292480 0.987793
vt 0.359009 0.895630
vt 0.970459 0.772339
vt 0.899292 0.763062
vt 0.948975 0.660278
vt 0.970459 0.772339
vt 0.999878 0.697632
vt 0.794434 0.708008
vt 0.907837 0.679810
vt 0.922119 0.544922
vt 0.907837 0.679810
vt 0.794434 0.708008
vt 0.781128 0.551270
vt 0.789551 0.770142
vt 0.899292 0.763062
vt 0.922119 0.544922
vt 0.948975 0.660278
vt 0.701172 0.762939
vt 0.697998 0.703857
vt 0.669678 0.553589
vt 0.566894 0.553589
vt 0.789551 0.770142
vt 0.697998 0.703857
vt 0.781128 0.551270
vt 0.779053 0.537964
vt 0.460449 0.547485
vt 0.551269 0.705811
vt 0.701172 0.762939
vt 0.460449 0.547485
vt 0.428711 0.735474
vt 0.430054 0.884766
vt 0.317505 0.961426
vt 0.551269 0.705811
vt 0.566894 0.553589
vt 0.572021 0.529907
vt 0.583496 0.780396
vt 0.546509 0.822510
vt 0.430054 0.884766
vt 0.428711 0.735474
vt 0.546509 0.822510
vt 0.317505 0.961426
vt 0.295044 0.704834
vt 0.320801 0.548340
vt 0.295044 0.704834
vt 0.221924 0.986328
vt 0.320801 0.548340
vt 0.201172 0.524658
vt 0.195679 0.705200
vt 0.221924 0.986328
vt 0.201172 0.524658
vt 0.195679 0.705200
vt 0.322998 0.524658
vt 0.464478 0.529907
vt 0.464478 0.529907
vt 0.572021 0.529907
vt 0.665527 0.529907
vt 0.779053 0.537964
vt 0.669678 0.553589
vt 0.665527 0.529907
vt 0.948975 0.660278
vt 0.899292 0.763062
vt 0.970459 0.772339
vt 0.907837 0.679810
vt 0.922119 0.544922
vt 0.794434 0.708008
vt 0.789551 0.770142
vt 0.899292 0.763062
vt 0.907837 0.679810
vt 0.948975 0.660278
vt 0.999878 0.697632
vt 0.970459 0.772339
vt 0.789551 0.770142
vt 0.697998 0.703857
vt 0.701172 0.762939
vt 0.583496 0.780396
vt 0.551269 0.705811
vt 0.779053 0.537964
vt 0.781128 0.551270
vt 0.922119 0.544922
vt 0.794434 0.708008
vt 0.779053 0.537964
vt 0.669678 0.553589
vt 0.551269 0.705811
vt 0.546509 0.822510
vt 0.701172 0.762939
vt 0.566894 0.553589
vt 0.460449 0.547485
vt 0.428711 0.735474
vt 0.430054 0.884766
vt 0.428711 0.735474
vt 0.317505 0.961426
vt 0.295044 0.704834
vt 0.221924 0.986328
vt 0.320801 0.548340
vt 0.460449 0.547485
vt 0.464478 0.529907
vt 0.572021 0.529907
vt 0.546509 0.822510
vt 0.221924 0.986328
vt 0.195679 0.705200
vt 0.195679 0.705200
vt 0.201172 0.524658
vt 0.669678 0.553589
vt 0.566894 0.553589
vt 0.572021 0.529907
vt 0.665527 0.529907
vt 0.697998 0.703857
vt 0.781128 0.551270
vt 0.322998 0.524658
vt 0.320801 0.548340
vt 0.464478 0.529907
vt 0.201172 0.524658
vt 0.295044 0.704834
vt 0.885742 0.535645
vt 0.985840 0.536255
vt 0.999146 0.774170
vt 0.885742 0.535645
vt 0.898315 0.775513
vt 0.811035 0.535645
vt 0.898315 0.775513
vt 0.628052 0.538086
vt 0.752563 0.535278
vt 0.669312 0.780029
vt 0.813232 0.774658
vt 0.811035 0.535645
vt 0.614014 0.684937
vt 0.595947 0.781006
vt 0.556641 0.645630
vt 0.573364 0.534424
vt 0.628052 0.538086
vt 0.669312 0.780029
vt 0.510864 0.760498
vt 0.491455 0.655640
vt 0.551758 0.712769
vt 0.595947 0.781006
vt 0.614014 0.684937
vt 0.505493 0.887817
vt 0.470093 0.896484
vt 0.471558 0.787109
vt 0.551758 0.712769
vt 0.556641 0.645630
vt 0.510864 0.760498
vt 0.491455 0.655640
vt 0.460693 0.704102
vt 0.499756 0.534058
vt 0.455566 0.626221
vt 0.460693 0.704102
vt 0.505493 0.887817
vt 0.471558 0.787109
vt 0.455566 0.626221
vt 0.436157 0.568481
vt 0.393189 0.568970
vt 0.425903 0.687622
vt 0.357178 0.569092
vt 0.455566 0.626221
vt 0.345581 0.751343
vt 0.367554 0.759888
vt 0.380005 0.810913
vt 0.276611 0.891113
vt 0.263306 0.721313
vt 0.345581 0.751343
vt 0.359131 0.895752
vt 0.359131 0.895752
vt 0.418823 0.883179
vt 0.465820 0.986084
vt 0.418823 0.883179
vt 0.470093 0.896484
vt 0.426147 0.761230
vt 0.380005 0.810913
vt 0.426147 0.761230
vt 0.388794 0.705566
vt 0.263306 0.721313
vt 0.202026 0.893677
vt 0.182129 0.718628
vt 0.388794 0.705566
vt 0.425903 0.687622
vt 0.465820 0.986084
vt 0.484985 0.989746
vt 0.425903 0.687622
vt 0.388794 0.705566
vt 0.357178 0.569092
vt 0.339233 0.605347
vt 0.185791 0.605591
vt 0.256103 0.605469
vt 0.182129 0.718628
vt 0.263306 0.721313
vt 0.319458 0.605469
vt 0.345581 0.751343
vt 0.367554 0.759888
vt 0.380005 0.810913
vt 0.460693 0.704102
vt 0.426147 0.761230
vt 0.471558 0.787109
vt 0.418823 0.883179
vt 0.470093 0.896484
vt 0.465820 0.986084
vt 0.381470 0.987427
vt 0.359131 0.895752
vt 0.292480 0.987793
vt 0.276611 0.891113
vt 0.202026 0.893677
vt 0.223633 0.988159
vt 0.917236 0.354858
vt 0.824097 0.499023
vt 0.835571 0.341797
vt 0.770508 0.353516
vt 0.946045 0.344971
vt 0.933350 0.289795
vt 0.910156 0.234009
vt 0.272705 0.499023
vt 0.354980 0.363892
vt 0.352051 0.499023
vt 0.419190 0.499023
vt 0.477051 0.499023
vt 0.411987 0.352783
vt 0.413940 0.159790
vt 0.425659 0.001587
vt 0.478516 0.001709
vt 0.475830 0.155518
vt 0.476562 0.329834
vt 0.536011 0.499023
vt 0.535156 0.436890
vt 0.546265 0.346680
vt 0.533447 0.208984
vt 0.541748 0.001709
vt 0.546265 0.346680
vt 0.563599 0.499023
vt 0.576660 0.338745
vt 0.574097 0.193359
vt 0.619995 0.342896
vt 0.635498 0.170654
vt 0.686646 0.334351
vt 0.639404 0.001587
vt 0.590332 0.001709
vt 0.541748 0.001709
vt 0.533447 0.208984
vt 0.122925 0.499023
vt 0.079224 0.499023
vt 0.138061 0.361694
vt 0.071777 0.345337
vt 0.075806 0.209961
vt 0.198975 0.499023
vt 0.211426 0.345947
vt 0.141846 0.195557
vt 0.077881 0.001099
vt 0.129273 0.001221
vt 0.535156 0.436890
vt 0.563599 0.499023
vt 0.536011 0.499023
vt 0.576660 0.338745
vt 0.610596 0.499023
vt 0.619995 0.342896
vt 0.672729 0.499023
vt 0.686646 0.334351
vt 0.756348 0.499023
vt 0.770508 0.353516
vt 0.824097 0.499023
vt 0.917236 0.354858
vt 0.901001 0.499023
vt 0.946045 0.344971
vt 0.955444 0.365479
vt 0.950440 0.499023
vt 1.000000 0.404053
vt 1.000000 0.499023
vt 0.000000 0.499023
vt 0.000000 0.404541
vt 0.079224 0.499023
vt 0.012817 0.331543
vt 0.071777 0.345337
vt 0.028198 0.207031
vt 0.075806 0.209961
vt 0.010498 0.001099
vt 0.077881 0.001099
vt 0.464355 0.101318
vt 0.368774 0.101318
vt 0.458008 0.015259
vt 0.364380 0.015259
vt 0.278931 0.101318
vt 0.278442 0.015259
vt 0.222900 0.101318
vt 0.224365 0.015259
vt 0.141846 0.101318
vt 0.144043 0.015259
vt 0.144043 0.015259
vt 0.141846 0.101318
vt 0.223633 0.015259
vt 0.222046 0.101318
vt 0.279785 0.015259
vt 0.280396 0.101318
vt 0.362183 0.015259
vt 0.366333 0.101318
vt 0.464355 0.101318
vt 0.458008 0.015259
vt 0.458008 0.015259
vt 0.464355 0.101318
vt 0.362183 0.015259
vt 0.366333 0.101318
vt 0.280396 0.101318
vt 0.279785 0.015259
vt 0.222046 0.101318
vt 0.223633 0.015259
vt 0.141846 0.101318
vt 0.144043 0.015259
vt 0.144043 0.015259
vt 0.141846 0.101318
vt 0.224365 0.015259
vt 0.222900 0.101318
vt 0.278442 0.015259
vt 0.278931 0.101318
vt 0.364380 0.015259
vt 0.368774 0.101318
vt 0.458008 0.015259
vt 0.464355 0.101318
vt 0.910156 0.234009
vt 0.835571 0.341797
vt 0.843750 0.218506
vt 0.770508 0.353516
vt 0.910400 0.001099
vt 0.862793 0.001099
vt 0.778565 0.196411
vt 0.702881 0.171509
vt 0.686646 0.334351
vt 0.635498 0.170654
vt 0.639404 0.001587
vt 0.705200 0.001465
vt 0.789795 0.001221
vt 0.354980 0.363892
vt 0.272705 0.499023
vt 0.271606 0.343018
vt 0.198975 0.499023
vt 0.211426 0.345947
vt 0.129273 0.001221
vt 0.203613 0.001343
vt 0.141846 0.195557
vt 0.216064 0.186035
vt 0.276855 0.168091
vt 0.349853 0.152588
vt 0.413940 0.159790
vt 0.425659 0.001587
vt 0.365478 0.001465
vt 0.278076 0.001343
vn 0.0000 -0.1527 0.9883
vn -0.2699 -0.1709 0.9476
vn -0.0755 -0.9886 0.1302
vn 0.0000 -0.9894 0.1451
vn 0.0000 -0.7353 0.6777
vn -0.0939 -0.0225 -0.9953
vn -0.1114 -0.1694 -0.9792
vn -0.1080 -0.8870 -0.4489
vn -0.1278 -0.9707 -0.2037
vn -0.0940 -0.9364 0.3381
vn -0.0921 -0.9481 0.3044
vn -0.0071 -0.1030 0.9947
vn -0.0255 0.0922 0.9954
vn -0.0369 0.8584 0.5116
vn -0.0725 0.9537 0.2919
vn -0.0820 0.8545 -0.5129
vn -0.0731 0.8830 -0.4637
vn -0.2530 -0.1620 -0.9538
vn -0.2426 0.1739 -0.9544
vn -0.1858 0.1831 -0.9654
vn -0.1604 0.2183 -0.9626
vn 0.3864 0.2449 -0.8892
vn -0.3865 0.2457 -0.8890
vn 0.1605 0.2186 -0.9625
vn 0.1864 0.1819 -0.9655
vn 0.2356 0.1738 -0.9562
vn 0.2455 -0.1820 -0.9522
vn 0.2699 -0.1709 0.9476
vn 0.0000 -0.4750 0.8800
vn -0.6550 -0.7498 0.0932
vn 0.6535 -0.7507 0.0969
vn 0.0000 -0.9965 -0.0837
vn -0.0887 -0.9926 -0.0834
vn -0.3193 0.1815 -0.9301
vn -0.3097 0.1754 -0.9345
vn -0.3180 0.1807 -0.9307
vn -0.3089 0.1749 -0.9349
vn -0.3203 -0.1498 -0.9354
vn -0.2928 -0.1184 -0.9488
vn -0.2720 -0.1133 -0.9556
vn -0.3955 -0.8726 -0.2867
vn -0.7078 -0.7016 -0.0830
vn 0.3200 0.1815 -0.9299
vn 0.3096 0.1749 -0.9346
vn 0.3205 -0.1764 -0.9307
vn 0.2688 -0.1120 -0.9567
vn 0.2724 -0.1131 -0.9555
vn 0.2691 -0.1120 -0.9566
vn 0.2729 -0.1133 -0.9554
vn 0.4000 -0.8627 -0.3094
vn 0.7081 -0.7012 -0.0830
vn -0.1851 0.0259 0.9824
vn -0.1981 0.0452 0.9791
vn 0.1848 0.0259 0.9824
vn 0.1978 0.0451 0.9792
vn 0.2380 0.0000 -0.9713
vn 0.2178 -0.0379 -0.9753
vn 0.5196 0.0261 -0.8540
vn 0.7379 0.2321 -0.6337
vn -0.7037 0.1947 -0.6833
vn -0.5196 0.0261 -0.8540
vn -0.2180 -0.0378 -0.9752
vn -0.2383 0.0000 -0.9712
vn 0.8929 0.1230 0.4332
vn 0.8314 0.1042 0.5458
vn 0.8409 0.1362 0.5237
vn 0.6292 0.0930 0.7717
vn 0.6498 0.0776 0.7561
vn -0.6319 0.0765 0.7712
vn -0.6470 0.0965 0.7563
vn -0.8409 0.1362 0.5237
vn -0.8314 0.1042 0.5458
vn -0.8929 0.1230 0.4331
vn -0.0528 -0.9269 0.3715
vn 0.0337 -0.5770 0.8161
vn -0.1017 -0.2342 0.9669
vn 0.0450 -0.3862 0.9213
vn -0.1627 0.1789 0.9703
vn -0.0674 0.3260 0.9430
vn 0.0529 -0.9269 0.3715
vn -0.0337 -0.5770 0.8160
vn 0.1019 -0.2341 0.9668
vn -0.0450 -0.3862 0.9213
vn 0.1630 0.1789 0.9703
vn 0.0680 0.3252 0.9432
vn 0.2082 -0.6030 0.7701
vn -0.2077 -0.6035 0.7698
vn -0.1643 -0.0503 0.9851
vn -0.1649 -0.0587 0.9846
vn 0.1796 -0.7872 0.5900
vn -0.0149 -0.1905 0.9816
vn 0.1640 -0.0503 0.9852
vn 0.2027 -0.0079 0.9792
vn 0.1646 -0.0587 0.9846
vn -0.1793 -0.7872 0.5900
vn 0.0148 -0.1905 0.9816
vn -0.2030 -0.0079 0.9791
vn 0.2238 0.9636 0.1460
vn 0.1715 0.9835 0.0582
vn 0.1113 0.8512 0.5129
vn 0.1329 0.8339 0.5357
vn 0.1424 0.6723 0.7264
vn 0.1165 0.7015 0.7031
vn 0.4584 0.2308 0.8582
vn 0.1603 0.4839 0.8603
vn 0.0975 0.7230 0.6840
vn 0.4998 0.6011 0.6236
vn 0.1360 0.7517 0.6453
vn 0.5145 0.4817 0.7094
vn 0.1150 0.4812 0.8690
vn 0.0880 0.5791 0.8105
vn 0.1483 0.4171 0.8967
vn 0.3285 -0.4121 0.8498
vn 0.1011 0.5815 0.8072
vn 0.6111 -0.6666 0.4268
vn 0.5793 -0.8105 0.0865
vn 0.7226 -0.4242 0.5458
vn 0.7902 -0.4189 0.4474
vn 0.6966 -0.4001 0.5956
vn 0.2226 -0.9703 0.0947
vn 0.4880 -0.7286 0.4806
vn 0.8379 -0.0885 0.5387
vn 0.7796 -0.3543 0.5164
vn 0.4309 -0.9003 0.0624
vn 0.5838 -0.8077 0.0827
vn 0.8372 -0.5411 0.0789
vn 0.7374 -0.4609 0.4938
vn 0.8578 -0.0563 0.5110
vn 0.6560 -0.0199 0.7545
vn 0.8583 -0.0374 0.5119
vn 0.6379 -0.0431 0.7689
vn 0.8429 -0.0682 0.5337
vn 0.6377 -0.0772 0.7664
vn 0.9732 -0.0547 0.2236
vn 0.8961 0.0986 0.4327
vn 0.6621 -0.0533 0.7475
vn 0.9424 -0.1565 0.2958
vn 0.9204 -0.2898 0.2623
vn 0.9126 -0.3919 0.1161
vn 0.7766 -0.6299 0.0073
vn 0.7983 -0.6022 -0.0009
vn 0.7710 -0.6190 0.1497
vn 0.9581 -0.2599 0.1205
vn 0.9726 -0.2326 -0.0028
vn 0.7625 0.0298 0.6463
vn 0.8289 -0.0800 0.5537
vn 0.9530 0.0000 0.3031
vn 0.9474 0.1492 0.2832
vn 0.7346 0.2612 0.6262
vn 0.7646 0.2891 0.5760
vn 0.4898 0.6001 0.6324
vn 0.7683 -0.4337 0.4708
vn 0.5108 -0.2964 0.8070
vn 0.5663 -0.1465 0.8110
vn 0.0400 0.3117 0.9494
vn 0.2954 -0.5864 0.7542
vn 0.1551 -0.2629 0.9523
vn 0.3467 -0.7162 0.6057
vn 0.3736 -0.6493 0.6625
vn 0.9725 -0.0860 0.2165
vn 0.2987 0.6851 -0.6644
vn 0.2379 0.7852 -0.5718
vn 0.2972 0.4076 -0.8635
vn 0.0633 0.2955 -0.9532
vn 0.0790 0.3475 -0.9343
vn 0.4255 0.3333 -0.8413
vn 0.0391 0.3753 -0.9261
vn 0.2836 0.5446 -0.7893
vn 0.6395 -0.1917 -0.7445
vn 0.1469 -0.1493 -0.9778
vn 0.4234 -0.0637 -0.9037
vn 0.1439 -0.1128 -0.9832
vn 0.1025 -0.0257 -0.9944
vn -0.6341 0.1687 -0.7546
vn 0.1698 -0.2954 -0.9401
vn 0.6394 -0.1934 -0.7442
vn 0.1800 -0.3269 -0.9278
vn 0.9346 -0.1601 -0.3175
vn 0.1788 -0.2163 -0.9598
vn -0.8447 -0.1457 -0.5150
vn 0.8437 -0.2931 -0.4497
vn 0.8000 -0.4723 -0.3700
vn 0.8841 -0.3162 -0.3442
vn 0.8820 -0.3273 -0.3390
vn 0.7782 -0.3807 -0.4995
vn 0.1987 -0.2366 -0.9511
vn 0.8637 0.0090 -0.5039
vn 0.1942 -0.2267 -0.9544
vn 0.2029 -0.1816 -0.9622
vn 0.6875 -0.2138 -0.6940
vn 0.2087 -0.1933 -0.9587
vn -0.4366 -0.0754 -0.8965
vn -0.4391 -0.1132 -0.8913
vn -0.8299 -0.1434 -0.5392
vn -0.8299 -0.1439 -0.5391
vn -0.8456 -0.1182 -0.5206
vn -0.6098 -0.0206 -0.7923
vn -0.6285 -0.0244 -0.7774
vn -0.5378 -0.2958 -0.7895
vn -0.3095 0.6833 -0.6613
vn -0.0391 0.3739 -0.9266
vn -0.3901 0.3604 -0.8473
vn -0.3074 0.4062 -0.8605
vn -0.0630 0.2941 -0.9537
vn -0.2937 0.5412 -0.7880
vn -0.2470 0.7834 -0.5702
vn -0.3895 -0.0694 -0.9184
vn -0.6356 -0.2305 -0.7368
vn -0.8437 -0.2931 -0.4497
vn 0.6401 0.1676 -0.7498
vn -0.0791 0.3474 -0.9344
vn 0.6345 -0.0243 -0.7726
vn -0.8000 -0.4723 -0.3700
vn -0.6394 -0.1934 -0.7442
vn -0.1788 -0.2163 -0.9598
vn -0.1698 -0.2954 -0.9401
vn -0.8841 -0.3162 -0.3442
vn -0.9346 -0.1601 -0.3175
vn -0.7782 -0.3807 -0.4995
vn -0.8648 0.0557 -0.4990
vn -0.1942 -0.2267 -0.9544
vn -0.1987 -0.2366 -0.9511
vn 0.8332 -0.1422 -0.5344
vn 0.8332 -0.1426 -0.5343
vn -0.8820 -0.3273 -0.3390
vn -0.1800 -0.3269 -0.9278
vn -0.6728 -0.2142 -0.7081
vn -0.2089 -0.1933 -0.9586
vn -0.1469 -0.1493 -0.9778
vn 0.8483 -0.1176 -0.5162
vn 0.8475 -0.1444 -0.5107
vn 0.5435 -0.2945 -0.7860
vn 0.6156 -0.0205 -0.7878
vn -0.1438 -0.1124 -0.9832
vn -0.1026 -0.0257 -0.9944
vn 0.4436 -0.1129 -0.8891
vn 0.4409 -0.0752 -0.8944
vn -0.2030 -0.1813 -0.9622
vn -0.2325 0.9617 0.1454
vn -0.1785 0.9822 0.0581
vn -0.1158 0.8506 0.5129
vn -0.1040 0.5787 0.8089
vn -0.1480 0.6717 0.7259
vn -0.1210 0.7012 0.7026
vn -0.1380 0.8334 0.5352
vn -0.4609 0.2380 0.8549
vn -0.0975 0.7230 0.6840
vn -0.1360 0.7517 0.6453
vn -0.1602 0.4869 0.8587
vn -0.7346 0.2612 0.6262
vn -0.5144 0.4817 0.7094
vn -0.4910 0.6002 0.6314
vn -0.9472 0.1510 0.2829
vn -0.9581 -0.2599 0.1205
vn -0.4998 0.6011 0.6236
vn -0.7655 0.2899 0.5744
vn -0.7625 0.0298 0.6463
vn -0.8289 -0.0800 0.5537
vn -0.1143 0.4811 0.8692
vn -0.0879 0.5775 0.8116
vn -0.0398 0.3118 0.9493
vn -0.5663 -0.1465 0.8110
vn -0.9530 0.0000 0.3031
vn -0.1482 0.4181 0.8962
vn -0.1551 -0.2629 0.9523
vn -0.3285 -0.4121 0.8498
vn -0.2954 -0.5864 0.7542
vn -0.5108 -0.2964 0.8070
vn -0.7902 -0.4189 0.4474
vn -0.8578 -0.0563 0.5110
vn -0.8379 -0.0885 0.5387
vn -0.7796 -0.3543 0.5164
vn -0.7226 -0.4242 0.5458
vn -0.9126 -0.3919 0.1161
vn -0.7983 -0.6022 -0.0009
vn -0.5838 -0.8077 0.0827
vn -0.5793 -0.8105 0.0865
vn -0.8583 -0.0374 0.5119
vn -0.8429 -0.0682 0.5337
vn -0.6111 -0.6666 0.4268
vn -0.7766 -0.6299 0.0073
vn -0.9726 -0.2326 -0.0028
vn -0.3467 -0.7162 0.6057
vn -0.3736 -0.6493 0.6625
vn -0.6621 -0.0533 0.7475
vn -0.6377 -0.0772 0.7664
vn -0.6379 -0.0431 0.7689
vn -0.6560 -0.0199 0.7545
vn -0.4880 -0.7286 0.4806
vn -0.6966 -0.4001 0.5956
vn -0.2226 -0.9703 0.0947
vn -0.4309 -0.9003 0.0624
vn -0.7683 -0.4337 0.4708
vn -0.7374 -0.4609 0.4938
vn -0.8372 -0.5411 0.0789
vn -0.7710 -0.6190 0.1497
vn -0.9204 -0.2898 0.2623
vn -0.9424 -0.1565 0.2958
vn -0.9725 -0.0860 0.2165
vn -0.9732 -0.0547 0.2236
vn -0.8962 0.0985 0.4326
vn 0.1332 0.0942 0.9866
vn 0.0058 0.0819 0.9966
vn 0.6515 0.2734 0.7077
vn 0.0766 0.2892 0.9542
vn 0.0629 0.2365 0.9696
vn 0.0982 0.4869 -0.8679
vn -0.2078 0.5530 -0.8069
vn -0.2182 0.5471 -0.8081
vn -0.2176 0.5475 -0.8080
vn -0.6613 0.5555 -0.5040
vn -0.2074 0.5528 -0.8071
vn -0.2733 0.1493 -0.9503
vn -0.7764 0.1276 -0.6172
vn -0.8373 0.3371 -0.4305
vn -0.8804 0.1582 -0.4471
vn -0.9130 0.2411 -0.3291
vn -0.9048 0.2864 -0.3150
vn -0.9618 0.2667 -0.0618
vn -0.9602 0.2709 -0.0675
vn -0.9594 0.2731 -0.0702
vn -0.9612 0.2679 -0.0661
vn -0.9616 0.2665 -0.0653
vn -0.9617 0.2661 -0.0653
vn -0.9682 0.2281 -0.1032
vn -0.9585 0.2630 -0.1096
vn -0.9483 0.3100 -0.0688
vn -0.9549 0.2663 0.1311
vn -0.9552 0.2724 0.1160
vn -0.9672 0.2265 0.1147
vn -0.7936 0.2485 0.5554
vn -0.7667 0.2067 0.6078
vn -0.1885 0.2316 0.9544
vn -0.7671 0.3214 0.5552
vn -0.7438 0.2684 0.6121
vn -0.9510 0.2552 0.1745
vn -0.9508 0.2561 0.1744
vn -0.9510 0.2571 0.1718
vn -0.9503 0.2600 0.1712
vn -0.9496 0.2627 0.1712
vn 0.6530 0.5400 -0.5310
vn 0.7858 0.4255 -0.4489
vn 0.8354 0.0799 -0.5438
vn 0.2499 0.4768 -0.8427
vn 0.1241 0.5663 -0.8148
vn 0.2294 0.0806 -0.9700
vn 0.8535 0.1091 -0.5096
vn 0.8533 0.1115 -0.5094
vn 0.8535 0.1086 -0.5097
vn 0.8532 0.1119 -0.5094
vn 0.8204 0.0763 -0.5667
vn -0.9541 0.2722 0.1251
vn -0.7391 0.2827 0.6114
vn -0.7710 0.3300 0.5447
vn -0.2888 0.2526 0.9235
vn -0.2253 0.1377 0.9645
vn -0.0416 0.1032 0.9938
vn -0.0293 0.0866 0.9958
vn -0.0016 0.0873 0.9962
vn 0.1469 0.1172 0.9822
vn 0.6678 0.2133 0.7131
vn 0.7426 0.3031 0.5971
vn 0.7192 0.2548 0.6464
vn 0.8879 0.2942 0.3538
vn 0.8879 0.2941 0.3538
vn 0.9001 0.2982 -0.3176
vn 0.8950 0.3380 -0.2912
vn 0.8766 0.4583 -0.1468
vn 0.9769 0.1435 -0.1585
vn 0.9545 0.0802 -0.2871
vn 0.9541 0.1054 -0.2802
vn 0.9586 0.1100 -0.2628
vn 0.3635 0.2184 -0.9056
vn 0.4984 0.0847 -0.8628
vn 0.9795 0.1265 -0.1568
vn 0.9858 0.0988 -0.1361
vn 0.6960 -0.0029 0.7180
vn 0.6290 -0.0825 0.7730
vn 0.3939 -0.1061 0.9130
vn 0.2956 -0.1685 0.9403
vn -0.4476 -0.0906 0.8897
vn -0.3115 -0.2007 0.9288
vn -0.8535 -0.0987 0.5116
vn -0.8430 -0.1129 0.5259
vn -0.9856 0.0004 -0.1692
vn -0.9804 0.0339 -0.1940
vn -0.5561 0.1429 -0.8187
vn -0.5010 0.0946 -0.8603
vn 0.5011 0.0946 -0.8602
vn 0.5563 0.1428 -0.8186
vn 0.9804 0.0339 -0.1940
vn 0.9856 0.0004 -0.1692
vn 0.8430 -0.1129 0.5259
vn 0.8535 -0.0987 0.5116
vn 0.3118 -0.2007 0.9287
vn 0.4476 -0.0907 0.8896
vn -0.2956 -0.1687 0.9403
vn -0.3941 -0.1061 0.9129
vn -0.6290 -0.0825 0.7730
vn -0.6960 -0.0029 0.7180
vn -0.9858 0.0988 -0.1361
vn -0.9795 0.1265 -0.1568
vn -0.4984 0.0847 -0.8628
vn -0.3635 0.2184 -0.9056
vn 0.1066 0.2879 0.9517
vn 0.0286 0.2865 0.9576
vn -0.0076 0.2047 0.9788
vn 0.1280 0.1428 0.9814
vn -0.0093 0.1476 0.9890
vn -0.0169 0.2512 0.9678
vn 0.0003 0.2385 0.9711
vn 0.0009 0.2503 0.9682
vn 0.0007 0.2483 0.9687
vn -0.0155 0.2672 0.9635
vn -0.2221 0.2708 0.9367
vn -0.2201 0.2767 0.9354
vn -0.2225 0.2702 0.9368
vn -0.2201 0.2773 0.9352
vn -0.2056 0.2580 0.9440
vn 0.0004 0.2368 0.9716
vn 0.0556 0.1848 0.9812
vn 0.0810 0.1839 0.9796
vn 0.1829 0.3741 -0.9092
vn -0.1533 0.3703 -0.9162
vn -0.2641 0.4311 -0.8628
vn 0.1254 -0.0540 -0.9906
vn 0.1450 -0.0680 -0.9871
vn 0.1458 -0.0009 -0.9893
vn 0.0018 -0.0050 -1.0000
vn -0.2712 0.1677 -0.9478
vn -0.0029 0.1618 -0.9868
vn 0.0968 0.0746 -0.9925
vn -0.1764 0.0766 -0.9813
vn -0.1689 0.1046 -0.9801
vn -0.0036 -0.0914 -0.9958
vn -0.0052 -0.0911 -0.9958
vn -0.0143 -0.0895 -0.9959
vn -0.0140 -0.0895 -0.9959
vn -0.0144 -0.0890 -0.9959
vn 0.0079 -0.0894 -0.9960
vn -0.0063 -0.0803 -0.9968
usemtl texturefile_8
s 1
f 457/457/481 458/458/481 459/459/481
f 460/460/482 459/459/482 458/458/482
f 461/461/483 462/462/483 463/463/483
f 464/464/484 463/463/484 462/462/484
f 465/465/485 463/463/485 464/464/485
f 463/463/485 465/465/485 466/466/485
f 467/467/485 465/465/485 468/468/485
f 464/464/485 468/468/485 465/465/485
f 462/462/484 468/468/484 464/464/484
f 468/468/484 462/462/484 469/469/484
f 470/470/486 471/471/486 472/472/486
f 472/472/487 471/471/487 473/473/487
f 474/474/488 473/473/488 471/471/488
f 473/473/489 474/474/489 475/475/489
f 476/476/490 475/475/490 474/474/490
f 475/475/491 476/476/491 477/477/491
f 478/478/492 477/477/492 476/476/492
f 477/477/493 478/478/493 479/479/493
f 480/480/494 479/479/494 478/478/494
f 479/479/495 480/480/495 481/481/495
f 482/482/496 481/481/496 480/480/496
f 481/481/497 482/482/497 483/483/497
f 484/484/498 485/485/498 486/486/498
f 487/487/499 486/486/499 485/485/499
f 486/486/500 487/487/500 488/488/500
f 489/489/501 488/488/501 487/487/501
f 488/488/502 489/489/502 490/490/502
f 491/491/503 492/492/503 493/493/503
f 494/494/504 493/493/504 492/492/504
f 493/493/505 494/494/505 495/495/505
f 496/496/506 495/495/506 494/494/506
f 495/495/507 496/496/507 497/497/507
f 498/498/508 499/499/508 500/500/508
f 501/501/481 500/500/481 499/499/481
f 500/500/481 501/501/481 502/502/481
f 503/503/481 502/502/481 501/501/481
f 504/504/509 502/502/509 503/503/509
f 505/505/509 502/502/509 504/504/509
f 506/506/509 502/502/509 505/505/509
f 502/502/509 506/506/509 500/500/509
f 507/507/510 508/508/510 509/509/510
f 510/510/511 511/511/511 512/512/511
f 513/513/512 514/514/512 515/515/512
f 516/516/513 515/515/513 514/514/513
f 517/517/514 518/518/515 519/519/516
f 520/520/517 519/519/516 518/518/515
f 521/521/518 519/519/518 520/520/518
f 522/522/519 519/519/519 521/521/519
f 519/519/520 522/522/520 523/523/520
f 524/524/521 523/523/521 522/522/521
f 523/523/522 524/524/522 525/525/522
f 526/526/523 527/527/523 517/517/523
f 527/527/524 526/526/524 528/528/524
f 528/528/525 526/526/525 529/529/525
f 529/529/526 526/526/527 530/530/528
f 531/531/529 530/530/528 526/526/527
f 530/530/530 531/531/530 532/532/530
f 533/533/531 532/532/531 531/531/531
f 534/534/532 535/535/532 536/536/532
f 537/537/533 536/536/533 535/535/533
f 538/538/534 539/539/534 540/540/534
f 541/541/535 540/540/535 539/539/535
f 542/542/536 543/543/536 544/544/536
f 545/545/537 544/544/537 543/543/537
f 544/544/538 545/545/538 546/546/538
f 547/547/539 546/546/539 545/545/539
f 548/548/540 549/549/540 550/550/540
f 550/550/541 549/549/541 551/551/541
f 552/552/542 551/551/542 549/549/542
f 551/551/543 552/552/543 553/553/543
f 554/554/544 555/555/544 556/556/544
f 557/557/545 556/556/545 555/555/545
f 556/556/546 557/557/546 558/558/546
f 558/558/547 557/557/547 559/559/547
f 560/560/548 559/559/548 557/557/548
f 561/561/549 562/562/549 563/563/549
f 564/564/550 563/563/550 562/562/550
f 563/563/551 564/564/551 565/565/551
f 566/566/552 565/565/552 564/564/552
f 565/565/553 566/566/553 567/567/553
f 568/568/554 569/569/554 570/570/554
f 571/571/555 570/570/555 569/569/555
f 572/572/556 570/570/556 571/571/556
f 570/570/557 572/572/557 573/573/557
f 573/573/558 572/572/558 574/574/558
f 575/575/559 574/574/559 572/572/559
f 576/576/560 577/577/560 578/578/560
f 578/578/561 577/577/561 579/579/561
f 579/579/562 577/577/562 580/580/562
f 581/581/563 580/580/563 577/577/563
f 582/582/564 580/580/564 581/581/564
f 580/580/565 582/582/565 583/583/565
f 584/584/566 585/585/566 586/586/566
f 587/587/567 588/588/567 589/589/567
f 590/590/568 591/591/568 592/592/568
f 593/593/569 594/594/569 591/591/569
f 595/595/570 596/596/570 597/597/570
f 593/593/571 597/597/571 596/596/571
f 598/598/572 599/599/572 600/600/572
f 599/599/573 601/601/573 602/602/573
f 603/603/574 602/602/574 604/604/574
f 605/605/575 606/606/575 607/607/575
f 600/600/576 607/607/576 606/606/576
f 608/608/577 609/609/577 610/610/577
f 611/611/578 612/612/578 613/613/578
f 614/614/579 615/615/579 616/616/579
f 617/617/580 616/616/580 618/618/580
f 619/619/581 614/614/581 620/620/581
f 621/621/582 619/619/582 622/622/582
f 618/618/583 622/622/583 619/619/583
f 623/623/584 621/621/584 624/624/584
f 625/625/585 624/624/585 621/621/585
f 626/626/586 627/627/586 625/625/586
f 627/627/587 628/628/587 629/629/587
f 630/630/588 629/629/588 631/631/588
f 630/630/589 632/632/589 628/628/589
f 627/627/590 633/633/590 632/632/590
f 634/634/591 630/630/591 626/626/591
f 634/634/592 635/635/592 636/636/592
f 637/637/593 638/638/593 636/636/593
f 639/639/594 640/640/594 625/625/594
f 638/638/595 641/641/595 642/642/595
f 643/643/596 642/642/596 641/641/596
f 644/644/597 645/645/597 643/643/597
f 643/643/598 646/646/598 647/647/598
f 648/648/599 646/646/599 649/649/599
f 641/641/600 649/649/600 646/646/600
f 647/647/601 649/649/601 650/650/601
f 651/651/602 644/644/602 648/648/602
f 652/652/603 648/648/603 644/644/603
f 653/653/604 652/652/604 641/641/604
f 652/652/605 645/645/605 654/654/605
f 655/655/606 654/654/606 645/645/606
f 654/654/607 655/655/607 656/656/607
f 657/657/608 658/658/608 647/647/608
f 657/657/609 648/648/609 659/659/609
f 660/660/610 658/658/610 661/661/610
f 661/661/611 659/659/611 662/662/611
f 663/663/612 661/661/612 664/664/612
f 664/664/613 657/657/613 665/665/613
f 658/658/614 663/663/614 666/666/614
f 667/667/615 666/666/615 663/663/615
f 668/668/616 665/665/616 669/669/616
f 666/666/617 670/670/617 644/644/617
f 671/671/618 644/644/618 670/670/618
f 644/644/619 671/671/619 672/672/619
f 673/673/620 674/674/620 671/671/620
f 675/675/621 674/674/621 645/645/621
f 676/676/622 645/645/622 674/674/622
f 676/676/623 677/677/623 678/678/623
f 679/679/624 678/678/624 677/677/624
f 680/680/625 681/681/625 682/682/625
f 655/655/626 682/682/626 681/681/626
f 678/678/627 682/682/627 655/655/627
f 682/682/628 678/678/628 683/683/628
f 680/680/629 684/684/629 685/685/629
f 683/683/630 685/685/630 684/684/630
f 685/685/631 683/683/631 629/629/631
f 686/686/632 642/642/632 681/681/632
f 686/686/633 656/656/633 687/687/633
f 680/680/634 687/687/634 656/656/634
f 687/687/635 680/680/635 633/633/635
f 686/686/636 688/688/636 689/689/636
f 690/690/637 688/688/637 687/687/637
f 638/638/638 689/689/638 691/691/638
f 692/692/639 691/691/639 689/689/639
f 651/651/640 693/693/640 694/694/640
f 695/695/641 696/696/641 697/697/641
f 698/698/642 697/697/642 699/699/642
f 700/700/643 701/701/643 696/696/643
f 700/700/644 702/702/644 703/703/644
f 704/704/645 705/705/645 702/702/645
f 706/706/646 704/704/646 707/707/646
f 708/708/647 709/709/647 701/701/647
f 707/707/648 701/701/648 709/709/648
f 710/710/649 711/711/649 706/706/649
f 712/712/650 711/711/650 713/713/650
f 714/714/651 715/715/651 704/704/651
f 712/712/652 704/704/652 715/715/652
f 704/704/653 712/712/653 716/716/653
f 716/716/654 717/717/654 708/708/654
f 718/718/655 713/713/655 719/719/655
f 719/719/656 711/711/656 720/720/656
f 721/721/657 719/719/657 722/722/657
f 723/723/658 724/724/658 722/722/658
f 715/715/659 725/725/659 726/726/659
f 727/727/660 726/726/660 718/718/660
f 720/720/661 728/728/661 725/725/661
f 729/729/662 725/725/662 728/728/662
f 729/729/663 730/730/663 731/731/663
f 732/732/664 731/731/664 725/725/664
f 733/733/665 734/734/665 731/731/665
f 735/735/666 718/718/666 731/731/666
f 736/736/667 724/724/667 737/737/667
f 736/736/668 738/738/668 722/722/668
f 739/739/669 738/738/669 734/734/669
f 740/740/670 734/734/670 741/741/670
f 742/742/671 734/734/671 743/743/671
f 742/742/672 744/744/672 735/735/672
f 745/745/673 735/735/673 744/744/673
f 746/746/674 721/721/674 735/735/674
f 747/747/675 718/718/675 746/746/675
f 712/712/676 726/726/676 747/747/676
f 712/712/677 748/748/677 749/749/677
f 750/750/678 749/749/678 716/716/678
f 751/751/679 750/750/679 727/727/679
f 752/752/680 753/753/680 754/754/680
f 755/755/681 752/752/681 756/756/681
f 753/753/682 757/757/682 758/758/682
f 759/759/683 760/760/683 757/757/683
f 756/756/684 757/757/684 760/760/684
f 761/761/685 760/760/685 753/753/685
f 762/762/686 761/761/686 763/763/686
f 764/764/687 757/757/687 765/765/687
f 758/758/688 765/765/688 766/766/688
f 767/767/689 766/766/689 768/768/689
f 756/756/690 769/769/690 770/770/690
f 771/771/691 770/770/691 772/772/691
f 770/770/692 773/773/692 774/774/692
f 767/767/693 775/775/693 776/776/693
f 777/777/694 765/765/694 775/775/694
f 778/778/695 775/775/695 765/765/695
f 775/775/696 778/778/696 779/779/696
f 780/780/697 781/781/697 776/776/697
f 782/782/698 783/783/698 781/781/698
f 780/780/699 784/784/699 783/783/699
f 785/785/700 783/783/700 784/784/700
f 782/782/701 786/786/701 784/784/701
f 780/780/702 787/787/702 786/786/702
f 786/786/703 779/779/703 788/788/703
f 788/788/704 787/787/704 789/789/704
f 790/790/705 768/768/705 782/782/705
f 787/787/706 782/782/706 768/768/706
f 791/791/707 784/784/707 792/792/707
f 793/793/708 784/784/708 794/794/708
f 765/765/709 795/795/709 796/796/709
f 789/789/710 796/796/710 795/795/710
f 779/779/711 796/796/711 797/797/711
f 797/797/712 795/795/712 798/798/712
f 769/769/713 798/798/713 795/795/713
f 799/799/714 772/772/714 795/795/714
f 800/800/715 795/795/715 772/772/715
f 801/801/716 802/802/716 803/803/716
f 801/801/717 804/804/717 786/786/717
f 805/805/718 786/786/718 804/804/718
f 806/806/719 807/807/719 808/808/719
f 809/809/720 808/808/720 810/810/720
f 811/811/721 806/806/721 812/812/721
f 813/813/722 814/814/722 815/815/722
f 815/815/723 814/814/723 816/816/723
f 817/817/724 816/816/724 814/814/724
f 816/816/725 817/817/725 812/812/725
f 818/818/726 815/815/726 819/819/726
f 813/813/727 820/820/727 821/821/727
f 820/820/728 822/822/728 818/818/728
f 823/823/729 818/818/729 822/822/729
f 824/824/730 825/825/730 826/826/730
f 820/820/731 826/826/731 825/825/731
f 827/827/732 826/826/732 828/828/732
f 829/829/733 824/824/733 827/827/733
f 829/829/734 830/830/734 831/831/734
f 828/828/735 832/832/735 833/833/735
f 827/827/736 834/834/736 832/832/736
f 835/835/737 834/834/737 836/836/737
f 831/831/738 836/836/738 834/834/738
f 835/835/739 837/837/739 833/833/739
f 821/821/740 833/833/740 837/837/740
f 838/838/741 837/837/741 825/825/741
f 838/838/742 835/835/742 839/839/742
f 834/834/743 840/840/743 841/841/743
f 842/842/744 843/843/744 837/837/744
f 838/838/745 844/844/745 843/843/745
f 842/842/746 845/845/746 844/844/746
f 846/846/747 844/844/747 845/845/747
f 847/847/748 836/836/748 845/845/748
f 848/848/749 849/849/749 850/850/749
f 848/848/750 851/851/750 852/852/750
f 853/853/751 854/854/751 851/851/751
f 853/853/752 850/850/752 855/855/752
f 856/856/753 855/855/753 850/850/753
f 855/855/754 856/856/754 857/857/754
f 858/858/755 859/859/755 857/857/755
f 860/860/756 856/856/756 861/861/756
f 862/862/757 861/861/757 863/863/757
f 864/864/758 851/851/758 865/865/758
f 852/852/759 865/865/759 866/866/759
f 862/862/760 867/867/760 868/868/760
f 869/869/761 859/859/761 870/870/761
f 829/829/762 870/870/762 859/859/762
f 871/871/763 872/872/763 873/873/763
f 874/874/764 873/873/764 872/872/764
f 875/875/765 876/876/765 877/877/765
f 877/877/766 876/876/766 878/878/766
f 879/879/767 878/878/767 876/876/767
f 878/878/768 879/879/768 880/880/768
f 874/874/769 880/880/769 879/879/769
f 880/880/770 874/874/770 881/881/770
f 872/872/771 881/881/771 874/874/771
f 881/881/772 872/872/772 882/882/772
f 871/871/773 883/883/773 884/884/773
f 885/885/774 884/884/774 883/883/774
f 884/884/775 885/885/775 886/886/775
f 887/887/776 886/886/776 885/885/776
f 888/888/777 889/889/777 890/890/777
f 891/891/778 890/890/778 889/889/778
f 890/890/779 891/891/779 892/892/779
f 892/892/780 891/891/780 893/893/780
f 894/894/781 893/893/781 891/891/781
f 895/895/782 896/896/782 897/897/782
f 898/898/783 897/897/783 896/896/783
f 899/899/784 895/895/784 900/900/784
f 897/897/785 900/900/785 895/895/785
f 900/900/786 897/897/786 901/901/786
f 902/902/787 903/903/787 904/904/787
f 905/905/788 904/904/789 903/903/790
f 906/906/791 905/905/791 907/907/791
f 903/903/790 907/907/792 905/905/788
f 907/907/793 903/903/793 908/908/793
f 909/909/794 910/910/794 908/908/794
f 911/911/795 908/908/795 910/910/795
f 908/908/796 911/911/796 907/907/796
f 912/912/797 907/907/797 911/911/797
f 907/907/798 912/912/798 906/906/798
f 906/906/799 912/912/800 913/913/801
f 913/913/801 912/912/800 914/914/802
f 914/914/802 912/912/800 915/915/803
f 915/915/803 912/912/800 916/916/804
f 911/911/805 916/916/805 912/912/805
f 916/916/806 911/911/806 917/917/806
f 910/910/807 917/917/807 911/911/807
f 914/914/808 918/918/808 919/919/808
f 919/919/809 918/918/809 920/920/809
f 921/921/810 920/920/810 918/918/810
f 920/920/811 921/921/811 922/922/811
f 923/923/812 922/922/812 921/921/812
f 922/922/813 923/923/813 924/924/813
f 925/925/814 923/923/814 926/926/814
f 921/921/815 926/926/815 923/923/815
f 926/926/816 921/921/817 927/927/818
f 927/927/818 921/921/817 928/928/819
f 918/918/820 928/928/819 921/921/817
f 929/929/821 930/930/821 931/931/821
f 932/932/822 931/931/822 930/930/822
f 931/931/823 932/932/823 933/933/823
f 934/934/824 929/929/824 935/935/824
f 931/931/825 935/935/825 929/929/825
f 935/935/826 931/931/826 936/936/826
f 933/933/827 936/936/828 931/931/829
f 937/937/830 936/936/828 933/933/827
f 936/936/831 937/937/831 938/938/831
f 939/939/832 940/940/832 941/941/832
f 940/940/833 942/942/833 943/943/833
f 944/944/834 943/943/834 942/942/834
f 943/943/835 944/944/835 945/945/835
f 946/946/836 945/945/836 944/944/836
f 945/945/837 946/946/837 947/947/837
f 948/948/838 947/947/838 946/946/838
f 947/947/839 948/948/839 949/949/839
f 949/949/840 950/950/840 951/951/840
f 952/952/841 951/951/841 950/950/841
f 953/953/842 951/951/842 952/952/842
f 951/951/843 953/953/843 954/954/843
f 955/955/844 954/954/844 953/953/844
f 954/954/845 955/955/845 956/956/845
f 957/957/846 958/958/846 959/959/846
f 960/960/847 959/959/847 958/958/847
f 959/959/848 960/960/848 961/961/848
f 962/962/849 961/961/849 960/960/849
f 961/961/850 962/962/850 963/963/850
f 964/964/851 963/963/851 962/962/851
f 963/963/852 964/964/852 965/965/852
f 966/966/853 967/967/853 968/968/853
f 968/968/854 967/967/854 969/969/854
f 970/970/855 969/969/855 967/967/855
f 969/969/856 970/970/856 971/971/856
f 972/972/857 971/971/857 970/970/857
f 971/971/858 972/972/858 973/973/858
f 974/974/859 973/973/859 972/972/859
f 973/973/860 974/974/860 975/975/860
f 976/976/861 977/977/861 978/978/861
f 979/979/862 978/978/862 977/977/862
f 978/978/863 979/979/863 980/980/863
f 981/981/864 980/980/864 979/979/864
f 980/980/865 981/981/865 982/982/865
f 983/983/866 982/982/866 981/981/866
f 984/984/867 982/982/867 983/983/867
f 982/982/868 984/984/868 985/985/868
f 986/986/869 987/987/869 988/988/869
f 989/989/870 988/988/870 987/987/870
f 990/990/871 988/988/871 989/989/871
f 988/988/872 990/990/872 991/991/872
f 992/992/873 991/991/873 990/990/873
f 991/991/874 992/992/874 993/993/874
f 994/994/875 993/993/875 992/992/875
f 993/993/876 994/994/876 995/995/876
f 996/996/877 997/997/877 998/998/877
f 999/999/878 998/998/878 997/997/878
f 998/998/879 999/999/879 1000/1000/879
f 1001/1001/880 1000/1000/880 999/999/880
f 1000/1000/881 1001/1001/881 1002/1002/881
f 1003/1003/882 1002/1002/882 1001/1001/882
f 1002/1002/883 1003/1003/883 1004/1004/883
f 1005/1005/884 1004/1004/884 1003/1003/884
f 1006/1006/885 1007/1007/885 1008/1008/885
f 1009/1009/886 1008/1008/886 1007/1007/886
f 1010/1010/887 1006/1006/887 1011/1011/887
f 1008/1008/888 1011/1011/888 1006/1006/888
f 1011/1011/889 1008/1008/889 1012/1012/889
f 1009/1009/890 1012/1012/890 1008/1008/890
f 1012/1012/891 1009/1009/892 1013/1013/893
f 1014/1014/894 1013/1013/894 1009/1009/894
f 1015/1015/895 1013/1013/896 1014/1014/897
f 1016/1016/898 1013/1013/896 1015/1015/895
f 1017/1017/899 1013/1013/899 1016/1016/899
f 1013/1013/893 1017/1017/900 1012/1012/891
f 1018/1018/901 1012/1012/901 1017/1017/901
f 1012/1012/902 1018/1018/902 1011/1011/902
f 1019/1019/903 1020/1020/903 1021/1021/903
f 1022/1022/904 1021/1021/904 1020/1020/904
f 1021/1021/905 1022/1022/905 1023/1023/905
f 1024/1024/906 1025/1025/906 1026/1026/906
f 1027/1027/907 1026/1026/907 1025/1025/907
f 1026/1026/908 1027/1027/908 1023/1023/908
f 1028/1028/909 1023/1023/909 1027/1027/909
f 1023/1023/910 1028/1028/910 1021/1021/910
f 1029/1029/911 1021/1021/911 1028/1028/911
f 1021/1021/912 1029/1029/912 1019/1019/912
f 1019/1019/913 1029/1029/913 1030/1030/913
f 1030/1030/914 1029/1029/914 1031/1031/914
f 1031/1031/915 1029/1029/916 1032/1032/917
f 1028/1028/918 1032/1032/917 1029/1029/916
f 1032/1032/917 1028/1028/918 1033/1033/919
f 1027/1027/920 1033/1033/920 1028/1028/920
f 1033/1033/921 1027/1027/921 1025/1025/921
o rg_1_0.009
v -0.027593 1.259020 0.049509
v -0.034491 1.267017 0.051767
v -0.030767 1.256517 0.049509
v -0.034491 1.255662 0.049509
v -0.027593 1.247665 0.043099
v -0.034491 1.237409 0.022160
v -0.024724 1.239668 0.022160
v -0.034491 1.239668 0.033515
v -0.025456 1.241743 0.033515
v -0.021732 1.252182 0.043099
v -0.025456 1.262682 0.049509
v -0.024724 1.267017 0.049509
v -0.025456 1.271351 0.049509
v -0.016421 1.267017 0.043099
v -0.017826 1.259020 0.043099
v -0.012698 1.256517 0.033515
v -0.017826 1.247665 0.033515
v -0.016421 1.246078 0.022160
v -0.010927 1.255662 0.022160
v -0.008974 1.267017 0.022160
v -0.010927 1.267017 0.033515
v -0.012698 1.277456 0.033515
v -0.010927 1.278310 0.022160
v -0.016421 1.287956 0.022160
v -0.017826 1.286368 0.033515
v -0.024724 1.294365 0.022160
v -0.025456 1.292290 0.033515
v -0.034491 1.294365 0.033515
v -0.034491 1.296624 0.022160
v -0.044259 1.294365 0.022160
v -0.043465 1.292290 0.033515
v -0.051157 1.286368 0.033515
v -0.052500 1.287956 0.022160
v -0.056224 1.277456 0.033515
v -0.058055 1.278310 0.022160
v -0.059947 1.267017 0.022160
v -0.041389 1.286368 0.043099
v -0.047250 1.281790 0.043099
v -0.051157 1.275014 0.043099
v -0.052500 1.267017 0.043099
v -0.058055 1.267017 0.033515
v -0.056224 1.256517 0.033515
v -0.051157 1.259020 0.043099
v -0.047250 1.252182 0.043099
v -0.051157 1.247665 0.033515
v -0.043465 1.241743 0.033515
v -0.041389 1.247665 0.043099
v -0.058055 1.255662 0.022160
v -0.052500 1.246078 0.022160
v -0.044259 1.239668 0.022160
v -0.041389 1.259020 0.049509
v -0.043465 1.262682 0.049509
v -0.044259 1.267017 0.049509
v -0.043465 1.271351 0.049509
v -0.041389 1.275014 0.049509
v -0.038215 1.277456 0.049509
v -0.034491 1.278310 0.049509
v -0.034491 1.287956 0.043099
v -0.027593 1.286368 0.043099
v -0.027593 1.275014 0.049509
v -0.030767 1.277456 0.049509
v -0.038215 1.256517 0.049509
v -0.021732 1.281790 0.043099
v -0.017826 1.275014 0.043099
v -0.034491 1.246078 0.043099
v 0.041450 1.259020 0.049509
v 0.034552 1.267017 0.051767
v 0.038276 1.256517 0.049509
v 0.034552 1.255662 0.049509
v 0.041450 1.247665 0.043099
v 0.034552 1.237409 0.022160
v 0.044320 1.239668 0.022160
v 0.034552 1.239668 0.033515
v 0.043526 1.241743 0.033515
v 0.047311 1.252182 0.043099
v 0.043526 1.262682 0.049509
v 0.044320 1.267017 0.049509
v 0.043526 1.271351 0.049509
v 0.052561 1.267017 0.043099
v 0.051218 1.259020 0.043099
v 0.056285 1.256517 0.033515
v 0.051218 1.247665 0.033515
v 0.052561 1.246078 0.022160
v 0.058116 1.255662 0.022160
v 0.060009 1.267017 0.022160
v 0.058116 1.267017 0.033515
v 0.056285 1.277456 0.033515
v 0.025517 1.292290 0.033515
v 0.034552 1.294365 0.033515
v 0.024785 1.294365 0.022160
v 0.034552 1.296624 0.022160
v 0.044320 1.294365 0.022160
v 0.043526 1.292290 0.033515
v 0.051218 1.286368 0.033515
v 0.052561 1.287956 0.022160
v 0.058116 1.278310 0.022160
v 0.027654 1.286368 0.043099
v 0.034552 1.287956 0.043099
v 0.041450 1.286368 0.043099
v 0.047311 1.281790 0.043099
v 0.051218 1.275014 0.043099
v 0.041450 1.275014 0.049509
v 0.038276 1.277456 0.049509
v 0.034552 1.278310 0.049509
v 0.027654 1.259020 0.049509
v 0.027654 1.247665 0.043099
v 0.030828 1.256517 0.049509
v 0.025517 1.262682 0.049509
v 0.024785 1.267017 0.049509
v 0.025517 1.271351 0.049509
v 0.027654 1.275014 0.049509
v 0.030828 1.277456 0.049509
v 0.021794 1.252182 0.043099
v 0.017887 1.259020 0.043099
v 0.016483 1.267017 0.043099
v 0.017887 1.275014 0.043099
v 0.021794 1.281790 0.043099
v 0.025517 1.241743 0.033515
v 0.017887 1.247665 0.033515
v 0.012759 1.256517 0.033515
v 0.010988 1.267017 0.033515
v 0.012759 1.277456 0.033515
v 0.017887 1.286368 0.033515
v 0.024785 1.239668 0.022160
v 0.016483 1.246078 0.022160
v 0.010988 1.255662 0.022160
v 0.009035 1.267017 0.022160
v 0.010988 1.278310 0.022160
v 0.016483 1.287956 0.022160
v 0.034552 1.246078 0.043099
vt 0.620361 0.360229
vt 0.500000 0.500122
vt 0.565185 0.317383
vt 0.500000 0.302368
vt 0.620361 0.162598
vt 0.500000 -0.016479
vt 0.670288 0.022827
vt 0.500000 0.022827
vt 0.657349 0.059082
vt 0.722534 0.241821
vt 0.657349 0.424438
vt 0.670288 0.500122
vt 0.657349 0.575684
vt 0.814697 0.500122
vt 0.790771 0.360229
vt 0.879883 0.317383
vt 0.790771 0.162598
vt 0.814697 0.134766
vt 0.911133 0.302368
vt 0.945068 0.500122
vt 0.911133 0.500122
vt 0.879883 0.682739
vt 0.911133 0.697754
vt 0.814697 0.865356
vt 0.790771 0.837524
vt 0.670288 0.977295
vt 0.657349 0.941040
vt 0.499878 0.977295
vt 0.499878 1.016479
vt 0.329590 0.977295
vt 0.342529 0.941040
vt 0.209106 0.837524
vt 0.185181 0.865356
vt 0.119995 0.682739
vt 0.088745 0.697754
vt 0.054810 0.500122
vt 0.379517 0.837524
vt 0.277344 0.758301
vt 0.209106 0.639893
vt 0.185181 0.500122
vt 0.088745 0.500122
vt 0.119995 0.317383
vt 0.209106 0.360229
vt 0.277344 0.241821
vt 0.209106 0.162598
vt 0.342529 0.059082
vt 0.379517 0.162598
vt 0.088745 0.302368
vt 0.185181 0.134766
vt 0.329590 0.022827
vt 0.379517 0.360229
vt 0.342529 0.424438
vt 0.329590 0.500122
vt 0.342529 0.575684
vt 0.379517 0.639893
vt 0.434815 0.682739
vt 0.500000 0.697754
vt 0.499878 0.865356
vt 0.620361 0.837524
vt 0.620361 0.639893
vt 0.565185 0.682739
vt 0.434815 0.317383
vt 0.722534 0.758301
vt 0.790771 0.639893
vt 0.500000 0.134766
vt 0.620361 0.360229
vt 0.500000 0.500122
vt 0.565185 0.317383
vt 0.500000 0.302368
vt 0.620361 0.162598
vt 0.499878 -0.016479
vt 0.670288 0.022827
vt 0.499878 0.022827
vt 0.657349 0.059082
vt 0.722534 0.241821
vt 0.657349 0.424438
vt 0.670288 0.500122
vt 0.657349 0.575684
vt 0.814697 0.500122
vt 0.790771 0.360229
vt 0.879883 0.317383
vt 0.790771 0.162598
vt 0.814697 0.134766
vt 0.911133 0.302368
vt 0.945068 0.500122
vt 0.911133 0.500122
vt 0.879883 0.682739
vt 0.342529 0.941040
vt 0.500000 0.977295
vt 0.329590 0.977295
vt 0.500000 1.016479
vt 0.670288 0.977295
vt 0.657349 0.941040
vt 0.790771 0.837524
vt 0.814697 0.865356
vt 0.911133 0.697754
vt 0.379517 0.837524
vt 0.500000 0.865356
vt 0.620361 0.837524
vt 0.722534 0.758301
vt 0.790771 0.639893
vt 0.620361 0.639893
vt 0.565185 0.682739
vt 0.500000 0.697754
vt 0.379517 0.360229
vt 0.379517 0.162598
vt 0.434692 0.317383
vt 0.342529 0.424438
vt 0.329590 0.500122
vt 0.342529 0.575684
vt 0.379517 0.639893
vt 0.434815 0.682739
vt 0.277344 0.241821
vt 0.209106 0.360229
vt 0.185181 0.500122
vt 0.209106 0.639893
vt 0.277344 0.758301
vt 0.342529 0.059082
vt 0.209106 0.162598
vt 0.119995 0.317383
vt 0.088745 0.500122
vt 0.119995 0.682739
vt 0.209106 0.837524
vt 0.329590 0.022827
vt 0.185181 0.134766
vt 0.088745 0.302368
vt 0.054810 0.500122
vt 0.088745 0.697754
vt 0.185181 0.865356
vt 0.499878 0.134766
vn 0.1296 -0.1643 0.9779
vn 0.0447 -0.1948 0.9798
vn 0.1268 -0.5515 0.8245
vn 0.1267 -0.5516 0.8245
vn 0.1267 -0.5515 0.8245
vn 0.3614 -0.4584 0.8119
vn 0.3600 -0.4587 0.8124
vn 0.3551 -0.4596 0.8140
vn 0.2212 -0.9565 0.1903
vn 0.2198 -0.9570 0.1891
vn 0.1876 -0.8164 0.5462
vn 0.1875 -0.8164 0.5463
vn 0.1877 -0.8164 0.5461
vn 0.5204 -0.6709 0.5284
vn 0.5175 -0.6715 0.5303
vn 0.5180 -0.6714 0.5300
vn 0.3543 -0.4597 0.8143
vn 0.5246 -0.3002 0.7966
vn 0.5197 -0.3033 0.7987
vn 0.5208 -0.3026 0.7983
vn 0.1904 -0.1111 0.9754
vn 0.2251 -0.0380 0.9736
vn 0.2251 0.0380 0.9736
vn 0.6088 0.1065 0.7861
vn 0.6079 0.1027 0.7874
vn 0.6081 0.1036 0.7871
vn 0.6088 -0.1066 0.7861
vn 0.6081 -0.1035 0.7871
vn 0.6079 -0.1026 0.7874
vn 0.6089 -0.1070 0.7860
vn 0.5251 -0.3000 0.7964
vn 0.7465 -0.4264 0.5108
vn 0.7454 -0.4318 0.5079
vn 0.7463 -0.4271 0.5105
vn 0.7456 -0.4319 0.5074
vn 0.5206 -0.6707 0.5283
vn 0.6029 -0.7770 0.1811
vn 0.6020 -0.7775 0.1819
vn 0.6030 -0.7769 0.1808
vn 0.6008 -0.7782 0.1831
vn 0.8520 -0.4936 0.1744
vn 0.8521 -0.4937 0.1739
vn 0.8534 -0.4919 0.1724
vn 0.8549 -0.4901 0.1702
vn 0.9722 -0.1672 0.1642
vn 0.9722 -0.1640 0.1672
vn 0.9720 0.1665 0.1657
vn 0.9720 0.1649 0.1672
vn 0.9722 0.1646 0.1667
vn 0.8582 0.1455 0.4923
vn 0.8583 0.1456 0.4920
vn 0.8555 0.1498 0.4956
vn 0.8584 -0.1448 0.4921
vn 0.8579 -0.1441 0.4931
vn 0.8551 -0.1494 0.4964
vn 0.8549 -0.1502 0.4966
vn 0.9720 0.1681 0.1642
vn 0.8563 0.4877 0.1702
vn 0.8535 0.4911 0.1743
vn 0.6007 0.7782 0.1832
vn 0.6030 0.7770 0.1808
vn 0.2198 0.9571 0.1891
vn 0.2198 0.9570 0.1894
vn 0.2204 0.9568 0.1896
vn 0.2212 0.9565 0.1903
vn -0.2212 0.9565 0.1903
vn -0.2212 0.9565 0.1902
vn -0.5996 0.7788 0.1843
vn -0.5997 0.7788 0.1839
vn -0.6036 0.7767 0.1800
vn -0.6039 0.7765 0.1800
vn -0.8567 0.4871 0.1695
vn -0.8567 0.4870 0.1700
vn -0.8536 0.4906 0.1751
vn -0.8533 0.4914 0.1745
vn -0.9721 0.1629 0.1690
vn -0.1888 0.8166 0.5455
vn -0.1883 0.8165 0.5458
vn -0.1876 0.8164 0.5462
vn -0.5231 0.6697 0.5271
vn -0.5224 0.6699 0.5275
vn -0.5170 0.6714 0.5310
vn -0.5168 0.6713 0.5313
vn -0.7479 0.4305 0.5053
vn -0.7490 0.4256 0.5077
vn -0.7486 0.4256 0.5085
vn -0.7477 0.4311 0.5051
vn -0.8591 0.1443 0.4910
vn -0.8589 0.1449 0.4913
vn -0.8556 0.1503 0.4953
vn -0.8554 0.1500 0.4958
vn -0.8585 -0.1446 0.4921
vn -0.8572 -0.1466 0.4937
vn -0.8555 -0.1492 0.4959
vn -0.8587 -0.1442 0.4917
vn -0.7483 -0.4275 0.5073
vn -0.7482 -0.4280 0.5070
vn -0.7482 -0.4279 0.5071
vn -0.7482 -0.4283 0.5068
vn -0.5181 -0.6728 0.5281
vn -0.5182 -0.6727 0.5281
vn -0.5180 -0.6728 0.5283
vn -0.5184 -0.6727 0.5279
vn -0.1879 -0.8165 0.5460
vn -0.1883 -0.8165 0.5458
vn -0.1888 -0.8166 0.5455
vn -0.9720 0.1705 0.1619
vn -0.9721 -0.1695 0.1620
vn -0.9719 -0.1699 0.1629
vn -0.9722 -0.1658 0.1655
vn -0.9722 -0.1620 0.1690
vn -0.8519 -0.4938 0.1745
vn -0.8553 -0.4896 0.1696
vn -0.6039 -0.7765 0.1800
vn -0.5996 -0.7788 0.1842
vn -0.2212 -0.9565 0.1902
vn -0.2212 -0.9565 0.1903
vn -0.3600 -0.4587 0.8124
vn -0.3551 -0.4596 0.8140
vn -0.3543 -0.4597 0.8143
vn -0.5232 -0.2987 0.7981
vn -0.5243 -0.2980 0.7977
vn -0.5249 -0.2976 0.7974
vn -0.5230 -0.2988 0.7983
vn -0.6077 -0.1021 0.7876
vn -0.6079 -0.1030 0.7873
vn -0.6096 -0.1099 0.7850
vn -0.6101 -0.1117 0.7844
vn -0.6079 0.1029 0.7873
vn -0.6096 0.1099 0.7850
vn -0.6101 0.1118 0.7844
vn -0.6077 0.1021 0.7876
vn -0.5219 0.3009 0.7982
vn -0.5223 0.3007 0.7980
vn -0.5254 0.2987 0.7967
vn -0.5262 0.2982 0.7964
vn -0.3585 0.4589 0.8129
vn -0.3580 0.4589 0.8132
vn -0.3547 0.4596 0.8142
vn -0.3538 0.4598 0.8145
vn -0.1261 0.5492 0.8261
vn -0.1263 0.5491 0.8262
vn -0.1260 0.5493 0.8261
vn -0.1264 0.5490 0.8262
vn 0.1263 0.5491 0.8262
vn 0.1264 0.5490 0.8262
vn 0.1261 0.5492 0.8261
vn 0.1905 0.1111 0.9754
vn 0.1277 0.1660 0.9778
vn 0.0449 0.1959 0.9796
vn -0.0449 0.1959 0.9796
vn -0.1277 0.1660 0.9778
vn -0.1926 0.1092 0.9752
vn -0.2250 0.0412 0.9735
vn -0.2250 -0.0412 0.9735
vn -0.1926 -0.1092 0.9752
vn -0.1296 -0.1643 0.9779
vn -0.0447 -0.1948 0.9798
vn -0.1267 -0.5515 0.8245
vn -0.1267 -0.5516 0.8244
vn -0.1268 -0.5515 0.8245
vn -0.3614 -0.4584 0.8120
vn 0.1260 0.5493 0.8261
vn 0.3580 0.4589 0.8132
vn 0.3547 0.4596 0.8142
vn 0.3538 0.4598 0.8145
vn 0.3585 0.4589 0.8129
vn 0.5236 0.3022 0.7966
vn 0.5215 0.3036 0.7974
vn 0.5210 0.3039 0.7976
vn 0.5240 0.3021 0.7964
vn 0.6089 0.1070 0.7860
vn 0.8553 0.1503 0.4959
vn 0.7459 0.4303 0.5085
vn 0.7460 0.4295 0.5089
vn 0.7460 0.4296 0.5089
vn 0.7460 0.4293 0.5091
vn 0.5219 0.6685 0.5298
vn 0.5197 0.6690 0.5314
vn 0.5194 0.6692 0.5314
vn 0.5222 0.6685 0.5295
vn 0.1877 0.8164 0.5461
vn 0.1878 0.8164 0.5461
vn 0.1875 0.8164 0.5463
vn 0.1880 0.8165 0.5460
vn -0.1880 0.8164 0.5460
vn 0.1269 -0.5515 0.8245
vn -0.1269 -0.5514 0.8245
vn -0.1878 -0.8164 0.5460
vn 0.1878 -0.8164 0.5460
vn 0.1267 -0.5516 0.8244
vn 0.2212 -0.9565 0.1902
vn 0.1879 -0.8165 0.5460
vn 0.1888 -0.8166 0.5455
vn 0.1883 -0.8165 0.5458
vn 0.5182 -0.6727 0.5281
vn 0.5184 -0.6727 0.5279
vn 0.5181 -0.6728 0.5281
vn 0.5232 -0.2987 0.7981
vn 0.5249 -0.2976 0.7974
vn 0.5245 -0.2979 0.7976
vn 0.1926 -0.1092 0.9752
vn 0.2250 -0.0412 0.9735
vn 0.2250 0.0412 0.9735
vn 0.6079 0.1030 0.7873
vn 0.6101 0.1118 0.7844
vn 0.6096 0.1099 0.7850
vn 0.6079 -0.1029 0.7873
vn 0.6096 -0.1099 0.7850
vn 0.6101 -0.1117 0.7844
vn 0.6077 -0.1021 0.7876
vn 0.5230 -0.2988 0.7983
vn 0.7483 -0.4275 0.5073
vn 0.7482 -0.4279 0.5071
vn 0.7484 -0.4275 0.5070
vn 0.7482 -0.4283 0.5068
vn 0.5180 -0.6728 0.5283
vn 0.5998 -0.7787 0.1838
vn 0.6036 -0.7767 0.1799
vn 0.5996 -0.7788 0.1842
vn 0.6039 -0.7765 0.1800
vn 0.8553 -0.4896 0.1696
vn 0.8552 -0.4897 0.1698
vn 0.8536 -0.4916 0.1720
vn 0.8519 -0.4938 0.1745
vn 0.9722 -0.1621 0.1690
vn 0.9721 -0.1695 0.1621
vn 0.9720 0.1667 0.1655
vn 0.9719 0.1705 0.1620
vn 0.9720 0.1701 0.1620
vn 0.8556 0.1503 0.4954
vn 0.8554 0.1500 0.4958
vn 0.8589 0.1449 0.4913
vn 0.8555 -0.1492 0.4959
vn 0.8572 -0.1466 0.4937
vn 0.8585 -0.1446 0.4921
vn 0.8588 -0.1442 0.4917
vn -0.2198 0.9570 0.1891
vn 0.2212 0.9565 0.1902
vn 0.5996 0.7788 0.1843
vn 0.6039 0.7765 0.1800
vn 0.8567 0.4871 0.1695
vn 0.8533 0.4914 0.1745
vn 0.9721 0.1629 0.1690
vn -0.1878 0.8164 0.5461
vn -0.1877 0.8164 0.5461
vn 0.1883 0.8165 0.5458
vn 0.1876 0.8164 0.5462
vn 0.1880 0.8164 0.5460
vn 0.1888 0.8166 0.5455
vn 0.5170 0.6714 0.5310
vn 0.5224 0.6700 0.5275
vn 0.5231 0.6697 0.5271
vn 0.5168 0.6713 0.5313
vn 0.7486 0.4256 0.5085
vn 0.7487 0.4257 0.5082
vn 0.7478 0.4305 0.5054
vn 0.7477 0.4311 0.5051
vn 0.8591 0.1443 0.4910
vn 0.6077 0.1021 0.7876
vn 0.5254 0.2988 0.7967
vn 0.5223 0.3008 0.7980
vn 0.5219 0.3009 0.7982
vn 0.5262 0.2982 0.7964
vn 0.3548 0.4596 0.8142
vn 0.3581 0.4589 0.8131
vn -0.3614 -0.4584 0.8119
vn -0.1904 -0.1111 0.9754
vn -0.2251 -0.0380 0.9736
vn -0.2251 0.0380 0.9736
vn -0.1905 0.1111 0.9754
vn 0.1926 0.1092 0.9752
vn -0.5245 -0.3001 0.7968
vn -0.5208 -0.3026 0.7983
vn -0.5197 -0.3033 0.7987
vn -0.5251 -0.3000 0.7964
vn -0.6090 -0.1069 0.7860
vn -0.6087 -0.1066 0.7862
vn -0.6080 -0.1035 0.7871
vn -0.6079 -0.1026 0.7874
vn -0.6087 0.1066 0.7862
vn -0.6080 0.1036 0.7871
vn -0.6079 0.1027 0.7873
vn -0.6090 0.1069 0.7860
vn -0.5240 0.3021 0.7964
vn -0.5236 0.3021 0.7966
vn -0.5216 0.3035 0.7974
vn -0.5210 0.3040 0.7976
vn -0.1876 -0.8164 0.5462
vn -0.1877 -0.8164 0.5461
vn -0.1875 -0.8164 0.5463
vn -0.5199 -0.6711 0.5285
vn -0.5179 -0.6715 0.5299
vn -0.5176 -0.6715 0.5303
vn -0.5206 -0.6707 0.5283
vn -0.7456 -0.4319 0.5075
vn -0.7458 -0.4316 0.5074
vn -0.7464 -0.4270 0.5104
vn -0.7465 -0.4265 0.5108
vn -0.8584 -0.1448 0.4922
vn -0.8552 -0.1497 0.4963
vn -0.8549 -0.1501 0.4966
vn -0.8584 -0.1448 0.4921
vn -0.8583 0.1456 0.4921
vn -0.8585 0.1467 0.4915
vn -0.8556 0.1500 0.4954
vn -0.8553 0.1502 0.4959
vn -0.7459 0.4297 0.5089
vn -0.7459 0.4296 0.5090
vn -0.7459 0.4301 0.5086
vn -0.7460 0.4292 0.5092
vn -0.5194 0.6692 0.5314
vn -0.5195 0.6692 0.5312
vn -0.5219 0.6686 0.5297
vn -0.5222 0.6685 0.5295
vn -0.1875 0.8164 0.5462
vn -0.2204 -0.9568 0.1896
vn -0.2198 -0.9570 0.1894
vn -0.2198 -0.9571 0.1891
vn -0.6030 -0.7769 0.1808
vn -0.6008 -0.7782 0.1830
vn -0.8520 -0.4936 0.1743
vn -0.8549 -0.4901 0.1702
vn -0.9722 -0.1672 0.1642
vn -0.9722 -0.1656 0.1657
vn -0.9722 -0.1639 0.1671
vn -0.9722 -0.1640 0.1672
vn -0.9720 0.1649 0.1672
vn -0.9720 0.1681 0.1642
vn -0.8562 0.4878 0.1702
vn -0.8548 0.4895 0.1723
vn -0.8537 0.4908 0.1743
vn -0.8535 0.4911 0.1742
vn -0.6008 0.7782 0.1831
vn -0.6008 0.7782 0.1829
vn -0.6028 0.7771 0.1809
vn -0.6030 0.7770 0.1809
vn 0.1269 -0.5514 0.8245
usemtl texturefile_18
s 1
f 1034/1034/922 1035/1035/922 1036/1036/922
f 1037/1037/923 1036/1036/923 1035/1035/923
f 1038/1038/924 1036/1036/925 1037/1037/926
f 1036/1036/927 1038/1038/928 1034/1034/929
f 1039/1039/930 1040/1040/930 1041/1041/930
f 1042/1042/931 1041/1041/931 1040/1040/931
f 1041/1041/932 1042/1042/933 1038/1038/934
f 1043/1043/935 1038/1038/936 1042/1042/937
f 1038/1038/928 1043/1043/938 1034/1034/929
f 1044/1044/939 1034/1034/940 1043/1043/941
f 1034/1034/942 1044/1044/942 1035/1035/942
f 1045/1045/943 1035/1035/943 1044/1044/943
f 1035/1035/944 1045/1045/944 1046/1046/944
f 1046/1046/945 1045/1045/946 1047/1047/947
f 1044/1044/948 1047/1047/949 1045/1045/950
f 1047/1047/949 1044/1044/948 1048/1048/951
f 1043/1043/941 1048/1048/952 1044/1044/939
f 1048/1048/953 1043/1043/954 1049/1049/955
f 1049/1049/955 1043/1043/954 1050/1050/956
f 1042/1042/937 1050/1050/957 1043/1043/935
f 1040/1040/958 1050/1050/959 1042/1042/960
f 1051/1051/961 1050/1050/959 1040/1040/958
f 1050/1050/962 1051/1051/963 1049/1049/964
f 1052/1052/965 1049/1049/964 1051/1051/963
f 1053/1053/966 1049/1049/966 1052/1052/966
f 1049/1049/967 1053/1053/967 1054/1054/967
f 1055/1055/968 1054/1054/969 1053/1053/970
f 1047/1047/971 1054/1054/972 1055/1055/973
f 1054/1054/974 1047/1047/975 1049/1049/976
f 1048/1048/977 1049/1049/976 1047/1047/975
f 1053/1053/970 1056/1056/978 1055/1055/968
f 1057/1057/979 1055/1055/979 1056/1056/979
f 1055/1055/980 1057/1057/980 1058/1058/980
f 1059/1059/981 1058/1058/981 1057/1057/981
f 1058/1058/982 1059/1059/982 1060/1060/982
f 1060/1060/983 1059/1059/984 1061/1061/985
f 1062/1062/986 1061/1061/985 1059/1059/984
f 1063/1063/987 1061/1061/987 1062/1062/987
f 1061/1061/988 1063/1063/988 1064/1064/988
f 1064/1064/989 1063/1063/990 1065/1065/991
f 1066/1066/992 1065/1065/991 1063/1063/990
f 1065/1065/993 1066/1066/994 1067/1067/995
f 1068/1068/996 1067/1067/995 1066/1066/994
f 1067/1067/997 1068/1068/997 1069/1069/997
f 1064/1064/998 1070/1070/999 1061/1061/1000
f 1070/1070/1001 1064/1064/1002 1071/1071/1003
f 1065/1065/1004 1071/1071/1003 1064/1064/1002
f 1067/1067/1005 1071/1071/1006 1065/1065/1007
f 1071/1071/1006 1067/1067/1005 1072/1072/1008
f 1072/1072/1009 1067/1067/1010 1073/1073/1011
f 1074/1074/1012 1073/1073/1011 1067/1067/1010
f 1075/1075/1013 1073/1073/1014 1074/1074/1015
f 1073/1073/1014 1075/1075/1013 1076/1076/1016
f 1076/1076/1017 1075/1075/1018 1077/1077/1019
f 1078/1078/1020 1077/1077/1019 1075/1075/1018
f 1079/1079/1021 1077/1077/1022 1078/1078/1023
f 1077/1077/1022 1079/1079/1021 1080/1080/1024
f 1041/1041/1025 1080/1080/1026 1079/1079/1027
f 1067/1067/1028 1069/1069/1028 1074/1074/1028
f 1074/1074/1029 1069/1069/1030 1075/1075/1031
f 1081/1081/1032 1075/1075/1031 1069/1069/1030
f 1082/1082/1033 1075/1075/1033 1081/1081/1033
f 1075/1075/1034 1082/1082/1034 1078/1078/1034
f 1083/1083/1035 1078/1078/1035 1082/1082/1035
f 1078/1078/1036 1083/1083/1036 1079/1079/1036
f 1079/1079/1037 1083/1083/1038 1041/1041/1038
f 1039/1039/1038 1041/1041/1038 1083/1083/1038
f 1080/1080/1039 1084/1084/1040 1077/1077/1041
f 1085/1085/1042 1077/1077/1043 1084/1084/1044
f 1077/1077/1043 1085/1085/1042 1076/1076/1045
f 1076/1076/1046 1085/1085/1047 1073/1073/1048
f 1086/1086/1049 1073/1073/1048 1085/1085/1047
f 1087/1087/1050 1073/1073/1051 1086/1086/1052
f 1073/1073/1051 1087/1087/1050 1072/1072/1053
f 1072/1072/1054 1087/1087/1055 1071/1071/1056
f 1088/1088/1057 1071/1071/1056 1087/1087/1055
f 1071/1071/1058 1088/1088/1059 1070/1070/1060
f 1089/1089/1061 1070/1070/1060 1088/1088/1059
f 1090/1090/1062 1070/1070/1063 1089/1089/1064
f 1070/1070/1063 1090/1090/1062 1091/1091/1065
f 1092/1092/1066 1091/1091/1067 1090/1090/1068
f 1046/1046/1069 1093/1093/1069 1035/1035/1069
f 1094/1094/1070 1035/1035/1070 1093/1093/1070
f 1090/1090/1071 1035/1035/1071 1094/1094/1071
f 1089/1089/1072 1035/1035/1072 1090/1090/1072
f 1088/1088/1073 1035/1035/1073 1089/1089/1073
f 1087/1087/1074 1035/1035/1074 1088/1088/1074
f 1086/1086/1075 1035/1035/1075 1087/1087/1075
f 1085/1085/1076 1035/1035/1076 1086/1086/1076
f 1084/1084/1077 1035/1035/1077 1085/1085/1077
f 1095/1095/1078 1035/1035/1078 1084/1084/1078
f 1035/1035/1079 1095/1095/1079 1037/1037/1079
f 1037/1037/1080 1095/1095/1081 1080/1080/1082
f 1084/1084/1040 1080/1080/1039 1095/1095/1083
f 1090/1090/1068 1094/1094/1084 1092/1092/1066
f 1093/1093/1085 1092/1092/1086 1094/1094/1087
f 1092/1092/1086 1093/1093/1085 1096/1096/1088
f 1046/1046/1089 1096/1096/1090 1093/1093/1091
f 1096/1096/1090 1046/1046/1089 1097/1097/1092
f 1047/1047/947 1097/1097/1093 1046/1046/945
f 1055/1055/973 1097/1097/1094 1047/1047/971
f 1097/1097/1095 1055/1055/1096 1096/1096/1097
f 1058/1058/1098 1096/1096/1097 1055/1055/1096
f 1060/1060/1099 1096/1096/1100 1058/1058/1101
f 1096/1096/1100 1060/1060/1099 1092/1092/1102
f 1061/1061/1103 1092/1092/1104 1060/1060/1105
f 1092/1092/1104 1061/1061/1103 1091/1091/1106
f 1070/1070/999 1091/1091/1107 1061/1061/1000
f 1038/1038/924 1037/1037/926 1098/1098/1108
f 1080/1080/1082 1098/1098/1109 1037/1037/1080
f 1041/1041/1025 1098/1098/1110 1080/1080/1026
f 1098/1098/1111 1041/1041/932 1038/1038/934
f 1099/1099/922 1100/1100/922 1101/1101/922
f 1102/1102/923 1101/1101/923 1100/1100/923
f 1103/1103/924 1101/1101/1112 1102/1102/926
f 1101/1101/927 1103/1103/928 1099/1099/929
f 1104/1104/930 1105/1105/930 1106/1106/930
f 1107/1107/1113 1106/1106/1113 1105/1105/1113
f 1106/1106/1114 1107/1107/1115 1103/1103/1116
f 1108/1108/1117 1103/1103/1118 1107/1107/1119
f 1103/1103/928 1108/1108/938 1099/1099/929
f 1109/1109/1120 1099/1099/1121 1108/1108/1122
f 1099/1099/1123 1109/1109/1123 1100/1100/1123
f 1110/1110/1124 1100/1100/1124 1109/1109/1124
f 1100/1100/1125 1110/1110/1125 1111/1111/1125
f 1111/1111/1126 1110/1110/1127 1112/1112/1128
f 1109/1109/1129 1112/1112/1130 1110/1110/1131
f 1112/1112/1130 1109/1109/1129 1113/1113/1132
f 1108/1108/1122 1113/1113/1133 1109/1109/1120
f 1113/1113/1134 1108/1108/1135 1114/1114/1136
f 1114/1114/1136 1108/1108/1135 1115/1115/1137
f 1107/1107/1119 1115/1115/1138 1108/1108/1117
f 1105/1105/1139 1115/1115/1140 1107/1107/1141
f 1116/1116/1142 1115/1115/1140 1105/1105/1139
f 1115/1115/1143 1116/1116/1144 1114/1114/1145
f 1117/1117/1146 1114/1114/1145 1116/1116/1144
f 1118/1118/1147 1114/1114/1147 1117/1117/1147
f 1114/1114/1148 1118/1118/1148 1119/1119/1148
f 1120/1120/1149 1119/1119/1150 1118/1118/1151
f 1112/1112/1152 1119/1119/1153 1120/1120/1154
f 1119/1119/1155 1112/1112/1156 1114/1114/1157
f 1113/1113/1158 1114/1114/1157 1112/1112/1156
f 1121/1121/1159 1122/1122/1159 1123/1123/1159
f 1123/1123/987 1122/1122/987 1124/1124/987
f 1124/1124/986 1122/1122/986 1125/1125/986
f 1126/1126/1160 1125/1125/986 1122/1122/986
f 1127/1127/1161 1125/1125/1161 1126/1126/1161
f 1125/1125/1162 1127/1127/1162 1128/1128/1162
f 1120/1120/1163 1128/1128/1163 1127/1127/1163
f 1128/1128/1164 1120/1120/1164 1129/1129/1164
f 1118/1118/1151 1129/1129/1165 1120/1120/1149
f 1130/1130/1166 1131/1131/1107 1122/1122/1167
f 1132/1132/1168 1122/1122/1169 1131/1131/1170
f 1122/1122/1169 1132/1132/1168 1126/1126/1171
f 1133/1133/1172 1126/1126/1173 1132/1132/1174
f 1126/1126/1173 1133/1133/1172 1127/1127/1175
f 1127/1127/1176 1133/1133/1177 1120/1120/1178
f 1134/1134/1179 1120/1120/1178 1133/1133/1177
f 1120/1120/1154 1134/1134/1180 1112/1112/1152
f 1112/1112/1128 1134/1134/1181 1111/1111/1126
f 1133/1133/1182 1111/1111/1183 1134/1134/1184
f 1111/1111/1183 1133/1133/1182 1135/1135/1185
f 1132/1132/1186 1135/1135/1187 1133/1133/1088
f 1135/1135/1187 1132/1132/1186 1136/1136/1087
f 1137/1137/1068 1136/1136/1084 1132/1132/1066
f 1138/1138/1040 1139/1139/1039 1140/1140/1188
f 1102/1102/1080 1140/1140/1081 1139/1139/1082
f 1100/1100/1079 1140/1140/1079 1102/1102/1079
f 1140/1140/1078 1100/1100/1078 1138/1138/1078
f 1138/1138/1189 1100/1100/1189 1141/1141/1189
f 1141/1141/1190 1100/1100/1190 1142/1142/1190
f 1142/1142/1191 1100/1100/1191 1143/1143/1191
f 1143/1143/1192 1100/1100/1192 1144/1144/1192
f 1144/1144/1073 1100/1100/1073 1145/1145/1073
f 1145/1145/1072 1100/1100/1072 1137/1137/1072
f 1137/1137/1071 1100/1100/1071 1136/1136/1071
f 1136/1136/1070 1100/1100/1070 1135/1135/1070
f 1111/1111/1193 1135/1135/1193 1100/1100/1193
f 1139/1139/1039 1138/1138/1040 1146/1146/1041
f 1141/1141/1194 1146/1146/1195 1138/1138/1196
f 1146/1146/1195 1141/1141/1194 1147/1147/1197
f 1147/1147/1198 1141/1141/1199 1148/1148/1200
f 1142/1142/1201 1148/1148/1200 1141/1141/1199
f 1143/1143/1202 1148/1148/1203 1142/1142/1204
f 1148/1148/1203 1143/1143/1202 1149/1149/1205
f 1149/1149/1206 1143/1143/1207 1150/1150/1208
f 1144/1144/1209 1150/1150/1208 1143/1143/1207
f 1150/1150/1058 1144/1144/1059 1130/1130/1060
f 1145/1145/1061 1130/1130/1060 1144/1144/1059
f 1137/1137/1062 1130/1130/1063 1145/1145/1064
f 1130/1130/1063 1137/1137/1062 1131/1131/1065
f 1132/1132/1066 1131/1131/1067 1137/1137/1068
f 1106/1106/1210 1139/1139/1211 1151/1151/1212
f 1146/1146/1213 1151/1151/1214 1139/1139/1215
f 1151/1151/1214 1146/1146/1213 1152/1152/1216
f 1152/1152/1217 1146/1146/1218 1153/1153/1219
f 1147/1147/1220 1153/1153/1219 1146/1146/1218
f 1148/1148/1221 1153/1153/1222 1147/1147/1223
f 1153/1153/1222 1148/1148/1221 1154/1154/1224
f 1154/1154/1225 1148/1148/1226 1155/1155/1227
f 1149/1149/1228 1155/1155/1227 1148/1148/1226
f 1150/1150/1229 1155/1155/1230 1149/1149/1231
f 1155/1155/1230 1150/1150/1229 1156/1156/1232
f 1156/1156/1233 1150/1150/1234 1121/1121/1235
f 1130/1130/1236 1121/1121/1235 1150/1150/1234
f 1121/1121/1237 1130/1130/1166 1122/1122/1167
f 1104/1104/1038 1106/1106/1238 1157/1157/1239
f 1151/1151/1240 1157/1157/1239 1106/1106/1238
f 1152/1152/1241 1157/1157/1241 1151/1151/1241
f 1157/1157/1242 1152/1152/1242 1158/1158/1242
f 1153/1153/1243 1158/1158/1243 1152/1152/1243
f 1158/1158/1244 1153/1153/1244 1159/1159/1244
f 1159/1159/1245 1153/1153/1246 1160/1160/1247
f 1154/1154/1248 1160/1160/1247 1153/1153/1246
f 1155/1155/1249 1160/1160/1249 1154/1154/1249
f 1160/1160/1250 1155/1155/1250 1161/1161/1250
f 1161/1161/1251 1155/1155/1252 1162/1162/1253
f 1156/1156/1254 1162/1162/1253 1155/1155/1252
f 1162/1162/1255 1156/1156/1256 1123/1123/1257
f 1121/1121/1258 1123/1123/1257 1156/1156/1256
f 1103/1103/924 1102/1102/926 1163/1163/1259
f 1139/1139/1082 1163/1163/1109 1102/1102/1080
f 1106/1106/1210 1163/1163/1110 1139/1139/1211
f 1163/1163/1111 1106/1106/1114 1103/1103/1116
o rg_1_0.005
v 0.061535 0.036445 -0.099322
v 0.065075 0.024724 -0.083511
v 0.035712 0.027715 -0.076064
v 0.087174 0.022099 -0.012759
v 0.040107 0.025456 -0.009706
v 0.070264 0.026738 -0.052988
v 0.035102 0.029607 -0.044320
v 0.065075 0.024724 -0.083511
v 0.033087 0.069104 -0.043465
v 0.067884 0.115988 -0.083450
v 0.064648 0.093340 -0.089799
v 0.039070 0.108357 -0.069410
v 0.036994 0.085831 -0.074843
v 0.035346 0.099322 -0.039985
v 0.035712 0.066479 -0.077224
v 0.042793 0.035834 -0.092485
v 0.061535 0.036445 -0.099322
v 0.060558 0.073011 -0.099811
v 0.042793 0.069166 -0.090715
v 0.071607 0.153593 -0.003174
v 0.037543 0.153593 -0.037299
v 0.067395 0.105122 -0.001038
v 0.042793 0.153593 -0.065381
v 0.072157 0.153593 -0.079910
v 0.067395 0.105122 -0.001038
v 0.049570 0.092180 -0.010683
v 0.032110 0.059276 0.004884
v 0.040107 0.025456 -0.009706
v 0.028814 0.021977 0.033698
v 0.027654 0.052256 0.037116
v 0.096453 0.028753 -0.088639
v 0.065075 0.024724 -0.083511
v 0.061535 0.036445 -0.099322
v 0.097735 0.068616 -0.086381
v 0.109151 0.062572 -0.055125
v 0.105366 0.030706 -0.057689
v 0.065075 0.024724 -0.083511
v 0.070264 0.026738 -0.052988
v 0.087174 0.022099 -0.012759
v 0.118125 0.026006 -0.017093
v 0.116659 0.057689 -0.014956
v 0.108785 0.080703 -0.044503
v 0.100787 0.085709 -0.023808
v 0.101459 0.088334 -0.065197
v 0.080703 0.069715 -0.097186
v 0.080703 0.036384 -0.098956
v 0.061535 0.036445 -0.099322
v 0.060558 0.073011 -0.099811
v 0.064648 0.093340 -0.089799
v 0.067884 0.115988 -0.083450
v 0.101886 0.105305 -0.065930
v 0.106526 0.100665 -0.040291
v 0.099200 0.101398 -0.025578
v 0.087907 0.104511 -0.011599
v 0.089250 0.096514 -0.010500
v 0.067395 0.105122 -0.001038
v 0.071607 0.153593 -0.003174
v 0.091386 0.153593 -0.012270
v 0.104389 0.153593 -0.037177
v 0.098712 0.153593 -0.066235
v 0.072157 0.153593 -0.079910
v -0.035651 0.027715 -0.076064
v -0.065014 0.024724 -0.083511
v -0.061474 0.036384 -0.099322
v -0.071485 0.026677 -0.052988
v -0.065014 0.024724 -0.083511
v -0.035041 0.029546 -0.044320
v -0.033026 0.069104 -0.043465
v -0.035651 0.066418 -0.077224
v -0.036933 0.085770 -0.074843
v -0.042732 0.069166 -0.090715
v -0.064587 0.093340 -0.089799
v -0.060497 0.073011 -0.099811
v -0.042732 0.035834 -0.092485
v -0.061474 0.036384 -0.099322
v -0.049509 0.092180 -0.010683
v -0.032049 0.059276 0.004884
v -0.040046 0.025395 -0.009706
v -0.087113 0.022099 -0.012759
v -0.067334 0.105122 -0.001038
v -0.035285 0.099322 -0.039985
v -0.039009 0.108357 -0.069410
v -0.067822 0.115988 -0.083450
v -0.071546 0.153593 -0.003174
v -0.067334 0.105122 -0.001038
v -0.037482 0.153593 -0.037299
v -0.042732 0.153593 -0.065381
v -0.072096 0.153593 -0.079910
v -0.040046 0.025395 -0.009706
v -0.028753 0.021977 0.033698
v -0.027593 0.052195 0.037116
v -0.061474 0.036384 -0.099322
v -0.065014 0.024724 -0.083511
v -0.096331 0.028753 -0.088639
v -0.067822 0.115988 -0.083450
v -0.064587 0.093340 -0.089799
v -0.101398 0.088334 -0.065197
v -0.080642 0.069654 -0.097186
v -0.060497 0.073011 -0.099811
v -0.080642 0.036384 -0.098956
v -0.061474 0.036384 -0.099322
v -0.097674 0.068616 -0.086381
v -0.109090 0.062572 -0.055125
v -0.105305 0.030645 -0.057689
v -0.065014 0.024724 -0.083511
v -0.071485 0.026677 -0.052988
v -0.101825 0.105305 -0.065930
v -0.072096 0.153593 -0.079910
v -0.098651 0.153593 -0.066235
v -0.106465 0.100665 -0.040291
v -0.104328 0.153593 -0.037177
v -0.099139 0.101398 -0.025578
v -0.100726 0.085648 -0.023808
v -0.108723 0.080703 -0.044503
v -0.116599 0.057689 -0.014956
v -0.118064 0.026006 -0.017093
v -0.087113 0.022099 -0.012759
v -0.091325 0.153593 -0.012270
v -0.087846 0.104511 -0.011599
v -0.071546 0.153593 -0.003174
v -0.067334 0.105122 -0.001038
v -0.089189 0.096514 -0.010500
v 0.140223 0.773274 0.069654
v 0.133325 0.816251 0.053721
v 0.127648 0.813015 0.053721
v 0.105061 0.820219 0.053721
v 0.107930 0.817227 0.053721
v 0.127404 0.826140 0.053721
v 0.123375 0.820585 0.053721
v 0.165802 0.764117 -0.018558
v 0.160491 0.769367 0.032355
v 0.155302 0.816983 -0.018009
v 0.149380 0.818265 0.021794
v 0.139369 0.830291 0.021794
v 0.127648 0.813015 0.053721
v 0.133936 0.772602 0.069654
v 0.122337 0.822111 -0.096636
v 0.127343 0.815396 -0.096636
v 0.141383 0.826262 -0.057933
v 0.150296 0.816678 -0.057933
v 0.160796 0.767291 -0.074415
v 0.135584 0.769123 -0.112630
v 0.141872 0.769794 -0.112630
v 0.133020 0.818631 -0.096636
v 0.122337 0.822111 -0.096636
v 0.126427 0.827727 -0.096636
v 0.112753 0.820951 -0.096636
v 0.109944 0.824126 -0.096636
v 0.112753 0.820951 -0.096636
v 0.121421 0.821867 -0.057933
v 0.144191 0.829131 -0.018009
v 0.120994 0.818998 -0.018009
v 0.121360 0.821806 0.021794
v 0.107930 0.817227 0.053721
v 0.109456 0.804713 0.048044
v 0.117087 0.804347 0.013613
v 0.120811 0.800379 -0.018680
v 0.117270 0.802576 -0.051035
v 0.110189 0.807765 -0.091020
v 0.112753 0.820951 -0.096636
v 0.144191 0.829131 -0.018009
v 0.123375 0.820585 0.053721
v 0.107930 0.817227 0.053721
v 0.144191 0.829131 -0.018009
v 0.155302 0.816983 -0.018009
v 0.139369 0.830291 0.021794
v 0.155302 0.816983 -0.018009
v 0.144191 0.829131 -0.018009
v 0.141383 0.826262 -0.057933
v 0.079665 0.795922 0.060558
v 0.078933 0.795495 0.056285
v 0.052805 0.791832 0.063427
v 0.079665 0.795922 0.060558
v 0.052805 0.791832 0.063427
v 0.054087 0.792137 0.067701
v 0.056285 0.775777 0.063427
v 0.083817 0.780844 0.056285
v 0.084549 0.781271 0.060558
v 0.057567 0.776082 0.067701
v 0.056285 0.775777 0.063427
v 0.084549 0.781271 0.060558
v -0.108479 0.764056 0.039436
v -0.110677 0.765582 0.043038
v -0.126488 0.768879 0.010317
v -0.087663 0.761980 0.056285
v -0.088395 0.762347 0.060558
v -0.122642 0.767963 0.008180
v -0.108479 0.764056 0.039436
v -0.126488 0.768879 0.010317
v -0.103168 0.790001 0.039497
v -0.118186 0.793541 0.007509
v -0.122032 0.794518 0.009706
v -0.120872 0.798913 -0.045785
v -0.116599 0.797754 -0.046090
v -0.116599 0.797754 -0.046090
v -0.122215 0.772419 -0.047433
v -0.126549 0.773579 -0.047067
v -0.122642 0.767963 0.008180
v -0.118186 0.793541 0.007509
v -0.099200 0.782187 -0.102680
v -0.095415 0.806666 -0.099017
v -0.122215 0.772419 -0.047433
v -0.052744 0.807582 -0.112630
v -0.099078 0.808192 -0.101154
v -0.120872 0.798913 -0.045785
v -0.116599 0.797754 -0.046090
v -0.099200 0.782187 -0.102680
v -0.051035 0.805934 -0.111043
v -0.054942 0.781332 -0.116415
v -0.122215 0.772419 -0.047433
v -0.102863 0.783713 -0.104755
v -0.056651 0.783041 -0.120200
v -0.122642 0.767963 0.008180
v -0.126488 0.768879 0.010317
v -0.126549 0.773579 -0.047067
v -0.099078 0.808192 -0.101154
v -0.116599 0.797754 -0.046090
v -0.095415 0.806666 -0.099017
v -0.052744 0.807582 -0.112630
v -0.051035 0.805934 -0.111043
v -0.122215 0.772419 -0.047433
v -0.126549 0.773579 -0.047067
v -0.102863 0.783713 -0.104755
v -0.120872 0.798913 -0.045785
v -0.099078 0.808192 -0.101154
v -0.056651 0.783041 -0.120200
v -0.054942 0.781332 -0.116415
v -0.099200 0.782187 -0.102680
v 0.091997 0.774983 -0.107197
v 0.035773 0.774434 -0.120200
v 0.035712 0.775410 -0.124534
v 0.034918 0.800562 -0.119895
v 0.091936 0.775960 -0.111593
v 0.091142 0.801111 -0.106953
v 0.117087 0.777242 -0.108845
v 0.116782 0.775349 -0.104755
v 0.091936 0.775960 -0.111593
v 0.114035 0.800806 -0.099322
v 0.035041 0.799646 -0.115561
v 0.091264 0.800195 -0.102558
v 0.091997 0.774983 -0.107197
v 0.035712 0.775410 -0.124534
v 0.091936 0.775960 -0.111593
v 0.091142 0.801111 -0.106953
v 0.034918 0.800562 -0.119895
v 0.035041 0.799646 -0.115561
v 0.035773 0.774434 -0.120200
v 0.091264 0.800195 -0.102558
v 0.091997 0.774983 -0.107197
v 0.113729 0.798974 -0.095232
v 0.114035 0.800806 -0.099322
v 0.116782 0.775349 -0.104755
v 0.113729 0.798974 -0.095232
v 0.139369 0.830291 0.021794
v 0.127648 0.813015 0.053721
v 0.123375 0.820585 0.053721
v 0.133325 0.816251 0.053721
v 0.084549 0.781271 0.060558
v 0.079665 0.795922 0.060558
v 0.057567 0.776082 0.067701
v 0.054087 0.792137 0.067701
v -0.083511 0.787009 0.060558
v -0.082779 0.786582 0.056285
v -0.105366 0.791466 0.043099
v -0.103168 0.790001 0.039497
v 0.140162 0.704841 -0.110311
v 0.116049 0.752762 -0.105793
v 0.134668 0.756059 -0.112630
v 0.110189 0.807765 -0.091020
v 0.128197 0.815884 -0.096636
v 0.127526 0.812649 0.053721
v 0.109456 0.804713 0.048044
v 0.133142 0.760210 0.069654
v 0.114645 0.756242 0.062817
v 0.139735 0.699286 0.067701
v -0.126549 0.773579 -0.047067
v -0.126488 0.768879 0.010317
v -0.120872 0.798913 -0.045785
v -0.122032 0.794518 0.009706
v -0.118186 0.793541 0.007509
v -0.110677 0.765582 0.043038
v -0.105366 0.791466 0.043099
v -0.103168 0.790001 0.039497
v -0.108479 0.764056 0.039436
v -0.088395 0.762347 0.060558
v -0.083511 0.787009 0.060558
v 0.133752 0.811367 0.041634
v 0.131738 0.767352 0.055003
v 0.120322 0.805018 0.036933
v 0.107991 0.763506 0.052439
v 0.137232 0.716257 0.053355
v 0.113424 0.713021 0.049692
v 0.142665 0.831634 -0.057933
v 0.155973 0.819913 -0.057933
v 0.126427 0.827727 -0.096636
v 0.133020 0.818631 -0.096636
v 0.167145 0.767963 -0.074415
v 0.141872 0.769794 -0.112630
v 0.120261 0.823393 -0.018009
v 0.120628 0.826201 0.021794
v 0.145718 0.836152 -0.018009
v 0.141017 0.831878 0.021794
v 0.160979 0.820219 -0.018009
v 0.155058 0.821500 0.021794
v 0.166779 0.770038 0.032355
v 0.172151 0.764788 -0.018558
v 0.120689 0.826262 -0.057933
v 0.109944 0.824126 -0.096636
v 0.112081 0.801722 -0.056712
v 0.116782 0.799158 -0.018131
v 0.111837 0.803858 0.020329
v 0.105061 0.820219 0.053721
v 0.127404 0.826140 0.053721
v 0.133325 0.816251 0.053721
v 0.140223 0.773274 0.069654
v 0.152372 0.700690 -0.080215
v 0.128380 0.699103 -0.078261
v 0.156584 0.691716 -0.019535
v 0.132593 0.690495 -0.019596
v 0.128503 0.698004 0.033026
v 0.152494 0.699530 0.034919
v 0.113424 0.713021 0.049692
v 0.137232 0.716257 0.053355
v 0.128380 0.699103 -0.078261
v 0.152372 0.700690 -0.080215
v 0.113851 0.718576 -0.093584
v 0.137782 0.720896 -0.096087
v 0.133142 0.763934 -0.097979
v 0.109395 0.760332 -0.095415
v 0.120078 0.807582 -0.079848
v 0.133447 0.814175 -0.084610
v -0.100726 0.085648 -0.023808
v -0.116599 0.057689 -0.014956
v -0.089189 0.096514 -0.010500
v -0.098895 0.077956 0.009401
v -0.072584 0.082901 0.018314
v -0.067334 0.105122 -0.001038
v -0.051950 0.078139 0.019535
v -0.049509 0.092180 -0.010683
v -0.032049 0.059276 0.004884
v -0.027593 0.052195 0.037116
v 0.100787 0.085709 -0.023808
v 0.089250 0.096514 -0.010500
v 0.116659 0.057689 -0.014956
v 0.098956 0.077956 0.009401
v 0.072645 0.082962 0.018314
v 0.067395 0.105122 -0.001038
v 0.052011 0.078139 0.019535
v 0.049570 0.092180 -0.010683
v 0.032110 0.059276 0.004884
v 0.027654 0.052256 0.037116
v 0.107991 0.763506 0.052439
v 0.113424 0.713021 0.049692
v 0.117087 0.804347 0.013613
v 0.128503 0.698004 0.033026
v 0.132593 0.690495 -0.019596
v 0.120811 0.800379 -0.018680
v 0.117270 0.802576 -0.051035
v 0.128380 0.699103 -0.078261
v 0.109395 0.760332 -0.095415
v 0.113851 0.718576 -0.093584
v 0.159880 0.751602 -0.074415
v 0.164703 0.747268 -0.018558
v 0.161895 0.697577 -0.087296
v 0.167633 0.685245 -0.019046
v 0.159575 0.753983 0.032355
v 0.162383 0.692693 0.043465
v 0.133142 0.760210 0.069654
v 0.139735 0.699286 0.067701
v 0.127526 0.812649 0.053721
v 0.149930 0.809169 0.021794
v 0.154875 0.804286 -0.018009
v 0.150174 0.806971 -0.057933
v 0.128197 0.815884 -0.096636
v 0.134668 0.756059 -0.112630
v 0.140162 0.704841 -0.110311
v 0.153226 0.761919 0.023747
v 0.157133 0.756181 -0.018985
v 0.159880 0.704170 -0.019413
v 0.153471 0.759905 -0.065930
v 0.155485 0.714608 -0.076735
v 0.133142 0.763934 -0.097979
v 0.137782 0.720896 -0.096087
v 0.152372 0.700690 -0.080215
v 0.156584 0.691716 -0.019535
v 0.133447 0.814175 -0.084610
v 0.145657 0.806483 -0.052072
v 0.149197 0.804163 -0.018558
v 0.145473 0.808315 0.014834
v 0.133752 0.811367 0.041634
v 0.131738 0.767352 0.055003
v 0.155912 0.710518 0.033026
v 0.137232 0.716257 0.053355
v 0.152494 0.699530 0.034919
v 0.119651 0.019718 0.052561
v 0.102680 0.019169 0.059398
v 0.122825 0.023564 0.014590
v 0.122825 0.023564 0.014590
v 0.124351 0.020634 0.041634
v 0.023564 0.017887 0.075270
v 0.055064 0.018497 0.030096
v 0.050180 0.017764 0.076979
v 0.028631 0.041817 0.077163
v 0.022526 0.044198 0.055979
v 0.022404 0.019962 0.053721
v 0.027654 0.052256 0.037116
v 0.028814 0.021977 0.033698
v 0.055064 0.018497 0.030096
v 0.040107 0.025456 -0.009706
v 0.087174 0.022099 -0.012759
v 0.081253 0.018924 0.026799
v 0.112508 0.001831 -0.041023
v 0.121787 0.000000 -0.019291
v 0.112020 0.001282 -0.040474
v 0.112020 0.001221 -0.047738
v 0.112508 0.001831 -0.048043
v 0.107014 0.003052 -0.064770
v 0.106648 0.001831 -0.063916
v 0.126793 0.023259 0.016299
v 0.122337 0.026433 -0.017520
v 0.121787 0.027410 -0.017093
v 0.129418 0.021732 0.045113
v 0.126183 0.024052 0.016299
v 0.114157 0.017887 0.088029
v 0.128747 0.022648 0.044747
v 0.093401 0.020328 0.117636
v 0.113729 0.018436 0.087113
v 0.126793 0.023259 0.016299
v 0.121787 0.027410 -0.017093
v 0.126183 0.024052 0.016299
v 0.129418 0.021732 0.045113
v 0.128747 0.022648 0.044747
v 0.114157 0.017887 0.088029
v 0.128747 0.022648 0.044747
v 0.113729 0.018436 0.087113
v 0.114157 0.001282 0.087418
v 0.093157 0.004151 0.119101
v 0.113729 0.000610 0.086564
v 0.093401 0.004578 0.120322
v 0.070631 0.003602 0.128380
v 0.093401 0.020328 0.117636
v 0.113729 0.018436 0.087113
v 0.093157 0.020878 0.116354
v 0.112508 0.001831 -0.041023
v 0.112020 0.001282 -0.040474
v 0.112020 0.001221 -0.047738
v 0.128747 0.000610 0.045296
v 0.126183 0.001221 0.015201
v 0.129418 0.001343 0.045663
v 0.126793 0.001892 0.015262
v 0.121787 0.000000 -0.019291
v 0.122337 0.001038 -0.019535
v 0.112386 0.028142 -0.037299
v 0.112508 0.001831 -0.048043
v 0.107014 0.030645 -0.063244
v 0.107014 0.003052 -0.064770
v 0.114157 0.017887 0.088029
v 0.114157 0.001282 0.087418
v 0.129418 0.021732 0.045113
v 0.126793 0.023259 0.016299
v 0.122337 0.026433 -0.017520
v 0.121787 0.027410 -0.017093
v 0.111959 0.029363 -0.036384
v 0.106648 0.031500 -0.062267
v 0.099261 0.033026 -0.085343
v 0.099567 0.031805 -0.086442
v 0.093157 0.004151 0.119101
v 0.093401 0.004578 0.120322
v 0.093401 0.020328 0.117636
v 0.093157 0.020878 0.116354
v 0.069837 0.020512 0.126061
v 0.069837 0.019962 0.127465
v 0.070570 0.004273 0.129601
v 0.070631 0.003602 0.128380
v 0.083328 0.034674 -0.100665
v 0.099261 0.033026 -0.085343
v 0.083450 0.033331 -0.102008
v 0.099567 0.002503 -0.085526
v 0.099261 0.001221 -0.084427
v 0.106648 0.001831 -0.063916
v 0.083328 0.001831 -0.102558
v 0.058238 0.035163 -0.101032
v 0.083328 0.034674 -0.100665
v 0.058055 0.033820 -0.102375
v 0.083450 0.003113 -0.103840
v 0.058055 0.002808 -0.102863
v 0.032355 0.030767 -0.071302
v 0.033514 0.028387 -0.036384
v 0.033942 0.029363 -0.036384
v 0.032843 0.031561 -0.070203
v 0.039802 0.033637 -0.088578
v 0.031866 0.026982 -0.017581
v 0.032355 0.027410 -0.017093
v 0.023808 0.023259 0.016299
v 0.032355 0.027410 -0.017093
v 0.024357 0.024052 0.016299
v 0.018314 0.021732 0.045113
v 0.018985 0.022648 0.044747
v 0.022648 0.017764 0.088151
v 0.018985 0.022648 0.044747
v 0.023259 0.018436 0.087113
v 0.034186 0.019107 0.109883
v 0.023259 0.018436 0.087113
v 0.034674 0.019657 0.108601
v 0.046273 0.019596 0.122459
v 0.046578 0.020084 0.121116
v 0.032355 0.030767 -0.071302
v 0.033942 0.029363 -0.036384
v 0.032843 0.031561 -0.070203
v 0.058055 0.033820 -0.102375
v 0.058055 0.002808 -0.102863
v 0.039436 0.032355 -0.089799
v 0.039436 0.002564 -0.088883
v 0.032355 0.003113 -0.072828
v 0.039802 0.033637 -0.088578
v 0.032721 0.001831 -0.072889
v 0.033392 0.001770 -0.048043
v 0.033514 0.028387 -0.036384
v 0.033392 0.001831 -0.041023
v 0.039680 0.000549 -0.019657
v 0.031866 0.026982 -0.017581
v 0.023808 0.002381 0.014773
v 0.023808 0.023259 0.016299
v 0.018314 0.021732 0.045113
v 0.022648 0.017764 0.088151
v 0.018314 0.001343 0.045663
v 0.024357 0.001221 0.015201
v 0.046273 0.019596 0.122459
v 0.034186 0.019107 0.109883
v 0.034186 0.002930 0.114950
v 0.022648 0.001221 0.087418
v 0.018985 0.000610 0.045296
v 0.070570 0.004273 0.129601
v 0.069837 0.019962 0.127465
v 0.047738 0.003663 0.124168
v 0.034674 0.002381 0.113790
v 0.033392 0.001770 -0.048043
v 0.032721 0.001831 -0.072889
v 0.033698 0.001221 -0.048471
v 0.058055 0.033820 -0.102375
v 0.039436 0.032355 -0.089799
v 0.039802 0.033637 -0.088578
v 0.058055 0.033820 -0.102375
v 0.039802 0.033637 -0.088578
v 0.058238 0.035163 -0.101032
v 0.058055 0.002808 -0.102863
v 0.058055 0.001526 -0.102008
v 0.039924 0.001221 -0.088700
v 0.083328 0.001831 -0.102558
v 0.058055 0.001526 -0.102008
v 0.058055 0.002808 -0.102863
v 0.039436 0.002564 -0.088883
v 0.032721 0.001831 -0.072889
v 0.032355 0.003113 -0.072828
v 0.018314 0.001343 0.045663
v 0.024357 0.001221 0.015201
v 0.018985 0.000610 0.045296
v 0.023808 0.023259 0.016299
v 0.018985 0.022648 0.044747
v 0.024357 0.024052 0.016299
v 0.022648 0.001221 0.087418
v 0.018985 0.000610 0.045296
v 0.023259 0.000610 0.086564
v 0.047738 0.003663 0.124168
v 0.034674 0.002381 0.113790
v 0.048043 0.003052 0.122947
v 0.034186 0.019107 0.109883
v 0.046578 0.020084 0.121116
v 0.034674 0.019657 0.108601
v 0.046273 0.019596 0.122459
v 0.069837 0.019962 0.127465
v 0.069837 0.020512 0.126061
v 0.046273 0.019596 0.122459
v 0.069837 0.020512 0.126061
v 0.046578 0.020084 0.121116
v -0.122764 0.023503 0.014590
v -0.102619 0.019169 0.059398
v -0.119590 0.019718 0.052561
v -0.124290 0.020634 0.041634
v -0.122764 0.023503 0.014590
v -0.050119 0.017703 0.076979
v -0.055003 0.018497 0.030096
v -0.023503 0.017887 0.075270
v -0.028570 0.041817 0.077163
v -0.022465 0.044198 0.055979
v -0.022343 0.019901 0.053721
v -0.027593 0.052195 0.037116
v -0.028753 0.021977 0.033698
v -0.055003 0.018497 0.030096
v -0.081192 0.018924 0.026799
v -0.087113 0.022099 -0.012759
v -0.040046 0.025395 -0.009706
v 0.133936 0.772602 0.069654
v 0.142787 0.721323 0.067701
v 0.149136 0.721995 0.067701
v 0.140223 0.773274 0.069654
v 0.149136 0.721995 0.067701
v 0.173433 0.698919 -0.019168
v 0.167694 0.706245 0.045724
v 0.161407 0.705574 0.045724
v 0.142787 0.721323 0.067701
v 0.135584 0.769123 -0.112630
v 0.143032 0.725963 -0.110311
v 0.160796 0.767291 -0.074415
v 0.164947 0.721446 -0.087296
v 0.165802 0.764117 -0.018558
v 0.171113 0.711495 -0.019046
v 0.167145 0.698248 -0.019168
v 0.161162 0.706794 -0.091447
v 0.167511 0.707466 -0.091447
v 0.149380 0.726635 -0.110311
v 0.143032 0.725963 -0.110311
v 0.141872 0.769794 -0.112630
v 0.161162 0.706794 -0.091447
v 0.160491 0.769367 0.032355
v 0.142787 0.721323 0.067701
v 0.165619 0.717355 0.043465
v 0.161407 0.705574 0.045724
v 0.112081 0.801722 -0.056712
v 0.109944 0.824126 -0.096636
v 0.096575 0.808925 -0.094133
v 0.109944 0.824126 -0.096636
v 0.112753 0.820951 -0.096636
v 0.112753 0.820951 -0.096636
v 0.110189 0.807765 -0.091020
v 0.117270 0.802576 -0.051035
v 0.112081 0.801722 -0.056712
v 0.116782 0.799158 -0.018131
v 0.120811 0.800379 -0.018680
v 0.117087 0.804347 0.013613
v 0.111837 0.803858 0.020329
v 0.095904 0.805750 0.051157
v 0.109456 0.804713 0.048044
v 0.095904 0.805750 0.051157
v 0.107930 0.817227 0.053721
v 0.107930 0.817227 0.053721
v 0.105061 0.820219 0.053721
v 0.105061 0.820219 0.053721
v 0.111837 0.803858 0.020329
v 0.117087 0.804347 0.013613
v 0.110189 0.806056 0.039497
v 0.107991 0.763506 0.052439
v 0.117087 0.804347 0.013613
v 0.111837 0.803858 0.020329
v 0.120811 0.800379 -0.018680
v 0.116782 0.799158 -0.018131
v 0.120078 0.807582 -0.079848
v 0.109883 0.808742 -0.082473
v 0.109395 0.760332 -0.095415
v 0.107991 0.763506 0.052439
v 0.110189 0.806056 0.039497
v 0.120322 0.805018 0.036933
v 0.143764 0.673219 -0.019352
v 0.162994 0.670289 -0.019168
v 0.157622 0.679507 0.045724
v 0.139735 0.699286 0.067701
v 0.120872 0.698614 0.059642
v 0.138453 0.681704 0.040657
v 0.143764 0.673219 -0.019352
v 0.130822 0.668274 -0.019229
v 0.125450 0.677187 0.043465
v 0.107808 0.694951 0.063244
v 0.117270 0.802576 -0.051035
v 0.116782 0.799158 -0.018131
v 0.120811 0.800379 -0.018680
v 0.111837 0.803858 0.020329
v 0.117087 0.804347 0.013613
v 0.095904 0.805750 0.051157
v 0.110189 0.806056 0.039497
v 0.117270 0.802576 -0.051035
v 0.112081 0.801722 -0.056712
v 0.109883 0.808742 -0.082473
v 0.109395 0.760332 -0.095415
v 0.096575 0.808925 -0.094133
v 0.110189 0.807765 -0.091020
v 0.096575 0.808925 -0.094133
v 0.109883 0.808742 -0.082473
v 0.128197 0.815884 -0.096636
v 0.120078 0.807582 -0.079848
v 0.133447 0.814175 -0.084610
v 0.120078 0.807582 -0.079848
v 0.110189 0.807765 -0.091020
v 0.109883 0.808742 -0.082473
v 0.110189 0.806056 0.039497
v 0.095904 0.805750 0.051157
v 0.109456 0.804713 0.048044
v 0.120322 0.805018 0.036933
v 0.127526 0.812649 0.053721
v 0.120322 0.805018 0.036933
v 0.133752 0.811367 0.041634
v 0.110189 0.806056 0.039497
v 0.109456 0.804713 0.048044
v 0.133752 0.811367 0.041634
v 0.127526 0.812649 0.053721
v 0.149930 0.809169 0.021794
v 0.145473 0.808315 0.014834
v 0.154875 0.804286 -0.018009
v 0.133752 0.811367 0.041634
v 0.149930 0.809169 0.021794
v 0.145473 0.808315 0.014834
v 0.154875 0.804286 -0.018009
v 0.149197 0.804163 -0.018558
v 0.154875 0.804286 -0.018009
v 0.150174 0.806971 -0.057933
v 0.145657 0.806483 -0.052072
v 0.149197 0.804163 -0.018558
v 0.154875 0.804286 -0.018009
v 0.145657 0.806483 -0.052072
v 0.150174 0.806971 -0.057933
v 0.128197 0.815884 -0.096636
v 0.133447 0.814175 -0.084610
v 0.145657 0.806483 -0.052072
v 0.150174 0.806971 -0.057933
v 0.133447 0.814175 -0.084610
v 0.112814 0.785178 0.057017
v 0.113180 0.786155 0.061413
v 0.098834 0.783591 0.062756
v 0.098834 0.783591 0.062756
v 0.098773 0.782919 0.058360
v 0.112814 0.785178 0.057017
v 0.096392 0.799768 0.055430
v 0.096514 0.800439 0.059826
v 0.111226 0.803431 0.057384
v 0.111226 0.803431 0.057384
v 0.110799 0.802454 0.053049
v 0.096392 0.799768 0.055430
v -0.121726 0.000000 -0.019291
v -0.122276 0.001038 -0.019535
v -0.112447 0.001831 -0.041023
v -0.126122 0.001221 0.015201
v -0.126732 0.001892 0.015262
v -0.128686 0.000610 0.045296
v -0.129357 0.001343 0.045663
v -0.111959 0.001221 -0.047738
v -0.111959 0.001282 -0.040474
v -0.112447 0.001831 -0.048043
v -0.106953 0.003052 -0.064770
v -0.099200 0.001221 -0.084427
v -0.106587 0.001831 -0.063916
v -0.083267 0.001831 -0.102558
v -0.099506 0.002503 -0.085526
v -0.083389 0.003113 -0.103840
v -0.057994 0.002808 -0.102863
v -0.111959 0.001282 -0.040474
v -0.121726 0.000000 -0.019291
v -0.112447 0.001831 -0.041023
v -0.112325 0.028142 -0.037299
v -0.122276 0.026433 -0.017520
v -0.121726 0.027410 -0.017093
v -0.121726 0.027410 -0.017093
v -0.126732 0.023259 0.016299
v -0.126122 0.024052 0.016299
v -0.129357 0.021732 0.045113
v -0.128686 0.022648 0.044747
v -0.114096 0.017887 0.088029
v -0.113668 0.018436 0.087113
v -0.093340 0.020328 0.117636
v -0.106953 0.030645 -0.063244
v -0.111898 0.029363 -0.036384
v -0.106587 0.031500 -0.062267
v -0.099200 0.033026 -0.085343
v -0.121726 0.027410 -0.017093
v -0.111898 0.029363 -0.036384
v -0.112325 0.028142 -0.037299
v -0.106587 0.031500 -0.062267
v -0.106953 0.030645 -0.063244
v -0.099200 0.033026 -0.085343
v -0.099506 0.031805 -0.086442
v -0.106953 0.003052 -0.064770
v -0.112447 0.001831 -0.048043
v -0.112447 0.001831 -0.041023
v -0.122276 0.001038 -0.019535
v -0.122276 0.026433 -0.017520
v -0.129357 0.021732 0.045113
v -0.126732 0.023259 0.016299
v -0.126732 0.001892 0.015262
v -0.121726 0.000000 -0.019291
v -0.114096 0.017887 0.088029
v -0.129357 0.001343 0.045663
v -0.126122 0.001221 0.015201
v -0.128686 0.000610 0.045296
v -0.114096 0.001282 0.087418
v -0.093340 0.004578 0.120322
v -0.093340 0.020328 0.117636
v -0.070509 0.004273 0.129601
v -0.069776 0.019962 0.127465
v -0.128686 0.022648 0.044747
v -0.126122 0.024052 0.016299
v -0.121726 0.027410 -0.017093
v -0.126732 0.023259 0.016299
v -0.113668 0.018436 0.087113
v -0.128686 0.022648 0.044747
v -0.113668 0.000610 0.086564
v -0.093096 0.004151 0.119101
v -0.070570 0.003602 0.128380
v -0.093096 0.020878 0.116354
v -0.113668 0.018436 0.087113
v -0.069776 0.020512 0.126061
v -0.093096 0.020878 0.116354
v -0.047677 0.003663 0.124168
v -0.070509 0.004273 0.129601
v -0.069776 0.019962 0.127465
v -0.046212 0.019596 0.122459
v -0.069776 0.020512 0.126061
v -0.046517 0.020084 0.121116
v -0.034125 0.019107 0.109883
v -0.034125 0.002930 0.114950
v -0.022587 0.017764 0.088151
v -0.022587 0.001221 0.087418
v -0.034613 0.002381 0.113790
v -0.018924 0.000610 0.045296
v -0.018253 0.001343 0.045663
v -0.018253 0.021732 0.045113
v -0.023747 0.002381 0.014773
v -0.024296 0.001221 0.015201
v -0.039619 0.000549 -0.019657
v -0.018924 0.022648 0.044747
v -0.023747 0.023259 0.016299
v -0.031805 0.026982 -0.017581
v -0.033453 0.028387 -0.036384
v -0.033331 0.001831 -0.041023
v -0.033331 0.001770 -0.048043
v -0.032294 0.030767 -0.071302
v -0.033881 0.029363 -0.036384
v -0.032294 0.027410 -0.017093
v -0.032660 0.001831 -0.072889
v -0.039375 0.002564 -0.088883
v -0.032294 0.003113 -0.072828
v -0.039375 0.032355 -0.089799
v -0.039863 0.001221 -0.088700
v -0.057994 0.002808 -0.102863
v -0.057994 0.033820 -0.102375
v -0.039741 0.033637 -0.088578
v -0.039741 0.033637 -0.088578
v -0.032782 0.031561 -0.070203
v -0.128686 0.000610 0.045296
v -0.113668 0.000610 0.086564
v -0.114096 0.001282 0.087418
v -0.093096 0.004151 0.119101
v -0.093340 0.004578 0.120322
v -0.070570 0.003602 0.128380
v -0.070509 0.004273 0.129601
v -0.111959 0.001221 -0.047738
v -0.112447 0.001831 -0.041023
v -0.112447 0.001831 -0.048043
v -0.106587 0.001831 -0.063916
v -0.106953 0.003052 -0.064770
v -0.083389 0.033331 -0.102008
v -0.099506 0.031805 -0.086442
v -0.099200 0.033026 -0.085343
v -0.057994 0.033820 -0.102375
v -0.083267 0.034674 -0.100665
v -0.099200 0.033026 -0.085343
v -0.083267 0.034674 -0.100665
v -0.083389 0.033331 -0.102008
v -0.057994 0.002808 -0.102863
v -0.083389 0.003113 -0.103840
v -0.057994 0.033820 -0.102375
v -0.099200 0.001221 -0.084427
v -0.099506 0.002503 -0.085526
v -0.083267 0.001831 -0.102558
v -0.083267 0.034674 -0.100665
v -0.058177 0.035163 -0.101032
v -0.093340 0.020328 0.117636
v -0.069776 0.019962 0.127465
v -0.069776 0.020512 0.126061
v -0.046517 0.020084 0.121116
v -0.046212 0.019596 0.122459
v -0.033514 0.001282 -0.041084
v -0.033331 0.001770 -0.048043
v -0.033331 0.001831 -0.041023
v -0.032782 0.031561 -0.070203
v -0.033881 0.029363 -0.036384
v -0.032294 0.030767 -0.071302
v -0.039741 0.033637 -0.088578
v -0.039375 0.032355 -0.089799
v -0.031805 0.026982 -0.017581
v -0.033453 0.028387 -0.036384
v -0.032660 0.001831 -0.072889
v -0.039863 0.001221 -0.088700
v -0.039375 0.002564 -0.088883
v -0.057994 0.001526 -0.102008
v -0.057994 0.002808 -0.102863
v -0.033514 0.001282 -0.041084
v -0.033637 0.001221 -0.048471
v -0.033331 0.001770 -0.048043
v -0.039619 0.000549 -0.019657
v -0.033331 0.001831 -0.041023
v -0.024296 0.001221 0.015201
v -0.039985 0.000000 -0.019291
v -0.018924 0.000610 0.045296
v -0.018253 0.001343 0.045663
v -0.058177 0.035163 -0.101032
v -0.039741 0.033637 -0.088578
v -0.057994 0.033820 -0.102375
v -0.057994 0.001526 -0.102008
v -0.083267 0.001831 -0.102558
v -0.057994 0.002808 -0.102863
v -0.039985 0.000000 -0.019291
v -0.033514 0.001282 -0.041084
v -0.023747 0.023259 0.016299
v -0.031805 0.026982 -0.017581
v -0.032294 0.027410 -0.017093
v -0.032294 0.027410 -0.017093
v -0.024296 0.024052 0.016299
v -0.024296 0.024052 0.016299
v -0.018924 0.022648 0.044747
v -0.023747 0.023259 0.016299
v -0.022587 0.017764 0.088151
v -0.018253 0.021732 0.045113
v -0.018924 0.022648 0.044747
v -0.034125 0.019107 0.109883
v -0.023198 0.018436 0.087113
v -0.034613 0.019657 0.108601
v -0.046517 0.020084 0.121116
v -0.018924 0.022648 0.044747
v -0.023198 0.018436 0.087113
v -0.023198 0.018436 0.087113
v -0.034613 0.019657 0.108601
v -0.047982 0.003052 0.122947
v -0.034613 0.002381 0.113790
v -0.047677 0.003663 0.124168
v -0.018924 0.000610 0.045296
v -0.022587 0.001221 0.087418
v -0.023198 0.000610 0.086564
v -0.070570 0.003602 0.128380
v -0.047982 0.003052 0.122947
v -0.047677 0.003663 0.124168
v 0.070570 0.004273 0.129601
v 0.047738 0.003663 0.124168
v 0.070631 0.003602 0.128380
v 0.048043 0.003052 0.122947
v 0.034186 0.002930 0.114950
v 0.022648 0.001221 0.087418
v 0.034674 0.002381 0.113790
v 0.023259 0.000610 0.086564
v -0.023503 0.017887 0.075270
v -0.031439 0.016666 0.097979
v -0.050119 0.017703 0.076979
v -0.055369 0.016544 0.099261
v 0.117087 0.777242 -0.108845
v 0.114035 0.800806 -0.099322
v 0.116782 0.775349 -0.104755
v 0.113729 0.798974 -0.095232
v 0.110799 0.802454 0.053049
v 0.111226 0.803431 0.057384
v 0.112814 0.785178 0.057017
v 0.113180 0.786155 0.061413
v 0.078933 0.795495 0.056285
v 0.079665 0.795922 0.060558
v 0.096392 0.799768 0.055430
v 0.096514 0.800439 0.059826
v 0.083817 0.780844 0.056285
v 0.098773 0.782919 0.058360
v 0.084549 0.781271 0.060558
v 0.098834 0.783591 0.062756
v -0.027593 0.052195 0.037116
v -0.055003 0.064404 0.047738
v -0.022465 0.044198 0.055979
v -0.051950 0.078139 0.019535
v -0.072584 0.082901 0.018314
v -0.079055 0.065686 0.044503
v -0.054209 0.057078 0.078506
v -0.077407 0.057139 0.075392
v -0.075514 0.049264 0.098101
v -0.055247 0.048593 0.100482
v -0.072462 0.040230 0.118064
v -0.058238 0.040168 0.117575
v -0.034796 0.036933 0.099444
v -0.028570 0.041817 0.077163
v -0.104084 0.052622 0.060985
v -0.104511 0.064465 0.031927
v -0.097674 0.043465 0.089799
v -0.091631 0.037605 0.109822
v -0.113119 0.033392 0.082657
v -0.120383 0.039558 0.054270
v -0.123375 0.042793 0.043160
v -0.120200 0.049386 0.016666
v -0.098895 0.077956 0.009401
v -0.116599 0.057689 -0.014956
v 0.058299 0.040230 0.117575
v 0.055308 0.048593 0.100482
v 0.034857 0.036933 0.099444
v 0.072523 0.040230 0.118064
v 0.075575 0.049264 0.098101
v 0.054270 0.057139 0.078506
v 0.077468 0.057139 0.075392
v 0.079116 0.065686 0.044503
v 0.055064 0.064404 0.047738
v 0.072645 0.082962 0.018314
v 0.052011 0.078139 0.019535
v 0.027654 0.052256 0.037116
v 0.022526 0.044198 0.055979
v 0.028631 0.041817 0.077163
v 0.104572 0.064465 0.031927
v 0.104145 0.052622 0.060985
v 0.097735 0.043465 0.089799
v 0.091692 0.037605 0.109822
v 0.113180 0.033392 0.082657
v 0.120444 0.039558 0.054270
v 0.123436 0.042793 0.043160
v 0.120261 0.049386 0.016666
v 0.098956 0.077956 0.009401
v 0.116659 0.057689 -0.014956
v 0.023564 0.017887 0.075270
v 0.050180 0.017764 0.076979
v 0.031500 0.016666 0.097979
v 0.055430 0.016605 0.099261
v 0.128747 0.000610 0.045296
v 0.113729 0.000610 0.086564
v 0.111837 0.803858 0.020329
v 0.116782 0.799158 -0.018131
v 0.125328 0.678530 -0.089066
v 0.112081 0.801722 -0.056712
v 0.108113 0.701545 -0.107319
v 0.102802 0.751297 -0.109517
v 0.096575 0.808925 -0.094133
v 0.130822 0.668274 -0.019229
v 0.125450 0.677187 0.043465
v 0.107808 0.694951 0.063244
v 0.101337 0.755082 0.066602
v 0.095904 0.805750 0.051157
v -0.055369 0.016544 0.099261
v -0.031439 0.016666 0.097979
v -0.056956 0.019046 0.122581
v -0.044259 0.017398 0.118125
v -0.058238 0.040168 0.117575
v -0.044259 0.031317 0.116782
v -0.058238 0.040168 0.117575
v -0.044259 0.031317 0.116782
v -0.034796 0.036933 0.099444
v -0.044259 0.017398 0.118125
v -0.023503 0.017887 0.075270
v -0.028570 0.041817 0.077163
v 0.084549 0.781271 0.060558
v 0.098834 0.783591 0.062756
v 0.079665 0.795922 0.060558
v 0.096514 0.800439 0.059826
v 0.113180 0.786155 0.061413
v 0.111226 0.803431 0.057384
v 0.122825 0.023564 0.014590
v 0.102680 0.019169 0.059398
v 0.081253 0.018924 0.026799
v 0.075331 0.018009 0.073683
v 0.050180 0.017764 0.076979
v 0.055064 0.018497 0.030096
v 0.120444 0.039558 0.054270
v 0.119651 0.019718 0.052561
v 0.123436 0.042793 0.043160
v 0.124351 0.020634 0.041634
v 0.120261 0.049386 0.016666
v 0.116659 0.057689 -0.014956
v 0.118125 0.026006 -0.017093
v 0.087174 0.022099 -0.012759
v 0.081253 0.018924 0.026799
v 0.044320 0.031317 0.116782
v 0.044320 0.017398 0.118125
v 0.058299 0.040230 0.117575
v 0.057017 0.019046 0.122581
v 0.031500 0.016666 0.097979
v 0.055430 0.016605 0.099261
v 0.028631 0.041817 0.077163
v 0.023564 0.017887 0.075270
v 0.034857 0.036933 0.099444
v 0.044320 0.017398 0.118125
v 0.044320 0.031317 0.116782
v 0.058299 0.040230 0.117575
v -0.055003 0.018497 0.030096
v -0.050119 0.017703 0.076979
v -0.081192 0.018924 0.026799
v -0.075270 0.018009 0.073683
v -0.102619 0.019169 0.059398
v -0.122764 0.023503 0.014590
v -0.120383 0.039558 0.054270
v -0.123375 0.042793 0.043160
v -0.119590 0.019718 0.052561
v -0.124290 0.020634 0.041634
v -0.120200 0.049386 0.016666
v -0.116599 0.057689 -0.014956
v -0.118064 0.026006 -0.017093
v -0.087113 0.022099 -0.012759
v -0.081192 0.018924 0.026799
v -0.106587 0.031500 -0.062267
v -0.032782 0.031561 -0.070203
v -0.099200 0.033026 -0.085343
v -0.083267 0.034674 -0.100665
v -0.058177 0.035163 -0.101032
v -0.039741 0.033637 -0.088578
v -0.033881 0.029363 -0.036384
v -0.111898 0.029363 -0.036384
v -0.032294 0.027410 -0.017093
v -0.121726 0.027410 -0.017093
v -0.126122 0.024052 0.016299
v -0.024296 0.024052 0.016299
v -0.128686 0.022648 0.044747
v -0.018924 0.022648 0.044747
v -0.113668 0.018436 0.087113
v -0.023198 0.018436 0.087113
v -0.093096 0.020878 0.116354
v -0.034613 0.019657 0.108601
v -0.046517 0.020084 0.121116
v -0.069776 0.020512 0.126061
v 0.106648 0.031500 -0.062267
v 0.099261 0.033026 -0.085343
v 0.032843 0.031561 -0.070203
v 0.083328 0.034674 -0.100665
v 0.058238 0.035163 -0.101032
v 0.039802 0.033637 -0.088578
v 0.033942 0.029363 -0.036384
v 0.111959 0.029363 -0.036384
v 0.032355 0.027410 -0.017093
v 0.121787 0.027410 -0.017093
v 0.126183 0.024052 0.016299
v 0.024357 0.024052 0.016299
v 0.128747 0.022648 0.044747
v 0.018985 0.022648 0.044747
v 0.113729 0.018436 0.087113
v 0.023259 0.018436 0.087113
v 0.093157 0.020878 0.116354
v 0.034674 0.019657 0.108601
v 0.046578 0.020084 0.121116
v 0.069837 0.020512 0.126061
v -0.031012 0.268726 -0.071363
v -0.030828 0.308833 -0.067700
v -0.025273 0.263415 -0.023075
v -0.022221 0.304621 -0.017581
v -0.036445 0.300592 0.005372
v -0.072401 0.312008 -0.091569
v -0.073011 0.269703 -0.093401
v -0.071119 0.206215 -0.085282
v -0.039680 0.201209 -0.061229
v -0.032355 0.194921 -0.031012
v -0.072096 0.153593 -0.079910
v -0.042732 0.153593 -0.065381
v -0.037482 0.153593 -0.037299
v -0.071546 0.153593 -0.003174
v -0.070692 0.187901 0.002442
v -0.072401 0.248703 0.010622
v -0.064831 0.300043 0.019596
v 0.036506 0.300592 0.005372
v 0.022282 0.304621 -0.017581
v 0.025334 0.263476 -0.023075
v 0.030889 0.308894 -0.067700
v 0.031073 0.268726 -0.071363
v 0.032416 0.194921 -0.031012
v 0.039741 0.201209 -0.061229
v 0.071180 0.206215 -0.085282
v 0.073072 0.269703 -0.093401
v 0.072462 0.312008 -0.091569
v 0.064892 0.300043 0.019596
v 0.072462 0.248703 0.010622
v 0.070753 0.187901 0.002442
v 0.071607 0.153593 -0.003174
v 0.037543 0.153593 -0.037299
v 0.042793 0.153593 -0.065381
v 0.072157 0.153593 -0.079910
v 0.139735 0.699286 0.067701
v 0.114645 0.756242 0.062817
v 0.120872 0.698614 0.059642
v 0.107808 0.694951 0.063244
v 0.101337 0.755082 0.066602
v 0.109456 0.804713 0.048044
v 0.095904 0.805750 0.051157
v 0.096575 0.808925 -0.094133
v 0.110189 0.807765 -0.091020
v 0.102802 0.751297 -0.109517
v 0.116049 0.752762 -0.105793
v 0.108113 0.701545 -0.107319
v 0.121238 0.704841 -0.103657
v 0.140162 0.704841 -0.110311
v -0.119590 0.019718 0.052561
v -0.102619 0.019169 0.059398
v -0.112447 0.018131 0.080459
v -0.096514 0.017703 0.085709
v -0.075270 0.018009 0.073683
v -0.074782 0.016788 0.096758
v -0.050119 0.017703 0.076979
v -0.055369 0.016544 0.099261
v 0.139735 0.699286 0.067701
v 0.157622 0.679507 0.045724
v 0.162383 0.692693 0.043465
v 0.162994 0.670289 -0.019168
v 0.167633 0.685245 -0.019046
v 0.157439 0.680911 -0.091447
v 0.161895 0.697577 -0.087296
v 0.140162 0.704841 -0.110311
v 0.055430 0.016605 0.099261
v 0.050180 0.017764 0.076979
v 0.074843 0.016788 0.096758
v 0.075331 0.018009 0.073683
v 0.096575 0.017703 0.085709
v 0.102680 0.019169 0.059398
v 0.112508 0.018131 0.080459
v 0.119651 0.019718 0.052561
v 0.023808 0.002381 0.014773
v 0.039680 0.000549 -0.019657
v 0.024357 0.001221 0.015201
v 0.040046 0.000000 -0.019291
v 0.033575 0.001282 -0.041084
v 0.033392 0.001831 -0.041023
v 0.033392 0.001770 -0.048043
v 0.033698 0.001221 -0.048471
v -0.128686 0.000610 0.045296
v -0.018924 0.000610 0.045296
v -0.113668 0.000610 0.086564
v -0.023198 0.000610 0.086564
v -0.093096 0.004151 0.119101
v -0.034613 0.002381 0.113790
v -0.047982 0.003052 0.122947
v -0.070570 0.003602 0.128380
v -0.024296 0.001221 0.015201
v -0.126122 0.001221 0.015201
v -0.039985 0.000000 -0.019291
v -0.121726 0.000000 -0.019291
v -0.111959 0.001282 -0.040474
v -0.033514 0.001282 -0.041084
v -0.033637 0.001221 -0.048471
v -0.111959 0.001221 -0.047738
v -0.106587 0.001831 -0.063916
v -0.032660 0.001831 -0.072889
v -0.039863 0.001221 -0.088700
v -0.057994 0.001526 -0.102008
v -0.099200 0.001221 -0.084427
v -0.083267 0.001831 -0.102558
v 0.112020 0.001221 -0.047738
v 0.033698 0.001221 -0.048471
v 0.106648 0.001831 -0.063916
v 0.032721 0.001831 -0.072889
v 0.039924 0.001221 -0.088700
v 0.058055 0.001526 -0.102008
v 0.099261 0.001221 -0.084427
v 0.083328 0.001831 -0.102558
v 0.112020 0.001282 -0.040474
v 0.033575 0.001282 -0.041084
v 0.040046 0.000000 -0.019291
v 0.121787 0.000000 -0.019291
v 0.126183 0.001221 0.015201
v 0.024357 0.001221 0.015201
v 0.128747 0.000610 0.045296
v 0.018985 0.000610 0.045296
v 0.113729 0.000610 0.086564
v 0.023259 0.000610 0.086564
v 0.093157 0.004151 0.119101
v 0.034674 0.002381 0.113790
v 0.048043 0.003052 0.122947
v 0.070631 0.003602 0.128380
v 0.108113 0.701545 -0.107319
v 0.121238 0.704841 -0.103657
v 0.125328 0.678530 -0.089066
v 0.138331 0.682864 -0.086258
v 0.130822 0.668274 -0.019229
v 0.143764 0.673219 -0.019352
v 0.162994 0.670289 -0.019168
v 0.157439 0.680911 -0.091447
v 0.140162 0.704841 -0.110311
v 0.120444 0.039558 0.054270
v 0.113180 0.033392 0.082657
v 0.119651 0.019718 0.052561
v 0.112508 0.018131 0.080459
v 0.101398 0.018497 0.104939
v 0.096575 0.017703 0.085709
v 0.090776 0.019901 0.115988
v 0.074843 0.016788 0.096758
v 0.071974 0.019230 0.124901
v 0.057017 0.019046 0.122581
v 0.055430 0.016605 0.099261
v 0.058299 0.040230 0.117575
v 0.072523 0.040230 0.118064
v 0.091692 0.037605 0.109822
v 0.101886 0.029974 0.105915
v -0.120383 0.039558 0.054270
v -0.119590 0.019718 0.052561
v -0.113119 0.033392 0.082657
v -0.112447 0.018131 0.080459
v -0.101337 0.018497 0.104939
v -0.096514 0.017703 0.085709
v -0.090715 0.019901 0.115988
v -0.074782 0.016788 0.096758
v -0.071913 0.019169 0.124901
v -0.056956 0.019046 0.122581
v -0.055369 0.016544 0.099261
v -0.058238 0.040168 0.117575
v -0.072462 0.040230 0.118064
v -0.091631 0.037605 0.109822
v -0.101825 0.029974 0.105915
v 0.072157 0.153593 -0.079910
v 0.071180 0.206215 -0.085282
v 0.098712 0.153593 -0.066235
v 0.107564 0.201941 -0.064770
v 0.104389 0.153593 -0.037177
v 0.109334 0.194860 -0.030767
v 0.091386 0.153593 -0.012270
v 0.095660 0.190465 -0.007387
v 0.071607 0.153593 -0.003174
v 0.070753 0.187901 0.002442
v 0.101947 0.256334 0.002808
v 0.072462 0.248703 0.010622
v 0.095538 0.300653 0.010073
v 0.064892 0.300043 0.019596
v 0.114035 0.269031 -0.070081
v 0.116110 0.308894 -0.066663
v 0.120017 0.263964 -0.022770
v 0.123985 0.304743 -0.012637
v 0.073072 0.269703 -0.093401
v 0.072462 0.312008 -0.091569
v -0.064831 0.300043 0.019596
v -0.095476 0.300653 0.010073
v -0.072401 0.248703 0.010622
v -0.101886 0.256334 0.002808
v -0.070692 0.187901 0.002442
v -0.095599 0.190465 -0.007387
v -0.071546 0.153593 -0.003174
v -0.091325 0.153593 -0.012270
v -0.109273 0.194860 -0.030767
v -0.104328 0.153593 -0.037177
v -0.107503 0.201941 -0.064770
v -0.098651 0.153593 -0.066235
v -0.071119 0.206215 -0.085282
v -0.072096 0.153593 -0.079910
v -0.072401 0.312008 -0.091569
v -0.073011 0.269703 -0.093401
v -0.116049 0.308894 -0.066663
v -0.113973 0.269031 -0.070081
v -0.119956 0.263964 -0.022770
v -0.123924 0.304743 -0.012637
v 0.140223 0.773274 0.069654
v 0.149136 0.721995 0.067701
v 0.171968 0.718027 0.043465
v 0.167694 0.706245 0.045724
v 0.173433 0.698919 -0.019168
v 0.177462 0.712166 -0.019046
v 0.167511 0.707466 -0.091447
v 0.171296 0.722117 -0.087296
v 0.149380 0.726635 -0.110311
v 0.141872 0.769794 -0.112630
v 0.167145 0.767963 -0.074415
v 0.172151 0.764788 -0.018558
v 0.166779 0.770038 0.032355
v 0.052805 0.791832 0.063427
v 0.029119 0.789207 0.070875
v 0.031012 0.790489 0.074477
v 0.054087 0.792137 0.067701
v 0.052805 0.791832 0.063427
v 0.031012 0.790489 0.074477
v 0.039314 0.774495 0.075148
v 0.037421 0.773213 0.071485
v 0.056285 0.775777 0.063427
v 0.039314 0.774495 0.075148
v 0.056285 0.775777 0.063427
v 0.057567 0.776082 0.067701
v 0.039314 0.774495 0.075148
v 0.027166 0.774800 0.085587
v 0.027227 0.774006 0.082535
v 0.039314 0.774495 0.075148
v 0.027227 0.774006 0.082535
v 0.037421 0.773213 0.071485
v 0.008791 0.786826 0.072218
v 0.020145 0.790428 0.081314
v 0.020267 0.789634 0.078200
v 0.008791 0.786826 0.072218
v 0.020267 0.789634 0.078200
v 0.011904 0.787070 0.068982
v -0.034796 0.781637 0.075575
v -0.032904 0.780355 0.071974
v -0.056590 0.782919 0.063427
v -0.061352 0.757219 0.067701
v -0.041206 0.754472 0.073866
v -0.043099 0.755754 0.077468
v -0.056590 0.782919 0.063427
v -0.082779 0.786582 0.056285
v -0.083511 0.787009 0.060558
v -0.087663 0.761980 0.056285
v -0.061352 0.757219 0.067701
v -0.088395 0.762347 0.060558
v -0.032904 0.780355 0.071974
v -0.034796 0.781637 0.075575
v -0.023991 0.781637 0.082413
v -0.024052 0.780844 0.079360
v -0.032904 0.780355 0.071974
v -0.015689 0.778280 0.070081
v -0.012576 0.777974 0.073317
v -0.056590 0.782919 0.063427
v -0.057872 0.783225 0.067701
v -0.083511 0.787009 0.060558
v -0.016360 0.753312 0.080398
v -0.027227 0.756059 0.087968
v -0.027349 0.755265 0.084916
v -0.027349 0.755265 0.084916
v -0.019474 0.753617 0.077102
v -0.016360 0.753312 0.080398
v -0.043099 0.755754 0.077468
v -0.041206 0.754472 0.073866
v -0.027227 0.756059 0.087968
v -0.016360 0.753312 0.080398
v -0.012576 0.777974 0.073317
v -0.023991 0.781637 0.082413
v -0.034796 0.781637 0.075575
v -0.057872 0.783225 0.067701
v -0.061352 0.757219 0.067701
v -0.088395 0.762347 0.060558
v -0.083511 0.787009 0.060558
v -0.060070 0.756913 0.063427
v -0.087663 0.761980 0.056285
v -0.024052 0.780844 0.079360
v -0.012576 0.777974 0.073317
v -0.002808 0.776265 -0.114401
v -0.054942 0.781332 -0.116415
v -0.002869 0.777852 -0.118552
v 0.035773 0.774434 -0.120200
v 0.035712 0.775410 -0.124534
v -0.003663 0.802088 -0.110311
v -0.003541 0.800501 -0.106098
v 0.035041 0.799646 -0.115561
v -0.002808 0.776265 -0.114401
v 0.035773 0.774434 -0.120200
v -0.003541 0.800501 -0.106098
v -0.054942 0.781332 -0.116415
v -0.051035 0.805934 -0.111043
v -0.052744 0.807582 -0.112630
v 0.034918 0.800562 -0.119895
v -0.003663 0.802088 -0.110311
v 0.035041 0.799646 -0.115561
v 0.027166 0.774800 0.085587
v 0.015078 0.772053 0.078017
v 0.027227 0.774006 0.082535
v 0.018192 0.772358 0.074782
v 0.020145 0.790428 0.081314
v 0.031012 0.790489 0.074477
v 0.020267 0.789634 0.078200
v 0.029119 0.789207 0.070875
v -0.012576 0.777974 0.073317
v -0.016360 0.753312 0.080398
v -0.015689 0.778280 0.070081
v -0.019474 0.753617 0.077102
v -0.056651 0.783041 -0.120200
v -0.052744 0.807582 -0.112630
v -0.003663 0.802088 -0.110311
v -0.003541 0.800501 -0.106098
v -0.054942 0.781332 -0.116415
v -0.056651 0.783041 -0.120200
v -0.002869 0.777852 -0.118552
v 0.034918 0.800562 -0.119895
v 0.035712 0.775410 -0.124534
v -0.002808 0.776265 -0.114401
v 0.011904 0.787070 0.068982
v 0.018192 0.772358 0.074782
v 0.008791 0.786826 0.072218
v 0.015078 0.772053 0.078017
v 0.057567 0.776082 0.067701
v 0.054087 0.792137 0.067701
v 0.039314 0.774495 0.075148
v 0.031012 0.790489 0.074477
v 0.027166 0.774800 0.085587
v 0.020145 0.790428 0.081314
v 0.015078 0.772053 0.078017
v 0.008791 0.786826 0.072218
vt 1.000000 0.193481
vt 0.907837 0.162964
vt 0.889160 0.173462
vt 0.722168 0.175293
vt 0.715088 0.185791
vt 0.827148 0.162964
vt 0.805420 0.173462
vt 0.907837 0.162964
vt 0.816406 0.319336
vt 1.000000 0.421509
vt 1.000000 0.350464
vt 0.900146 0.400146
vt 0.899658 0.328125
vt 0.812500 0.378662
vt 0.893799 0.278687
vt 0.934204 0.193359
vt 1.000000 0.193481
vt 1.000000 0.291504
vt 0.929932 0.283325
vt 0.703979 0.485962
vt 0.775024 0.485962
vt 0.721558 0.404053
vt 0.885620 0.485962
vt 1.000000 0.485962
vt 0.721558 0.404053
vt 0.713623 0.363892
vt 0.684326 0.272095
vt 0.715088 0.185791
vt 0.598877 0.169678
vt 0.598023 0.259033
vt 0.922363 0.173462
vt 0.907837 0.162964
vt 1.000000 0.193481
vt 0.918335 0.282837
vt 0.842407 0.267456
vt 0.840698 0.173462
vt 0.907837 0.162964
vt 0.827148 0.162964
vt 0.722168 0.175293
vt 0.734619 0.185791
vt 0.735962 0.262695
vt 0.819458 0.322998
vt 0.752197 0.341187
vt 0.898438 0.342773
vt 0.947021 0.283325
vt 0.951294 0.193481
vt 1.000000 0.193481
vt 1.000000 0.291504
vt 1.000000 0.350464
vt 1.000000 0.421509
vt 0.889038 0.392090
vt 0.811890 0.362671
vt 0.775146 0.388184
vt 0.749023 0.399780
vt 0.743896 0.376587
vt 0.721558 0.404053
vt 0.703979 0.485962
vt 0.722900 0.485962
vt 0.774658 0.485962
vt 0.887451 0.485962
vt 1.000000 0.485962
vt 0.889160 0.173462
vt 0.907837 0.162964
vt 1.000000 0.193481
vt 0.827148 0.162964
vt 0.907837 0.162964
vt 0.805420 0.173462
vt 0.816406 0.319336
vt 0.893799 0.278687
vt 0.899658 0.328125
vt 0.929932 0.283325
vt 1.000000 0.350464
vt 1.000000 0.291504
vt 0.934204 0.193359
vt 1.000000 0.193481
vt 0.713623 0.363892
vt 0.684326 0.272095
vt 0.715088 0.185791
vt 0.722168 0.175293
vt 0.721558 0.404053
vt 0.812500 0.378662
vt 0.900146 0.400146
vt 1.000000 0.421509
vt 0.703979 0.485962
vt 0.721558 0.404053
vt 0.775024 0.485962
vt 0.885620 0.485962
vt 1.000000 0.485962
vt 0.715088 0.185791
vt 0.598877 0.169678
vt 0.598023 0.259033
vt 1.000000 0.193481
vt 0.907837 0.162964
vt 0.922363 0.173462
vt 1.000000 0.421509
vt 1.000000 0.350464
vt 0.898438 0.342773
vt 0.947021 0.283325
vt 1.000000 0.291504
vt 0.951294 0.193481
vt 1.000000 0.193481
vt 0.918335 0.282837
vt 0.842407 0.267456
vt 0.840698 0.173462
vt 0.907837 0.162964
vt 0.827148 0.162964
vt 0.889038 0.392090
vt 1.000000 0.485962
vt 0.887451 0.485962
vt 0.811890 0.362671
vt 0.774658 0.485962
vt 0.775146 0.388184
vt 0.752197 0.341187
vt 0.819458 0.322998
vt 0.735962 0.262695
vt 0.734619 0.185791
vt 0.722168 0.175293
vt 0.722900 0.485962
vt 0.749023 0.399780
vt 0.703979 0.485962
vt 0.721558 0.404053
vt 0.743896 0.376587
vt -0.932739 0.789062
vt -0.904419 0.886475
vt -0.892090 0.913330
vt -0.904419 0.962646
vt -0.892090 0.948486
vt -0.904419 0.923950
vt -0.892090 0.913330
vt -0.775757 0.765015
vt -0.866455 0.777588
vt -0.776733 0.871094
vt -0.847656 0.880127
vt -0.847656 0.917480
vt -0.892090 0.913330
vt -0.917847 0.790894
vt -0.649170 0.918945
vt -0.649170 0.885010
vt -0.705810 0.913452
vt -0.705810 0.875977
vt -0.676392 0.773071
vt -0.623413 0.783936
vt -0.608521 0.781372
vt -0.636841 0.892578
vt -0.649170 0.918945
vt -0.636841 0.930054
vt -0.649170 0.950317
vt -0.636841 0.964600
vt -0.649170 0.950317
vt -0.705810 0.959106
vt -0.776733 0.871094
vt -0.776733 0.957520
vt -0.847656 0.960449
vt -0.892090 0.948486
vt -0.892090 0.979248
vt -0.840576 0.979004
vt -0.776123 0.978516
vt -0.711670 0.978760
vt -0.649170 0.979492
vt -0.649170 0.950317
vt -0.776733 0.871094
vt -0.892090 0.913330
vt -0.892090 0.948486
vt -0.776733 0.871094
vt -0.776733 0.871094
vt -0.847656 0.917480
vt -0.776733 0.871094
vt -0.776733 0.871094
vt -0.705810 0.913452
vt 0.559326 0.135986
vt 0.559204 0.135986
vt 0.489258 0.135986
vt 0.559326 0.135986
vt 0.489258 0.135986
vt 0.490478 0.135986
vt 0.482422 0.050049
vt 0.558227 0.050049
vt 0.558472 0.050049
vt 0.483643 0.050049
vt 0.482422 0.050049
vt 0.558472 0.050049
vt 0.459228 0.050049
vt 0.456787 0.050049
vt 0.399292 0.050049
vt 0.551636 0.050049
vt 0.550781 0.050049
vt 0.403565 0.050049
vt 0.459228 0.050049
vt 0.399292 0.050049
vt 0.465088 0.132446
vt 0.408447 0.132446
vt 0.404175 0.132446
vt 0.307007 0.132446
vt 0.311890 0.132446
vt 0.311890 0.132446
vt 0.305542 0.050049
vt 0.300781 0.050049
vt 0.403565 0.050049
vt 0.408447 0.132446
vt 0.396362 0.050049
vt 0.400513 0.132446
vt 0.305542 0.050049
vt 0.458740 0.132446
vt 0.396484 0.132446
vt 0.307007 0.132446
vt 0.311890 0.132446
vt 0.396362 0.050049
vt 0.460571 0.132446
vt 0.456177 0.050049
vt 0.305542 0.050049
vt 0.392212 0.050049
vt 0.454346 0.050049
vt 0.403565 0.050049
vt 0.399292 0.050049
vt 0.300781 0.050049
vt 0.396484 0.132446
vt 0.311890 0.132446
vt 0.400513 0.132446
vt 0.458740 0.132446
vt 0.460571 0.132446
vt 0.305542 0.050049
vt 0.300781 0.050049
vt 0.392212 0.050049
vt 0.307007 0.132446
vt 0.396484 0.132446
vt 0.454346 0.050049
vt 0.456177 0.050049
vt 0.396362 0.050049
vt 0.715576 0.050049
vt 0.616699 0.050049
vt 0.616577 0.050049
vt 0.615723 0.132446
vt 0.715454 0.050049
vt 0.714600 0.132446
vt 0.766602 0.050049
vt 0.766357 0.050049
vt 0.715454 0.050049
vt 0.763184 0.132446
vt 0.615845 0.132446
vt 0.714722 0.132446
vt 0.715576 0.050049
vt 0.616577 0.050049
vt 0.715454 0.050049
vt 0.714600 0.132446
vt 0.615723 0.132446
vt 0.615845 0.132446
vt 0.616699 0.050049
vt 0.714722 0.132446
vt 0.715576 0.050049
vt 0.762817 0.132446
vt 0.763184 0.132446
vt 0.766357 0.050049
vt 0.762817 0.132446
vt -0.847656 0.917480
vt -0.892090 0.913330
vt -0.892090 0.913330
vt -0.904419 0.886475
vt 0.558472 0.050049
vt 0.559326 0.135986
vt 0.483643 0.050049
vt 0.490478 0.135986
vt 0.556274 0.132446
vt 0.557129 0.132446
vt 0.462647 0.132446
vt 0.465088 0.132446
vt 0.563110 0.189087
vt 0.673462 0.310425
vt 0.571167 0.319214
vt 0.689941 0.449097
vt 0.590576 0.470093
vt 0.586182 0.452393
vt 0.685913 0.432617
vt 0.570679 0.318359
vt 0.672729 0.308716
vt 0.556885 0.163940
vt 0.300781 0.050049
vt 0.399292 0.050049
vt 0.307007 0.132446
vt 0.404175 0.132446
vt 0.408447 0.132446
vt 0.456787 0.050049
vt 0.462647 0.132446
vt 0.465088 0.132446
vt 0.459228 0.050049
vt 0.550781 0.050049
vt 0.556274 0.132446
vt 0.866821 0.851318
vt 0.868286 0.746948
vt 0.886597 0.836304
vt 0.902710 0.737915
vt 0.860596 0.625977
vt 0.895142 0.618286
vt -0.705810 0.913452
vt -0.705810 0.875977
vt -0.636841 0.930054
vt -0.636841 0.892578
vt -0.676392 0.773071
vt -0.608521 0.781372
vt -0.776733 0.957520
vt -0.847656 0.960449
vt -0.776733 0.908447
vt -0.847656 0.917480
vt -0.776733 0.871094
vt -0.847656 0.880127
vt -0.866455 0.777588
vt -0.775757 0.765015
vt -0.705810 0.959106
vt -0.636841 0.964600
vt -0.705810 0.995972
vt -0.776733 0.995728
vt -0.847656 0.996216
vt -0.904419 0.962646
vt -0.904419 0.923950
vt -0.904419 0.886475
vt -0.932739 0.789062
vt 0.899170 0.849243
vt 0.857300 0.841675
vt 0.917481 0.748413
vt 0.875244 0.744263
vt 0.877441 0.658081
vt 0.919922 0.659302
vt 0.853882 0.630859
vt 0.896362 0.629395
vt 0.887207 0.587158
vt 0.852905 0.591064
vt 0.909668 0.633423
vt 0.875610 0.639038
vt 0.882446 0.740845
vt 0.916382 0.732300
vt 0.899414 0.843994
vt 0.880615 0.859619
vt 1.519653 0.609741
vt 1.520142 0.530151
vt 1.441040 0.592773
vt 1.457764 0.499268
vt 1.411865 0.486084
vt 1.415405 0.582397
vt 1.373535 0.478516
vt 1.349487 0.589844
vt 1.317871 0.490479
vt 1.313477 0.403809
vt 1.519653 0.609863
vt 1.441040 0.592896
vt 1.520142 0.530151
vt 1.457764 0.499268
vt 1.411865 0.486084
vt 1.415405 0.582520
vt 1.373535 0.478516
vt 1.349487 0.589844
vt 1.317871 0.490479
vt 1.313477 0.403931
vt -0.927246 0.838989
vt -0.921387 0.687134
vt -0.844971 0.961914
vt -0.886108 0.642334
vt -0.774536 0.619873
vt -0.776489 0.950195
vt -0.707886 0.956665
vt -0.650269 0.645752
vt -0.613892 0.829346
vt -0.617920 0.703857
vt -0.676392 0.830078
vt -0.775757 0.819092
vt -0.653442 0.693726
vt -0.774902 0.662598
vt -0.866455 0.836182
vt -0.886108 0.681519
vt -0.932739 0.851807
vt -0.929199 0.698120
vt -0.904419 0.984131
vt -0.847656 0.975342
vt -0.776733 0.963135
vt -0.705810 0.969849
vt -0.636841 0.992310
vt -0.608521 0.841431
vt -0.612549 0.712036
vt -0.866455 0.836182
vt -0.775757 0.819092
vt -0.774902 0.662598
vt -0.676392 0.830078
vt -0.653442 0.693726
vt -0.608521 0.841431
vt -0.612549 0.712036
vt -0.646118 0.651855
vt -0.774658 0.624878
vt -0.636841 0.992310
vt -0.705810 0.969849
vt -0.776733 0.963135
vt -0.847656 0.975342
vt -0.904419 0.984131
vt -0.932739 0.851807
vt -0.886108 0.681519
vt -0.929199 0.698120
vt -0.890137 0.648193
vt 0.548950 0.167603
vt 0.531006 0.167603
vt 0.649414 0.169678
vt 0.649414 0.169678
vt 0.577759 0.167603
vt 0.513428 0.165283
vt 0.607544 0.158569
vt 0.509033 0.165283
vt 0.515015 0.235840
vt 0.546509 0.239990
vt 0.546021 0.168457
vt 0.598023 0.259033
vt 0.598877 0.169678
vt 0.607544 0.158569
vt 0.715088 0.185791
vt 0.722168 0.175293
vt 0.616333 0.159180
vt 0.831787 1.435547
vt 0.797974 1.435547
vt 0.831787 1.435547
vt 0.843384 1.435547
vt 0.843384 1.435547
vt 0.869263 1.435547
vt 0.869263 1.435547
vt 0.740967 1.520142
vt 0.794434 1.520142
vt 0.794434 1.520142
vt 0.695435 1.520142
vt 0.740967 1.520142
vt 0.627808 1.520142
vt 0.695435 1.520142
vt 0.576172 1.520142
vt 0.627808 1.520142
vt 0.740967 1.520142
vt 0.794434 1.520142
vt 0.740967 1.520142
vt 0.695435 1.520142
vt 0.695435 1.520142
vt 0.627808 1.520142
vt 0.695435 1.520142
vt 0.627808 1.520142
vt 0.628662 1.435547
vt 0.575806 1.435547
vt 0.628662 1.435547
vt 0.575806 1.435547
vt 0.528076 1.435547
vt 0.576172 1.520142
vt 0.627808 1.520142
vt 0.576172 1.520142
vt 0.831787 1.435547
vt 0.831787 1.435547
vt 0.843384 1.435547
vt 0.694580 1.435547
vt 0.742676 1.435547
vt 0.694580 1.435547
vt 0.742676 1.435547
vt 0.797974 1.435547
vt 0.797974 1.435547
vt 0.825317 1.520142
vt 0.843384 1.435547
vt 0.866577 1.520142
vt 0.869263 1.435547
vt 0.627808 1.520142
vt 0.628662 1.435547
vt 0.695435 1.520142
vt 0.740967 1.520142
vt 0.794434 1.520142
vt 0.794434 1.520142
vt 0.825317 1.520142
vt 0.866577 1.520142
vt 0.907349 1.520142
vt 0.907349 1.520142
vt 0.575806 1.435547
vt 0.575806 1.435547
vt 0.576172 1.520142
vt 0.576172 1.520142
vt 0.531860 1.520142
vt 0.531860 1.520142
vt 0.528076 1.435547
vt 0.528076 1.435547
vt 0.957519 1.520142
vt 0.907349 1.520142
vt 0.957519 1.520142
vt 0.909058 1.435547
vt 0.909058 1.435547
vt 0.869263 1.435547
vt 0.960327 1.435547
vt 0.977051 1.520142
vt 0.957519 1.520142
vt 0.977051 1.520142
vt 0.960327 1.435547
vt 0.978882 1.435547
vt 0.879273 1.520142
vt 0.825317 1.520142
vt 0.825317 1.520142
vt 0.879273 1.520142
vt 0.912598 1.520142
vt 0.794434 1.520142
vt 0.794434 1.520142
vt 0.740967 1.520142
vt 0.794434 1.520142
vt 0.740967 1.520142
vt 0.695435 1.520142
vt 0.695435 1.520142
vt 0.627808 1.520142
vt 0.695435 1.520142
vt 0.627808 1.520142
vt 0.589722 1.520142
vt 0.627808 1.520142
vt 0.589722 1.520142
vt 0.575562 1.520142
vt 0.575562 1.520142
vt 0.879273 1.520142
vt 0.825317 1.520142
vt 0.879273 1.520142
vt 0.977051 1.520142
vt 0.978882 1.435547
vt 0.912598 1.520142
vt 0.914307 1.435547
vt 0.881958 1.435547
vt 0.912598 1.520142
vt 0.881958 1.435547
vt 0.843384 1.435547
vt 0.825317 1.520142
vt 0.831787 1.435547
vt 0.797974 1.435547
vt 0.794434 1.520142
vt 0.742676 1.435547
vt 0.740967 1.520142
vt 0.695435 1.520142
vt 0.627808 1.520142
vt 0.694580 1.435547
vt 0.742676 1.435547
vt 0.575562 1.520142
vt 0.589722 1.520142
vt 0.585815 1.435547
vt 0.628662 1.435547
vt 0.694580 1.435547
vt 0.528076 1.435547
vt 0.531860 1.520142
vt 0.575440 1.435547
vt 0.585815 1.435547
vt 0.843384 1.435547
vt 0.881958 1.435547
vt 0.843384 1.435547
vt 0.977051 1.520142
vt 0.912598 1.520142
vt 0.912598 1.520142
vt 0.977051 1.520142
vt 0.912598 1.520142
vt 0.977051 1.520142
vt 0.978882 1.435547
vt 0.978882 1.435547
vt 0.914307 1.435547
vt 0.960327 1.435547
vt 0.978882 1.435547
vt 0.978882 1.435547
vt 0.914307 1.435547
vt 0.881958 1.435547
vt 0.881958 1.435547
vt 0.694580 1.435547
vt 0.742676 1.435547
vt 0.694580 1.435547
vt 0.740967 1.520142
vt 0.695435 1.520142
vt 0.740967 1.520142
vt 0.628662 1.435547
vt 0.694580 1.435547
vt 0.628662 1.435547
vt 0.575440 1.435547
vt 0.585815 1.435547
vt 0.575440 1.435547
vt 0.589722 1.520142
vt 0.575562 1.520142
vt 0.589722 1.520142
vt 0.575562 1.520142
vt 0.531860 1.520142
vt 0.531860 1.520142
vt 0.575562 1.520142
vt 0.531860 1.520142
vt 0.575562 1.520142
vt 0.649414 0.169678
vt 0.531006 0.167603
vt 0.548950 0.167603
vt 0.577759 0.167603
vt 0.649414 0.169678
vt 0.509033 0.165283
vt 0.607544 0.158569
vt 0.513428 0.165283
vt 0.515015 0.235840
vt 0.546509 0.239990
vt 0.546021 0.168457
vt 0.598023 0.259033
vt 0.598877 0.169678
vt 0.607544 0.158569
vt 0.616333 0.159180
vt 0.722168 0.175293
vt 0.715088 0.185791
vt -0.917847 0.790894
vt -0.914551 0.688232
vt -0.929199 0.675903
vt -0.932739 0.789062
vt -0.929199 0.675903
vt -0.774658 0.621948
vt -0.890137 0.639038
vt -0.879150 0.654785
vt -0.914551 0.688232
vt -0.623413 0.783936
vt -0.627075 0.710327
vt -0.676392 0.773071
vt -0.653442 0.686768
vt -0.775757 0.765015
vt -0.774902 0.649780
vt -0.774292 0.639282
vt -0.657593 0.670044
vt -0.646118 0.655884
vt -0.612549 0.700195
vt -0.627075 0.710327
vt -0.608521 0.781372
vt -0.657593 0.670044
vt -0.866455 0.777588
vt -0.914551 0.688232
vt -0.886108 0.663696
vt -0.879150 0.654785
vt -0.705810 0.995972
vt -0.636841 0.964600
vt -0.636841 0.996826
vt -0.636841 0.964600
vt -0.649170 0.950317
vt -0.649170 0.950317
vt -0.649170 0.979492
vt -0.711670 0.978760
vt -0.705810 0.995972
vt -0.776733 0.995728
vt -0.776123 0.978516
vt -0.840576 0.979004
vt -0.847656 0.996216
vt -0.904419 0.996460
vt -0.892090 0.979248
vt -0.904419 0.996460
vt -0.892090 0.948486
vt -0.892090 0.948486
vt -0.904419 0.962646
vt -0.904419 0.962646
vt -0.847656 0.996216
vt -0.844971 0.961914
vt -0.899902 0.966797
vt -0.927246 0.838989
vt -0.844971 0.961914
vt -0.844971 0.961914
vt -0.776489 0.950195
vt -0.776489 0.950195
vt 0.899414 0.843994
vt 0.914185 0.846680
vt 0.916382 0.732300
vt 0.902710 0.737915
vt 0.900879 0.838745
vt 0.886597 0.836304
vt -0.326172 0.455566
vt -0.394409 0.456055
vt -0.393066 0.274414
vt -0.388916 0.181885
vt -0.326172 0.175171
vt -0.326172 0.271729
vt -0.326172 0.455566
vt -0.251953 0.440552
vt -0.253540 0.264648
vt -0.258301 0.177734
vt -0.707886 0.956665
vt -0.776489 0.950195
vt -0.776489 0.950195
vt -0.844971 0.961914
vt -0.844971 0.961914
vt -0.899902 0.966797
vt -0.899902 0.966797
vt -0.707886 0.956665
vt -0.707886 0.956665
vt -0.641357 0.974854
vt -0.613892 0.829346
vt -0.641357 0.974854
vt 0.842285 0.000000
vt 0.842285 0.000000
vt 0.842285 0.000000
vt 0.842285 0.000000
vt 0.842285 0.000000
vt 0.842285 0.000000
vt 0.842285 0.000000
vt 0.842285 0.000000
vt 0.842285 0.000000
vt 0.034302 0.149658
vt 0.034302 0.149658
vt 0.034302 0.149658
vt 0.034302 0.149658
vt 0.034302 0.149658
vt 0.034302 0.149658
vt 0.034302 0.149658
vt 0.034302 0.149658
vt 0.034302 0.149658
vt -0.904419 0.984131
vt -0.904419 0.984131
vt -0.847656 0.975342
vt -0.847656 0.975342
vt -0.776733 0.963135
vt -0.904419 0.984131
vt -0.847656 0.975342
vt -0.847656 0.975342
vt -0.776733 0.963135
vt -0.776733 0.963135
vt -0.776733 0.963135
vt -0.705810 0.969849
vt -0.705810 0.969849
vt -0.776733 0.963135
vt -0.776733 0.963135
vt -0.705810 0.969849
vt -0.705810 0.969849
vt -0.636841 0.992310
vt -0.636841 0.992310
vt -0.705810 0.969849
vt -0.705810 0.969849
vt -0.636841 0.992310
vt 0.668701 0.050049
vt 0.668701 0.050049
vt 0.602905 0.050049
vt 0.602905 0.050049
vt 0.603760 0.050049
vt 0.668701 0.050049
vt 0.607300 0.135986
vt 0.606445 0.135986
vt 0.669067 0.135986
vt 0.669067 0.135986
vt 0.669190 0.135986
vt 0.607300 0.135986
vt 0.797974 1.435547
vt 0.797974 1.435547
vt 0.831787 1.435547
vt 0.742676 1.435547
vt 0.742676 1.435547
vt 0.694580 1.435547
vt 0.694580 1.435547
vt 0.843384 1.435547
vt 0.831787 1.435547
vt 0.843384 1.435547
vt 0.869263 1.435547
vt 0.909058 1.435547
vt 0.869263 1.435547
vt 0.960327 1.435547
vt 0.909058 1.435547
vt 0.960327 1.435547
vt 0.978882 1.435547
vt 0.831787 1.435547
vt 0.797974 1.435547
vt 0.831787 1.435547
vt 0.825317 1.520142
vt 0.794434 1.520142
vt 0.794434 1.520142
vt 0.794434 1.520142
vt 0.740967 1.520142
vt 0.740967 1.520142
vt 0.695435 1.520142
vt 0.695435 1.520142
vt 0.627808 1.520142
vt 0.627808 1.520142
vt 0.576172 1.520142
vt 0.866577 1.520142
vt 0.825317 1.520142
vt 0.866577 1.520142
vt 0.907349 1.520142
vt 0.794434 1.520142
vt 0.825317 1.520142
vt 0.825317 1.520142
vt 0.866577 1.520142
vt 0.866577 1.520142
vt 0.907349 1.520142
vt 0.907349 1.520142
vt 0.869263 1.435547
vt 0.843384 1.435547
vt 0.831787 1.435547
vt 0.797974 1.435547
vt 0.794434 1.520142
vt 0.695435 1.520142
vt 0.740967 1.520142
vt 0.742676 1.435547
vt 0.797974 1.435547
vt 0.627808 1.520142
vt 0.694580 1.435547
vt 0.742676 1.435547
vt 0.694580 1.435547
vt 0.628662 1.435547
vt 0.575806 1.435547
vt 0.576172 1.520142
vt 0.528076 1.435547
vt 0.531860 1.520142
vt 0.695435 1.520142
vt 0.740967 1.520142
vt 0.794434 1.520142
vt 0.740967 1.520142
vt 0.627808 1.520142
vt 0.695435 1.520142
vt 0.628662 1.435547
vt 0.575806 1.435547
vt 0.528076 1.435547
vt 0.576172 1.520142
vt 0.627808 1.520142
vt 0.531860 1.520142
vt 0.576172 1.520142
vt 0.575440 1.435547
vt 0.528076 1.435547
vt 0.531860 1.520142
vt 0.575562 1.520142
vt 0.531860 1.520142
vt 0.575562 1.520142
vt 0.589722 1.520142
vt 0.585815 1.435547
vt 0.627808 1.520142
vt 0.628662 1.435547
vt 0.585815 1.435547
vt 0.694580 1.435547
vt 0.694580 1.435547
vt 0.695435 1.520142
vt 0.742676 1.435547
vt 0.742676 1.435547
vt 0.797974 1.435547
vt 0.695435 1.520142
vt 0.740967 1.520142
vt 0.794434 1.520142
vt 0.825317 1.520142
vt 0.831787 1.435547
vt 0.843384 1.435547
vt 0.879273 1.520142
vt 0.825317 1.520142
vt 0.794434 1.520142
vt 0.881958 1.435547
vt 0.914307 1.435547
vt 0.881958 1.435547
vt 0.912598 1.520142
vt 0.914307 1.435547
vt 0.978882 1.435547
vt 0.977051 1.520142
vt 0.912598 1.520142
vt 0.912598 1.520142
vt 0.879273 1.520142
vt 0.694580 1.435547
vt 0.628662 1.435547
vt 0.628662 1.435547
vt 0.575806 1.435547
vt 0.575806 1.435547
vt 0.528076 1.435547
vt 0.528076 1.435547
vt 0.843384 1.435547
vt 0.831787 1.435547
vt 0.843384 1.435547
vt 0.869263 1.435547
vt 0.869263 1.435547
vt 0.957519 1.520142
vt 0.907349 1.520142
vt 0.907349 1.520142
vt 0.977051 1.520142
vt 0.957519 1.520142
vt 0.907349 1.520142
vt 0.957519 1.520142
vt 0.957519 1.520142
vt 0.978882 1.435547
vt 0.960327 1.435547
vt 0.977051 1.520142
vt 0.909058 1.435547
vt 0.909058 1.435547
vt 0.960327 1.435547
vt 0.957519 1.520142
vt 0.977051 1.520142
vt 0.576172 1.520142
vt 0.531860 1.520142
vt 0.531860 1.520142
vt 0.575562 1.520142
vt 0.575562 1.520142
vt 0.831787 1.435547
vt 0.843384 1.435547
vt 0.831787 1.435547
vt 0.879273 1.520142
vt 0.825317 1.520142
vt 0.879273 1.520142
vt 0.912598 1.520142
vt 0.912598 1.520142
vt 0.794434 1.520142
vt 0.825317 1.520142
vt 0.881958 1.435547
vt 0.914307 1.435547
vt 0.914307 1.435547
vt 0.978882 1.435547
vt 0.978882 1.435547
vt 0.831787 1.435547
vt 0.843384 1.435547
vt 0.843384 1.435547
vt 0.797974 1.435547
vt 0.831787 1.435547
vt 0.742676 1.435547
vt 0.797974 1.435547
vt 0.694580 1.435547
vt 0.694580 1.435547
vt 0.977051 1.520142
vt 0.912598 1.520142
vt 0.977051 1.520142
vt 0.978882 1.435547
vt 0.960327 1.435547
vt 0.978882 1.435547
vt 0.797974 1.435547
vt 0.831787 1.435547
vt 0.740967 1.520142
vt 0.794434 1.520142
vt 0.794434 1.520142
vt 0.794434 1.520142
vt 0.740967 1.520142
vt 0.740967 1.520142
vt 0.695435 1.520142
vt 0.740967 1.520142
vt 0.627808 1.520142
vt 0.695435 1.520142
vt 0.695435 1.520142
vt 0.589722 1.520142
vt 0.627808 1.520142
vt 0.589722 1.520142
vt 0.575562 1.520142
vt 0.695435 1.520142
vt 0.627808 1.520142
vt 0.627808 1.520142
vt 0.589722 1.520142
vt 0.575440 1.435547
vt 0.585815 1.435547
vt 0.575440 1.435547
vt 0.694580 1.435547
vt 0.628662 1.435547
vt 0.628662 1.435547
vt 0.528076 1.435547
vt 0.575440 1.435547
vt 0.575440 1.435547
vt 0.528076 1.435547
vt 0.575440 1.435547
vt 0.528076 1.435547
vt 0.575440 1.435547
vt 0.585815 1.435547
vt 0.628662 1.435547
vt 0.585815 1.435547
vt 0.628662 1.435547
vt -0.317749 0.194946
vt -0.414795 0.187134
vt -0.317871 0.194092
vt -0.417847 0.186401
vt 0.766602 0.050049
vt 0.763184 0.132446
vt 0.766357 0.050049
vt 0.762817 0.132446
vt 0.669190 0.135986
vt 0.669067 0.135986
vt 0.668701 0.050049
vt 0.668701 0.050049
vt 0.559204 0.135986
vt 0.559326 0.135986
vt 0.607300 0.135986
vt 0.606445 0.135986
vt 0.558227 0.050049
vt 0.603760 0.050049
vt 0.558472 0.050049
vt 0.602905 0.050049
vt 1.313477 0.403809
vt 1.378174 0.392944
vt 1.303711 0.352051
vt 1.373535 0.478516
vt 1.411865 0.486084
vt 1.407593 0.400879
vt 1.375854 0.288086
vt 1.409058 0.294189
vt 1.410767 0.208618
vt 1.376953 0.203247
vt 1.413452 0.143311
vt 1.293457 0.152710
vt 1.297974 0.193970
vt 1.303711 0.274292
vt 1.459106 0.293335
vt 1.474365 0.410156
vt 1.453125 0.219727
vt 1.519043 0.138672
vt 1.515503 0.223511
vt 1.518921 0.298462
vt 1.520020 0.350464
vt 1.517456 0.426392
vt 1.457764 0.499268
vt 1.520142 0.530151
vt 1.293457 0.152710
vt 1.376953 0.203247
vt 1.297974 0.193970
vt 1.413452 0.143311
vt 1.410767 0.208740
vt 1.375854 0.288086
vt 1.409058 0.294189
vt 1.407593 0.400879
vt 1.378174 0.393066
vt 1.411865 0.486084
vt 1.373535 0.478516
vt 1.313477 0.403931
vt 1.303711 0.352051
vt 1.303711 0.274292
vt 1.474365 0.410156
vt 1.459106 0.293457
vt 1.453125 0.219727
vt 1.519043 0.138794
vt 1.515503 0.223511
vt 1.518921 0.298462
vt 1.520020 0.350464
vt 1.517456 0.426514
vt 1.457764 0.499268
vt 1.520142 0.530151
vt -0.317749 0.194946
vt -0.317871 0.194092
vt -0.414795 0.187134
vt -0.417847 0.186401
vt 0.694580 1.435547
vt 0.628662 1.435547
vt -0.844971 0.961914
vt -0.776489 0.950195
vt -0.650269 0.645752
vt -0.707886 0.956665
vt -0.617920 0.703857
vt -0.613892 0.829346
vt -0.641357 0.974854
vt -0.774536 0.619873
vt -0.886108 0.642334
vt -0.921387 0.687134
vt -0.927246 0.838989
vt -0.899902 0.966797
vt -0.417847 0.186401
vt -0.414795 0.187134
vt -0.455933 0.191162
vt -0.453613 0.191650
vt -0.458130 0.335327
vt -0.456177 0.279297
vt -0.458130 0.335327
vt -0.456177 0.279297
vt -0.418213 0.303467
vt -0.453613 0.191650
vt -0.317749 0.194946
vt -0.306641 0.345337
vt 0.558472 0.050049
vt 0.602905 0.050049
vt 0.559326 0.135986
vt 0.606445 0.135986
vt 0.668701 0.050049
vt 0.669067 0.135986
vt 0.649414 0.169678
vt 0.531006 0.167603
vt 0.616333 0.159180
vt 0.517700 0.165283
vt 0.509033 0.165283
vt 0.607544 0.158569
vt 0.549683 0.226074
vt 0.548950 0.167603
vt 0.578857 0.222412
vt 0.577759 0.167603
vt 0.650879 0.245972
vt 0.735962 0.262695
vt 0.734619 0.185791
vt 0.722168 0.175293
vt 0.616333 0.159180
vt -0.456177 0.279297
vt -0.453613 0.191650
vt -0.458130 0.335327
vt -0.455933 0.191162
vt -0.414795 0.187134
vt -0.417847 0.186401
vt -0.306641 0.345337
vt -0.317749 0.194946
vt -0.418213 0.303467
vt -0.453613 0.191650
vt -0.456177 0.279297
vt -0.458130 0.335327
vt 0.607544 0.158569
vt 0.509033 0.165283
vt 0.616333 0.159180
vt 0.517700 0.165283
vt 0.531006 0.167603
vt 0.649414 0.169678
vt 0.549683 0.226074
vt 0.578857 0.222412
vt 0.548950 0.167603
vt 0.577759 0.167603
vt 0.650879 0.245972
vt 0.735962 0.262695
vt 0.734619 0.185791
vt 0.722168 0.175293
vt 0.616333 0.159180
vt 0.237915 0.457153
vt 0.053223 0.470459
vt 0.219482 0.499634
vt 0.179565 0.525146
vt 0.116699 0.525757
vt 0.070679 0.505005
vt 0.056030 0.414185
vt 0.251221 0.414185
vt 0.052002 0.381958
vt 0.275879 0.381958
vt 0.286865 0.326294
vt 0.031982 0.326294
vt 0.293335 0.278931
vt 0.018555 0.278931
vt 0.255615 0.208374
vt 0.029175 0.208374
vt 0.204224 0.159790
vt 0.057739 0.172729
vt 0.087524 0.151855
vt 0.145874 0.143555
vt 0.237915 0.457153
vt 0.219482 0.499634
vt 0.053223 0.470459
vt 0.179565 0.525146
vt 0.116699 0.525757
vt 0.070679 0.505005
vt 0.056030 0.414185
vt 0.251221 0.414185
vt 0.052002 0.381958
vt 0.275879 0.381958
vt 0.286865 0.326294
vt 0.031982 0.326294
vt 0.293335 0.278931
vt 0.018555 0.278931
vt 0.255615 0.208374
vt 0.029175 0.208374
vt 0.204224 0.159790
vt 0.057739 0.172729
vt 0.087524 0.151855
vt 0.145874 0.143555
vt 0.902100 0.807983
vt 0.898438 0.926636
vt 0.795898 0.793823
vt 0.785156 0.916260
vt 0.735229 0.906250
vt 1.000000 0.934448
vt 1.000000 0.810669
vt 1.000000 0.658203
vt 0.889771 0.646729
vt 0.787720 0.632202
vt 1.000000 0.485962
vt 0.885620 0.485962
vt 0.775024 0.485962
vt 0.703979 0.485962
vt 0.654785 0.616089
vt 0.630493 0.754272
vt 0.627441 0.905029
vt 0.735229 0.906250
vt 0.785156 0.916260
vt 0.795898 0.793823
vt 0.898438 0.926636
vt 0.902100 0.807983
vt 0.787720 0.632202
vt 0.889771 0.646729
vt 0.999878 0.658203
vt 0.997192 0.810669
vt 1.000000 0.934448
vt 0.627441 0.905029
vt 0.630493 0.754272
vt 0.654785 0.616089
vt 0.703979 0.485962
vt 0.775024 0.485962
vt 0.885620 0.485962
vt 1.000000 0.485962
vt 0.556885 0.163940
vt 0.672729 0.308716
vt 0.661011 0.162720
vt 0.732910 0.153198
vt 0.746216 0.305664
vt 0.685913 0.432617
vt 0.760620 0.435181
vt 0.764893 0.452271
vt 0.689941 0.449097
vt 0.746826 0.306885
vt 0.673462 0.310425
vt 0.739624 0.180542
vt 0.667358 0.188721
vt 0.563110 0.189087
vt -0.317017 0.206665
vt -0.317261 0.203125
vt -0.372070 0.196167
vt -0.384888 0.193481
vt -0.317749 0.195801
vt -0.411743 0.187744
vt -0.317871 0.194092
vt -0.417847 0.186401
vt -0.929199 0.698120
vt -0.890137 0.648193
vt -0.886108 0.681519
vt -0.774658 0.624878
vt -0.774902 0.662598
vt -0.646118 0.651855
vt -0.653442 0.693726
vt -0.612549 0.712036
vt -0.417847 0.186401
vt -0.317871 0.194092
vt -0.411743 0.187744
vt -0.317749 0.195801
vt -0.384888 0.193481
vt -0.317261 0.203125
vt -0.372070 0.196167
vt -0.317017 0.206665
vt 0.742676 1.435547
vt 0.797974 1.435547
vt 0.742676 1.435547
vt 0.797974 1.435547
vt 0.831787 1.435547
vt 0.831787 1.435547
vt 0.843384 1.435547
vt 0.843384 1.435547
vt 0.293335 0.278076
vt 0.018555 0.278076
vt 0.255615 0.209351
vt 0.029175 0.209351
vt 0.204224 0.155151
vt 0.057739 0.164062
vt 0.091309 0.148804
vt 0.147705 0.139771
vt 0.031982 0.328125
vt 0.286865 0.328125
vt 0.071289 0.385742
vt 0.275879 0.385742
vt 0.251465 0.420898
vt 0.055786 0.420898
vt 0.055786 0.432983
vt 0.251465 0.432983
vt 0.237915 0.459961
vt 0.053223 0.473267
vt 0.070679 0.506958
vt 0.116699 0.529907
vt 0.219482 0.501465
vt 0.179565 0.531738
vt 0.251465 0.432983
vt 0.055786 0.432983
vt 0.237915 0.459961
vt 0.053223 0.473267
vt 0.070679 0.506958
vt 0.116699 0.529907
vt 0.219482 0.501465
vt 0.179565 0.531738
vt 0.251465 0.420898
vt 0.055786 0.420898
vt 0.071289 0.385742
vt 0.275879 0.385742
vt 0.286865 0.328125
vt 0.031982 0.328125
vt 0.293335 0.278076
vt 0.018555 0.278076
vt 0.255615 0.209351
vt 0.029175 0.209351
vt 0.204224 0.155151
vt 0.057739 0.164062
vt 0.091309 0.148804
vt 0.147705 0.139771
vt -0.259888 0.201538
vt -0.326172 0.193115
vt -0.255127 0.316040
vt -0.326172 0.316528
vt -0.251953 0.440552
vt -0.326172 0.455566
vt -0.394409 0.456055
vt -0.391602 0.320190
vt -0.387329 0.199097
vt -0.307861 0.331177
vt -0.375366 0.292480
vt -0.317017 0.206665
vt -0.372070 0.196167
vt -0.421509 0.198486
vt -0.384888 0.193481
vt -0.431030 0.196411
vt -0.411743 0.187744
vt -0.451294 0.192139
vt -0.455933 0.191162
vt -0.417847 0.186401
vt -0.458130 0.335327
vt -0.453735 0.335571
vt -0.433350 0.318848
vt -0.423950 0.270996
vt -0.307861 0.331177
vt -0.317017 0.206665
vt -0.375366 0.292480
vt -0.372070 0.196167
vt -0.421509 0.198486
vt -0.384888 0.193481
vt -0.431030 0.196411
vt -0.411743 0.187744
vt -0.451294 0.192139
vt -0.455933 0.191162
vt -0.417847 0.186401
vt -0.458130 0.335327
vt -0.453735 0.335571
vt -0.433350 0.318848
vt -0.423950 0.270996
vt 1.000000 0.485962
vt 0.999878 0.658203
vt 0.887451 0.485962
vt 0.896729 0.648438
vt 0.774658 0.485962
vt 0.787231 0.632080
vt 0.722900 0.485962
vt 0.745361 0.621948
vt 0.703979 0.485962
vt 0.654785 0.616089
vt 0.738769 0.774780
vt 0.630493 0.754272
vt 0.736694 0.906494
vt 0.627441 0.905029
vt 0.899292 0.808716
vt 0.903442 0.926758
vt 0.795166 0.795166
vt 0.783081 0.915161
vt 0.997192 0.810669
vt 1.000000 0.934448
vt 0.627441 0.905029
vt 0.736694 0.906494
vt 0.630493 0.754272
vt 0.738769 0.774780
vt 0.654785 0.616089
vt 0.745361 0.621948
vt 0.703979 0.485962
vt 0.722900 0.485962
vt 0.787231 0.632080
vt 0.774658 0.485962
vt 0.896729 0.648438
vt 0.887451 0.485962
vt 1.000000 0.658203
vt 1.000000 0.485962
vt 1.000000 0.934448
vt 1.000000 0.810669
vt 0.903442 0.926758
vt 0.899292 0.808716
vt 0.795166 0.795166
vt 0.783081 0.915161
vt -0.932739 0.789062
vt -0.929199 0.675903
vt -0.886108 0.663696
vt -0.890137 0.639038
vt -0.774658 0.621948
vt -0.774902 0.649780
vt -0.646118 0.655884
vt -0.653442 0.686768
vt -0.612549 0.700195
vt -0.608521 0.781372
vt -0.676392 0.773071
vt -0.775757 0.765015
vt -0.866455 0.777588
vt 0.489258 0.135986
vt 0.426880 0.135986
vt 0.431641 0.135986
vt 0.490478 0.135986
vt 0.489258 0.135986
vt 0.431641 0.135986
vt 0.435425 0.050049
vt 0.430664 0.050049
vt 0.482422 0.050049
vt 0.435425 0.050049
vt 0.482422 0.050049
vt 0.483643 0.050049
vt 0.435425 0.050049
vt 0.403198 0.050049
vt 0.403442 0.050049
vt 0.435425 0.050049
vt 0.403442 0.050049
vt 0.430664 0.050049
vt 0.375610 0.135986
vt 0.403565 0.135986
vt 0.403809 0.135986
vt 0.375610 0.135986
vt 0.403809 0.135986
vt 0.384766 0.135986
vt 0.669190 0.132446
vt 0.671265 0.132446
vt 0.615601 0.050049
vt 0.610229 0.050049
vt 0.661987 0.050049
vt 0.659912 0.050049
vt 0.615601 0.050049
vt 0.557129 0.132446
vt 0.556274 0.132446
vt 0.551636 0.050049
vt 0.610229 0.050049
vt 0.550781 0.050049
vt 0.671265 0.132446
vt 0.669190 0.132446
vt 0.714111 0.132446
vt 0.713989 0.132446
vt 0.671265 0.132446
vt 0.753784 0.132446
vt 0.757324 0.132446
vt 0.615601 0.050049
vt 0.614136 0.132446
vt 0.556274 0.132446
vt 0.753052 0.050049
vt 0.710449 0.050049
vt 0.710327 0.050049
vt 0.710327 0.050049
vt 0.749634 0.050049
vt 0.753052 0.050049
vt 0.659912 0.050049
vt 0.661987 0.050049
vt 0.710449 0.050049
vt 0.753052 0.050049
vt 0.757324 0.132446
vt 0.714111 0.132446
vt 0.669190 0.132446
vt 0.614136 0.132446
vt 0.610229 0.050049
vt 0.550781 0.050049
vt 0.556274 0.132446
vt 0.611694 0.050049
vt 0.551636 0.050049
vt 0.713989 0.132446
vt 0.757324 0.132446
vt 0.556274 0.050049
vt 0.456177 0.050049
vt 0.556152 0.050049
vt 0.616699 0.050049
vt 0.616577 0.050049
vt 0.555298 0.132446
vt 0.555420 0.132446
vt 0.615845 0.132446
vt 0.556274 0.050049
vt 0.616699 0.050049
vt 0.555420 0.132446
vt 0.456177 0.050049
vt 0.460571 0.132446
vt 0.458740 0.132446
vt 0.615723 0.132446
vt 0.555298 0.132446
vt 0.615845 0.132446
vt 0.403198 0.050049
vt 0.374512 0.050049
vt 0.403442 0.050049
vt 0.383789 0.050049
vt 0.403565 0.135986
vt 0.431641 0.135986
vt 0.403809 0.135986
vt 0.426880 0.135986
vt 0.757324 0.132446
vt 0.753052 0.050049
vt 0.753784 0.132446
vt 0.749634 0.050049
vt 0.454346 0.050049
vt 0.458740 0.132446
vt 0.555298 0.132446
vt 0.555420 0.132446
vt 0.456177 0.050049
vt 0.454346 0.050049
vt 0.556152 0.050049
vt 0.615723 0.132446
vt 0.616577 0.050049
vt 0.556274 0.050049
vt 0.384766 0.135986
vt 0.383789 0.050049
vt 0.375610 0.135986
vt 0.374512 0.050049
vt 0.483643 0.050049
vt 0.490478 0.135986
vt 0.435425 0.050049
vt 0.431641 0.135986
vt 0.403198 0.050049
vt 0.403565 0.135986
vt 0.374512 0.050049
vt 0.375610 0.135986
vn -0.2212 -0.8065 -0.5483
vn -0.0762 -0.9937 -0.0825
vn -0.1061 -0.9890 -0.1033
vn -0.0624 -0.9951 0.0763
vn -0.0867 -0.9946 0.0576
vn -0.9986 -0.0506 -0.0162
vn -0.9892 -0.0534 0.1366
vn -0.4809 0.2997 -0.8240
vn -0.5119 0.2457 -0.8232
vn -0.9895 0.1130 -0.0905
vn -0.9934 0.0834 -0.0792
vn -0.9934 0.0828 -0.0796
vn -0.9936 0.0771 -0.0826
vn -0.9936 0.0761 -0.0832
vn -0.9970 -0.0023 -0.0773
vn -0.9160 -0.0120 -0.4009
vn -0.1506 -0.8589 -0.4896
vn -0.3420 -0.0217 -0.9394
vn -0.4633 0.0470 -0.8850
vn -0.4813 0.4633 -0.7441
vn -0.5138 0.4912 -0.7034
vn -0.8888 0.1135 -0.4439
vn -0.8872 0.0245 -0.4608
vn -0.7047 0.0922 0.7035
vn -0.7722 -0.0002 0.6354
vn -0.9818 0.0488 -0.1835
vn -0.9911 0.0903 -0.0977
vn -0.4598 0.1163 -0.8804
vn -0.4395 0.1336 -0.8883
vn -0.6709 0.5766 0.4662
vn -0.8979 0.0165 0.4399
vn -0.8633 0.4977 0.0837
vn -0.9769 -0.2045 -0.0613
vn -0.9591 -0.1151 -0.2588
vn -0.9897 -0.0219 -0.1416
vn 0.0056 -0.8027 -0.5963
vn 0.9386 -0.0107 -0.3449
vn 0.9584 -0.0921 -0.2702
vn 0.1313 -0.9910 0.0247
vn 0.1182 -0.9920 0.0454
vn 0.0909 -0.9842 -0.1517
vn 0.1025 -0.9838 -0.1470
vn 0.0918 -0.9842 -0.1514
vn 0.1037 -0.9838 -0.1465
vn 0.9474 -0.0878 -0.3079
vn 0.9826 0.0574 -0.1767
vn 0.9786 0.1185 -0.1685
vn 0.8268 0.5289 0.1916
vn 0.9465 0.1771 -0.2698
vn 0.9370 0.1579 -0.3117
vn 0.4514 0.6122 -0.6492
vn 0.5372 0.0447 -0.8423
vn 0.5575 0.0291 -0.8296
vn 0.0090 -0.7973 -0.6035
vn 0.0190 -0.0129 -0.9997
vn 0.1375 0.0525 -0.9891
vn 0.1829 0.4045 -0.8961
vn 0.5134 0.5539 -0.6555
vn 0.5634 0.1474 -0.8130
vn 0.4451 -0.0498 -0.8941
vn 0.9374 -0.0385 -0.3461
vn 0.9782 0.1426 -0.1512
vn 0.9348 0.0311 0.3537
vn 0.8892 0.1391 0.4358
vn 0.7852 0.1473 0.6015
vn 0.8169 0.2110 0.5369
vn 0.4535 0.1957 0.8695
vn 0.4577 -0.0006 0.8891
vn 0.4178 -0.0172 0.9084
vn 0.7720 -0.0461 0.6339
vn 0.8864 0.0147 0.4627
vn 0.8953 0.0099 0.4453
vn 0.9802 0.0508 -0.1915
vn 0.9840 0.0636 -0.1666
vn 0.4577 0.0245 -0.8888
vn 0.4582 0.0249 -0.8885
vn 0.4649 0.0301 -0.8849
vn 0.4654 0.0304 -0.8846
vn 0.2209 -0.8079 -0.5464
vn 0.0602 -0.9953 0.0764
vn 0.0872 -0.9946 0.0557
vn 0.9986 -0.0505 -0.0163
vn 0.9970 -0.0023 -0.0773
vn 0.9936 0.0772 -0.0828
vn 0.9936 0.0761 -0.0833
vn 0.9934 0.0828 -0.0797
vn 0.8891 0.1135 -0.4435
vn 0.5145 0.4918 -0.7024
vn 0.4813 0.4633 -0.7441
vn 0.4633 0.0470 -0.8850
vn 0.3421 -0.0217 -0.9394
vn 0.1537 -0.8578 -0.4904
vn 0.9160 -0.0120 -0.4009
vn 0.8872 0.0245 -0.4607
vn 0.8633 0.4977 0.0837
vn 0.9770 -0.2042 -0.0613
vn 0.9892 -0.0533 0.1366
vn 0.1026 -0.9893 -0.1038
vn 0.0750 -0.9936 -0.0839
vn 0.6709 0.5766 0.4662
vn 0.8979 0.0165 0.4399
vn 0.9933 0.0834 -0.0794
vn 0.9895 0.1127 -0.0906
vn 0.5123 0.2451 -0.8231
vn 0.4809 0.2997 -0.8240
vn 0.7047 0.0922 0.7035
vn 0.7722 -0.0002 0.6354
vn 0.9818 0.0488 -0.1835
vn 0.9911 0.0903 -0.0977
vn 0.4598 0.1163 -0.8804
vn 0.4395 0.1336 -0.8883
vn 0.9591 -0.1150 -0.2586
vn 0.9897 -0.0220 -0.1416
vn -0.0061 -0.8041 -0.5944
vn -0.5634 0.1474 -0.8129
vn -0.5137 0.5528 -0.6561
vn -0.1841 0.4042 -0.8959
vn -0.1377 0.0526 -0.9891
vn -0.0191 -0.0128 -0.9997
vn -0.0116 -0.7954 -0.6059
vn -0.5587 0.0281 -0.8289
vn -0.5371 0.0448 -0.8423
vn -0.4495 0.6131 -0.6497
vn -0.9370 0.1579 -0.3117
vn -0.9385 -0.0121 -0.3451
vn -0.9579 -0.0917 -0.2721
vn -0.1312 -0.9911 0.0225
vn -0.1216 -0.9919 0.0377
vn -0.4450 -0.0498 -0.8941
vn -0.4653 0.0304 -0.8846
vn -0.4582 0.0249 -0.8885
vn -0.4648 0.0300 -0.8849
vn -0.4577 0.0245 -0.8888
vn -0.9840 0.0636 -0.1666
vn -0.9802 0.0508 -0.1915
vn -0.8953 0.0099 0.4453
vn -0.8893 0.1386 0.4359
vn -0.9348 0.0311 0.3538
vn -0.8259 0.5299 0.1925
vn -0.9785 0.1185 -0.1685
vn -0.9826 0.0574 -0.1767
vn -0.9474 -0.0876 -0.3078
vn -0.1039 -0.9839 -0.1451
vn -0.1030 -0.9840 -0.1454
vn -0.0955 -0.9843 -0.1485
vn -0.0948 -0.9843 -0.1488
vn -0.9782 0.1426 -0.1512
vn -0.9374 -0.0385 -0.3460
vn -0.9465 0.1772 -0.2697
vn -0.8864 0.0147 0.4627
vn -0.7720 -0.0461 0.6339
vn -0.4178 -0.0172 0.9084
vn -0.4577 -0.0006 0.8891
vn -0.4535 0.1957 0.8695
vn -0.8173 0.2109 0.5363
vn -0.7852 0.1467 0.6016
vn -0.1803 0.3163 0.9313
vn -0.0000 0.0000 1.0000
vn -0.9777 -0.1933 -0.0821
vn -0.9596 -0.2472 -0.1348
vn -0.7652 -0.6370 -0.0933
vn -0.6508 -0.5417 -0.5320
vn -0.7659 -0.2972 -0.5702
vn -0.7823 -0.3300 -0.5283
vn -0.0386 0.3613 0.9316
vn -0.7287 -0.5433 0.4169
vn -0.6661 -0.6194 0.4155
vn -0.7289 -0.6778 0.0966
vn -0.9731 -0.1946 0.1235
vn -0.9702 -0.2309 0.0738
vn -0.7930 -0.3378 0.5070
vn -0.8118 -0.3146 0.4919
vn -0.0343 0.3210 -0.9464
vn -0.1601 0.2809 -0.9463
vn -0.0000 0.0000 -1.0000
vn 0.1202 -0.9927 -0.0034
vn 0.2150 -0.9766 -0.0011
vn 0.2147 -0.9751 0.0550
vn 0.3995 -0.9147 -0.0615
vn 0.3996 -0.9147 0.0609
vn 0.9232 -0.0597 0.3798
vn 0.9231 -0.3234 0.2080
vn 0.9704 -0.2413 0.0081
vn 0.9931 -0.0140 0.1162
vn 0.9940 -0.0058 -0.1092
vn 0.9773 -0.2120 -0.0048
vn 0.9401 -0.2746 -0.2021
vn 0.9409 -0.2700 -0.2043
vn 0.4249 -0.9019 0.0778
vn 0.4254 -0.9029 -0.0614
vn 0.2122 -0.9759 -0.0507
vn -0.7361 -0.6733 -0.0696
vn -0.7342 -0.6715 0.0999
vn -0.1576 0.9849 -0.0714
vn -0.1531 0.9879 -0.0246
vn 0.1967 -0.9784 0.0641
vn 0.1920 -0.9813 0.0125
vn -0.4295 -0.8954 0.1173
vn -0.1468 -0.9874 0.0596
vn -0.2386 -0.9710 -0.0132
vn 0.2427 0.9701 -0.0066
vn 0.2664 0.9602 0.0834
vn 0.9761 -0.2170 0.0118
vn -0.2640 -0.9613 -0.0790
vn 0.9851 -0.1718 -0.0062
vn 0.9173 -0.1939 0.3478
vn 0.9177 -0.2209 0.3301
vn 0.1191 0.8932 0.4336
vn 0.2700 0.9266 0.2616
vn 0.2544 -0.1815 0.9499
vn 0.2828 -0.2473 0.9267
vn -0.2392 -0.9342 -0.2648
vn -0.1329 -0.9244 -0.3574
vn -0.2719 -0.9591 -0.0783
vn 0.2417 0.9364 0.2544
vn 0.1780 0.7721 0.6100
vn -0.2702 -0.9233 -0.2731
vn -0.9150 0.2221 -0.3367
vn -0.9238 0.1916 -0.3315
vn -0.3091 0.1850 -0.9329
vn -0.2238 0.3196 -0.9207
vn -0.1442 -0.9013 -0.4084
vn 0.0604 -0.9736 -0.2201
vn 0.2188 0.1837 -0.9583
vn 0.0913 -0.9063 -0.4126
vn 0.0358 -0.9754 -0.2173
vn 0.0975 0.1835 -0.9782
vn 0.2958 0.3906 -0.8717
vn -0.0570 0.9771 0.2052
vn 0.0596 -0.9743 -0.2174
vn -0.0574 0.9764 0.2080
vn -0.2198 -0.1827 0.9583
vn -0.3138 -0.1806 0.9321
vn -0.0134 0.9788 0.2044
vn -0.1206 0.9093 0.3983
vn -0.0850 -0.3819 0.9203
vn -0.7514 -0.4242 -0.5054
vn 0.2406 0.0802 0.9673
vn 0.2608 0.0565 0.9637
vn 0.2418 0.9687 -0.0554
vn 0.3115 0.9313 -0.1887
vn -0.3314 -0.0781 -0.9402
vn -0.3691 0.2042 -0.9067
vn -0.3733 0.2017 -0.9055
vn -0.3825 0.2309 0.8947
vn -0.3811 0.2319 0.8950
vn -0.3821 0.2312 0.8947
vn -0.3806 0.2321 0.8951
vn -0.3334 -0.0662 0.9405
vn -0.9758 0.2177 0.0189
vn -0.9852 0.1711 -0.0070
vn 0.2889 0.9539 0.0816
vn -0.8817 0.1638 0.4425
vn -0.8738 0.1782 0.4524
vn 0.4067 0.9056 -0.1202
vn -0.3007 -0.9302 0.2107
vn -0.6035 0.1207 0.7882
vn -0.6033 0.1193 0.7885
vn -0.6029 0.1194 0.7888
vn -0.6042 0.1221 0.7875
vn 0.4324 -0.2801 -0.8571
vn 0.1607 -0.3869 -0.9080
vn 0.1004 0.0429 -0.9940
vn 0.1425 0.0691 -0.9874
vn 0.6232 0.7076 -0.3329
vn 0.7243 0.5250 -0.4469
vn 0.8074 0.3290 -0.4897
vn 0.7990 0.3130 -0.5134
vn -0.4473 0.8924 -0.0588
vn -0.2675 0.9609 0.0716
vn 0.7132 0.6831 0.1576
vn 0.5932 0.8026 0.0624
vn 0.9598 0.2463 0.1348
vn 0.9771 0.1961 0.0829
vn 0.9773 0.1977 -0.0763
vn 0.9616 0.2456 -0.1225
vn 0.6584 0.7475 -0.0883
vn 0.7158 0.6856 -0.1323
vn -0.2365 0.9673 -0.0914
vn -0.4473 0.8924 0.0593
vn -0.2134 0.9769 -0.0091
vn -0.2374 0.9713 0.0123
vn -0.9134 0.3321 0.2353
vn -0.9433 0.3316 0.0137
vn -0.9817 0.1403 0.1289
vn -0.9795 0.1413 -0.1432
vn -0.9300 0.3671 -0.0173
vn -0.8627 0.3625 -0.3527
vn -0.2679 0.9622 0.0496
vn -0.2556 0.9646 0.0644
vn 0.5523 0.7472 0.3698
vn 0.7133 0.4271 0.5557
vn 0.7676 0.2919 0.5705
vn 0.7841 0.3224 0.5303
vn -0.0531 0.9873 0.1497
vn -0.0510 0.9876 0.1487
vn -0.0526 0.9874 0.1494
vn -0.0506 0.9876 0.1486
vn -0.0499 0.9882 -0.1449
vn -0.0514 0.9880 -0.1456
vn 0.0052 0.7452 -0.6668
vn 0.0024 0.7416 -0.6708
vn 0.0218 0.6282 0.7777
vn 0.0213 0.6276 0.7783
vn 0.0212 0.6274 0.7784
vn 0.0207 0.6268 0.7789
vn 0.0987 0.0543 0.9936
vn 0.0991 0.0541 0.9936
vn 0.1518 -0.3401 0.9281
vn 0.4269 -0.2350 0.8732
vn -0.8031 0.5374 0.2574
vn -0.8172 0.5625 0.1260
vn -0.3309 0.7652 0.5522
vn -0.5039 0.6319 0.5889
vn 0.1025 0.6394 0.7620
vn 0.6676 0.6531 0.3574
vn 0.7652 0.5580 0.3211
vn 0.7085 0.7035 0.0566
vn 0.8026 0.5368 0.2600
vn 0.8172 0.5624 0.1259
vn 0.3324 0.7652 0.5514
vn 0.5038 0.6328 0.5880
vn -0.1045 0.6400 0.7612
vn -0.6676 0.6531 0.3574
vn -0.7652 0.5580 0.3211
vn -0.7081 0.7040 0.0554
vn 0.9466 0.0849 0.3111
vn 0.8068 0.1888 0.5598
vn 0.9913 0.1174 0.0603
vn 0.9893 0.1052 0.1012
vn 0.9891 0.1069 -0.1010
vn 0.9913 0.1205 -0.0535
vn 0.9200 0.1891 -0.3432
vn 0.7570 0.0522 -0.6514
vn 0.9951 0.0566 -0.0815
vn 0.9960 0.0476 -0.0751
vn 0.9945 0.0462 0.0941
vn 0.9953 0.0595 0.0765
vn 0.8188 0.1385 0.5571
vn 0.7372 0.0582 0.6731
vn 0.8052 0.2497 0.5378
vn 0.8100 0.2436 0.5334
vn 0.9770 0.1895 0.0981
vn 0.9827 0.1686 0.0767
vn 0.9800 0.1699 -0.1040
vn 0.9789 0.1923 -0.0696
vn 0.8615 0.2776 -0.4252
vn 0.8248 0.2276 -0.5176
vn 0.8326 0.1576 -0.5309
vn 0.7338 0.0480 -0.6777
vn -0.9951 -0.0519 -0.0840
vn -0.9959 -0.0536 0.0733
vn -0.9960 -0.0565 0.0695
vn -0.9959 -0.0532 0.0735
vn -0.9961 -0.0599 0.0655
vn -0.8425 -0.1601 0.5143
vn -0.7451 -0.0511 0.6650
vn -0.7384 -0.0035 0.6744
vn -0.9755 0.1908 0.1095
vn -0.9617 0.2535 0.1042
vn -0.9393 -0.0829 0.3329
vn -0.8255 -0.2837 0.4880
vn -0.9775 -0.1908 0.0900
vn -0.9845 -0.1634 0.0638
vn -0.9844 -0.1622 -0.0682
vn -0.9798 -0.1804 -0.0868
vn -0.9024 -0.2218 -0.3694
vn -0.8275 -0.1282 -0.5466
vn -0.8275 -0.1297 -0.5463
vn -0.8272 -0.1401 -0.5442
vn -0.8271 -0.1414 -0.5440
vn -0.7432 -0.0584 -0.6665
vn -0.7174 0.1045 -0.6887
vn -0.9542 0.2776 -0.1115
vn -0.9613 0.2554 -0.1037
vn -0.9956 -0.0642 -0.0676
vn -0.0087 -0.9948 -0.1015
vn -0.0500 -0.9932 -0.1048
vn -0.0036 -0.9999 -0.0160
vn -0.9404 0.1761 0.2908
vn -0.9986 0.0000 0.0538
vn -0.9676 0.0283 -0.2510
vn -0.9523 -0.0020 -0.3051
vn -0.1497 -0.9778 -0.1463
vn -0.1091 -0.9900 -0.0895
vn -0.1463 -0.9823 -0.1168
vn -0.0796 -0.9866 -0.1426
vn 0.0063 -0.9968 -0.0791
vn 0.5451 -0.7833 -0.2988
vn 0.7809 -0.6247 -0.0000
vn 0.8382 -0.4584 -0.2956
vn 0.8572 0.5109 -0.0650
vn 0.7920 0.6092 -0.0399
vn 0.7044 0.6396 0.3078
vn 0.4851 0.8312 0.2715
vn 0.7919 0.6091 -0.0430
vn 0.8144 0.5786 -0.0448
vn 0.5026 0.8244 0.2601
vn 0.4737 -0.7918 0.3856
vn 0.1467 -0.9425 0.3003
vn 0.4789 0.8363 0.2671
vn 0.7502 -0.6612 0.0056
vn 0.7539 -0.6524 -0.0775
vn 0.7412 -0.6669 -0.0760
vn 0.7415 -0.6667 -0.0758
vn 0.7416 -0.6671 -0.0711
vn 0.7413 -0.6674 -0.0709
vn 0.8694 -0.4840 -0.0995
vn 0.7797 -0.5013 -0.3752
vn 0.9085 0.0627 -0.4132
vn 1.0000 0.0046 0.0000
vn 0.9774 0.0839 -0.1943
vn 0.9506 0.0172 -0.3099
vn 0.9503 0.0172 -0.3109
vn 0.9519 0.0170 -0.3058
vn 0.6800 -0.6805 -0.2730
vn 0.9392 -0.0126 0.3432
vn 0.9419 0.0091 0.3358
vn 0.9963 -0.0023 -0.0861
vn 0.9959 0.0044 -0.0905
vn 0.9915 0.0063 -0.1300
vn 0.9918 0.0099 -0.1277
vn 0.9915 0.0069 -0.1298
vn 0.9918 0.0101 -0.1273
vn 0.8940 0.0354 -0.4467
vn 0.7536 0.5685 -0.3300
vn 0.7767 0.5288 -0.3423
vn 0.8952 0.4215 -0.1447
vn 0.8480 0.5134 -0.1316
vn 0.7859 0.5805 -0.2132
vn 0.8595 0.4438 -0.2537
vn 0.9523 0.0169 -0.3048
vn 0.2775 -0.9227 0.2675
vn 0.8447 -0.0197 0.5348
vn 0.8187 0.0965 0.5660
vn 0.1384 0.9197 0.3673
vn 0.1379 0.9204 0.3659
vn 0.1369 0.9217 0.3630
vn 0.1361 0.9226 0.3610
vn 0.3792 0.1422 0.9143
vn 0.3701 0.1562 0.9158
vn 0.2061 -0.8532 0.4792
vn 0.5865 0.5988 -0.5455
vn 0.5732 0.6229 -0.5324
vn 0.6934 -0.0225 -0.7202
vn 0.9413 -0.0105 -0.3374
vn 0.8441 -0.4503 -0.2910
vn 0.8419 -0.4553 -0.2896
vn 0.5897 -0.6019 -0.5385
vn 0.0241 0.7053 -0.7085
vn 0.0240 0.7061 -0.7077
vn 0.0239 0.7072 -0.7066
vn 0.0238 0.7080 -0.7058
vn 0.0156 0.0605 -0.9980
vn -0.0386 0.0157 -0.9991
vn -0.0188 -0.7061 -0.7079
vn 0.5921 -0.5973 -0.5410
vn 0.7508 0.0400 -0.6594
vn -0.9147 0.4001 0.0577
vn -0.6999 0.6893 -0.1872
vn -0.6697 0.7423 0.0201
vn -0.6216 0.7809 -0.0620
vn -0.8143 0.5637 -0.1383
vn -0.8238 0.5524 -0.1278
vn -0.7728 0.6201 0.1350
vn -0.6161 0.7753 0.1392
vn -0.5213 0.8229 0.2259
vn -0.4611 0.8655 0.1958
vn -0.3098 0.9139 0.2622
vn -0.8847 0.4624 0.0588
vn -0.5604 0.0130 -0.8281
vn -0.6000 -0.0246 -0.7996
vn -0.9150 -0.0124 -0.4032
vn -0.9343 0.0196 -0.3560
vn -0.8245 0.4955 -0.2731
vn -0.9610 -0.2755 0.0253
vn -0.9991 -0.0023 0.0417
vn -0.9994 -0.0097 0.0325
vn -1.0000 0.0046 -0.0000
vn -0.9591 -0.0444 0.2796
vn -0.9150 0.4003 -0.0503
vn -0.9559 -0.2744 -0.1043
vn -0.8881 -0.2314 -0.3971
vn -0.9731 0.0168 -0.2296
vn -0.9823 0.0136 -0.1866
vn -0.9949 0.0014 0.1009
vn -0.9949 0.0027 0.1004
vn -0.9947 -0.0031 0.1026
vn -0.9845 -0.0047 -0.1753
vn -0.8651 -0.4720 -0.1697
vn -0.7089 0.2108 0.6731
vn -0.8778 0.1432 0.4572
vn -0.9218 -0.0172 0.3874
vn -0.9946 -0.0046 0.1032
vn -0.7173 -0.6929 0.0724
vn -0.2329 0.1205 0.9650
vn -0.2083 0.0854 0.9743
vn -0.5634 0.0367 0.8254
vn -0.1907 -0.9159 0.3532
vn -0.8664 -0.4988 0.0222
vn -0.4460 0.6808 -0.5811
vn -0.4577 0.6591 -0.5967
vn -0.5153 -0.4755 -0.7130
vn -0.0114 -0.5548 -0.8319
vn -0.5682 -0.3103 -0.7621
vn -0.8537 -0.3613 -0.3750
vn -0.8920 -0.2363 -0.3853
vn -0.7650 -0.6265 -0.1493
vn -0.8156 0.5647 -0.1261
vn -0.6564 -0.7514 0.0680
vn -0.2231 -0.8929 0.3911
vn -0.3163 0.9095 0.2698
vn -0.0916 0.9272 0.3632
vn -0.0860 0.9425 0.3229
vn 0.0080 -0.9950 -0.0999
vn 0.0455 -0.9937 -0.1028
vn 0.0058 -0.9998 -0.0175
vn 0.9404 0.1761 0.2908
vn 0.9986 0.0000 0.0538
vn 0.9676 0.0282 -0.2511
vn 0.9523 -0.0020 -0.3051
vn 0.1501 -0.9773 -0.1494
vn 0.1055 -0.9906 -0.0869
vn -0.0063 -0.9968 -0.0791
vn 0.0783 -0.9868 -0.1416
vn 0.1461 -0.9825 -0.1154
vn 0.0040 -0.0374 0.9993
vn 0.1053 -0.9871 0.1208
vn 0.1054 -0.9871 0.1208
vn 0.0828 -0.7756 0.6258
vn 0.0821 -0.7759 0.6256
vn -0.8317 -0.1143 0.5433
vn -0.7256 -0.2462 0.6426
vn -0.9902 -0.1128 0.0823
vn -0.9921 -0.1008 0.0749
vn -0.9505 0.2835 0.1272
vn -0.9511 0.2860 -0.1164
vn 0.1053 -0.9865 -0.1254
vn 0.1044 -0.9866 -0.1252
vn 0.0704 -0.6651 -0.7435
vn 0.0056 -0.0527 -0.9986
vn -0.7249 -0.0079 0.6888
vn -0.9696 0.2204 0.1063
vn -0.8137 -0.1188 -0.5690
vn -0.7285 -0.2110 -0.6517
vn -0.7124 0.1222 -0.6911
vn -0.9423 0.3153 -0.1124
vn -0.9920 -0.0994 -0.0779
vn -0.9889 -0.1170 -0.0911
vn -0.6564 0.6424 0.3956
vn -0.0926 -0.0819 -0.9923
vn 0.1693 -0.4139 -0.8945
vn -0.0574 -0.9913 -0.1185
vn 0.5266 -0.7673 -0.3659
vn 0.2629 -0.9601 -0.0958
vn 0.2768 -0.9562 -0.0952
vn 0.3055 -0.9402 0.1508
vn 0.2821 -0.9472 0.1521
vn 0.4342 -0.8571 0.2770
vn -0.0778 -0.9969 -0.0067
vn 0.1780 -0.3885 0.9041
vn -0.1100 -0.1055 0.9883
vn -0.7348 0.5382 -0.4128
vn 0.9664 0.0279 0.2557
vn -0.2579 0.9571 -0.1319
vn -0.3057 0.9396 -0.1541
vn -0.2679 -0.2463 0.9314
vn -0.2621 -0.2684 -0.9270
vn -0.1506 -0.9804 0.1268
vn -0.2085 -0.8053 0.5551
vn -0.2314 -0.8230 0.5187
vn -0.1457 -0.9813 0.1259
vn 0.3536 -0.9213 0.1616
vn 0.3539 -0.9212 0.1615
vn 0.3544 -0.9211 0.1614
vn 0.3548 -0.9209 0.1613
vn 0.3483 -0.5163 0.7824
vn 0.3588 -0.5124 0.7802
vn -0.2768 0.9562 0.0952
vn -0.2786 0.9488 -0.1487
vn -0.1218 0.9848 -0.1234
vn -0.2629 0.9601 0.0958
vn -0.4376 0.8574 0.2710
vn 0.9744 0.0488 -0.2194
vn -0.2273 0.9345 0.2740
vn 0.1091 0.9880 -0.1090
vn -0.3152 0.9024 0.2938
vn -0.3436 0.8972 0.2775
vn 0.1397 0.9843 -0.1075
vn 0.1126 0.9801 0.1637
vn -0.3112 0.9084 -0.2794
vn -0.3336 0.9039 -0.2677
vn 0.1419 0.9759 0.1655
vn 0.0156 0.9951 -0.0975
vn -0.0000 0.9926 -0.1218
vn -0.0081 0.9931 -0.1167
vn -0.0095 0.9922 -0.1244
vn -0.0180 0.9974 0.0692
vn -0.0286 0.9970 0.0720
vn 0.5533 0.8237 -0.1245
vn 0.1303 0.9747 0.1815
vn 0.1904 -0.9616 0.1979
vn 0.1708 -0.9743 0.1466
vn -0.2198 0.9653 -0.1412
vn -0.2108 0.9578 -0.1951
vn -0.7799 -0.5009 -0.3753
vn -0.7413 -0.6674 -0.0709
vn -0.7539 -0.6524 -0.0775
vn -0.7502 -0.6612 0.0056
vn -0.6800 -0.6805 -0.2730
vn -0.8419 -0.4554 -0.2895
vn -0.5897 -0.6019 -0.5385
vn 0.0188 -0.7061 -0.7079
vn -0.5451 -0.7833 -0.2987
vn -0.7536 0.5685 -0.3300
vn -0.8571 0.5110 -0.0650
vn -0.7920 0.6092 -0.0399
vn -0.7047 0.6392 0.3079
vn -0.4855 0.8309 0.2719
vn -0.8951 0.4218 -0.1446
vn -0.7859 0.5805 -0.2132
vn -0.7770 0.5283 -0.3424
vn -0.8480 0.5134 -0.1316
vn -0.8595 0.4438 -0.2537
vn -0.9519 0.0170 -0.3058
vn -0.9506 0.0172 -0.3098
vn -0.9523 0.0169 -0.3048
vn -0.9503 0.0172 -0.3109
vn -0.9774 0.0839 -0.1943
vn -0.9085 0.0627 -0.4132
vn -0.8940 0.0354 -0.4467
vn -0.9959 0.0037 -0.0901
vn -0.9959 0.0044 -0.0905
vn -0.9962 -0.0016 -0.0865
vn -0.9915 0.0063 -0.1300
vn -0.9918 0.0101 -0.1273
vn -0.8694 -0.4840 -0.0995
vn -0.9419 0.0091 0.3358
vn -0.9963 -0.0023 -0.0861
vn -0.7412 -0.6669 -0.0760
vn -0.6538 -0.7183 0.2379
vn -0.9392 -0.0126 0.3432
vn -0.8447 -0.0197 0.5348
vn -0.8187 0.0965 0.5660
vn -0.3701 0.1562 0.9158
vn -0.3792 0.1422 0.9143
vn -0.8144 0.5786 -0.0448
vn -0.7919 0.6091 -0.0430
vn -0.5026 0.8244 0.2601
vn -0.4737 -0.7918 0.3857
vn -0.1467 -0.9425 0.3003
vn -0.4789 0.8362 0.2671
vn -0.1386 0.9196 0.3676
vn 0.0899 -0.8747 0.4762
vn 0.2329 0.1205 0.9650
vn 0.2083 0.0854 0.9743
vn 0.0916 0.9272 0.3632
vn 0.3095 0.9141 0.2619
vn 0.7089 0.2108 0.6731
vn 0.8778 0.1432 0.4572
vn 0.9218 -0.0172 0.3874
vn 0.4276 -0.8733 0.2334
vn 0.1907 -0.9159 0.3532
vn 0.5634 0.0367 0.8254
vn 0.7173 -0.6929 0.0724
vn 0.9946 -0.0046 0.1032
vn 0.9949 0.0027 0.1004
vn 0.9845 -0.0047 -0.1753
vn 0.8651 -0.4720 -0.1697
vn 0.7954 -0.5018 -0.3399
vn 0.8235 0.5528 -0.1277
vn 0.9823 0.0136 -0.1866
vn 0.9731 0.0168 -0.2296
vn 0.8881 -0.2314 -0.3971
vn 0.9559 -0.2744 -0.1043
vn 0.9591 -0.0444 0.2796
vn 0.9991 -0.0028 0.0416
vn 0.9994 -0.0097 0.0325
vn 0.9991 -0.0029 0.0412
vn 0.9147 0.4001 0.0577
vn 0.6697 0.7423 0.0201
vn 0.8920 -0.2363 -0.3853
vn 0.9150 -0.0124 -0.4032
vn 0.9343 0.0196 -0.3560
vn 0.9991 -0.0023 0.0417
vn 0.9610 -0.2755 0.0253
vn 0.5682 -0.3103 -0.7621
vn 0.6000 -0.0246 -0.7996
vn 0.5604 0.0130 -0.8281
vn 0.4460 0.6808 -0.5811
vn 0.6999 0.6893 -0.1872
vn -0.6536 -0.7185 0.2378
vn -0.2773 -0.9229 0.2673
vn -0.2061 -0.8532 0.4792
vn -0.7809 -0.6247 -0.0000
vn -0.8383 -0.4581 -0.2956
vn -0.5732 0.6229 -0.5324
vn -0.0238 0.7080 -0.7058
vn -0.5865 0.5987 -0.5455
vn 0.0386 0.0157 -0.9991
vn -0.0156 0.0605 -0.9980
vn -0.8442 -0.4502 -0.2910
vn -0.9413 -0.0105 -0.3374
vn -0.6934 -0.0225 -0.7202
vn -0.7508 0.0400 -0.6594
vn -0.5921 -0.5973 -0.5410
vn -0.0241 0.7053 -0.7085
vn -0.1361 0.9226 0.3610
vn 0.0860 0.9425 0.3229
vn 0.9486 -0.3165 0.0028
vn 0.8845 0.4629 0.0588
vn 0.8245 0.4955 -0.2731
vn 0.9150 0.4003 -0.0503
vn 0.8537 -0.3613 -0.3750
vn 0.5153 -0.4755 -0.7130
vn 0.8776 -0.4793 -0.0105
vn 0.8665 -0.4987 0.0222
vn 0.9104 -0.3310 0.2481
vn 0.6941 -0.6577 -0.2925
vn 0.7654 -0.6259 -0.1493
vn 0.4577 0.6591 -0.5967
vn 0.0114 -0.5548 -0.8319
vn 0.8737 -0.4262 0.2344
vn 0.6212 0.7812 -0.0620
vn 0.8143 0.5637 -0.1383
vn 0.8156 0.5647 -0.1262
vn 0.7728 0.6201 0.1350
vn 0.5213 0.8229 0.2259
vn 0.3160 0.9097 0.2695
vn 0.6161 0.7753 0.1392
vn 0.4608 0.8657 0.1955
vn 0.2231 -0.8929 0.3911
vn 0.6564 -0.7514 0.0680
vn 0.4804 -0.8388 0.2560
vn 0.0815 -0.8993 0.4297
vn -0.0899 -0.8747 0.4762
vn -0.0815 -0.8993 0.4297
vn -0.4276 -0.8733 0.2334
vn -0.4803 -0.8389 0.2560
vn 0.0035 -0.9986 -0.0525
vn 0.0030 -0.9986 -0.0520
vn 0.0029 -0.9986 -0.0519
vn 0.0023 -0.9987 -0.0514
vn 0.9902 0.0829 0.1122
vn 0.9903 0.0831 0.1114
vn 0.9903 0.0831 0.1117
vn 0.9903 0.0831 0.1110
vn 0.9891 0.0884 -0.1174
vn 0.9909 0.0883 -0.1021
vn -0.2399 0.9692 -0.0557
vn -0.2622 0.9550 -0.1388
vn 0.1265 -0.9890 0.0772
vn 0.1363 -0.9796 0.1479
vn 0.4697 0.8515 0.2333
vn 0.4700 0.8516 0.2323
vn 0.4698 0.8515 0.2327
vn 0.5003 0.7559 0.4223
vn 0.1761 0.8774 0.4463
vn -0.0285 0.8385 0.5441
vn 0.0208 0.9727 0.2311
vn -0.0335 0.9628 0.2682
vn -0.0419 0.9429 0.3305
vn -0.0114 0.9330 0.3597
vn -0.0186 0.9098 0.4146
vn 0.0192 0.8955 0.4447
vn 0.4581 0.7629 0.4562
vn 0.4822 0.8178 0.3140
vn 0.4951 0.8024 0.3332
vn 0.5097 0.8398 0.1868
vn 0.4703 0.8517 0.2313
vn -0.2262 0.9009 0.3705
vn -0.3003 0.9151 0.2692
vn -0.3298 0.8831 0.3337
vn -0.3587 0.8636 0.3543
vn -0.3757 0.8214 0.4291
vn -0.2713 0.8986 0.3449
vn -0.6226 0.6802 0.3870
vn -0.6163 0.7220 0.3145
vn -0.6693 0.6520 0.3561
vn -0.6684 0.6853 0.2891
vn -0.5982 0.7116 0.3683
vn -0.7306 0.6780 0.0812
vn -0.7665 0.6170 0.1784
vn -0.7912 0.6076 0.0695
vn -0.2767 0.8330 0.4792
vn -0.3058 0.8485 0.4319
vn -0.4586 0.7639 0.4540
vn -0.0152 0.8971 0.4416
vn 0.0186 0.9098 0.4146
vn 0.0117 0.9321 0.3619
vn 0.0444 0.9427 0.3306
vn 0.0360 0.9627 0.2683
vn -0.0210 0.9731 0.2292
vn 0.0287 0.8376 0.5455
vn -0.1785 0.8769 0.4464
vn -0.4990 0.7566 0.4225
vn -0.4690 0.8512 0.2356
vn -0.4703 0.8516 0.2316
vn -0.4688 0.8512 0.2362
vn -0.4703 0.8517 0.2313
vn -0.5113 0.8393 0.1850
vn -0.4962 0.8010 0.3349
vn -0.4822 0.8178 0.3140
vn 0.2262 0.9009 0.3705
vn 0.3003 0.9151 0.2692
vn 0.3298 0.8831 0.3337
vn 0.3587 0.8636 0.3543
vn 0.3757 0.8214 0.4291
vn 0.2713 0.8986 0.3449
vn 0.6226 0.6802 0.3870
vn 0.6163 0.7220 0.3145
vn 0.6693 0.6520 0.3561
vn 0.6684 0.6853 0.2891
vn 0.5982 0.7116 0.3683
vn 0.7306 0.6780 0.0812
vn 0.7665 0.6170 0.1784
vn 0.7912 0.6076 0.0694
vn 0.2772 0.8321 0.4804
vn 0.3075 0.8482 0.4313
vn -0.0012 -0.9986 -0.0533
vn -0.0005 -0.9986 -0.0526
vn -0.0005 -0.9986 -0.0527
vn 0.0002 -0.9986 -0.0520
vn 0.6541 -0.7180 0.2380
vn 0.6538 -0.7183 0.2379
vn 0.6539 -0.7182 0.2379
vn 0.6536 -0.7185 0.2378
vn -0.9917 0.0051 -0.1281
vn -0.9846 -0.1350 0.1110
vn -0.7586 -0.0523 0.6495
vn -0.9205 -0.1888 0.3421
vn -0.9193 -0.1912 0.3441
vn -0.8693 -0.4943 -0.0042
vn -0.7131 -0.7010 -0.0064
vn -0.9896 -0.1007 -0.1030
vn -0.9836 0.0463 -0.1744
vn -0.8709 -0.2264 -0.4362
vn 0.0108 -0.9942 0.1074
vn -0.1488 -0.9871 -0.0588
vn 0.3489 0.2361 0.9069
vn 0.1165 0.0954 0.9886
vn 0.4841 0.7199 0.4974
vn 0.8703 0.0473 0.4903
vn 0.8410 0.1009 0.5315
vn 0.9337 0.1306 0.3333
vn 0.9377 0.1748 0.3003
vn -0.1443 -0.0481 0.9884
vn -0.0030 0.1709 0.9853
vn 0.0599 0.1790 0.9820
vn 0.1118 0.2377 0.9649
vn 0.0948 -0.9940 -0.0549
vn 0.0345 -0.9993 -0.0151
vn 0.0073 -0.9998 -0.0186
vn 0.0145 -0.9998 -0.0141
vn 0.9681 -0.0597 0.2433
vn 0.9182 0.0107 0.3959
vn 0.9931 0.0484 -0.1070
vn 0.9937 0.1023 -0.0450
vn 0.9908 0.1052 -0.0852
vn 0.9883 0.0553 -0.1423
vn 0.1119 -0.9894 -0.0929
vn 0.0915 -0.9936 -0.0661
vn -0.1169 0.0954 0.9886
vn -0.3489 0.2355 0.9071
vn 0.1488 -0.9871 -0.0588
vn -0.0081 -0.9945 0.1046
vn -0.9377 0.1748 0.3003
vn -0.9337 0.1306 0.3333
vn -0.8410 0.1009 0.5315
vn -0.8703 0.0473 0.4903
vn -0.4861 0.7181 0.4979
vn -0.0144 -0.9998 -0.0154
vn -0.0138 -0.9998 -0.0157
vn -0.0104 -0.9998 -0.0179
vn -0.0098 -0.9998 -0.0183
vn -0.0345 -0.9993 -0.0151
vn -0.0936 -0.9941 -0.0541
vn -0.9681 -0.0597 0.2433
vn -0.9183 0.0107 0.3959
vn -0.9931 0.0484 -0.1070
vn -0.9937 0.1021 -0.0452
vn -0.9908 0.1050 -0.0853
vn -0.9883 0.0553 -0.1422
vn -0.1116 -0.9892 -0.0947
vn -0.0900 -0.9937 -0.0663
vn 0.0065 0.9977 0.0681
vn -0.0020 0.9945 0.1049
vn -0.0174 0.9913 0.1302
vn 0.0086 0.9940 0.1090
vn 0.0062 0.9979 0.0651
vn 0.0000 0.9966 0.0823
vn 0.0000 0.9949 0.1007
vn 0.0000 0.9949 0.1006
vn 0.0000 0.9950 0.1003
vn 0.0000 0.9950 0.1001
vn 0.0000 0.9988 0.0493
vn 0.0000 0.9951 0.0989
vn 0.0000 0.9965 -0.0832
vn 0.0143 0.9987 -0.0491
vn 0.0187 0.9997 -0.0163
vn 0.0187 0.9997 -0.0157
vn 0.0178 0.9998 -0.0073
vn 0.0175 0.9998 -0.0040
vn -0.0063 0.9978 0.0655
vn -0.0065 0.9977 0.0681
vn -0.0065 0.9977 0.0674
vn 0.0020 0.9945 0.1049
vn 0.0174 0.9913 0.1302
vn -0.0086 0.9940 0.1090
vn -0.0062 0.9979 0.0651
vn -0.0143 0.9987 -0.0491
vn -0.0187 0.9997 -0.0163
vn -0.0175 0.9998 -0.0040
vn 0.9931 0.0062 -0.1173
vn 0.9836 -0.0498 -0.1731
vn 0.8528 -0.1306 0.5056
vn 0.4994 0.0303 -0.8658
vn 0.4646 0.0784 -0.8820
vn 0.4606 -0.0991 -0.8821
vn 0.5766 -0.1932 -0.7939
vn 0.9804 -0.1458 -0.1326
vn 0.9647 -0.0809 -0.2506
vn 0.9659 -0.0710 -0.2489
vn 0.9659 -0.0712 -0.2488
vn 0.4413 -0.0992 -0.8919
vn 0.6104 0.0299 -0.7916
vn 0.9819 -0.0469 -0.1836
vn 0.9646 -0.0815 -0.2508
vn 0.6946 -0.1917 0.6934
vn 0.6654 -0.1367 0.7339
vn 0.6655 -0.1535 0.7304
vn 0.5978 -0.0904 0.7966
vn 0.6146 -0.3545 0.7047
vn 0.4407 -0.2172 0.8710
vn -0.8528 -0.1308 0.5055
vn -0.9836 -0.0498 -0.1732
vn -0.9931 0.0062 -0.1174
vn -0.9660 -0.0712 -0.2487
vn -0.9659 -0.0710 -0.2489
vn -0.9647 -0.0808 -0.2506
vn -0.9804 -0.1457 -0.1324
vn -0.5766 -0.1932 -0.7939
vn -0.4606 -0.0991 -0.8821
vn -0.4646 0.0783 -0.8820
vn -0.4994 0.0303 -0.8658
vn -0.4407 -0.2172 0.8710
vn -0.6148 -0.3548 0.7044
vn -0.5978 -0.0904 0.7965
vn -0.6655 -0.1533 0.7305
vn -0.6654 -0.1367 0.7339
vn -0.6946 -0.1917 0.6934
vn -0.9646 -0.0815 -0.2508
vn -0.9819 -0.0469 -0.1836
vn -0.6104 0.0299 -0.7916
vn -0.4413 -0.0992 -0.8919
vn -0.3884 -0.0925 0.9168
vn 0.2719 -0.0236 0.9620
vn 0.2728 -0.0237 0.9618
vn 0.2746 -0.0239 0.9613
vn 0.2754 -0.0240 0.9610
vn 0.2356 0.3063 0.9223
vn 0.2353 0.3064 0.9224
vn 0.2365 0.2744 -0.9321
vn 0.2330 0.2751 -0.9328
vn 0.2353 0.2746 -0.9323
vn 0.2318 0.2753 -0.9330
vn 0.2720 -0.0135 -0.9622
vn 0.2719 -0.0135 -0.9622
vn -0.3307 -0.0777 -0.9405
vn -0.0105 -0.9985 -0.0541
vn -0.0125 -0.9986 -0.0510
vn -0.0103 -0.9985 -0.0540
vn -0.0105 -0.9985 -0.0535
vn -0.0159 -0.9985 -0.0521
vn -0.0046 -0.9986 -0.0531
vn -0.0054 -0.9986 -0.0530
vn -0.0057 -0.9986 -0.0533
vn 0.7053 -0.1354 0.6959
vn 0.9400 -0.3183 0.1230
vn 0.9485 -0.2951 0.1148
vn 0.9489 -0.2934 -0.1160
vn 0.9660 -0.2278 -0.1224
vn 0.7235 -0.0216 -0.6900
vn 0.0026 -0.9986 -0.0526
vn 0.0027 -0.9986 -0.0527
vn 0.0016 -0.9986 -0.0528
vn 0.0161 -0.9985 -0.0522
vn 0.0105 -0.9985 -0.0535
vn 0.0125 -0.9986 -0.0510
vn 0.0105 -0.9985 -0.0540
vn 0.0105 -0.9985 -0.0541
vn -0.7953 -0.5019 -0.3399
vn -0.6942 -0.6577 -0.2925
vn -0.8737 -0.4262 0.2344
vn -0.9104 -0.3310 0.2481
vn -0.9486 -0.3165 0.0028
vn -0.8775 -0.4794 -0.0105
vn 0.0000 -1.0000 -0.0000
vn 0.0000 -0.9941 0.1082
vn -0.0253 -0.9982 0.0543
vn -0.0272 -0.9991 0.0335
vn -0.0244 -0.9997 -0.0000
vn 0.0000 -0.9998 -0.0203
vn 0.0000 -0.9994 0.0354
vn 0.0000 -0.9982 -0.0604
vn -0.0005 -0.9983 -0.0589
vn 0.0001 -1.0000 0.0083
vn 0.0001 -1.0000 0.0084
vn -0.0004 -0.9993 -0.0378
vn -0.0030 -0.9997 -0.0251
vn 0.0044 -0.9993 0.0365
vn -0.0117 -0.9999 -0.0069
vn 0.0237 -0.9990 0.0383
vn -0.0111 -0.9990 -0.0434
vn 0.0004 -0.9993 -0.0378
vn 0.0010 -0.9994 -0.0347
vn 0.0024 -0.9996 -0.0281
vn 0.0030 -0.9997 -0.0251
vn -0.0044 -0.9993 0.0365
vn 0.0117 -0.9999 -0.0069
vn -0.0237 -0.9990 0.0383
vn 0.0111 -0.9990 -0.0434
vn -0.0001 -1.0000 0.0084
vn -0.0001 -1.0000 0.0083
vn 0.0005 -0.9983 -0.0589
vn 0.0003 -0.9982 -0.0596
vn 0.0002 -0.9982 -0.0598
vn 0.0253 -0.9982 0.0543
vn 0.0272 -0.9991 0.0335
vn 0.0244 -0.9997 -0.0000
vn 0.3397 -0.4152 -0.8439
vn 0.3231 -0.4200 -0.8480
vn 0.3435 -0.9249 -0.1629
vn 0.3490 -0.9230 -0.1619
vn 0.3454 -0.9243 -0.1626
vn 0.3509 -0.9224 -0.1615
vn -0.1482 -0.9805 -0.1293
vn -0.1454 -0.9807 -0.1304
vn -0.1393 -0.9813 -0.1327
vn -0.1366 -0.9816 -0.1337
vn -0.2507 -0.7132 -0.6546
vn -0.2365 -0.7011 -0.6727
vn 0.9701 -0.0591 0.2354
vn 0.9669 -0.0776 0.2431
vn 0.9056 -0.0993 0.4125
vn 0.0373 -0.9988 0.0319
vn -0.0705 -0.9958 0.0588
vn 0.0869 -0.9923 0.0887
vn 0.0864 -0.9923 0.0893
vn 0.0810 -0.9923 0.0937
vn 0.0801 -0.9923 0.0943
vn -0.0011 -0.9963 0.0863
vn 0.0226 -0.9945 0.1026
vn -0.1518 0.2360 0.9598
vn -0.0327 0.3102 0.9501
vn 0.4113 0.2724 0.8698
vn 0.4027 0.2818 0.8709
vn 0.4025 0.2818 0.8710
vn 0.4027 0.2824 0.8707
vn 0.5089 0.2595 0.8208
vn 0.7123 -0.0895 0.6961
vn 0.9013 -0.0746 0.4267
vn 0.6422 0.6494 0.4073
vn -0.9701 -0.0591 0.2354
vn -0.9669 -0.0776 0.2431
vn -0.9056 -0.0993 0.4125
vn -0.0373 -0.9988 0.0319
vn 0.0705 -0.9958 0.0588
vn -0.0869 -0.9923 0.0887
vn -0.0824 -0.9923 0.0924
vn 0.0048 -0.9965 0.0838
vn -0.0260 -0.9941 0.1049
vn 0.1508 0.2366 0.9598
vn 0.0340 0.3094 0.9503
vn -0.4113 0.2717 0.8701
vn -0.4019 0.2826 0.8710
vn -0.5089 0.2595 0.8208
vn -0.7123 -0.0895 0.6961
vn -0.9013 -0.0746 0.4267
vn -0.6422 0.6494 0.4073
vn 0.4563 -0.0820 -0.8860
vn 0.4846 -0.0623 -0.8725
vn 0.9669 -0.1713 -0.1889
vn 0.9921 -0.1022 -0.0730
vn 0.9915 -0.1073 -0.0740
vn 0.9916 -0.1064 -0.0739
vn 0.8727 -0.1754 0.4556
vn 0.8647 -0.1631 0.4751
vn 0.4120 -0.1664 0.8959
vn 0.3759 -0.1406 0.9159
vn 0.3770 -0.1767 0.9092
vn 0.2865 -0.1357 0.9484
vn 0.2822 -0.1153 0.9524
vn 0.2967 -0.1218 0.9472
vn 0.9907 -0.0405 -0.1296
vn 0.9872 -0.0592 -0.1484
vn 0.6262 -0.2449 0.7402
vn 0.8134 0.0223 0.5813
vn 0.8281 -0.1621 0.5367
vn 0.8628 -0.1877 0.4693
vn 0.9810 -0.1356 -0.1386
vn 0.9922 -0.1015 -0.0728
vn 0.4776 -0.1150 -0.8710
vn 0.4893 -0.1250 -0.8631
vn 0.4948 0.0486 -0.8677
vn 0.4975 0.0447 -0.8663
vn -0.2968 -0.1218 0.9472
vn -0.2822 -0.1153 0.9524
vn -0.2865 -0.1357 0.9484
vn -0.3770 -0.1767 0.9092
vn -0.3759 -0.1406 0.9159
vn -0.4120 -0.1664 0.8959
vn -0.8647 -0.1631 0.4751
vn -0.8727 -0.1754 0.4556
vn -0.9916 -0.1064 -0.0738
vn -0.9915 -0.1073 -0.0740
vn -0.9921 -0.1022 -0.0730
vn -0.9669 -0.1713 -0.1889
vn -0.4846 -0.0623 -0.8725
vn -0.4563 -0.0820 -0.8860
vn -0.4975 0.0447 -0.8663
vn -0.4948 0.0486 -0.8677
vn -0.4893 -0.1250 -0.8631
vn -0.4776 -0.1150 -0.8710
vn -0.9922 -0.1014 -0.0728
vn -0.9810 -0.1356 -0.1386
vn -0.8628 -0.1877 0.4693
vn -0.8281 -0.1621 0.5367
vn -0.8134 0.0224 0.5813
vn -0.6261 -0.2449 0.7403
vn -0.9872 -0.0592 -0.1484
vn -0.9907 -0.0405 -0.1296
vn 0.7324 0.1017 0.6733
vn 0.7118 -0.1257 0.6911
vn 0.9405 -0.3183 0.1191
vn 0.9506 -0.2901 0.1107
vn 0.9510 -0.2882 -0.1120
vn 0.9690 -0.2166 -0.1191
vn 0.7249 0.0079 -0.6888
vn 0.7300 0.0906 -0.6774
vn 0.8180 0.2230 -0.5303
vn 0.9902 0.1128 -0.0823
vn 0.9921 0.1008 -0.0749
vn 0.9920 0.0994 0.0779
vn 0.9887 0.1183 0.0921
vn 0.8064 0.1994 0.5568
vn -0.1821 0.9527 -0.2434
vn -0.0845 0.9954 -0.0457
vn 0.2222 -0.9504 0.2178
vn 0.1028 -0.9939 0.0401
vn 0.1916 -0.9489 0.2507
vn 0.1843 -0.9535 0.2385
vn -0.1054 0.9626 -0.2496
vn -0.1848 0.9772 -0.1041
vn 0.1895 0.9522 -0.2395
vn -0.2010 -0.9515 0.2330
vn 0.1573 0.9850 -0.0715
vn -0.1988 -0.9788 0.0500
vn 0.1612 0.9535 -0.2548
vn 0.1571 0.9550 -0.2515
vn 0.1943 0.9764 -0.0946
vn 0.0842 0.9954 -0.0460
vn 0.1528 0.9879 -0.0249
vn -0.0672 -0.9649 0.2537
vn -0.1533 -0.9867 0.0536
vn -0.1530 -0.9537 0.2590
vn -0.1483 -0.9556 0.2545
vn 0.5894 0.1381 0.7960
vn 0.6376 0.0856 0.7656
vn -0.5187 0.2436 0.8195
vn -0.5397 0.2323 0.8091
vn -0.3081 0.1673 0.9365
vn -0.4670 0.0625 0.8821
vn -0.2493 0.0334 0.9678
vn -0.2609 0.0517 0.9640
vn -0.1434 -0.9893 0.0278
vn -0.1844 -0.9827 0.0151
vn 0.1076 0.9617 -0.2522
vn -0.0768 -0.9317 -0.3551
vn -0.0789 -0.9728 -0.2180
vn 0.1060 0.9315 0.3478
vn 0.1261 -0.3181 0.9396
vn 0.2312 -0.1696 0.9580
vn -0.0576 -0.2042 0.9772
vn -0.1346 -0.3248 0.9362
vn 0.0049 0.6963 0.7177
vn 0.0891 0.9750 0.2036
vn 0.0614 -0.9657 0.2525
vn 0.1426 -0.9888 0.0440
vn -0.1625 0.9546 -0.2498
vn -0.1628 0.9543 -0.2506
vn -0.1634 0.9537 -0.2525
vn -0.1637 0.9534 -0.2533
vn 0.6738 -0.2976 -0.6763
vn 0.6755 -0.2970 -0.6749
vn 0.6790 -0.2959 -0.6718
vn 0.6807 -0.2953 -0.6704
vn 0.0768 0.2827 -0.9561
vn 0.0880 0.9330 0.3489
vn -0.0772 -0.9213 -0.3811
vn 0.0601 0.3231 -0.9444
vn -0.2179 0.3078 -0.9262
vn -0.1400 0.1753 -0.9745
vn -0.1136 -0.9286 -0.3533
vn -0.6040 -0.5021 -0.6189
vn -0.6029 -0.5017 -0.6203
vn -0.6008 -0.5008 -0.6231
vn -0.5997 -0.5004 -0.6245
vn 0.3705 0.0803 0.9253
vn 0.2656 0.1776 0.9476
vn 0.6157 0.3492 0.7063
vn 0.4802 0.4255 0.7671
vn -0.5298 -0.0061 0.8481
vn -0.6316 0.0352 0.7745
usemtl texturefile_10
s 1
f 1164/1164/1260 1165/1165/1260 1166/1166/1260
f 1167/1167/1261 1168/1168/1261 1169/1169/1261
f 1170/1170/1262 1169/1169/1262 1168/1168/1262
f 1169/1169/1263 1170/1170/1263 1171/1171/1263
f 1171/1171/1264 1170/1170/1264 1166/1166/1264
f 1166/1166/1265 1170/1170/1265 1172/1172/1265
f 1168/1168/1266 1172/1172/1266 1170/1170/1266
f 1173/1173/1267 1174/1174/1267 1175/1175/1267
f 1176/1176/1268 1175/1175/1268 1174/1174/1268
f 1175/1175/1269 1176/1176/1269 1177/1177/1269
f 1177/1177/1270 1176/1176/1271 1172/1172/1272
f 1178/1178/1273 1172/1172/1272 1176/1176/1271
f 1172/1172/1274 1178/1178/1274 1166/1166/1274
f 1179/1179/1275 1166/1166/1275 1178/1178/1275
f 1166/1166/1276 1179/1179/1276 1180/1180/1276
f 1180/1180/1277 1179/1179/1277 1181/1181/1277
f 1182/1182/1278 1181/1181/1278 1179/1179/1278
f 1181/1181/1279 1182/1182/1279 1174/1174/1279
f 1174/1174/1280 1182/1182/1280 1176/1176/1280
f 1176/1176/1281 1182/1182/1281 1178/1178/1281
f 1179/1179/1282 1178/1178/1282 1182/1182/1282
f 1183/1183/1283 1184/1184/1283 1185/1185/1283
f 1185/1185/1284 1184/1184/1284 1177/1177/1284
f 1186/1186/1285 1177/1177/1285 1184/1184/1285
f 1177/1177/1286 1186/1186/1286 1175/1175/1286
f 1175/1175/1287 1186/1186/1287 1173/1173/1287
f 1187/1187/1288 1173/1173/1288 1186/1186/1288
f 1188/1188/1289 1177/1177/1289 1189/1189/1289
f 1172/1172/1290 1189/1189/1290 1177/1177/1290
f 1189/1189/1291 1172/1172/1291 1190/1190/1291
f 1191/1191/1292 1190/1190/1292 1172/1172/1292
f 1192/1192/1293 1190/1190/1293 1191/1191/1293
f 1190/1190/1294 1192/1192/1294 1193/1193/1294
f 1194/1194/1295 1195/1195/1295 1196/1196/1295
f 1197/1197/1296 1198/1198/1296 1194/1194/1296
f 1199/1199/1297 1194/1194/1297 1198/1198/1297
f 1194/1194/1298 1199/1199/1298 1200/1200/1298
f 1200/1200/1299 1199/1199/1299 1201/1201/1299
f 1201/1201/1300 1199/1199/1301 1202/1202/1302
f 1202/1202/1302 1199/1199/1301 1203/1203/1303
f 1198/1198/1304 1203/1203/1304 1199/1199/1304
f 1203/1203/1305 1198/1198/1305 1204/1204/1305
f 1198/1198/1306 1205/1205/1306 1204/1204/1306
f 1206/1206/1307 1204/1204/1307 1205/1205/1307
f 1205/1205/1308 1198/1198/1308 1207/1207/1308
f 1197/1197/1309 1207/1207/1309 1198/1198/1309
f 1207/1207/1310 1197/1197/1310 1208/1208/1310
f 1208/1208/1311 1197/1197/1311 1209/1209/1311
f 1194/1194/1312 1209/1209/1312 1197/1197/1312
f 1210/1210/1313 1209/1209/1313 1194/1194/1313
f 1211/1211/1314 1209/1209/1314 1210/1210/1314
f 1209/1209/1315 1211/1211/1315 1208/1208/1315
f 1212/1212/1316 1208/1208/1316 1211/1211/1316
f 1208/1208/1317 1212/1212/1317 1207/1207/1317
f 1213/1213/1318 1207/1207/1318 1212/1212/1318
f 1214/1214/1319 1207/1207/1319 1213/1213/1319
f 1207/1207/1320 1214/1214/1320 1205/1205/1320
f 1215/1215/1321 1205/1205/1321 1214/1214/1321
f 1205/1205/1322 1215/1215/1322 1206/1206/1322
f 1216/1216/1323 1206/1206/1323 1215/1215/1323
f 1217/1217/1324 1206/1206/1324 1216/1216/1324
f 1206/1206/1325 1217/1217/1325 1218/1218/1325
f 1218/1218/1326 1217/1217/1326 1219/1219/1326
f 1219/1219/1327 1217/1217/1327 1220/1220/1327
f 1220/1220/1328 1217/1217/1328 1221/1221/1328
f 1216/1216/1329 1221/1221/1329 1217/1217/1329
f 1221/1221/1330 1216/1216/1330 1222/1222/1330
f 1215/1215/1331 1222/1222/1331 1216/1216/1331
f 1222/1222/1332 1215/1215/1332 1223/1223/1332
f 1214/1214/1333 1223/1223/1333 1215/1215/1333
f 1223/1223/1334 1214/1214/1335 1224/1224/1336
f 1213/1213/1337 1224/1224/1336 1214/1214/1335
f 1225/1225/1338 1226/1226/1338 1227/1227/1338
f 1228/1228/1339 1229/1229/1339 1230/1230/1339
f 1225/1225/1340 1230/1230/1340 1229/1229/1340
f 1230/1230/1341 1225/1225/1341 1231/1231/1341
f 1232/1232/1342 1231/1231/1342 1225/1225/1342
f 1231/1231/1343 1232/1232/1344 1233/1233/1345
f 1234/1234/1346 1233/1233/1346 1232/1232/1346
f 1233/1233/1347 1234/1234/1347 1235/1235/1347
f 1235/1235/1348 1234/1234/1348 1236/1236/1348
f 1237/1237/1349 1236/1236/1349 1234/1234/1349
f 1236/1236/1350 1237/1237/1350 1238/1238/1350
f 1238/1238/1351 1237/1237/1351 1225/1225/1351
f 1225/1225/1352 1237/1237/1352 1232/1232/1352
f 1234/1234/1353 1232/1232/1353 1237/1237/1353
f 1239/1239/1354 1240/1240/1354 1231/1231/1354
f 1241/1241/1355 1231/1231/1355 1240/1240/1355
f 1231/1231/1356 1241/1241/1356 1230/1230/1356
f 1230/1230/1357 1241/1241/1357 1228/1228/1357
f 1242/1242/1358 1228/1228/1358 1241/1241/1358
f 1243/1243/1359 1239/1239/1359 1244/1244/1359
f 1231/1231/1360 1244/1244/1360 1239/1239/1360
f 1233/1233/1345 1244/1244/1361 1231/1231/1343
f 1244/1244/1362 1233/1233/1362 1245/1245/1362
f 1235/1235/1363 1245/1245/1363 1233/1233/1363
f 1246/1246/1364 1245/1245/1364 1235/1235/1364
f 1247/1247/1365 1248/1248/1365 1249/1249/1365
f 1244/1244/1366 1249/1249/1366 1248/1248/1366
f 1249/1249/1367 1244/1244/1367 1250/1250/1367
f 1245/1245/1368 1250/1250/1368 1244/1244/1368
f 1246/1246/1369 1250/1250/1369 1245/1245/1369
f 1250/1250/1370 1246/1246/1370 1251/1251/1370
f 1252/1252/1371 1240/1240/1371 1253/1253/1371
f 1254/1254/1372 1253/1253/1372 1240/1240/1372
f 1255/1255/1373 1256/1256/1373 1257/1257/1373
f 1258/1258/1374 1259/1259/1374 1260/1260/1374
f 1260/1260/1375 1259/1259/1375 1261/1261/1375
f 1262/1262/1376 1261/1261/1376 1259/1259/1376
f 1261/1261/1377 1262/1262/1377 1263/1263/1377
f 1264/1264/1378 1263/1263/1378 1262/1262/1378
f 1257/1257/1379 1263/1263/1379 1264/1264/1379
f 1265/1265/1380 1263/1263/1380 1257/1257/1380
f 1263/1263/1381 1265/1265/1381 1261/1261/1381
f 1261/1261/1382 1265/1265/1382 1260/1260/1382
f 1260/1260/1383 1265/1265/1383 1266/1266/1383
f 1257/1257/1384 1266/1266/1384 1265/1265/1384
f 1266/1266/1385 1257/1257/1385 1267/1267/1385
f 1268/1268/1386 1267/1267/1386 1257/1257/1386
f 1267/1267/1387 1268/1268/1387 1269/1269/1387
f 1270/1270/1388 1258/1258/1388 1260/1260/1388
f 1258/1258/1389 1270/1270/1390 1271/1271/1391
f 1271/1271/1391 1270/1270/1390 1272/1272/1392
f 1273/1273/1393 1272/1272/1393 1270/1270/1393
f 1272/1272/1394 1273/1273/1394 1274/1274/1394
f 1274/1274/1395 1273/1273/1395 1275/1275/1395
f 1275/1275/1396 1273/1273/1396 1276/1276/1396
f 1277/1277/1397 1276/1276/1397 1273/1273/1397
f 1276/1276/1398 1277/1277/1398 1278/1278/1398
f 1266/1266/1399 1278/1278/1399 1277/1277/1399
f 1278/1278/1400 1266/1266/1400 1279/1279/1400
f 1267/1267/1401 1279/1279/1401 1266/1266/1401
f 1279/1279/1402 1267/1267/1403 1280/1280/1404
f 1269/1269/1405 1280/1280/1404 1267/1267/1403
f 1273/1273/1406 1270/1270/1406 1277/1277/1406
f 1260/1260/1407 1277/1277/1407 1270/1270/1407
f 1277/1277/1408 1260/1260/1408 1266/1266/1408
f 1274/1274/1409 1275/1275/1409 1281/1281/1409
f 1282/1282/1410 1281/1281/1410 1275/1275/1410
f 1281/1281/1411 1282/1282/1411 1283/1283/1411
f 1283/1283/1412 1282/1282/1412 1284/1284/1412
f 1284/1284/1413 1282/1282/1413 1285/1285/1413
f 1285/1285/1414 1282/1282/1414 1276/1276/1414
f 1275/1275/1415 1276/1276/1415 1282/1282/1415
f 1286/1286/1416 1287/1287/1416 1288/1288/1416
f 1289/1289/1417 1290/1290/1417 1291/1291/1417
f 1292/1292/1417 1291/1291/1417 1290/1290/1417
f 1291/1291/1417 1292/1292/1417 1287/1287/1417
f 1293/1293/1418 1294/1294/1418 1295/1295/1418
f 1296/1296/1419 1295/1295/1419 1294/1294/1419
f 1295/1295/1420 1296/1296/1420 1297/1297/1420
f 1297/1297/1421 1296/1296/1421 1298/1298/1421
f 1294/1294/1422 1298/1298/1422 1296/1296/1422
f 1299/1299/1423 1298/1298/1423 1294/1294/1423
f 1298/1298/1424 1299/1299/1424 1286/1286/1424
f 1300/1300/1425 1301/1301/1425 1302/1302/1425
f 1303/1303/1426 1302/1302/1426 1301/1301/1426
f 1302/1302/1427 1303/1303/1427 1295/1295/1427
f 1295/1295/1428 1303/1303/1428 1293/1293/1428
f 1293/1293/1429 1303/1303/1429 1304/1304/1429
f 1304/1304/1430 1303/1303/1430 1305/1305/1430
f 1301/1301/1431 1305/1305/1431 1303/1303/1431
f 1305/1305/1432 1301/1301/1432 1306/1306/1432
f 1306/1306/1433 1301/1301/1433 1307/1307/1433
f 1308/1308/1434 1307/1307/1434 1301/1301/1434
f 1307/1307/1434 1308/1308/1434 1309/1309/1434
f 1310/1310/1434 1309/1309/1434 1308/1308/1434
f 1309/1309/1434 1310/1310/1434 1311/1311/1434
f 1312/1312/1435 1300/1300/1435 1313/1313/1435
f 1302/1302/1436 1313/1313/1436 1300/1300/1436
f 1314/1314/1437 1313/1313/1437 1302/1302/1437
f 1313/1313/1438 1314/1314/1438 1315/1315/1438
f 1316/1316/1439 1315/1315/1439 1314/1314/1439
f 1317/1317/1440 1318/1318/1440 1316/1316/1440
f 1319/1319/1441 1316/1316/1441 1318/1318/1441
f 1316/1316/1442 1319/1319/1442 1315/1315/1442
f 1320/1320/1443 1315/1315/1443 1319/1319/1443
f 1321/1321/1444 1315/1315/1444 1320/1320/1444
f 1315/1315/1445 1321/1321/1445 1313/1313/1445
f 1322/1322/1446 1313/1313/1446 1321/1321/1446
f 1313/1313/1447 1322/1322/1447 1323/1323/1447
f 1324/1324/1448 1297/1297/1448 1316/1316/1448
f 1325/1325/1449 1316/1316/1449 1297/1297/1449
f 1316/1316/1450 1325/1325/1450 1326/1326/1450
f 1327/1327/1451 1328/1328/1451 1329/1329/1451
f 1330/1330/1452 1331/1331/1452 1332/1332/1452
f 1333/1333/1453 1334/1334/1453 1335/1335/1453
f 1336/1336/1454 1337/1337/1454 1338/1338/1454
f 1339/1339/1455 1340/1340/1455 1341/1341/1455
f 1342/1342/1456 1343/1343/1456 1344/1344/1456
f 1345/1345/1457 1346/1346/1457 1347/1347/1457
f 1345/1345/1458 1348/1348/1458 1349/1349/1458
f 1350/1350/1459 1351/1351/1459 1352/1352/1459
f 1353/1353/1460 1354/1354/1460 1355/1355/1460
f 1356/1356/1461 1354/1354/1461 1357/1357/1461
f 1358/1358/1462 1354/1354/1462 1359/1359/1462
f 1360/1360/1463 1359/1359/1463 1361/1361/1463
f 1362/1362/1464 1361/1361/1464 1359/1359/1464
f 1363/1363/1465 1364/1364/1465 1365/1365/1465
f 1357/1357/1466 1365/1365/1466 1364/1364/1466
f 1366/1366/1467 1367/1367/1467 1364/1364/1467
f 1367/1367/1468 1368/1368/1468 1369/1369/1468
f 1364/1364/1469 1370/1370/1469 1371/1371/1469
f 1372/1372/1470 1371/1371/1470 1370/1370/1470
f 1370/1370/1471 1373/1373/1471 1374/1374/1471
f 1374/1374/1472 1375/1375/1472 1372/1372/1472
f 1376/1376/1473 1377/1377/1473 1378/1378/1473
f 1379/1379/1474 1380/1380/1474 1381/1381/1474
f 1382/1382/1475 1381/1381/1475 1383/1383/1475
f 1384/1384/1476 1385/1385/1476 1386/1386/1476
f 1387/1387/1477 1386/1386/1477 1385/1385/1477
f 1388/1388/1478 1386/1386/1478 1387/1387/1478
f 1386/1386/1479 1388/1388/1479 1389/1389/1479
f 1382/1382/1480 1389/1389/1480 1388/1388/1480
f 1390/1390/1481 1391/1391/1481 1386/1386/1481
f 1392/1392/1482 1393/1393/1482 1394/1394/1482
f 1394/1394/1483 1395/1395/1483 1396/1396/1483
f 1397/1397/1483 1396/1396/1483 1395/1395/1483
f 1398/1398/1484 1399/1399/1484 1396/1396/1484
f 1392/1392/1485 1396/1396/1485 1399/1399/1485
f 1400/1400/1486 1397/1397/1486 1398/1398/1486
f 1401/1401/1487 1398/1398/1487 1397/1397/1487
f 1397/1397/1488 1402/1402/1488 1403/1403/1488
f 1404/1404/1489 1405/1405/1489 1406/1406/1489
f 1407/1407/1490 1408/1408/1490 1409/1409/1490
f 1409/1409/1491 1410/1410/1491 1411/1411/1491
f 1412/1412/1491 1411/1411/1491 1410/1410/1491
f 1413/1413/1492 1411/1411/1492 1412/1412/1492
f 1411/1411/1493 1413/1413/1493 1407/1407/1493
f 1414/1414/1494 1407/1407/1494 1413/1413/1494
f 1412/1412/1495 1415/1415/1495 1416/1416/1495
f 1417/1417/1496 1418/1418/1496 1419/1419/1496
f 1420/1420/1417 1419/1419/1417 1418/1418/1417
f 1421/1421/1497 1422/1422/1497 1423/1423/1497
f 1424/1424/1498 1423/1423/1498 1422/1422/1498
f 1425/1425/1499 1426/1426/1499 1427/1427/1499
f 1428/1428/1500 1427/1427/1500 1426/1426/1500
f 1429/1429/1501 1430/1430/1501 1431/1431/1501
f 1432/1432/1502 1431/1431/1502 1430/1430/1502
f 1431/1431/1503 1432/1432/1503 1433/1433/1503
f 1434/1434/1504 1435/1435/1505 1436/1436/1506
f 1437/1437/1507 1436/1436/1506 1435/1435/1505
f 1436/1436/1508 1437/1437/1508 1438/1438/1508
f 1439/1439/1509 1440/1440/1509 1441/1441/1509
f 1442/1442/1510 1441/1441/1510 1440/1440/1510
f 1441/1441/1511 1442/1442/1511 1443/1443/1511
f 1440/1440/1512 1444/1444/1512 1442/1442/1512
f 1445/1445/1513 1442/1442/1513 1444/1444/1513
f 1442/1442/1514 1445/1445/1514 1446/1446/1514
f 1447/1447/1515 1448/1448/1515 1444/1444/1515
f 1449/1449/1516 1444/1444/1517 1448/1448/1518
f 1444/1444/1517 1449/1449/1516 1445/1445/1519
f 1450/1450/1520 1451/1451/1520 1452/1452/1520
f 1452/1452/1521 1451/1451/1521 1453/1453/1521
f 1454/1454/1522 1453/1453/1522 1451/1451/1522
f 1453/1453/1523 1454/1454/1523 1455/1455/1523
f 1456/1456/1524 1457/1457/1524 1458/1458/1524
f 1458/1458/1525 1457/1457/1525 1459/1459/1525
f 1460/1460/1526 1459/1459/1526 1457/1457/1526
f 1459/1459/1527 1460/1460/1527 1461/1461/1527
f 1462/1462/1528 1463/1463/1528 1464/1464/1528
f 1465/1465/1529 1464/1464/1529 1463/1463/1529
f 1464/1464/1530 1465/1465/1530 1466/1466/1530
f 1467/1467/1531 1466/1466/1531 1465/1465/1531
f 1468/1468/1532 1466/1466/1532 1467/1467/1532
f 1469/1469/1533 1466/1466/1533 1468/1468/1533
f 1460/1460/1534 1466/1466/1534 1469/1469/1534
f 1457/1457/1535 1466/1466/1535 1460/1460/1535
f 1456/1456/1536 1466/1466/1536 1457/1457/1536
f 1466/1466/1537 1456/1456/1537 1464/1464/1537
f 1470/1470/1538 1464/1464/1538 1456/1456/1538
f 1464/1464/1539 1470/1470/1539 1462/1462/1539
f 1471/1471/1540 1456/1456/1540 1458/1458/1540
f 1456/1456/1541 1471/1471/1541 1470/1470/1541
f 1472/1472/1542 1470/1470/1542 1471/1471/1542
f 1470/1470/1543 1472/1472/1543 1462/1462/1543
f 1473/1473/1544 1462/1462/1544 1472/1472/1544
f 1474/1474/1545 1462/1462/1545 1473/1473/1545
f 1462/1462/1546 1474/1474/1546 1463/1463/1546
f 1475/1475/1547 1463/1463/1547 1474/1474/1547
f 1463/1463/1548 1475/1475/1548 1465/1465/1548
f 1476/1476/1549 1465/1465/1549 1475/1475/1549
f 1465/1465/1550 1476/1476/1550 1467/1467/1550
f 1477/1477/1551 1467/1467/1551 1476/1476/1551
f 1467/1467/1552 1477/1477/1552 1468/1468/1552
f 1478/1478/1553 1468/1468/1553 1477/1477/1553
f 1479/1479/1554 1480/1480/1555 1481/1481/1556
f 1482/1482/1557 1481/1481/1556 1480/1480/1555
f 1483/1483/1558 1481/1481/1558 1482/1482/1558
f 1481/1481/1559 1483/1483/1559 1484/1484/1559
f 1485/1485/1560 1484/1484/1560 1483/1483/1560
f 1484/1484/1561 1485/1485/1561 1486/1486/1561
f 1487/1487/1562 1488/1488/1563 1489/1489/1564
f 1490/1490/1565 1489/1489/1564 1488/1488/1563
f 1491/1491/1566 1489/1489/1566 1490/1490/1566
f 1489/1489/1567 1491/1491/1567 1492/1492/1567
f 1492/1492/1568 1491/1491/1568 1493/1493/1568
f 1494/1494/1569 1493/1493/1569 1491/1491/1569
f 1495/1495/1570 1496/1496/1570 1497/1497/1570
f 1498/1498/1571 1497/1497/1571 1496/1496/1571
f 1499/1499/1572 1497/1497/1572 1498/1498/1572
f 1497/1497/1573 1499/1499/1573 1500/1500/1573
f 1501/1501/1574 1500/1500/1574 1499/1499/1574
f 1500/1500/1575 1501/1501/1575 1502/1502/1575
f 1502/1502/1576 1501/1501/1576 1503/1503/1576
f 1504/1504/1577 1503/1503/1577 1501/1501/1577
f 1505/1505/1578 1506/1506/1578 1507/1507/1578
f 1507/1507/1579 1506/1506/1579 1508/1508/1579
f 1508/1508/1580 1506/1506/1580 1509/1509/1580
f 1510/1510/1581 1509/1509/1581 1506/1506/1581
f 1509/1509/1582 1510/1510/1582 1511/1511/1582
f 1512/1512/1583 1511/1511/1583 1510/1510/1583
f 1513/1513/1584 1511/1511/1584 1512/1512/1584
f 1511/1511/1585 1513/1513/1585 1514/1514/1585
f 1515/1515/1586 1516/1516/1586 1517/1517/1586
f 1518/1518/1587 1517/1517/1587 1516/1516/1587
f 1519/1519/1588 1517/1517/1588 1518/1518/1588
f 1517/1517/1589 1519/1519/1589 1520/1520/1589
f 1520/1520/1590 1519/1519/1590 1521/1521/1590
f 1522/1522/1591 1521/1521/1591 1519/1519/1591
f 1521/1521/1592 1522/1522/1592 1523/1523/1592
f 1524/1524/1593 1523/1523/1593 1522/1522/1593
f 1525/1525/1594 1526/1526/1594 1527/1527/1594
f 1527/1527/1595 1526/1526/1595 1528/1528/1595
f 1529/1529/1596 1528/1528/1596 1526/1526/1596
f 1528/1528/1597 1529/1529/1597 1530/1530/1597
f 1531/1531/1598 1530/1530/1598 1529/1529/1598
f 1530/1530/1599 1531/1531/1599 1532/1532/1599
f 1533/1533/1600 1531/1531/1600 1534/1534/1600
f 1529/1529/1601 1534/1534/1601 1531/1531/1601
f 1534/1534/1602 1529/1529/1602 1535/1535/1602
f 1526/1526/1603 1535/1535/1603 1529/1529/1603
f 1535/1535/1604 1526/1526/1604 1536/1536/1604
f 1525/1525/1605 1536/1536/1605 1526/1526/1605
f 1536/1536/1606 1525/1525/1606 1537/1537/1606
f 1537/1537/1607 1525/1525/1607 1538/1538/1607
f 1527/1527/1608 1538/1538/1608 1525/1525/1608
f 1538/1538/1609 1527/1527/1609 1539/1539/1609
f 1540/1540/1610 1541/1541/1610 1542/1542/1610
f 1543/1543/1611 1542/1542/1612 1541/1541/1613
f 1542/1542/1612 1543/1543/1611 1544/1544/1614
f 1545/1545/1615 1544/1544/1615 1543/1543/1615
f 1546/1546/1616 1544/1544/1616 1545/1545/1616
f 1547/1547/1617 1544/1544/1617 1546/1546/1617
f 1544/1544/1618 1547/1547/1618 1542/1542/1618
f 1548/1548/1619 1542/1542/1619 1547/1547/1619
f 1549/1549/1620 1545/1545/1620 1550/1550/1620
f 1543/1543/1621 1550/1550/1621 1545/1545/1621
f 1550/1550/1622 1543/1543/1622 1551/1551/1622
f 1541/1541/1623 1551/1551/1623 1543/1543/1623
f 1540/1540/1624 1551/1551/1624 1541/1541/1624
f 1551/1551/1625 1540/1540/1625 1552/1552/1625
f 1552/1552/1626 1540/1540/1626 1553/1553/1626
f 1553/1553/1627 1540/1540/1628 1554/1554/1629
f 1555/1555/1630 1554/1554/1629 1540/1540/1628
f 1554/1554/1631 1555/1555/1631 1556/1556/1631
f 1556/1556/1632 1555/1555/1632 1557/1557/1632
f 1557/1557/1633 1555/1555/1633 1548/1548/1633
f 1548/1548/1634 1555/1555/1634 1542/1542/1634
f 1540/1540/1635 1542/1542/1635 1555/1555/1635
f 1558/1558/1636 1559/1559/1636 1560/1560/1636
f 1561/1561/1637 1562/1562/1637 1558/1558/1637
f 1563/1563/1638 1564/1564/1638 1565/1565/1638
f 1566/1566/1639 1567/1567/1639 1563/1563/1639
f 1563/1563/1640 1567/1567/1640 1568/1568/1640
f 1569/1569/1641 1568/1568/1641 1567/1567/1641
f 1570/1570/1642 1568/1568/1642 1569/1569/1642
f 1571/1571/1643 1568/1568/1643 1570/1570/1643
f 1568/1568/1644 1571/1571/1644 1563/1563/1644
f 1570/1570/1645 1572/1572/1645 1571/1571/1645
f 1573/1573/1646 1571/1571/1646 1572/1572/1646
f 1571/1571/1647 1573/1573/1647 1574/1574/1647
f 1575/1575/1648 1576/1576/1648 1577/1577/1648
f 1575/1575/1649 1578/1578/1649 1579/1579/1649
f 1580/1580/1650 1578/1578/1650 1581/1581/1650
f 1582/1582/1651 1583/1583/1651 1584/1584/1651
f 1585/1585/1652 1582/1582/1652 1586/1586/1652
f 1587/1587/1653 1585/1585/1653 1588/1588/1653
f 1589/1589/1654 1587/1587/1654 1590/1590/1654
f 1591/1591/1655 1592/1592/1655 1593/1593/1655
f 1594/1594/1656 1593/1593/1656 1595/1595/1656
f 1596/1596/1657 1597/1597/1657 1598/1598/1657
f 1599/1599/1658 1600/1600/1658 1601/1601/1658
f 1602/1602/1659 1603/1603/1659 1600/1600/1659
f 1604/1604/1660 1605/1605/1660 1606/1606/1660
f 1607/1607/1661 1608/1608/1661 1609/1609/1661
f 1610/1610/1662 1611/1611/1662 1612/1612/1662
f 1612/1612/1663 1611/1611/1664 1613/1613/1665
f 1614/1614/1666 1613/1613/1665 1611/1611/1664
f 1613/1613/1667 1614/1614/1667 1615/1615/1667
f 1607/1607/1668 1615/1615/1668 1614/1614/1668
f 1615/1615/1669 1607/1607/1669 1616/1616/1669
f 1617/1617/1670 1616/1616/1670 1607/1607/1670
f 1616/1616/1671 1617/1617/1671 1618/1618/1671
f 1618/1618/1672 1617/1617/1673 1619/1619/1674
f 1609/1609/1675 1619/1619/1675 1617/1617/1675
f 1612/1612/1676 1620/1620/1676 1621/1621/1676
f 1620/1620/1677 1612/1612/1677 1622/1622/1677
f 1613/1613/1678 1622/1622/1678 1612/1612/1678
f 1622/1622/1679 1613/1613/1679 1623/1623/1679
f 1623/1623/1680 1613/1613/1681 1624/1624/1682
f 1615/1615/1683 1624/1624/1682 1613/1613/1681
f 1616/1616/1684 1624/1624/1684 1615/1615/1684
f 1624/1624/1685 1616/1616/1685 1625/1625/1685
f 1625/1625/1686 1616/1616/1686 1626/1626/1686
f 1618/1618/1687 1626/1626/1687 1616/1616/1687
f 1626/1626/1688 1618/1618/1688 1627/1627/1688
f 1627/1627/1689 1618/1618/1689 1628/1628/1689
f 1628/1628/1690 1618/1618/1690 1629/1629/1690
f 1619/1619/1674 1629/1629/1691 1618/1618/1672
f 1630/1630/1692 1621/1621/1692 1631/1631/1692
f 1620/1620/1693 1631/1631/1693 1621/1621/1693
f 1631/1631/1694 1620/1620/1694 1632/1632/1694
f 1633/1633/1695 1634/1634/1696 1632/1632/1697
f 1635/1635/1698 1632/1632/1697 1634/1634/1696
f 1636/1636/1699 1632/1632/1699 1635/1635/1699
f 1632/1632/1700 1636/1636/1700 1631/1631/1700
f 1637/1637/1701 1631/1631/1701 1636/1636/1701
f 1638/1638/1702 1639/1639/1702 1640/1640/1702
f 1629/1629/1703 1640/1640/1703 1639/1639/1703
f 1640/1640/1704 1629/1629/1704 1641/1641/1704
f 1619/1619/1705 1641/1641/1705 1629/1629/1705
f 1641/1641/1706 1619/1619/1706 1642/1642/1706
f 1643/1643/1707 1642/1642/1707 1619/1619/1707
f 1641/1641/1708 1642/1642/1708 1644/1644/1708
f 1645/1645/1709 1646/1646/1710 1647/1647/1711
f 1640/1640/1712 1647/1647/1711 1646/1646/1710
f 1648/1648/1713 1647/1647/1713 1640/1640/1713
f 1647/1647/1714 1648/1648/1714 1649/1649/1714
f 1649/1649/1715 1648/1648/1715 1644/1644/1715
f 1644/1644/1716 1648/1648/1716 1641/1641/1716
f 1640/1640/1717 1641/1641/1717 1648/1648/1717
f 1650/1650/1718 1651/1651/1718 1652/1652/1718
f 1650/1650/1719 1653/1653/1719 1654/1654/1719
f 1655/1655/1720 1656/1656/1720 1652/1652/1720
f 1655/1655/1721 1657/1657/1721 1658/1658/1721
f 1659/1659/1722 1658/1658/1722 1657/1657/1722
f 1657/1657/1723 1660/1660/1723 1661/1661/1723
f 1660/1660/1724 1662/1662/1724 1663/1663/1724
f 1664/1664/1725 1663/1663/1725 1662/1662/1725
f 1662/1662/1726 1665/1665/1726 1666/1666/1726
f 1667/1667/1727 1666/1666/1727 1665/1665/1727
f 1665/1665/1728 1668/1668/1728 1669/1669/1728
f 1670/1670/1729 1671/1671/1729 1672/1672/1729
f 1673/1673/1730 1674/1674/1730 1675/1675/1730
f 1676/1676/1731 1675/1675/1731 1674/1674/1731
f 1677/1677/1732 1675/1675/1732 1676/1676/1732
f 1670/1670/1733 1675/1675/1733 1677/1677/1733
f 1675/1675/1734 1670/1670/1734 1678/1678/1734
f 1679/1679/1735 1680/1680/1735 1677/1677/1735
f 1677/1677/1736 1680/1680/1736 1670/1670/1736
f 1670/1670/1737 1680/1680/1737 1681/1681/1737
f 1682/1682/1738 1681/1681/1738 1680/1680/1738
f 1681/1681/1739 1682/1682/1739 1683/1683/1739
f 1671/1671/1740 1681/1681/1740 1684/1684/1740
f 1683/1683/1741 1684/1684/1741 1681/1681/1741
f 1685/1685/1742 1684/1684/1742 1683/1683/1742
f 1684/1684/1743 1685/1685/1743 1686/1686/1743
f 1687/1687/1744 1686/1686/1744 1685/1685/1744
f 1688/1688/1745 1687/1687/1746 1689/1689/1747
f 1685/1685/1748 1689/1689/1748 1687/1687/1748
f 1689/1689/1749 1685/1685/1749 1690/1690/1749
f 1691/1691/1750 1692/1692/1750 1693/1693/1750
f 1688/1688/1751 1693/1693/1751 1692/1692/1751
f 1693/1693/1752 1688/1688/1752 1694/1694/1752
f 1689/1689/1747 1694/1694/1753 1688/1688/1745
f 1694/1694/1754 1689/1689/1754 1695/1695/1754
f 1696/1696/1755 1697/1697/1755 1698/1698/1755
f 1691/1691/1756 1698/1698/1756 1697/1697/1756
f 1693/1693/1757 1698/1698/1757 1691/1691/1757
f 1698/1698/1758 1693/1693/1758 1699/1699/1758
f 1700/1700/1759 1701/1701/1759 1702/1702/1759
f 1703/1703/1760 1704/1704/1760 1705/1705/1760
f 1706/1706/1761 1707/1707/1761 1708/1708/1761
f 1709/1709/1762 1710/1710/1762 1711/1711/1762
f 1709/1709/1763 1712/1712/1763 1713/1713/1763
f 1714/1714/1764 1711/1711/1764 1715/1715/1764
f 1716/1716/1765 1715/1715/1765 1711/1711/1765
f 1715/1715/1766 1716/1716/1766 1717/1717/1766
f 1718/1718/1767 1719/1719/1767 1720/1720/1767
f 1721/1721/1768 1722/1722/1768 1723/1723/1768
f 1724/1724/1769 1725/1725/1769 1726/1726/1769
f 1727/1727/1770 1728/1728/1770 1729/1729/1770
f 1730/1730/1771 1731/1731/1771 1732/1732/1771
f 1733/1733/1772 1734/1734/1772 1735/1735/1772
f 1736/1736/1773 1737/1737/1773 1738/1738/1773
f 1739/1739/1774 1740/1740/1774 1741/1741/1774
f 1741/1741/1775 1742/1742/1775 1743/1743/1775
f 1744/1744/1776 1745/1745/1776 1746/1746/1776
f 1747/1747/1777 1746/1746/1777 1748/1748/1777
f 1749/1749/1778 1748/1748/1778 1746/1746/1778
f 1748/1748/1779 1749/1749/1779 1750/1750/1779
f 1750/1750/1780 1749/1749/1780 1751/1751/1780
f 1751/1751/1781 1749/1749/1781 1752/1752/1781
f 1746/1746/1782 1752/1752/1782 1749/1749/1782
f 1753/1753/1783 1754/1754/1783 1752/1752/1783
f 1755/1755/1784 1752/1752/1784 1754/1754/1784
f 1752/1752/1785 1755/1755/1785 1751/1751/1785
f 1756/1756/1786 1757/1757/1786 1758/1758/1786
f 1759/1759/1786 1756/1756/1786 1760/1760/1786
f 1761/1761/1787 1762/1762/1788 1763/1763/1788
f 1758/1758/1789 1763/1763/1789 1762/1762/1789
f 1763/1763/1790 1758/1758/1790 1764/1764/1790
f 1765/1765/1791 1766/1766/1791 1767/1767/1791
f 1768/1768/1792 1767/1767/1792 1766/1766/1792
f 1767/1767/1793 1768/1768/1793 1769/1769/1793
f 1769/1769/1794 1768/1768/1794 1770/1770/1794
f 1771/1771/1795 1770/1770/1795 1768/1768/1795
f 1770/1770/1796 1771/1771/1796 1763/1763/1796
f 1763/1763/1788 1771/1771/1787 1761/1761/1787
f 1772/1772/1797 1761/1761/1797 1771/1771/1797
f 1761/1761/1798 1772/1772/1798 1773/1773/1798
f 1773/1773/1799 1772/1772/1799 1774/1774/1799
f 1775/1775/1799 1774/1774/1799 1772/1772/1799
f 1765/1765/1800 1774/1774/1800 1775/1775/1800
f 1774/1774/1800 1765/1765/1800 1776/1776/1800
f 1766/1766/1801 1777/1777/1801 1768/1768/1801
f 1771/1771/1802 1768/1768/1802 1777/1777/1802
f 1756/1756/1803 1778/1778/1803 1779/1779/1803
f 1780/1780/1804 1779/1779/1804 1778/1778/1804
f 1779/1779/1805 1780/1780/1805 1781/1781/1805
f 1781/1781/1806 1780/1780/1806 1770/1770/1806
f 1770/1770/1807 1780/1780/1807 1769/1769/1807
f 1778/1778/1808 1769/1769/1808 1780/1780/1808
f 1782/1782/1809 1783/1783/1809 1784/1784/1809
f 1784/1784/1810 1785/1785/1810 1786/1786/1810
f 1787/1787/1811 1788/1788/1811 1784/1784/1811
f 1789/1789/1812 1784/1784/1812 1788/1788/1812
f 1784/1784/1813 1789/1789/1813 1790/1790/1813
f 1790/1790/1814 1789/1789/1814 1791/1791/1814
f 1792/1792/1815 1791/1791/1815 1789/1789/1815
f 1793/1793/1816 1791/1791/1816 1792/1792/1816
f 1791/1791/1817 1793/1793/1817 1794/1794/1817
f 1794/1794/1818 1793/1793/1818 1795/1795/1818
f 1796/1796/1819 1795/1795/1819 1793/1793/1819
f 1797/1797/1820 1796/1796/1820 1798/1798/1820
f 1795/1795/1821 1799/1799/1821 1800/1800/1821
f 1795/1795/1822 1801/1801/1822 1802/1802/1822
f 1803/1803/1823 1804/1804/1823 1805/1805/1823
f 1806/1806/1824 1807/1807/1824 1804/1804/1824
f 1808/1808/1825 1809/1809/1825 1807/1807/1825
f 1810/1810/1826 1811/1811/1826 1812/1812/1826
f 1813/1813/1827 1814/1814/1827 1815/1815/1827
f 1816/1816/1828 1817/1817/1828 1818/1818/1828
f 1819/1819/1829 1820/1820/1829 1818/1818/1829
f 1821/1821/1830 1818/1818/1830 1820/1820/1830
f 1818/1818/1831 1821/1821/1831 1822/1822/1831
f 1822/1822/1832 1821/1821/1833 1823/1823/1834
f 1823/1823/1834 1821/1821/1833 1824/1824/1835
f 1820/1820/1836 1824/1824/1836 1821/1821/1836
f 1824/1824/1837 1820/1820/1837 1825/1825/1837
f 1826/1826/1838 1827/1827/1838 1828/1828/1838
f 1828/1828/1839 1829/1829/1839 1830/1830/1839
f 1829/1829/1840 1831/1831/1840 1832/1832/1840
f 1827/1827/1841 1833/1833/1841 1834/1834/1841
f 1834/1834/1842 1833/1833/1842 1835/1835/1842
f 1836/1836/1843 1835/1835/1843 1833/1833/1843
f 1835/1835/1844 1837/1837/1844 1834/1834/1844
f 1838/1838/1845 1839/1839/1845 1840/1840/1845
f 1841/1841/1846 1838/1838/1846 1842/1842/1846
f 1843/1843/1847 1841/1841/1847 1844/1844/1847
f 1844/1844/1848 1845/1845/1848 1846/1846/1848
f 1847/1847/1849 1848/1848/1849 1849/1849/1849
f 1850/1850/1850 1849/1849/1850 1851/1851/1850
f 1852/1852/1851 1851/1851/1851 1853/1853/1851
f 1854/1854/1852 1855/1855/1852 1852/1852/1852
f 1856/1856/1853 1857/1857/1853 1858/1858/1853
f 1859/1859/1854 1858/1858/1854 1860/1860/1854
f 1861/1861/1855 1862/1862/1855 1863/1863/1855
f 1863/1863/1856 1864/1864/1856 1865/1865/1856
f 1866/1866/1857 1867/1867/1857 1868/1868/1857
f 1869/1869/1858 1870/1870/1858 1871/1871/1858
f 1872/1872/1859 1873/1873/1859 1874/1874/1859
f 1875/1875/1860 1876/1876/1860 1877/1877/1860
f 1878/1878/1861 1879/1879/1861 1880/1880/1861
f 1881/1881/1862 1882/1882/1862 1883/1883/1862
f 1884/1884/1863 1885/1885/1863 1886/1886/1863
f 1887/1887/1864 1888/1888/1864 1889/1889/1864
f 1890/1890/1865 1891/1891/1865 1892/1892/1865
f 1890/1890/1866 1893/1893/1866 1894/1894/1866
f 1893/1893/1867 1895/1895/1867 1896/1896/1867
f 1897/1897/1868 1898/1898/1868 1892/1892/1868
f 1897/1897/1869 1899/1899/1869 1900/1900/1869
f 1901/1901/1870 1902/1902/1870 1900/1900/1870
f 1903/1903/1871 1901/1901/1871 1904/1904/1871
f 1903/1903/1872 1905/1905/1872 1906/1906/1872
f 1907/1907/1873 1908/1908/1873 1909/1909/1873
f 1910/1910/1874 1911/1911/1874 1912/1912/1874
f 1913/1913/1875 1911/1911/1875 1914/1914/1875
f 1915/1915/1876 1914/1914/1876 1916/1916/1876
f 1917/1917/1877 1916/1916/1877 1918/1918/1877
f 1919/1919/1878 1918/1918/1878 1920/1920/1878
f 1921/1921/1879 1910/1910/1879 1922/1922/1879
f 1921/1921/1880 1923/1923/1880 1924/1924/1880
f 1925/1925/1881 1926/1926/1881 1927/1927/1881
f 1926/1926/1882 1928/1928/1882 1929/1929/1882
f 1930/1930/1883 1931/1931/1883 1929/1929/1883
f 1932/1932/1884 1929/1929/1885 1931/1931/1886
f 1933/1933/1887 1929/1929/1885 1932/1932/1884
f 1929/1929/1888 1933/1933/1888 1927/1927/1888
f 1934/1934/1738 1927/1927/1738 1933/1933/1738
f 1935/1935/1889 1927/1927/1889 1934/1934/1889
f 1927/1927/1890 1935/1935/1890 1936/1936/1890
f 1937/1937/1891 1938/1938/1892 1939/1939/1893
f 1936/1936/1894 1939/1939/1894 1938/1938/1894
f 1935/1935/1895 1939/1939/1895 1936/1936/1895
f 1939/1939/1896 1935/1935/1896 1940/1940/1896
f 1941/1941/1897 1937/1937/1897 1942/1942/1897
f 1939/1939/1893 1942/1942/1898 1937/1937/1891
f 1942/1942/1899 1939/1939/1899 1943/1943/1899
f 1944/1944/1900 1945/1945/1900 1942/1942/1900
f 1942/1942/1901 1945/1945/1901 1941/1941/1901
f 1946/1946/1902 1941/1941/1902 1945/1945/1902
f 1941/1941/1903 1946/1946/1903 1947/1947/1903
f 1948/1948/1904 1947/1947/1904 1946/1946/1904
f 1947/1947/1905 1948/1948/1905 1949/1949/1905
f 1950/1950/1906 1951/1951/1906 1937/1937/1906
f 1951/1951/1907 1952/1952/1907 1953/1953/1907
f 1954/1954/1908 1955/1955/1908 1941/1941/1908
f 1956/1956/1909 1957/1957/1909 1945/1945/1909
f 1957/1957/1910 1958/1958/1910 1946/1946/1910
f 1959/1959/1911 1960/1960/1911 1947/1947/1911
f 1961/1961/1912 1962/1962/1912 1947/1947/1912
f 1958/1958/1913 1963/1963/1913 1964/1964/1913
f 1964/1964/1914 1963/1963/1914 1965/1965/1914
f 1966/1966/1915 1965/1965/1915 1963/1963/1915
f 1965/1965/1916 1966/1966/1916 1967/1967/1916
f 1968/1968/1917 1966/1966/1917 1969/1969/1917
f 1970/1970/1918 1969/1969/1918 1966/1966/1918
f 1969/1969/1919 1970/1970/1919 1971/1971/1919
f 1971/1971/1920 1970/1970/1920 1972/1972/1920
f 1972/1972/1921 1970/1970/1921 1973/1973/1921
f 1973/1973/1922 1970/1970/1922 1963/1963/1922
f 1966/1966/1923 1963/1963/1923 1970/1970/1923
f 1974/1974/1924 1975/1975/1924 1972/1972/1924
f 1972/1972/1925 1975/1975/1925 1971/1971/1925
f 1971/1971/1926 1975/1975/1926 1976/1976/1926
f 1976/1976/1927 1975/1975/1927 1977/1977/1927
f 1978/1978/1928 1977/1977/1928 1975/1975/1928
f 1977/1977/1929 1978/1978/1929 1979/1979/1929
f 1980/1980/1930 1976/1976/1930 1981/1981/1930
f 1977/1977/1931 1981/1981/1931 1976/1976/1931
f 1981/1981/1932 1977/1977/1932 1982/1982/1932
f 1979/1979/1933 1982/1982/1933 1977/1977/1933
f 1982/1982/1934 1979/1979/1934 1983/1983/1934
f 1984/1984/1935 1983/1983/1935 1979/1979/1935
f 1985/1985/1670 1983/1983/1670 1984/1984/1670
f 1986/1986/1936 1983/1983/1937 1985/1985/1938
f 1983/1983/1939 1986/1986/1939 1987/1987/1939
f 1987/1987/1940 1988/1988/1940 1982/1982/1940
f 1989/1989/1941 1990/1990/1941 1991/1991/1941
f 1992/1992/1942 1991/1991/1942 1990/1990/1942
f 1986/1986/1943 1991/1991/1943 1992/1992/1943
f 1985/1985/1938 1991/1991/1944 1986/1986/1936
f 1991/1991/1945 1985/1985/1945 1989/1989/1945
f 1993/1993/1946 1994/1994/1946 1990/1990/1946
f 1990/1990/1947 1994/1994/1947 1992/1992/1947
f 1995/1995/1948 1992/1992/1948 1994/1994/1948
f 1992/1992/1949 1995/1995/1949 1996/1996/1949
f 1997/1997/1950 1998/1998/1950 1986/1986/1950
f 1999/1999/1951 2000/2000/1951 2001/2001/1951
f 2002/2002/1952 2003/2003/1952 2001/2001/1952
f 2004/2004/1953 2005/2005/1953 2003/2003/1953
f 2006/2006/1954 2007/2007/1954 2008/2008/1954
f 2009/2009/1955 2006/2006/1955 2010/2010/1955
f 2011/2011/1956 2012/2012/1956 2013/2013/1956
f 2014/2014/1957 2011/2011/1957 2015/2015/1957
f 2016/2016/1958 2017/2017/1958 2018/2018/1958
f 2019/2019/1959 2020/2020/1959 2021/2021/1959
f 2018/2018/1960 2021/2021/1960 2020/2020/1960
f 2022/2022/1961 1932/1932/1961 2023/2023/1961
f 1931/1931/1962 2023/2023/1962 1932/1932/1962
f 2018/2018/1963 2023/2023/1963 1931/1931/1963
f 2020/2020/1964 2023/2023/1964 2018/2018/1964
f 2023/2023/1965 2020/2020/1965 2024/2024/1965
f 2025/2025/1966 2026/2026/1966 2021/2021/1966
f 2027/2027/1967 2028/2028/1967 2029/2029/1967
f 2030/2030/1968 2029/2029/1968 2031/2031/1968
f 2032/2032/1969 2033/2033/1969 2034/2034/1969
f 2035/2035/1970 2036/2036/1970 2037/2037/1970
f 2038/2038/1971 2037/2037/1971 2039/2039/1971
f 2036/2036/1972 2040/2040/1972 2041/2041/1972
f 2042/2042/1973 2043/2043/1973 2044/2044/1973
f 2043/2043/1974 2045/2045/1974 2046/2046/1974
f 2047/2047/1975 2048/2048/1975 2049/2049/1975
f 2042/2042/1976 2049/2049/1976 2048/2048/1976
f 2050/2050/1977 2047/2047/1977 2051/2051/1977
f 2052/2052/1978 2053/2053/1978 2050/2050/1978
f 2054/2054/1979 2052/2052/1979 2055/2055/1979
f 2056/2056/1980 2057/2057/1980 2058/2058/1980
f 2059/2059/1981 2060/2060/1981 2061/2061/1981
f 1979/1979/1982 2062/2062/1982 2063/2063/1982
f 2064/2064/1983 2065/2065/1983 2066/2066/1983
f 2067/2067/1984 2068/2068/1984 1981/1981/1984
f 2069/2069/1985 2070/2070/1985 2071/2071/1985
f 2072/2072/1986 2073/2073/1986 2074/2074/1986
f 2075/2075/1987 2072/2072/1987 2076/2076/1987
f 2077/2077/1988 2078/2078/1988 2075/2075/1988
f 2079/2079/1989 2080/2080/1989 1971/1971/1989
f 2081/2081/1990 2082/2082/1990 1969/1969/1990
f 2083/2083/1991 2084/2084/1991 2085/2085/1991
f 2086/2086/1992 2087/2087/1992 2088/2088/1992
f 2084/2084/1993 2088/2088/1993 2087/2087/1993
f 2089/2089/1994 2090/2090/1994 2091/2091/1994
f 2092/2092/1995 2093/2093/1995 2094/2094/1995
f 2095/2095/1996 2094/2094/1996 2093/2093/1996
f 2096/2096/1997 2097/2097/1997 2098/2098/1997
f 2099/2099/1998 2098/2098/1998 2097/2097/1998
f 2100/2100/1999 2101/2101/2000 2102/2102/2001
f 2103/2103/2002 2102/2102/2001 2101/2101/2000
f 2104/2104/2003 2105/2105/2004 2106/2106/2005
f 2107/2107/2006 2106/2106/2005 2105/2105/2004
f 2108/2108/2007 2109/2109/2007 2110/2110/2007
f 2111/2111/2008 2110/2110/2008 2109/2109/2008
f 2112/2112/2009 2113/2113/2009 2114/2114/2009
f 2115/2115/2010 2114/2114/2010 2113/2113/2010
f 2116/2116/2011 2117/2117/2011 2118/2118/2011
f 2119/2119/2012 2118/2118/2012 2117/2117/2012
f 2120/2120/2013 2121/2121/2014 2122/2122/2015
f 2120/2120/2016 2123/2123/2016 2121/2121/2016
f 2124/2124/2017 2121/2121/2017 2123/2123/2017
f 2125/2125/2018 2121/2121/2018 2124/2124/2018
f 2121/2121/2019 2125/2125/2019 2126/2126/2019
f 2127/2127/2020 2126/2126/2020 2125/2125/2020
f 2128/2128/2021 2126/2126/2021 2127/2127/2021
f 2126/2126/2022 2128/2128/2022 2129/2129/2022
f 2130/2130/2023 2129/2129/2023 2128/2128/2023
f 2131/2131/2024 2129/2129/2024 2130/2130/2024
f 2132/2132/2025 2129/2129/2025 2131/2131/2025
f 2133/2133/2026 2129/2129/2026 2132/2132/2026
f 2129/2129/2027 2133/2133/2027 2126/2126/2027
f 2126/2126/2028 2133/2133/2028 2121/2121/2028
f 2122/2122/2015 2121/2121/2014 2133/2133/2029
f 2134/2134/2030 2125/2125/2030 2135/2135/2030
f 2125/2125/2031 2134/2134/2031 2127/2127/2031
f 2127/2127/2032 2134/2134/2032 2128/2128/2032
f 2136/2136/2033 2128/2128/2033 2134/2134/2033
f 2128/2128/2034 2136/2136/2034 2130/2130/2034
f 2130/2130/2035 2136/2136/2035 2137/2137/2035
f 2137/2137/2036 2136/2136/2036 2138/2138/2036
f 2138/2138/2037 2136/2136/2037 2139/2139/2037
f 2134/2134/2038 2139/2139/2038 2136/2136/2038
f 2135/2135/2039 2139/2139/2039 2134/2134/2039
f 2139/2139/2040 2135/2135/2040 2140/2140/2040
f 2140/2140/2041 2135/2135/2041 2141/2141/2041
f 2142/2142/2042 2141/2141/2042 2135/2135/2042
f 2143/2143/2043 2141/2141/2043 2142/2142/2043
f 2125/2125/2044 2124/2124/2044 2135/2135/2044
f 2142/2142/2045 2135/2135/2045 2124/2124/2045
f 2144/2144/2046 2145/2145/2046 2146/2146/2046
f 2144/2144/2047 2147/2147/2047 2145/2145/2047
f 2148/2148/2048 2145/2145/2048 2147/2147/2048
f 2145/2145/2049 2148/2148/2049 2149/2149/2049
f 2150/2150/2050 2149/2149/2050 2148/2148/2050
f 2151/2151/2051 2149/2149/2051 2150/2150/2051
f 2149/2149/2052 2151/2151/2052 2152/2152/2052
f 2153/2153/2053 2152/2152/2053 2151/2151/2053
f 2154/2154/2054 2152/2152/2054 2153/2153/2054
f 2155/2155/2055 2152/2152/2055 2154/2154/2055
f 2156/2156/2056 2152/2152/2057 2155/2155/2058
f 2157/2157/2059 2152/2152/2057 2156/2156/2056
f 2152/2152/2060 2157/2157/2060 2149/2149/2060
f 2149/2149/2061 2157/2157/2061 2145/2145/2061
f 2146/2146/2062 2145/2145/2062 2157/2157/2062
f 2158/2158/2063 2151/2151/2063 2159/2159/2063
f 2150/2150/2064 2159/2159/2064 2151/2151/2064
f 2148/2148/2065 2159/2159/2065 2150/2150/2065
f 2159/2159/2066 2148/2148/2066 2160/2160/2066
f 2147/2147/2067 2160/2160/2067 2148/2148/2067
f 2161/2161/2068 2160/2160/2068 2147/2147/2068
f 2162/2162/2069 2160/2160/2069 2161/2161/2069
f 2163/2163/2070 2160/2160/2070 2162/2162/2070
f 2160/2160/2071 2163/2163/2071 2159/2159/2071
f 2159/2159/2072 2163/2163/2072 2158/2158/2072
f 2164/2164/2073 2158/2158/2073 2163/2163/2073
f 2165/2165/2074 2158/2158/2074 2164/2164/2074
f 2158/2158/2075 2165/2165/2075 2166/2166/2075
f 2167/2167/2076 2166/2166/2076 2165/2165/2076
f 2151/2151/2077 2158/2158/2077 2153/2153/2077
f 2166/2166/2078 2153/2153/2078 2158/2158/2078
f 2168/2168/2079 2169/2169/2080 2170/2170/2081
f 2171/2171/2082 2170/2170/2081 2169/2169/2080
f 1612/1612/2083 1621/1621/2084 2172/2172/2085
f 2173/2173/2086 2172/2172/2085 1621/1621/2084
f 2174/2174/2087 2175/2175/2087 2176/2176/2087
f 2177/2177/2088 2176/2176/2088 2175/2175/2088
f 2178/2178/2089 2176/2176/2089 2179/2179/2089
f 2177/2177/2090 2179/2179/2090 2176/2176/2090
f 2179/2179/2091 2177/2177/2091 2180/2180/2091
f 2181/2181/2092 2182/2182/2092 2176/2176/2092
f 2183/2183/2093 2176/2176/2093 2182/2182/2093
f 2184/2184/2094 2176/2176/2094 2183/2183/2094
f 2176/2176/2095 2184/2184/2095 2174/2174/2095
f 2185/2185/2096 2174/2174/2096 2184/2184/2096
f 2186/2186/2097 2187/2187/2097 2188/2188/2097
f 2189/2189/2098 2188/2188/2098 2187/2187/2098
f 2188/2188/2099 2189/2189/2099 2190/2190/2099
f 2191/2191/2100 2190/2190/2100 2189/2189/2100
f 2192/2192/2101 2193/2193/2101 2194/2194/2101
f 2195/2195/2102 2194/2194/2102 2193/2193/2102
f 2187/2187/2103 2194/2194/2103 2195/2195/2103
f 2196/2196/2104 2194/2194/2104 2187/2187/2104
f 2194/2194/2105 2196/2196/2105 2197/2197/2105
f 2198/2198/2106 2199/2199/2106 2200/2200/2106
f 2200/2200/2107 2199/2199/2107 2201/2201/2107
f 2202/2202/2108 2201/2201/2108 2199/2199/2108
f 2201/2201/2109 2202/2202/2109 2203/2203/2109
f 2204/2204/2110 2205/2205/2110 2206/2206/2110
f 2207/2207/2111 2206/2206/2111 2205/2205/2111
f 2208/2208/2112 2206/2206/2112 2207/2207/2112
f 2206/2206/2113 2208/2208/2113 2209/2209/2113
f 2210/2210/2114 2211/2211/2114 2212/2212/2114
f 2213/2213/2115 2212/2212/2115 2211/2211/2115
f 2212/2212/2116 2213/2213/2116 2214/2214/2116
f 2204/2204/2117 2214/2214/2117 2213/2213/2117
f 2214/2214/2118 2204/2204/2118 2215/2215/2118
f 2215/2215/2119 2204/2204/2119 2216/2216/2119
f 2216/2216/2120 2204/2204/2120 2217/2217/2120
f 2218/2218/2121 2217/2217/2121 2204/2204/2121
f 2219/2219/2122 2220/2220/2122 2221/2221/2122
f 2221/2221/2123 2220/2220/2123 2222/2222/2123
f 2223/2223/2124 2222/2222/2124 2220/2220/2124
f 2222/2222/2125 2223/2223/2125 2224/2224/2125
f 2225/2225/2126 2226/2226/2126 2227/2227/2126
f 2223/2223/2127 2227/2227/2127 2226/2226/2127
f 2228/2228/2128 2227/2227/2128 2223/2223/2128
f 2229/2229/2129 2227/2227/2129 2228/2228/2129
f 2227/2227/2130 2229/2229/2130 2230/2230/2130
f 2231/2231/2131 2232/2232/2132 2233/2233/2133
f 2234/2234/2134 2233/2233/2133 2232/2232/2132
f 2235/2235/2135 2233/2233/2135 2234/2234/2135
f 2233/2233/2136 2235/2235/2136 2236/2236/2136
f 2237/2237/2137 2238/2238/2137 2239/2239/2137
f 2239/2239/2138 2238/2238/2138 2240/2240/2138
f 2241/2241/2139 2240/2240/2139 2238/2238/2139
f 2240/2240/2140 2241/2241/2140 2236/2236/2140
f 2242/2242/2141 2236/2236/2141 2241/2241/2141
f 2243/2243/2142 2236/2236/2142 2242/2242/2142
f 2244/2244/2143 2236/2236/2143 2243/2243/2143
f 2236/2236/2144 2244/2244/2144 2245/2245/2144
f 2246/2246/2145 2247/2247/2145 2248/2248/2145
f 2248/2248/2146 2247/2247/2146 2249/2249/2146
f 2249/2249/2147 2247/2247/2147 2250/2250/2147
f 2251/2251/2148 2250/2250/2148 2247/2247/2148
f 2247/2247/2149 2246/2246/2149 2252/2252/2149
f 2253/2253/2150 2252/2252/2150 2246/2246/2150
f 2252/2252/2151 2253/2253/2151 2254/2254/2152
f 2255/2255/2153 2254/2254/2152 2253/2253/2151
f 2256/2256/2154 2254/2254/2152 2255/2255/2153
f 2254/2254/2154 2256/2256/2154 2257/2257/2154
f 2258/2258/2155 2257/2257/2155 2256/2256/2155
f 2257/2257/2155 2258/2258/2155 2259/2259/2155
f 2260/2260/2156 2259/2259/2156 2258/2258/2156
f 2259/2259/2156 2260/2260/2156 2261/2261/2156
f 2262/2262/2157 2261/2261/2157 2260/2260/2157
f 2261/2261/2158 2262/2262/2158 2263/2263/2158
f 2263/2263/2159 2262/2262/2160 2264/2264/2161
f 2265/2265/2162 2264/2264/2161 2262/2262/2160
f 2266/2266/2163 2267/2267/2164 2268/2268/2165
f 2269/2269/2166 2268/2268/2166 2267/2267/2166
f 2270/2270/2167 2268/2268/2167 2269/2269/2167
f 2268/2268/2168 2270/2270/2168 2271/2271/2168
f 2272/2272/2169 2266/2266/2163 2268/2268/2165
f 2266/2266/2150 2272/2272/2150 2273/2273/2150
f 2274/2274/2151 2273/2273/2151 2272/2272/2151
f 2273/2273/2151 2274/2274/2154 2275/2275/2153
f 2275/2275/2153 2274/2274/2154 2276/2276/2154
f 2277/2277/2154 2276/2276/2154 2274/2274/2154
f 2276/2276/2155 2277/2277/2155 2278/2278/2155
f 2279/2279/2155 2278/2278/2155 2277/2277/2155
f 2278/2278/2156 2279/2279/2156 2280/2280/2156
f 2281/2281/2156 2280/2280/2156 2279/2279/2156
f 2280/2280/2157 2281/2281/2157 2282/2282/2157
f 2283/2283/2170 2282/2282/2170 2281/2281/2170
f 2284/2284/2171 2282/2282/2171 2283/2283/2171
f 2285/2285/2172 2282/2282/2172 2284/2284/2172
f 2286/2286/2173 2287/2287/2173 2288/2288/2173
f 2289/2289/2174 2288/2288/2174 2287/2287/2174
f 2288/2288/2175 2289/2289/2175 2290/2290/2175
f 2291/2291/2176 2287/2287/2176 2292/2292/2176
f 2286/2286/2177 2292/2292/2177 2287/2287/2177
f 2292/2292/2178 2286/2286/2178 2293/2293/2178
f 2293/2293/2179 2286/2286/2179 2294/2294/2179
f 2288/2288/2180 2294/2294/2180 2286/2286/2180
f 2294/2294/2181 2288/2288/2182 2295/2295/2183
f 2296/2296/2184 2293/2293/2184 2297/2297/2184
f 2294/2294/2185 2297/2297/2185 2293/2293/2185
f 2297/2297/2186 2294/2294/2186 2298/2298/2186
f 2295/2295/2183 2298/2298/2187 2294/2294/2181
f 2298/2298/2188 2295/2295/2188 2299/2299/2188
f 2299/2299/2189 2295/2295/2189 2300/2300/2189
f 2288/2288/2190 2300/2300/2190 2295/2295/2190
f 2300/2300/2191 2288/2288/2191 2301/2301/2191
f 2290/2290/2192 2301/2301/2192 2288/2288/2192
f 2301/2301/2193 2290/2290/2193 2302/2302/2193
f 2303/2303/2194 2304/2304/2194 2305/2305/2194
f 2306/2306/2195 2305/2305/2195 2304/2304/2195
f 2305/2305/2196 2306/2306/2196 2307/2307/2196
f 2308/2308/2197 2305/2305/2198 2309/2309/2199
f 2307/2307/2200 2309/2309/2200 2305/2305/2200
f 2309/2309/2201 2307/2307/2201 2310/2310/2201
f 2310/2310/2202 2307/2307/2202 2311/2311/2202
f 2306/2306/2203 2311/2311/2203 2307/2307/2203
f 2311/2311/2204 2306/2306/2204 2312/2312/2204
f 2313/2313/2205 2303/2303/2205 2314/2314/2205
f 2305/2305/2206 2314/2314/2206 2303/2303/2206
f 2314/2314/2207 2305/2305/2207 2315/2315/2207
f 2308/2308/2208 2315/2315/2208 2305/2305/2208
f 2315/2315/2209 2308/2308/2209 2316/2316/2209
f 2316/2316/2210 2308/2308/2210 2317/2317/2210
f 2309/2309/2199 2317/2317/2211 2308/2308/2197
f 2317/2317/2212 2309/2309/2212 2318/2318/2212
f 2310/2310/2213 2318/2318/2213 2309/2309/2213
f 2319/2319/2214 2318/2318/2214 2310/2310/2214
f 2320/2320/2215 2321/2321/2215 2322/2322/2215
f 2322/2322/2216 2321/2321/2217 2323/2323/2218
f 2323/2323/2218 2321/2321/2217 2324/2324/2219
f 2325/2325/2220 2324/2324/2220 2321/2321/2220
f 2324/2324/2221 2325/2325/2221 2326/2326/2221
f 2327/2327/2222 2328/2328/2223 2329/2329/2224
f 2330/2330/2225 2329/2329/2224 2328/2328/2223
f 2329/2329/2226 2330/2330/2226 2331/2331/2227
f 2331/2331/2227 2330/2330/2226 2332/2332/2227
f 2333/2333/2228 2332/2332/2228 2330/2330/2228
f 2334/2334/2229 2335/2335/2230 2336/2336/2231
f 2336/2336/2231 2335/2335/2230 2337/2337/2232
f 2338/2338/2233 2337/2337/2232 2335/2335/2230
f 2337/2337/2232 2338/2338/2233 2339/2339/2234
f 2340/2340/2235 2339/2339/2234 2338/2338/2233
f 2339/2339/2234 2340/2340/2235 2341/2341/2236
f 2342/2342/2237 2343/2343/2237 2344/2344/2237
f 2345/2345/2238 2344/2344/2238 2343/2343/2238
f 2344/2344/2239 2345/2345/2239 2346/2346/2239
f 2347/2347/2240 2346/2346/2240 2345/2345/2240
f 2346/2346/2241 2347/2347/2241 2348/2348/2241
f 2349/2349/2242 2348/2348/2242 2347/2347/2242
f 2350/2350/2243 2351/2351/2244 2352/2352/2245
f 2353/2353/2246 2352/2352/2245 2351/2351/2244
f 2352/2352/2245 2353/2353/2246 2354/2354/2247
f 2355/2355/2248 2354/2354/2247 2353/2353/2246
f 2354/2354/2247 2355/2355/2248 2356/2356/2249
f 2357/2357/2250 2356/2356/2249 2355/2355/2248
f 2358/2358/2251 2359/2359/2251 2360/2360/2251
f 2360/2360/2252 2359/2359/2252 2361/2361/2252
f 2361/2361/2253 2359/2359/2253 2362/2362/2253
f 2363/2363/2254 2362/2362/2254 2359/2359/2254
f 2364/2364/2255 2362/2362/2255 2363/2363/2255
f 2362/2362/2256 2364/2364/2256 2365/2365/2256
f 2366/2366/2257 2367/2367/2257 2368/2368/2257
f 2369/2369/2257 2368/2368/2257 2367/2367/2257
f 2368/2368/2258 2369/2369/2258 2370/2370/2258
f 2371/2371/2259 2370/2370/2259 2369/2369/2259
f 2372/2372/2260 2370/2370/2260 2371/2371/2260
f 2370/2370/2261 2372/2372/2261 2373/2373/2261
f 2367/2367/2262 2366/2366/2262 2374/2374/2262
f 2375/2375/2262 2374/2374/2262 2366/2366/2262
f 2374/2374/2263 2375/2375/2263 2376/2376/2263
f 2377/2377/2263 2376/2376/2263 2375/2375/2263
f 2378/2378/2264 2376/2376/2264 2377/2377/2264
f 2376/2376/2265 2378/2378/2265 2379/2379/2265
f 2379/2379/2266 2378/2378/2267 2380/2380/2266
f 2381/2381/2267 2380/2380/2266 2378/2378/2267
f 2382/2382/2268 2380/2380/2268 2381/2381/2268
f 2380/2380/2269 2382/2382/2269 2383/2383/2269
f 2383/2383/2270 2382/2382/2270 2384/2384/2270
f 2384/2384/2271 2382/2382/2271 2385/2385/2271
f 2386/2386/2272 2385/2385/2272 2382/2382/2272
f 2387/2387/2273 2385/2385/2273 2386/2386/2273
f 2388/2388/2274 2389/2389/2275 2390/2390/2276
f 2391/2391/2277 2390/2390/2276 2389/2389/2275
f 2392/2392/2278 2390/2390/2278 2391/2391/2278
f 2393/2393/2279 2390/2390/2279 2392/2392/2279
f 2390/2390/2280 2393/2393/2280 2394/2394/2280
f 2395/2395/2281 2394/2394/2281 2393/2393/2281
f 2396/2396/2282 2389/2389/2282 2388/2388/2282
f 2389/2389/2283 2396/2396/2283 2397/2397/2283
f 2397/2397/2284 2396/2396/2285 2398/2398/2286
f 2399/2399/2264 2398/2398/2286 2396/2396/2285
f 2400/2400/2263 2398/2398/2263 2399/2399/2263
f 2398/2398/2263 2400/2400/2263 2401/2401/2263
f 2402/2402/2262 2401/2401/2262 2400/2400/2262
f 2401/2401/2262 2402/2402/2262 2403/2403/2262
f 2404/2404/2257 2403/2403/2257 2402/2402/2257
f 2403/2403/2257 2404/2404/2257 2405/2405/2257
f 2406/2406/2258 2405/2405/2258 2404/2404/2258
f 2405/2405/2287 2406/2406/2287 2407/2407/2287
f 2407/2407/2288 2406/2406/2288 2408/2408/2288
f 2409/2409/2289 2408/2408/2289 2406/2406/2289
f 2410/2410/2290 2411/2411/2290 2412/2412/2290
f 2413/2413/2291 2412/2412/2291 2411/2411/2291
f 2412/2412/2292 2413/2413/2293 2414/2414/2294
f 2414/2414/2294 2413/2413/2293 2415/2415/2295
f 2415/2415/2296 2413/2413/2297 2416/2416/2298
f 2416/2416/2298 2413/2413/2297 2417/2417/2299
f 2411/2411/2300 2417/2417/2300 2413/2413/2300
f 2417/2417/2301 2411/2411/2301 2418/2418/2301
f 2419/2419/2302 2420/2420/2302 2421/2421/2302
f 2421/2421/2303 2420/2420/2303 2422/2422/2303
f 2423/2423/2304 2422/2422/2304 2420/2420/2304
f 2422/2422/2305 2423/2423/2305 2424/2424/2305
f 2425/2425/2306 2424/2424/2306 2423/2423/2306
f 2424/2424/2307 2425/2425/2308 2426/2426/2309
f 2427/2427/2310 2426/2426/2309 2425/2425/2308
f 2428/2428/2311 2426/2426/2311 2427/2427/2311
f 2426/2426/2312 2428/2428/2312 2429/2429/2312
f 2428/2428/2313 2427/2427/2313 2430/2430/2313
f 2430/2430/2314 2427/2427/2314 2431/2431/2314
f 2431/2431/2315 2427/2427/2316 2432/2432/2317
f 2425/2425/2318 2432/2432/2317 2427/2427/2316
f 2432/2432/2319 2425/2425/2319 2433/2433/2319
f 2423/2423/2320 2433/2433/2320 2425/2425/2320
f 2420/2420/2321 2433/2433/2321 2423/2423/2321
f 2433/2433/2322 2420/2420/2322 2432/2432/2322
f 2434/2434/2323 2435/2435/2323 2436/2436/2323
f 2437/2437/2324 2436/2436/2324 2435/2435/2324
f 2436/2436/2325 2437/2437/2325 2438/2438/2325
f 2439/2439/2326 2438/2438/2326 2437/2437/2326
f 2438/2438/2327 2439/2439/2327 2440/2440/2327
f 2441/2441/2328 2440/2440/2328 2439/2439/2328
f 2440/2440/2329 2441/2441/2329 2442/2442/2329
f 2442/2442/2330 2441/2441/2330 2443/2443/2330
f 2444/2444/2331 2443/2443/2331 2441/2441/2331
f 2443/2443/2332 2445/2445/2332 2442/2442/2332
f 2446/2446/2333 2442/2442/2333 2445/2445/2333
f 2447/2447/2334 2442/2442/2334 2446/2446/2334
f 2442/2442/2335 2447/2447/2335 2440/2440/2335
f 2448/2448/2336 2440/2440/2336 2447/2447/2336
f 2440/2440/2337 2448/2448/2337 2438/2438/2337
f 2438/2438/2338 2448/2448/2338 2436/2436/2338
f 2447/2447/2339 2436/2436/2339 2448/2448/2339
f 2449/2449/2340 2450/2450/2340 2451/2451/2340
f 2452/2452/2341 2451/2451/2341 2450/2450/2341
f 2451/2451/2342 2452/2452/2342 2453/2453/2342
f 2454/2454/2343 2453/2453/2344 2452/2452/2345
f 2453/2453/2346 2454/2454/2346 2455/2455/2346
f 2456/2456/2347 2455/2455/2347 2454/2454/2347
f 2455/2455/2348 2456/2456/2348 2457/2457/2348
f 2457/2457/2349 2456/2456/2349 2458/2458/2349
f 2459/2459/2350 2458/2458/2350 2456/2456/2350
f 2458/2458/2351 2459/2459/2351 2460/2460/2351
f 2461/2461/2352 2460/2460/2352 2459/2459/2352
f 2460/2460/2353 2461/2461/2353 2462/2462/2353
f 2463/2463/2354 2464/2464/2354 2465/2465/2354
f 2466/2466/2355 2465/2465/2355 2464/2464/2355
f 2461/2461/2356 2465/2465/2356 2466/2466/2356
f 2459/2459/2357 2465/2465/2357 2461/2461/2357
f 2456/2456/2358 2465/2465/2358 2459/2459/2358
f 2454/2454/2359 2465/2465/2359 2456/2456/2359
f 2465/2465/2360 2454/2454/2360 2463/2463/2360
f 2452/2452/2345 2463/2463/2361 2454/2454/2343
f 2450/2450/2362 2463/2463/2362 2452/2452/2362
f 2467/2467/2363 2463/2463/2363 2450/2450/2363
f 2463/2463/2364 2467/2467/2364 2464/2464/2364
f 2468/2468/2365 2464/2464/2365 2467/2467/2365
f 2469/2469/2366 2470/2470/2366 2471/2471/2366
f 2472/2472/2367 2471/2471/2367 2470/2470/2367
f 2471/2471/2368 2472/2472/2368 2473/2473/2368
f 2474/2474/2369 2473/2473/2369 2472/2472/2369
f 2473/2473/2370 2474/2474/2370 2475/2475/2370
f 2475/2475/2371 2474/2474/2371 2476/2476/2371
f 2477/2477/2372 2476/2476/2372 2474/2474/2372
f 2476/2476/2373 2477/2477/2373 2478/2478/2373
f 2479/2479/2374 2478/2478/2375 2477/2477/2376
f 2478/2478/2377 2479/2479/2377 2480/2480/2377
f 2481/2481/2378 2480/2480/2378 2479/2479/2378
f 2480/2480/2379 2481/2481/2379 2482/2482/2379
f 2483/2483/2380 2484/2484/2380 2485/2485/2380
f 2485/2485/2381 2484/2484/2381 2486/2486/2381
f 2481/2481/2382 2486/2486/2382 2484/2484/2382
f 2479/2479/2383 2486/2486/2383 2481/2481/2383
f 2477/2477/2376 2486/2486/2384 2479/2479/2374
f 2486/2486/2385 2477/2477/2385 2487/2487/2385
f 2474/2474/2386 2487/2487/2386 2477/2477/2386
f 2472/2472/2387 2487/2487/2387 2474/2474/2387
f 2470/2470/2388 2487/2487/2388 2472/2472/2388
f 2488/2488/2389 2487/2487/2389 2470/2470/2389
f 2485/2485/2390 2487/2487/2390 2488/2488/2390
f 2487/2487/2391 2485/2485/2391 2486/2486/2391
f 2489/2489/2392 2490/2490/2392 2491/2491/2392
f 2492/2492/2393 2491/2491/2393 2490/2490/2393
f 2493/2493/2394 2491/2491/2394 2492/2492/2394
f 2491/2491/2395 2493/2493/2395 2494/2494/2395
f 2495/2495/2396 2494/2494/2396 2493/2493/2396
f 2494/2494/2397 2495/2495/2397 2496/2496/2397
f 2497/2497/2398 2496/2496/2398 2495/2495/2398
f 2498/2498/2399 2496/2496/2399 2497/2497/2399
f 2499/2499/2400 2496/2496/2400 2498/2498/2400
f 2500/2500/2401 2496/2496/2401 2499/2499/2401
f 2496/2496/2402 2500/2500/2402 2494/2494/2402
f 2494/2494/2403 2500/2500/2403 2491/2491/2403
f 2501/2501/2404 2491/2491/2404 2500/2500/2404
f 2491/2491/2405 2501/2501/2405 2489/2489/2405
f 2502/2502/2406 2503/2503/2406 2504/2504/2406
f 2505/2505/2407 2506/2506/2407 2507/2507/2407
f 2508/2508/2408 2509/2509/2408 2510/2510/2408
f 2511/2511/2409 2512/2512/2409 2513/2513/2409
f 2514/2514/2410 2515/2515/2410 2516/2516/2410
f 2517/2517/2411 2518/2518/2411 2519/2519/2411
f 2520/2520/2412 2521/2521/2412 2522/2522/2412
f 2523/2523/2413 2524/2524/2413 2525/2525/2413
f 2526/2526/2414 2527/2527/2414 2528/2528/2414
f 2529/2529/2415 2530/2530/2415 2531/2531/2415
f 2532/2532/2416 2533/2533/2416 2534/2534/2416
f 2535/2535/2417 2536/2536/2417 2537/2537/2417
f 2538/2538/2418 2539/2539/2418 2540/2540/2418
f 2541/2541/2419 2542/2542/2419 2540/2540/2419
f 2543/2543/2420 2541/2541/2420 2544/2544/2420
f 2539/2539/2421 2545/2545/2421 2546/2546/2421
f 2547/2547/2422 2546/2546/2422 2545/2545/2422
f 2548/2548/2423 2549/2549/2423 2550/2550/2423
f 2551/2551/2424 2552/2552/2424 2553/2553/2424
f 2554/2554/2425 2555/2555/2425 2556/2556/2425
f 2551/2551/2426 2556/2556/2426 2555/2555/2426
f 2557/2557/2427 2558/2558/2427 2556/2556/2427
f 2559/2559/2428 2556/2556/2428 2558/2558/2428
f 2560/2560/2429 2556/2556/2429 2559/2559/2429
f 2556/2556/2430 2560/2560/2430 2554/2554/2430
f 2561/2561/2431 2554/2554/2431 2560/2560/2431
f 2554/2554/2432 2561/2561/2432 2562/2562/2432
f 2562/2562/2433 2561/2561/2433 2563/2563/2433
f 2564/2564/2434 2563/2563/2434 2561/2561/2434
f 2555/2555/2435 2562/2562/2435 2565/2565/2435
f 2566/2566/2436 2565/2565/2436 2562/2562/2436
f 2567/2567/2437 2559/2559/2437 2568/2568/2437
f 2569/2569/2438 2570/2570/2438 2571/2571/2438
f 2572/2572/2439 2569/2569/2439 2573/2573/2439
f 2574/2574/2440 2575/2575/2440 2576/2576/2440
f 2577/2577/2441 2578/2578/2441 2579/2579/2441
f 2576/2576/2442 2579/2579/2442 2578/2578/2442
f 2580/2580/2443 2577/2577/2443 2581/2581/2443
f 2579/2579/2444 2581/2581/2444 2577/2577/2444
f 2581/2581/2445 2579/2579/2445 2582/2582/2445
f 2583/2583/2446 2584/2584/2446 2585/2585/2446
f 2586/2586/2447 2587/2587/2447 2588/2588/2447
f 2589/2589/2448 2588/2588/2448 2587/2587/2448
f 2590/2590/2449 2591/2591/2450 2592/2592/2451
f 2593/2593/2452 2592/2592/2451 2591/2591/2450
f 2594/2594/2453 2595/2595/2454 2596/2596/2455
f 2597/2597/2456 2596/2596/2455 2595/2595/2454
f 2598/2598/2457 2599/2599/2457 2600/2600/2457
f 2601/2601/2458 2600/2600/2458 2599/2599/2458
f 2602/2602/2459 2603/2603/2459 2604/2604/2459
f 2600/2600/2460 2604/2604/2460 2603/2603/2460
f 2605/2605/2461 2604/2604/2461 2600/2600/2461
f 2606/2606/2462 2604/2604/2462 2605/2605/2462
f 2604/2604/2463 2606/2606/2463 2607/2607/2463
f 2608/2608/2464 2609/2609/2465 2610/2610/2466
f 2611/2611/2467 2610/2610/2466 2609/2609/2465
f 2612/2612/2468 2613/2613/2468 2614/2614/2468
f 2615/2615/2469 2614/2614/2469 2613/2613/2469
f 2614/2614/2470 2615/2615/2470 2616/2616/2470
f 2617/2617/2471 2616/2616/2471 2615/2615/2471
f 2616/2616/2472 2617/2617/2472 2618/2618/2472
f 2619/2619/2473 2618/2618/2473 2617/2617/2473
o rg_1_0.008
v 0.000000 1.162139 -0.072523
v 0.000000 1.172578 -0.061901
v -0.044320 1.191197 -0.090409
v -0.044320 1.191197 -0.090409
v -0.023808 1.183383 -0.107625
v -0.036445 1.180087 -0.094683
v 0.000000 1.165008 -0.114156
v 0.000000 1.183139 -0.117819
v -0.027837 1.201331 -0.109029
v -0.044320 1.191197 -0.090409
v -0.052622 1.206398 -0.082412
v -0.055247 1.219034 -0.074110
v -0.028325 1.197851 -0.055186
v 0.000000 1.202735 -0.120200
v -0.033820 1.224651 -0.107197
v 0.000000 1.227459 -0.118246
v 0.000000 1.249252 -0.109334
v -0.021977 1.251389 -0.098956
v -0.044014 1.251633 -0.090226
v -0.032171 1.208290 -0.042488
v -0.052317 1.243147 -0.042793
v -0.056590 1.258898 -0.045723
v -0.050302 1.258898 -0.069715
v -0.044320 1.191197 -0.090409
v 0.000000 1.172578 -0.061901
v 0.000000 1.199011 -0.055918
v -0.032171 1.208290 -0.042488
v 0.028325 1.187351 -0.055186
v 0.042732 1.191197 -0.090409
v 0.052683 1.206398 -0.082412
v 0.055308 1.219034 -0.074110
v 0.027837 1.201331 -0.109029
v 0.042732 1.191197 -0.090409
v 0.023808 1.183383 -0.107625
v 0.000000 1.199011 -0.055918
v 0.032171 1.208290 -0.042488
v 0.052378 1.243147 -0.042793
v 0.056651 1.258898 -0.045723
v 0.050363 1.258898 -0.069715
v 0.044075 1.251633 -0.090226
v 0.033881 1.224651 -0.107197
v 0.042732 1.191197 -0.090409
v 0.036445 1.180087 -0.094683
v 0.000000 1.165008 -0.114156
v 0.000000 1.183139 -0.117819
v 0.027837 1.201331 -0.109029
v 0.000000 1.202735 -0.120200
v 0.033881 1.224651 -0.107197
v 0.000000 1.227459 -0.118246
v 0.000000 1.249252 -0.109334
v 0.022038 1.251389 -0.098956
v 0.044075 1.251633 -0.090226
v 0.023808 1.183383 -0.107625
v 0.036445 1.180087 -0.094683
v -0.036445 1.180087 -0.094683
v 0.000000 1.162139 -0.072523
v -0.044320 1.191197 -0.090409
v 0.042732 1.191197 -0.090409
v 0.000000 1.172578 -0.061901
v 0.000000 1.162139 -0.072523
v 0.042732 1.191197 -0.090409
v 0.000000 1.162139 -0.072523
v 0.036445 1.180087 -0.094683
v -0.005616 0.949026 -0.093157
v -0.013674 0.968012 -0.103840
v -0.015994 0.949698 -0.103840
v -0.015994 0.949698 -0.103840
v -0.009584 0.930896 -0.103840
v 0.000000 0.919236 -0.099139
v 0.000000 0.929369 -0.097002
v -0.009584 0.930896 -0.103840
v 0.000000 0.952628 -0.098651
v -0.013674 0.968012 -0.103840
v 0.013674 0.968012 -0.103840
v 0.005616 0.949026 -0.093157
v 0.009645 0.930896 -0.103840
v 0.000000 0.919236 -0.099139
v 0.013674 0.968012 -0.103840
v 0.015994 0.949698 -0.103840
v 0.009645 0.930896 -0.103840
v 0.005616 0.949026 -0.114462
v 0.000000 0.952628 -0.109700
v 0.000000 0.929369 -0.110677
v 0.013674 0.968012 -0.103840
v 0.015994 0.949698 -0.103840
v 0.009645 0.930896 -0.103840
v 0.000000 0.919236 -0.108418
v -0.005616 0.949026 -0.114462
v -0.009584 0.930896 -0.103840
v 0.000000 0.919236 -0.108418
v -0.013674 0.968012 -0.103840
v -0.015994 0.949698 -0.103840
v -0.003419 0.916550 -0.095782
v -0.009584 0.930896 -0.103840
v -0.011233 0.917038 -0.103840
v -0.011233 0.917038 -0.103840
v -0.009584 0.906965 -0.103840
v 0.009584 0.906965 -0.103840
v 0.003419 0.916550 -0.095782
v 0.000000 0.895306 -0.103840
v 0.000000 0.905439 -0.097002
v -0.009584 0.906965 -0.103840
v -0.009584 0.930896 -0.103840
v 0.000000 0.919236 -0.099139
v 0.009645 0.930896 -0.103840
v 0.011233 0.917038 -0.103840
v 0.009645 0.930896 -0.103840
v 0.000000 0.919236 -0.108418
v -0.003419 0.916550 -0.111898
v 0.000000 0.905439 -0.110677
v 0.003419 0.916550 -0.111898
v -0.011233 0.917038 -0.103840
v -0.009584 0.906965 -0.103840
v 0.000000 0.895306 -0.103840
v 0.009584 0.906965 -0.103840
v 0.011233 0.917038 -0.103840
v 0.009645 0.930896 -0.103840
v 0.009584 0.906965 -0.103840
v 0.011233 0.917038 -0.103840
v 0.007448 0.881936 -0.103718
v 0.012759 0.870948 -0.103718
v -0.000488 0.870704 -0.112997
v -0.007814 0.834870 -0.103718
v -0.003907 0.847445 -0.105915
v -0.001160 0.846346 -0.103718
v -0.000488 0.857274 -0.110799
v 0.002442 0.847445 -0.105915
v 0.008791 0.856724 -0.103718
v 0.012759 0.870948 -0.103718
v -0.007814 0.834870 -0.103718
v -0.005189 0.847995 -0.103718
v -0.009828 0.857823 -0.103718
v -0.013858 0.870399 -0.103718
v -0.001526 0.880288 -0.108907
v -0.010500 0.878640 -0.103718
v -0.003846 0.884134 -0.103718
v 0.007448 0.881936 -0.103718
v 0.008791 0.856724 -0.103718
v 0.006105 0.848544 -0.103718
v 0.000122 0.839753 -0.103718
v -0.001160 0.846346 -0.103718
v -0.001160 0.846346 -0.103718
v -0.003907 0.847445 -0.101459
v -0.000488 0.857274 -0.096636
v -0.009828 0.857823 -0.103718
v -0.005189 0.847995 -0.103718
v 0.000122 0.839753 -0.103718
v 0.002442 0.847445 -0.101459
v 0.006105 0.848544 -0.103718
v 0.008791 0.856724 -0.103718
v -0.000488 0.870704 -0.094439
v 0.012759 0.870948 -0.103718
v 0.007448 0.881936 -0.103718
v -0.001526 0.880288 -0.098468
v -0.003846 0.884134 -0.103718
v -0.010500 0.878640 -0.103718
v -0.013858 0.870399 -0.103718
v 0.013064 1.335633 0.067212
v 0.028203 1.360784 0.080398
v 0.011965 1.379464 0.073561
v 0.015078 1.394848 0.033148
v 0.011965 1.379464 0.073561
v 0.030523 1.381723 0.068494
v 0.028203 1.360784 0.080398
v 0.056041 1.367926 0.062573
v 0.037360 1.391002 0.040047
v 0.013491 1.397167 -0.020572
v 0.053660 1.330139 -0.094011
v 0.047982 1.364996 -0.065380
v 0.069776 1.347598 -0.018680
v 0.054209 1.372566 -0.021793
v 0.058727 1.373848 0.034919
v 0.067456 1.333069 0.045968
v 0.054209 1.372566 -0.021793
v 0.033942 1.395641 -0.018558
v -0.000183 1.376900 -0.083450
v 0.000000 1.342958 -0.108357
v 0.000000 1.293267 -0.119834
v 0.051096 1.291985 -0.105488
v 0.000061 1.267078 -0.107441
v 0.042488 1.268543 -0.100726
v 0.000122 1.258165 -0.106037
v 0.040901 1.260607 -0.093706
v 0.059581 1.282156 -0.046456
v 0.066052 1.300165 -0.037116
v -0.041939 1.394542 0.031622
v -0.057933 1.367316 0.032843
v -0.057261 1.356572 0.073256
v -0.069227 1.348880 -0.017215
v -0.056712 1.378243 -0.015322
v -0.041939 1.394542 0.031622
v -0.064892 1.281790 -0.009950
v -0.073805 1.308589 -0.021061
v -0.066052 1.300165 -0.037116
v -0.050729 1.335389 -0.092302
v -0.042671 1.373543 -0.069226
v -0.043526 1.396923 -0.016971
v -0.041939 1.394542 0.031622
v -0.059581 1.282156 -0.046456
v -0.043953 1.261034 -0.093706
v -0.045174 1.269214 -0.098345
v 0.000122 1.258165 -0.106037
v 0.000061 1.267078 -0.107441
v -0.047006 1.294182 -0.106587
v 0.000000 1.293267 -0.119834
v 0.000000 1.342958 -0.108357
v -0.000183 1.376900 -0.083450
v -0.018924 1.396496 -0.020572
v -0.043526 1.396923 -0.016971
v -0.041939 1.394542 0.031622
v -0.018924 1.396496 -0.020572
v -0.043526 1.396923 -0.016971
v -0.000305 1.384714 0.032782
v -0.000183 1.387766 -0.019840
v -0.018802 1.397778 0.032660
v -0.018924 1.396496 -0.020572
v -0.000183 1.376900 -0.083450
v 0.033575 1.337708 0.056346
v 0.028203 1.360784 0.080398
v 0.013064 1.335633 0.067212
v 0.013491 1.397167 -0.020572
v 0.033942 1.395641 -0.018558
v -0.000183 1.376900 -0.083450
v 0.054209 1.372566 -0.021793
v 0.047982 1.364996 -0.065380
v -0.021794 1.366156 0.079177
v -0.007387 1.363653 0.068311
v -0.018436 1.382944 0.065686
v -0.000733 1.359685 0.063305
v -0.000305 1.384714 0.032782
v -0.018802 1.397778 0.032660
v 0.000000 1.330871 0.073012
v -0.013003 1.335633 0.067212
v -0.007387 1.363653 0.068311
v -0.029546 1.380502 0.073439
v -0.018802 1.397778 0.032660
v -0.018924 1.396496 -0.020572
v -0.021794 1.366156 0.079177
v -0.031073 1.370429 0.080398
v -0.041206 1.376351 0.079116
v -0.057261 1.356572 0.073256
v -0.046029 1.355168 0.073683
v -0.021794 1.366156 0.079177
v -0.013674 0.968012 -0.103840
v 0.000000 0.952628 -0.098651
v 0.000000 0.966058 -0.094744
v 0.013674 0.968012 -0.103840
v 0.016727 1.016055 -0.103840
v 0.000000 0.996887 -0.097002
v 0.010622 0.992491 -0.090593
v 0.013674 0.968012 -0.103840
v 0.019596 0.993285 -0.103840
v 0.016727 1.016055 -0.103840
v -0.016666 1.016055 -0.103840
v -0.019596 0.993285 -0.103840
v -0.010622 0.992491 -0.090593
v -0.013674 0.968012 -0.103840
v -0.016666 1.016055 -0.103840
v 0.010622 0.992491 -0.117087
v 0.000000 0.996887 -0.111043
v 0.000000 0.966058 -0.112875
v -0.010622 0.992491 -0.117087
v 0.019596 0.993285 -0.103840
v 0.013674 0.968012 -0.103840
v 0.000000 0.952628 -0.109700
v -0.013674 0.968012 -0.103840
v -0.019596 0.993285 -0.103840
v -0.016666 1.016055 -0.103840
v 0.013491 1.397167 -0.020572
v 0.037360 1.391002 0.040047
v 0.033942 1.395641 -0.018558
v 0.054209 1.372566 -0.021793
v -0.000183 1.376900 -0.083450
v -0.000183 1.387766 -0.019840
v 0.013491 1.397167 -0.020572
v 0.015078 1.394848 0.033148
v 0.011965 1.379464 0.073561
v 0.015078 1.394848 0.033148
v -0.000305 1.384714 0.032782
v -0.000183 1.387766 -0.019840
v -0.016666 1.016055 -0.103840
v 0.000000 0.996887 -0.097002
v 0.000000 1.013552 -0.092546
v 0.016727 1.016055 -0.103840
v 0.024052 1.074110 -0.102497
v 0.000000 1.051523 -0.099139
v 0.013735 1.046273 -0.088029
v 0.016727 1.016055 -0.103840
v 0.025578 1.047250 -0.103840
v 0.024052 1.074110 -0.102497
v -0.023991 1.074110 -0.102497
v -0.025517 1.047250 -0.103840
v -0.013735 1.046273 -0.088029
v -0.016666 1.016055 -0.103840
v -0.023991 1.074110 -0.102497
v 0.013735 1.046273 -0.119590
v 0.000000 1.051523 -0.108479
v 0.000000 1.013552 -0.115072
v -0.013735 1.046273 -0.119590
v 0.025578 1.047250 -0.103840
v 0.016727 1.016055 -0.103840
v 0.000000 0.996887 -0.111043
v -0.016666 1.016055 -0.103840
v -0.025517 1.047250 -0.103840
v -0.023991 1.074110 -0.102497
v 0.000000 1.330871 0.073012
v 0.013064 1.335633 0.067212
v -0.000733 1.359685 0.063305
v 0.011965 1.379464 0.073561
v -0.000305 1.384714 0.032782
v -0.049814 1.335328 0.046334
v -0.033575 1.337708 0.056346
v -0.046029 1.355168 0.073683
v -0.013003 1.335633 0.067212
v -0.021794 1.366156 0.079177
v 0.027593 1.127648 -0.099811
v 0.015994 1.099811 -0.118002
v 0.000000 1.104145 -0.111532
v 0.000000 1.076674 -0.116720
v -0.015994 1.099811 -0.118002
v -0.027532 1.127648 -0.099811
v 0.027593 1.127648 -0.099811
v 0.029730 1.099200 -0.101398
v 0.024052 1.074110 -0.102497
v 0.000000 1.051523 -0.108479
v -0.023991 1.074110 -0.102497
v -0.029730 1.099200 -0.101398
v -0.027532 1.127648 -0.099811
v -0.015994 1.096514 -0.084854
v 0.000000 1.103229 -0.090165
v 0.000000 1.069837 -0.089311
v 0.015994 1.096514 -0.084854
v 0.027593 1.127648 -0.099811
v -0.029730 1.099200 -0.101398
v -0.023991 1.074110 -0.102497
v 0.000000 1.051523 -0.099139
v 0.024052 1.074110 -0.102497
v 0.029730 1.099200 -0.101398
v 0.035102 1.148404 -0.098712
v 0.027593 1.127648 -0.099811
v 0.023014 1.149014 -0.115805
v 0.000000 1.104145 -0.111532
v 0.000000 1.125939 -0.114034
v -0.022953 1.149014 -0.115805
v -0.027532 1.127648 -0.099811
v -0.035041 1.148404 -0.098712
v -0.036445 1.180087 -0.094683
v 0.000000 1.165008 -0.114156
v 0.036445 1.180087 -0.094683
v 0.035102 1.148404 -0.098712
v 0.036445 1.180087 -0.094683
v 0.017520 1.140651 -0.081619
v 0.000000 1.162139 -0.072523
v 0.000000 1.123130 -0.083755
v -0.017520 1.140651 -0.081619
v -0.036445 1.180087 -0.094683
v -0.035041 1.148404 -0.098712
v -0.027532 1.127648 -0.099811
v 0.000000 1.103229 -0.090165
v 0.027593 1.127648 -0.099811
v 0.065075 1.285331 0.043709
v 0.054453 1.310482 0.058116
v 0.063854 1.294671 0.033270
v 0.060192 1.280569 -0.001099
v 0.061840 1.276174 -0.009950
v 0.065197 1.256761 0.005189
v -0.046029 1.355168 0.073683
v -0.057261 1.356572 0.073256
v -0.072218 1.312924 0.071241
v -0.070997 1.242781 0.056163
v -0.071546 1.286185 0.067517
v -0.076979 1.284720 0.068616
v -0.072889 1.315976 0.042611
v -0.057933 1.367316 0.032843
v -0.069227 1.348880 -0.017215
v -0.073805 1.308589 -0.021061
v -0.074843 1.261828 0.022587
v -0.070997 1.242781 0.056163
v -0.066174 1.230816 -0.007692
v -0.072584 1.227581 0.008180
v -0.071974 1.221842 0.027349
v -0.064892 1.281790 -0.009950
v -0.065747 1.248642 -0.010133
v -0.063793 1.294671 0.033270
v -0.068616 1.223430 0.009096
v -0.068128 1.226787 0.031439
v -0.066174 1.251633 0.056590
v -0.067517 1.224345 0.049387
v -0.065747 1.248642 -0.010133
v -0.072584 1.227581 0.008180
v -0.068616 1.223430 0.009096
v -0.071974 1.221842 0.027349
v -0.070997 1.242781 0.056163
v -0.072584 1.227581 0.008180
v -0.067517 1.224345 0.049387
v -0.066174 1.251633 0.056590
v -0.071546 1.286185 0.067517
v -0.072218 1.312924 0.071241
v -0.057261 1.356572 0.073256
v -0.046029 1.355168 0.073683
v -0.066846 1.305842 0.074049
v -0.071546 1.286185 0.067517
v 0.061840 1.276174 -0.009950
v 0.072950 1.263293 -0.012392
v 0.065197 1.256761 0.005189
v 0.082718 1.255418 0.005189
v 0.072645 1.249496 0.006288
v 0.072950 1.263293 -0.012392
v 0.071363 1.265735 0.028143
v 0.065197 1.256761 0.005189
v 0.065075 1.285331 0.043709
v 0.063854 1.294671 0.033270
v 0.060192 1.280569 -0.001099
v 0.065197 1.256761 0.005189
v 0.054453 1.310482 0.058116
v 0.049875 1.319639 0.049204
v 0.033575 1.337708 0.056346
v 0.039497 1.336365 0.070936
v 0.028203 1.360784 0.080398
v 0.056163 1.313107 0.057079
v 0.048959 1.338868 0.076980
v 0.067456 1.333069 0.045968
v 0.056041 1.367926 0.062573
v 0.028203 1.360784 0.080398
v 0.039497 1.336365 0.070936
v 0.054453 1.310482 0.058116
v 0.071363 1.265735 0.028143
v 0.072035 1.288566 0.042488
v 0.065075 1.285331 0.043709
v 0.078933 1.297906 0.027593
v 0.069776 1.347598 -0.018680
v 0.078811 1.306636 -0.015445
v 0.053660 1.330139 -0.094011
v 0.066052 1.300165 -0.037116
v 0.064892 1.281790 -0.009950
v 0.075636 1.269214 -0.007753
v 0.072950 1.263293 -0.012392
v 0.080581 1.266345 0.009462
v 0.065197 1.256761 0.005189
v 0.072950 1.263293 -0.012392
v 0.072645 1.249496 0.006288
v 0.061840 1.276174 -0.009950
v 0.064892 1.281790 -0.009950
v 0.072950 1.263293 -0.012392
v 0.077040 1.139125 0.002442
v 0.078872 1.132837 0.005555
v 0.076613 1.132104 0.006959
v 0.077407 1.127953 0.006959
v 0.077040 1.147671 0.001038
v 0.068738 1.147488 0.006959
v 0.076430 1.153776 0.003602
v 0.071241 1.139430 0.006959
v 0.074904 1.132837 0.005555
v 0.074110 1.133142 0.006959
v 0.072462 1.124779 0.006959
v 0.074904 1.132837 0.008364
v 0.077040 1.139125 0.011477
v 0.077040 1.147671 0.012881
v 0.076430 1.153776 0.010256
v 0.070814 1.152677 0.006959
v 0.074965 1.156218 0.006959
v 0.070814 1.152677 0.006959
v 0.074965 1.156218 0.006959
v 0.076613 1.132104 0.006959
v 0.074904 1.132837 0.008364
v 0.077040 1.139125 0.011477
v 0.076613 1.132104 0.006959
v 0.078872 1.132837 0.008364
v 0.077407 1.127953 0.006959
v 0.077407 1.127953 0.006959
v 0.081131 1.133508 0.006959
v 0.078872 1.132837 0.008364
v 0.082779 1.138758 0.006959
v 0.077040 1.147671 0.012881
v 0.085282 1.147793 0.006959
v 0.081985 1.154814 0.006959
v 0.076430 1.153776 0.010256
v 0.074965 1.156218 0.006959
v 0.077407 1.127953 0.006959
v 0.078872 1.132837 0.005555
v 0.077040 1.139125 0.002442
v 0.077040 1.147671 0.001038
v 0.081985 1.154814 0.006959
v 0.076430 1.153776 0.003602
v 0.074965 1.156218 0.006959
v 0.074904 1.132837 0.005555
v 0.076613 1.132104 0.006959
v 0.072645 1.249496 0.006288
v 0.082718 1.255418 0.005189
v 0.071363 1.265735 0.028143
v 0.080581 1.266345 0.009462
v 0.072035 1.288566 0.042488
v -0.066174 1.251633 0.056590
v -0.071546 1.286185 0.067517
v -0.066846 1.305842 0.074049
v -0.049814 1.335328 0.046334
v -0.046029 1.355168 0.073683
v 0.078200 1.235822 -0.004945
v 0.071119 1.225871 0.000794
v 0.076430 1.227642 0.005983
v 0.072340 1.216470 0.006288
v 0.071119 1.225627 0.011233
v 0.078139 1.237348 0.018864
v 0.078200 1.235822 -0.004945
v 0.078628 1.226055 -0.005189
v 0.078383 1.217386 -0.000977
v 0.076125 1.209572 0.006349
v 0.078445 1.218790 0.016849
v 0.078689 1.227825 0.019352
v 0.078139 1.237348 0.018864
v 0.086136 1.225261 0.011233
v 0.080886 1.227520 0.005983
v 0.084427 1.216165 0.006288
v 0.086136 1.225505 0.000794
v 0.078139 1.237348 0.018864
v 0.078689 1.227825 0.019352
v 0.078445 1.218790 0.016849
v 0.080337 1.209450 0.006349
v 0.078383 1.217386 -0.000977
v 0.078628 1.226055 -0.005189
v 0.078200 1.235822 -0.004945
v 0.077651 1.184970 0.013614
v 0.083145 1.175691 0.009829
v 0.079116 1.177462 0.006593
v 0.082107 1.169892 0.006593
v 0.083145 1.175874 0.003419
v 0.077590 1.183810 0.000916
v 0.077651 1.184970 0.013614
v 0.077468 1.177645 0.014834
v 0.077346 1.171968 0.013614
v 0.077163 1.164520 0.006654
v 0.077285 1.170808 0.000916
v 0.077407 1.176302 -0.000244
v 0.077590 1.183810 0.000916
v 0.077590 1.183810 0.000916
v 0.071729 1.176180 0.003419
v 0.075759 1.177523 0.006593
v 0.072462 1.170136 0.006593
v 0.071729 1.175997 0.009829
v 0.077651 1.184970 0.013614
v 0.077590 1.183810 0.000916
v 0.077407 1.176302 -0.000244
v 0.077285 1.170808 0.000916
v 0.077163 1.164520 0.006654
v 0.077346 1.171968 0.013614
v 0.077468 1.177645 0.014834
v 0.077651 1.184970 0.013614
v 0.078445 1.218790 0.016849
v 0.085282 1.207252 0.010561
v 0.080337 1.209450 0.006349
v 0.083328 1.198156 0.006471
v 0.085282 1.207497 0.002198
v 0.078383 1.217386 -0.000977
v 0.078445 1.218790 0.016849
v 0.078200 1.209755 0.017032
v 0.078017 1.200537 0.014285
v 0.079665 1.192174 0.006532
v 0.077956 1.199255 0.000183
v 0.078200 1.208046 -0.002564
v 0.078383 1.217386 -0.000977
v 0.078383 1.217386 -0.000977
v 0.071058 1.207863 0.002198
v 0.076125 1.209572 0.006349
v 0.072584 1.198462 0.006471
v 0.071058 1.207619 0.010561
v 0.078383 1.217386 -0.000977
v 0.078200 1.208046 -0.002564
v 0.077956 1.199255 0.000183
v 0.075942 1.192235 0.006532
v 0.078017 1.200537 0.014285
v 0.078200 1.209755 0.017032
v 0.078017 1.200537 0.014285
v 0.084122 1.190220 0.010134
v 0.079665 1.192174 0.006532
v 0.082413 1.182834 0.006532
v 0.084122 1.190403 0.002991
v 0.077956 1.199255 0.000183
v 0.078017 1.200537 0.014285
v 0.077834 1.192418 0.015689
v 0.077651 1.184970 0.013614
v 0.079116 1.177462 0.006593
v 0.077590 1.183810 0.000916
v 0.077773 1.190892 -0.001099
v 0.077956 1.199255 0.000183
v 0.077956 1.199255 0.000183
v 0.071424 1.190770 0.002991
v 0.075942 1.192235 0.006532
v 0.072767 1.183078 0.006532
v 0.071424 1.190526 0.010134
v 0.078017 1.200537 0.014285
v 0.077956 1.199255 0.000183
v 0.077773 1.190892 -0.001099
v 0.077590 1.183810 0.000916
v 0.075759 1.177523 0.006593
v 0.077651 1.184970 0.013614
v 0.077834 1.192418 0.015689
v 0.078017 1.200537 0.014285
v 0.076857 1.261889 0.026006
v 0.076186 1.271412 0.028143
v 0.069532 1.258898 0.012454
v 0.068494 1.261461 0.005189
v 0.071241 1.251328 0.005128
v 0.077407 1.254380 0.020878
v 0.075575 1.244491 0.005678
v 0.077529 1.252854 -0.007447
v 0.069532 1.259142 -0.001831
v 0.076979 1.260057 -0.011599
v 0.076308 1.269886 -0.012392
v 0.077529 1.252854 -0.007447
v 0.077895 1.243025 -0.007264
v 0.070386 1.242293 -0.000244
v 0.078200 1.235822 -0.004945
v 0.076430 1.227642 0.005983
v 0.071913 1.234418 0.005616
v 0.078139 1.237348 0.018864
v 0.070447 1.242049 0.011782
v 0.077834 1.244857 0.021122
v 0.077407 1.254380 0.020878
v 0.075575 1.244491 0.005678
v 0.077529 1.252854 -0.007447
v 0.080032 1.244674 0.005678
v 0.085404 1.243025 -0.000244
v 0.084671 1.235089 0.005616
v 0.085404 1.242781 0.011782
v 0.077407 1.254380 0.020878
v 0.077834 1.244857 0.021122
v 0.078139 1.237348 0.018864
v 0.080886 1.227520 0.005983
v 0.078200 1.235822 -0.004945
v 0.077895 1.243025 -0.007264
v 0.077529 1.252854 -0.007447
v 0.076857 1.261889 0.026006
v 0.077407 1.254380 0.020878
v 0.084549 1.259996 0.012454
v 0.080032 1.244674 0.005678
v 0.083939 1.252243 0.005128
v 0.084549 1.260241 -0.001831
v 0.077529 1.252854 -0.007447
v 0.076979 1.260057 -0.011599
v 0.076308 1.269886 -0.012392
v 0.086869 1.262377 0.005189
v 0.076186 1.271412 0.028143
vt -1.157104 0.000000
vt 0.499512 0.244019
vt -0.253174 0.261108
vt -0.253174 0.261108
vt -0.829346 0.277588
vt -0.821533 0.000122
vt -1.160156 0.000122
vt -1.160278 0.281372
vt -0.735962 0.551147
vt -0.253174 0.261108
vt -0.266968 0.555054
vt -0.208374 0.752075
vt 0.023193 0.571167
vt -1.160278 0.556274
vt -0.656494 0.787109
vt -1.160278 0.815918
vt -1.160034 0.887817
vt -0.778565 0.897217
vt -0.397095 0.906616
vt 0.201416 0.668945
vt 0.067505 0.836060
vt -0.000854 1.000000
vt -0.198975 0.953369
vt -0.253174 0.261108
vt 0.499512 0.244019
vt 0.499634 0.619751
vt 0.201416 0.668945
vt 0.976685 0.571167
vt 1.253174 0.261108
vt 1.266968 0.555054
vt 1.208374 0.752075
vt 1.735962 0.551147
vt 1.253174 0.261108
vt 1.829346 0.277588
vt 0.499634 0.619751
vt 0.798096 0.668945
vt 0.932373 0.836060
vt 1.000854 1.000000
vt 1.198975 0.953369
vt 1.397095 0.906616
vt 1.656494 0.787109
vt 1.253174 0.261108
vt 1.821533 0.000122
vt 2.810547 0.000122
vt 2.810425 0.281372
vt 1.735962 0.551147
vt 2.810425 0.556274
vt 1.656494 0.787109
vt 2.810547 0.815918
vt 2.810669 0.887817
vt 2.171753 0.889160
vt 1.532837 0.890503
vt 1.829346 0.277588
vt 1.928833 0.000000
vt -0.821533 0.000122
vt -1.157104 0.000000
vt -0.253174 0.261108
vt 1.067871 0.248291
vt 0.499512 0.244019
vt 2.813721 0.000000
vt 1.067871 0.248291
vt 2.813721 0.000000
vt 1.714233 0.000122
vt 0.422241 0.312988
vt 0.312256 0.369385
vt 0.280273 0.314941
vt 0.280273 0.314941
vt 0.367676 0.259033
vt 0.500000 0.224365
vt 0.500000 0.254517
vt 0.367676 0.259033
vt 0.500000 0.323486
vt 0.312256 0.369385
vt 0.687622 0.369385
vt 0.577637 0.312988
vt 0.632202 0.259033
vt 0.500000 0.224365
vt 0.687622 0.369385
vt 0.719604 0.314941
vt 0.632202 0.259033
vt 0.577637 0.312988
vt 0.500000 0.323486
vt 0.500000 0.254517
vt 0.687622 0.369385
vt 0.719604 0.314941
vt 0.632202 0.259033
vt 0.500000 0.224365
vt 0.422241 0.312988
vt 0.367676 0.259033
vt 0.500000 0.224365
vt 0.312256 0.369385
vt 0.280273 0.314941
vt 0.452637 0.216309
vt 0.367676 0.259033
vt 0.345703 0.217773
vt 0.345703 0.217773
vt 0.368042 0.187744
vt 0.631836 0.187744
vt 0.547241 0.216309
vt 0.500000 0.153076
vt 0.500000 0.183350
vt 0.368042 0.187744
vt 0.367676 0.259033
vt 0.500000 0.224365
vt 0.632202 0.259033
vt 0.654175 0.217773
vt 0.632202 0.259033
vt 0.500000 0.224365
vt 0.452637 0.216309
vt 0.500000 0.183350
vt 0.547241 0.216309
vt 0.345703 0.217773
vt 0.368042 0.187744
vt 0.500000 0.153076
vt 0.631836 0.187744
vt 0.654175 0.217773
vt 0.632202 0.259033
vt 0.631836 0.187744
vt 0.654175 0.217773
vt 0.602173 0.113281
vt 0.675415 0.080688
vt 0.492554 0.079956
vt 0.391968 -0.026733
vt 0.445435 0.010864
vt 0.483398 0.007446
vt 0.492554 0.040039
vt 0.533691 0.010742
vt 0.620483 0.038452
vt 0.675415 0.080688
vt 0.391968 -0.026733
vt 0.428467 0.012329
vt 0.364502 0.041626
vt 0.309692 0.079102
vt 0.478760 0.108398
vt 0.355347 0.103516
vt 0.446777 0.119873
vt 0.602173 0.113281
vt 0.620483 0.038452
vt 0.583984 0.014038
vt 0.501709 -0.012085
vt 0.483398 0.007446
vt 0.483398 0.007446
vt 0.445435 0.010864
vt 0.492554 0.040039
vt 0.364502 0.041626
vt 0.428467 0.012329
vt 0.501709 -0.012085
vt 0.533691 0.010742
vt 0.583984 0.014038
vt 0.620483 0.038452
vt 0.492554 0.079956
vt 0.675415 0.080688
vt 0.602173 0.113281
vt 0.478760 0.108398
vt 0.446777 0.119873
vt 0.355347 0.103516
vt 0.309692 0.079102
vt -0.407959 0.778687
vt -0.333862 0.760254
vt -0.399902 0.908813
vt -0.063599 0.942627
vt -0.399902 0.908813
vt -0.265015 0.860107
vt -0.333862 0.760254
vt -0.160034 0.821167
vt -0.012939 0.920044
vt 0.417114 0.987549
vt 1.121094 0.680176
vt 1.019043 0.889526
vt 0.445557 0.806152
vt 0.435913 0.992798
vt 0.044922 0.897583
vt -0.014648 0.675781
vt 0.435913 0.992798
vt 0.426514 0.990234
vt 1.509888 0.879395
vt 1.512207 0.714233
vt 1.512451 0.431396
vt 1.170776 0.434692
vt 1.512573 0.260620
vt 1.174316 0.284302
vt 1.512085 0.215942
vt 1.160278 0.234253
vt 0.729981 0.333130
vt 0.633789 0.435913
vt 0.625366 0.951294
vt 0.482178 0.819824
vt 0.692139 0.693115
vt 0.060303 0.710449
vt 0.067505 0.891724
vt 0.625366 0.951294
vt 0.044800 0.279297
vt 0.035767 0.512695
vt -0.089722 0.404419
vt -0.485474 0.662231
vt -0.406372 0.883301
vt 0.040283 0.996826
vt 0.625366 0.951294
vt -0.173828 0.296021
vt -0.518921 0.191528
vt -0.526856 0.244385
vt -0.807251 0.172119
vt -0.809815 0.219360
vt -0.525879 0.403198
vt -0.809570 0.399658
vt -0.807617 0.698242
vt -0.795776 0.872681
vt -0.049927 0.986816
vt 0.040283 0.996826
vt 0.625366 0.951294
vt -0.049927 0.986816
vt 0.040283 0.996826
vt 0.968750 0.855713
vt 0.027954 0.917236
vt 0.830444 0.951172
vt -0.049927 0.986816
vt -0.795776 0.872681
vt -0.102417 0.742798
vt -0.333862 0.760254
vt -0.407959 0.778687
vt 0.417114 0.987549
vt 0.426514 0.990234
vt 1.509888 0.879395
vt 0.435913 0.992798
vt 1.019043 0.889526
vt 0.829590 0.838257
vt 0.949707 0.801147
vt 0.816284 0.911377
vt 0.987549 0.769775
vt 0.968750 0.855713
vt 0.830444 0.951172
vt 0.989136 0.711548
vt 0.756348 0.783081
vt 0.949707 0.801147
vt 0.785889 0.857910
vt 0.830444 0.951172
vt -0.049927 0.986816
vt 0.829590 0.838257
vt 0.774414 0.807983
vt 0.747315 0.790161
vt 0.692139 0.693115
vt 0.742065 0.741089
vt 0.829590 0.838257
vt 0.312256 0.369385
vt 0.500000 0.323486
vt 0.500000 0.363403
vt 0.687622 0.369385
vt 0.729126 0.512207
vt 0.500000 0.455200
vt 0.645874 0.442139
vt 0.687622 0.369385
vt 0.768799 0.444458
vt 0.729126 0.512207
vt 0.270752 0.512207
vt 0.231079 0.444458
vt 0.354004 0.442139
vt 0.312256 0.369385
vt 0.270752 0.512207
vt 0.645874 0.442139
vt 0.500000 0.455200
vt 0.500000 0.363403
vt 0.354004 0.442139
vt 0.768799 0.444458
vt 0.687622 0.369385
vt 0.500000 0.323486
vt 0.312256 0.369385
vt 0.231079 0.444458
vt 0.270752 0.512207
vt 0.417114 0.987549
vt -0.012939 0.920044
vt 0.426514 0.990234
vt 0.435913 0.992798
vt 1.509888 0.879395
vt 0.506104 0.921631
vt 0.417114 0.987549
vt -0.063599 0.942627
vt -0.399902 0.908813
vt -0.063599 0.942627
vt -0.490112 0.863403
vt 0.506104 0.921631
vt 0.270752 0.512207
vt 0.500000 0.455200
vt 0.500000 0.504761
vt 0.729126 0.512207
vt 0.829834 0.684814
vt 0.500000 0.617798
vt 0.688843 0.602173
vt 0.729126 0.512207
vt 0.850586 0.604980
vt 0.829834 0.684814
vt 0.170044 0.684814
vt 0.149292 0.604980
vt 0.311035 0.602173
vt 0.270752 0.512207
vt 0.170044 0.684814
vt 0.688843 0.602173
vt 0.500000 0.617798
vt 0.500000 0.504761
vt 0.311035 0.602173
vt 0.850586 0.604980
vt 0.729126 0.512207
vt 0.500000 0.455200
vt 0.270752 0.512207
vt 0.149292 0.604980
vt 0.170044 0.684814
vt -0.492065 0.726807
vt -0.407959 0.778687
vt -0.491943 0.781982
vt -0.399902 0.908813
vt -0.490112 0.863403
vt 0.529663 0.569580
vt 0.588989 0.728516
vt 0.742065 0.741089
vt 0.756348 0.783081
vt 0.829590 0.838257
vt 0.878174 0.844116
vt 0.719604 0.761230
vt 0.500000 0.774292
vt 0.500000 0.692627
vt 0.280273 0.761230
vt 0.121704 0.844116
vt 0.878174 0.844116
vt 0.907959 0.759399
vt 0.829834 0.684814
vt 0.500000 0.617798
vt 0.170044 0.684814
vt 0.091919 0.759399
vt 0.121704 0.844116
vt 0.280273 0.751587
vt 0.500000 0.771362
vt 0.500000 0.672119
vt 0.719604 0.751587
vt 0.878174 0.844116
vt 0.091919 0.759399
vt 0.170044 0.684814
vt 0.500000 0.617798
vt 0.829834 0.684814
vt 0.907959 0.759399
vt 0.981201 0.905884
vt 0.878174 0.844116
vt 0.815430 0.907715
vt 0.500000 0.774292
vt 0.500000 0.838989
vt 0.184448 0.907715
vt 0.121704 0.844116
vt 0.018677 0.905884
vt 0.000000 1.000000
vt 0.500000 0.955322
vt 1.000000 1.000000
vt 0.981201 0.905884
vt 1.000000 1.000000
vt 0.740356 0.882690
vt 0.500000 0.946777
vt 0.500000 0.830811
vt 0.259522 0.882690
vt 0.000000 1.000000
vt 0.018677 0.905884
vt 0.121704 0.844116
vt 0.500000 0.771362
vt 0.878174 0.844116
vt -0.044800 0.394287
vt -0.305054 0.221924
vt 0.088013 0.416016
vt 0.324707 0.300781
vt 0.349731 0.195679
vt 0.386108 0.080444
vt 0.742065 0.741089
vt 0.692139 0.693115
vt 0.659790 0.494019
vt 0.598877 0.122681
vt 0.657593 0.299438
vt 0.569824 0.282227
vt 0.390015 0.493774
vt 0.482178 0.819824
vt 0.060303 0.710449
vt 0.035767 0.512695
vt 0.295288 0.202148
vt 0.598877 0.122681
vt 0.082153 0.046387
vt 0.182251 0.032959
vt 0.396973 0.004028
vt 0.044800 0.279297
vt 0.071899 0.109863
vt 0.391357 0.312378
vt 0.320068 0.052612
vt 0.421387 0.047852
vt 0.600586 0.075439
vt 0.461670 0.017700
vt 0.071899 0.109863
vt 0.251587 0.023560
vt 0.320068 0.052612
vt 0.396973 0.004028
vt 0.598877 0.122681
vt 0.182251 0.032959
vt 0.461670 0.017700
vt 0.600586 0.075439
vt 0.657593 0.299438
vt 0.659790 0.494019
vt 0.692139 0.693115
vt 0.742065 0.741089
vt 0.678955 0.341309
vt 0.657593 0.299438
vt 0.349731 0.195679
vt 0.411987 0.229126
vt 0.386108 0.080444
vt 0.233398 0.195312
vt 0.411621 0.000000
vt 0.411987 0.229126
vt 0.170166 0.281250
vt 0.386108 0.080444
vt -0.044800 0.394287
vt 0.088013 0.416016
vt 0.324707 0.300781
vt 0.386108 0.080444
vt -0.305054 0.221924
vt -0.026611 0.592285
vt -0.102417 0.742798
vt -0.363892 0.605713
vt -0.333862 0.760254
vt -0.167725 0.532715
vt -0.263550 0.652466
vt -0.014648 0.675781
vt -0.160034 0.821167
vt -0.333862 0.760254
vt -0.363892 0.605713
vt -0.305054 0.221924
vt 0.170166 0.281250
vt 0.014160 0.409668
vt -0.044800 0.394287
vt 0.109741 0.480591
vt 0.445557 0.806152
vt 0.494751 0.552856
vt 1.121094 0.680176
vt 0.633789 0.435913
vt 0.472900 0.317383
vt 0.365234 0.341919
vt 0.411987 0.229126
vt 0.116211 0.311279
vt 0.386108 0.080444
vt 0.411987 0.229126
vt 0.411621 0.000000
vt 0.000000 0.367188
vt 0.035645 0.000000
vt 1.000000 0.000000
vt 0.632812 0.097656
vt 0.557007 0.054810
vt 0.521851 0.050049
vt 0.521851 0.021484
vt 0.667725 0.155884
vt 0.521851 0.154663
vt 0.603760 0.197510
vt 0.521851 0.099976
vt 0.557007 0.054932
vt 0.521851 0.057129
vt 0.521851 0.000122
vt 0.486694 0.054932
vt 0.410767 0.097656
vt 0.375977 0.155884
vt 0.439819 0.197510
vt 0.521851 0.190430
vt 0.521851 0.214233
vt 0.521851 0.190430
vt 0.521851 0.214233
vt 0.521851 0.050049
vt 0.486694 0.054932
vt 0.410767 0.097656
vt 0.521851 0.050049
vt 0.486694 0.054810
vt 0.521851 0.021484
vt 0.521851 0.021484
vt 0.521851 0.059570
vt 0.486694 0.054810
vt 0.521851 0.095215
vt 0.375977 0.155884
vt 0.521851 0.157104
vt 0.521851 0.204712
vt 0.439819 0.197510
vt 0.521851 0.214233
vt 0.521851 0.021484
vt 0.557007 0.054810
vt 0.632812 0.097656
vt 0.667725 0.155884
vt 0.521851 0.204712
vt 0.603760 0.197510
vt 0.521851 0.214233
vt 0.557007 0.054932
vt 0.521851 0.050049
vt 0.411621 0.000000
vt 0.233398 0.195312
vt 0.170166 0.281250
vt 0.116211 0.311279
vt 0.014160 0.409668
vt 0.600586 0.075439
vt 0.657593 0.299438
vt 0.678955 0.341309
vt 0.529663 0.569580
vt 0.742065 0.741089
vt 0.817017 0.757324
vt 0.673096 0.689453
vt 0.545654 0.701538
vt 0.538452 0.625366
vt 0.415649 0.687622
vt 0.228271 0.767700
vt 0.817017 0.757324
vt 0.822510 0.690552
vt 0.719238 0.631348
vt 0.536743 0.578125
vt 0.278076 0.641235
vt 0.215820 0.702881
vt 0.228271 0.767700
vt 0.415772 0.685059
vt 0.545654 0.700806
vt 0.538452 0.623291
vt 0.673096 0.686768
vt 0.228271 0.767700
vt 0.215820 0.702881
vt 0.278076 0.641235
vt 0.536743 0.577393
vt 0.719238 0.631348
vt 0.822510 0.690552
vt 0.817017 0.757324
vt 0.357788 0.410278
vt 0.450317 0.347168
vt 0.530151 0.359009
vt 0.531006 0.307495
vt 0.608398 0.348511
vt 0.670532 0.402344
vt 0.357788 0.410278
vt 0.327637 0.360596
vt 0.357300 0.321899
vt 0.529663 0.270996
vt 0.670044 0.313965
vt 0.700195 0.351318
vt 0.670532 0.402344
vt 0.670532 0.402344
vt 0.608398 0.350464
vt 0.530151 0.359619
vt 0.531006 0.309204
vt 0.450317 0.349121
vt 0.357788 0.410278
vt 0.670532 0.402344
vt 0.700195 0.351318
vt 0.670044 0.313965
vt 0.529663 0.270996
vt 0.357300 0.321899
vt 0.327637 0.360596
vt 0.357788 0.410278
vt 0.278076 0.641235
vt 0.432983 0.562500
vt 0.536743 0.577393
vt 0.533935 0.500488
vt 0.638550 0.564209
vt 0.719238 0.631348
vt 0.278076 0.641235
vt 0.273315 0.579346
vt 0.340820 0.516479
vt 0.532471 0.459473
vt 0.688477 0.507690
vt 0.757935 0.567627
vt 0.719238 0.631348
vt 0.719238 0.631348
vt 0.638550 0.566650
vt 0.536743 0.578125
vt 0.533935 0.502319
vt 0.432983 0.564941
vt 0.719238 0.631348
vt 0.757935 0.567627
vt 0.688477 0.507690
vt 0.532471 0.460083
vt 0.340820 0.516479
vt 0.273315 0.579346
vt 0.340820 0.516479
vt 0.443726 0.446167
vt 0.532471 0.459473
vt 0.531494 0.395996
vt 0.619507 0.447632
vt 0.688477 0.507690
vt 0.340820 0.516479
vt 0.307251 0.461182
vt 0.357788 0.410278
vt 0.530151 0.359009
vt 0.670532 0.402344
vt 0.721558 0.450806
vt 0.688477 0.507690
vt 0.688477 0.507690
vt 0.619507 0.449829
vt 0.532471 0.460083
vt 0.531494 0.397705
vt 0.443726 0.448364
vt 0.340820 0.516479
vt 0.688477 0.507690
vt 0.721558 0.450806
vt 0.670532 0.402344
vt 0.530151 0.359619
vt 0.357788 0.410278
vt 0.307251 0.461182
vt 0.340820 0.516479
vt 0.052246 0.934814
vt 0.000000 1.000000
vt 0.386963 0.914551
vt 0.565308 0.931885
vt 0.567261 0.862915
vt 0.178833 0.883911
vt 0.553589 0.816162
vt 0.878174 0.873413
vt 0.740356 0.916260
vt 0.981201 0.922485
vt 0.999878 0.989624
vt 0.878174 0.873413
vt 0.873779 0.806396
vt 0.700928 0.801392
vt 0.817017 0.757324
vt 0.545654 0.701538
vt 0.555298 0.747803
vt 0.228271 0.767700
vt 0.403442 0.799683
vt 0.172363 0.818726
vt 0.178833 0.883911
vt 0.553589 0.816162
vt 0.878174 0.873413
vt 0.553589 0.817749
vt 0.700928 0.806519
vt 0.555298 0.752075
vt 0.403442 0.804688
vt 0.178833 0.883911
vt 0.172363 0.818726
vt 0.228271 0.767700
vt 0.545654 0.700806
vt 0.817017 0.757324
vt 0.873779 0.806396
vt 0.878174 0.873413
vt 0.052246 0.934814
vt 0.178833 0.883911
vt 0.386963 0.922119
vt 0.553589 0.817749
vt 0.567261 0.869385
vt 0.740356 0.923950
vt 0.878174 0.873413
vt 0.981201 0.922485
vt 0.999878 0.989624
vt 0.565308 0.938232
vt 0.000000 1.000000
vn -0.6003 -0.5704 0.5606
vn -0.6738 -0.2045 -0.7100
vn -0.5597 -0.4869 -0.6705
vn -0.3886 -0.1825 -0.9032
vn -0.3900 -0.1585 -0.9071
vn -0.6740 -0.2068 -0.7092
vn -0.7354 -0.0460 -0.6761
vn -0.6664 0.3078 -0.6791
vn -0.7248 -0.4771 0.4970
vn -0.6832 -0.5955 0.4227
vn -0.3652 -0.1123 -0.9241
vn -0.3714 -0.0224 -0.9282
vn -0.3153 0.0748 -0.9460
vn -0.3166 0.3590 -0.8780
vn -0.3551 0.4154 -0.8375
vn -0.3322 0.4091 -0.8499
vn -0.8409 0.0224 -0.5407
vn -0.8148 -0.1654 -0.5557
vn -0.7119 -0.6328 0.3046
vn -0.7869 -0.4511 0.4210
vn -0.9452 -0.2099 0.2501
vn -0.9569 0.1464 -0.2508
vn -0.9285 0.1525 -0.3387
vn -0.5590 -0.7307 0.3919
vn 0.0342 -0.2206 0.9748
vn 0.0479 -0.7644 0.6429
vn -0.1153 -0.2193 0.9688
vn 0.4449 -0.8916 0.0846
vn 0.7498 -0.6168 0.2394
vn 0.8005 -0.4363 0.4109
vn 0.6654 0.3084 -0.6798
vn 0.7370 -0.1340 -0.6625
vn 0.7040 -0.2111 -0.6781
vn -0.2181 -0.4764 0.8517
vn 0.7959 -0.4140 0.4417
vn 0.7861 -0.4520 0.4216
vn 0.9452 -0.2099 0.2501
vn 0.9569 0.1464 -0.2508
vn 0.9285 0.1525 -0.3387
vn 0.8409 0.0224 -0.5407
vn 0.8143 -0.1674 -0.5558
vn 0.6948 -0.1204 -0.7091
vn 0.3886 -0.1825 -0.9032
vn 0.3900 -0.1585 -0.9071
vn 0.3652 -0.1123 -0.9241
vn 0.3713 -0.0233 -0.9282
vn 0.3148 0.0748 -0.9462
vn 0.3161 0.3591 -0.8781
vn 0.3543 0.4152 -0.8379
vn 0.3322 0.4091 -0.8499
vn 0.5597 -0.4869 -0.6705
vn -0.6072 -0.6210 0.4956
vn 0.6142 -0.5628 0.5531
vn 0.6139 -0.5610 0.5553
vn -0.7115 0.0901 0.6969
vn -0.7038 -0.2399 0.6686
vn -0.5901 -0.1666 0.7899
vn -0.5841 -0.3133 0.7487
vn 0.6812 0.0518 0.7303
vn 0.3591 0.5688 0.7400
vn -0.3591 0.5688 0.7400
vn -0.6812 0.0518 0.7303
vn 0.5818 -0.3131 0.7507
vn 0.5877 -0.1670 0.7917
vn 0.7115 0.0901 0.6969
vn 0.7041 -0.2378 0.6691
vn -0.2975 0.5592 -0.7738
vn -0.6342 0.0324 -0.7725
vn 0.7095 0.0899 -0.6989
vn 0.7023 -0.2372 -0.6712
vn 0.5819 -0.3109 -0.7515
vn 0.5877 -0.1761 -0.7897
vn 0.2975 0.5592 -0.7738
vn 0.6342 0.0324 -0.7725
vn -0.5843 -0.3112 -0.7495
vn -0.5901 -0.1757 -0.7880
vn -0.7095 0.0899 -0.6989
vn -0.7020 -0.2393 -0.6707
vn -0.7127 0.0848 0.6963
vn -0.7165 -0.1173 0.6877
vn 0.4606 -0.3786 0.8028
vn 0.8354 -0.3073 0.4557
vn -0.8354 -0.3073 0.4557
vn -0.4606 -0.3786 0.8028
vn 0.3096 0.5633 0.7660
vn 0.6477 0.1166 0.7529
vn -0.6477 0.1166 0.7529
vn -0.3087 0.5641 0.7658
vn 0.7130 0.0817 0.6964
vn 0.3264 0.5656 -0.7573
vn 0.6596 0.1214 -0.7418
vn -0.6596 0.1214 -0.7418
vn -0.3255 0.5665 -0.7570
vn -0.7127 0.0848 -0.6963
vn -0.7165 -0.1173 -0.6877
vn -0.4606 -0.3786 -0.8028
vn -0.8357 -0.3072 -0.4553
vn 0.8357 -0.3072 -0.4553
vn 0.4606 -0.3786 -0.8028
vn 0.7165 -0.1173 -0.6877
vn 0.7130 0.0817 -0.6964
vn 0.7165 -0.1173 0.6877
vn 0.5498 0.2657 -0.7919
vn 0.5195 -0.3011 -0.7996
vn 0.3998 -0.5156 -0.7578
vn -0.3363 -0.4977 -0.7995
vn 0.5844 -0.2146 -0.7825
vn 0.5967 -0.1296 -0.7919
vn 0.5684 -0.1586 -0.8073
vn -0.8329 0.1666 -0.5277
vn -0.8335 -0.3934 -0.3879
vn -0.6011 -0.1780 -0.7791
vn -0.6039 -0.1287 -0.7866
vn -0.5582 -0.1789 -0.8102
vn -0.5523 0.2759 -0.7867
vn -0.5181 0.2111 -0.8289
vn -0.4836 0.5857 -0.6504
vn 0.1607 0.8260 -0.5403
vn 0.4042 0.3957 -0.8247
vn 0.5450 -0.1790 -0.8191
vn 0.5570 -0.3791 -0.7390
vn -0.4966 -0.0966 -0.8626
vn 0.5285 -0.3064 0.7917
vn 0.4134 -0.5130 0.7523
vn -0.6015 -0.1734 0.7798
vn -0.8369 -0.3950 0.3788
vn -0.8393 0.1679 0.5172
vn -0.5070 -0.0986 0.8563
vn 0.5654 -0.3848 0.7296
vn 0.5552 -0.1823 0.8115
vn 0.5853 -0.2098 0.7832
vn -0.3485 -0.4946 0.7962
vn 0.5967 -0.1295 0.7919
vn 0.5684 -0.1586 0.8073
vn 0.5498 0.2657 0.7919
vn 0.4103 0.3908 0.8240
vn 0.1613 0.8288 0.5358
vn -0.4860 0.5886 0.6460
vn -0.5222 0.2128 0.8258
vn -0.5529 0.2713 0.7878
vn -0.5582 -0.1789 0.8102
vn -0.6040 -0.1287 0.7866
vn -0.5129 -0.1356 0.8476
vn -0.0170 0.9349 0.3546
vn 0.1785 0.4713 0.8637
vn 0.4126 0.4152 0.8108
vn 0.5067 0.7763 0.3750
vn 0.0629 0.9443 0.3231
vn 0.1586 0.9866 0.0379
vn 0.8868 0.3709 -0.2757
vn 0.8416 0.4989 -0.2069
vn 0.8503 0.5202 -0.0795
vn 0.9691 0.2309 0.0867
vn 0.9586 0.2446 0.1455
vn 0.6423 0.7343 0.2196
vn 0.6149 0.7858 -0.0667
vn 0.3655 0.8253 -0.4305
vn 0.4093 0.5412 -0.7345
vn 0.3375 0.6297 -0.6997
vn 0.2998 0.2147 -0.9295
vn 0.2670 0.2611 -0.9277
vn 0.2362 -0.4152 -0.8785
vn 0.1598 -0.2525 -0.9543
vn 0.1596 -0.1525 -0.9753
vn 0.2516 -0.6690 -0.6994
vn 0.9127 -0.3575 -0.1978
vn 0.9459 -0.2131 -0.2445
vn 0.9165 -0.3683 -0.1564
vn 0.9769 -0.0014 -0.2135
vn -0.8497 0.5058 0.1486
vn -0.9195 0.3877 0.0647
vn -0.8566 0.5074 0.0934
vn -0.8924 -0.3905 -0.2260
vn -0.9192 -0.1622 -0.3588
vn -0.9564 0.1335 -0.2596
vn -0.8891 0.3593 -0.2836
vn -0.8811 0.3925 -0.2637
vn -0.8003 0.5423 -0.2557
vn -0.8134 0.5790 0.0549
vn -0.9497 -0.2322 -0.2103
vn -0.9477 -0.2524 -0.1956
vn -0.2628 -0.5053 -0.8219
vn -0.2018 -0.1537 -0.9673
vn -0.2013 -0.3203 -0.9257
vn -0.2544 -0.4142 -0.8739
vn -0.2537 0.2963 -0.9208
vn -0.3235 0.2129 -0.9219
vn -0.3262 0.5387 -0.7768
vn -0.3020 0.5629 -0.7693
vn -0.1875 0.9205 -0.3428
vn -0.0440 0.9117 -0.4086
vn -0.9643 0.0047 -0.2648
vn -0.9564 -0.1524 -0.2491
vn 0.0244 0.9985 0.0481
vn 0.5760 0.8160 0.0487
vn 0.4229 0.9059 -0.0228
vn 0.4222 0.8936 -0.1526
vn 0.4192 -0.6065 0.6756
vn 0.1022 0.9401 -0.3252
vn 0.7181 0.6612 -0.2174
vn 0.5899 0.4308 0.6829
vn 0.6850 0.5586 0.4677
vn 0.7518 0.4906 0.4406
vn 0.5411 0.7693 0.3396
vn -0.2956 0.2982 0.9076
vn 0.5402 -0.1408 0.8297
vn 0.5791 -0.1475 0.8018
vn 0.0114 0.9490 0.3152
vn -0.1444 0.9020 0.4068
vn -0.1374 0.9902 -0.0235
vn 0.3505 0.5431 0.7630
vn 0.4351 0.4662 0.7703
vn 0.2086 0.5343 0.8192
vn -0.1551 0.9217 0.3554
vn -0.7878 0.5711 0.2309
vn -0.0661 -0.2337 0.9700
vn -0.2326 -0.1916 0.9535
vn -0.0455 -0.3646 0.9300
vn -0.5615 -0.2311 0.7945
vn 0.5615 -0.2311 0.7945
vn -0.2704 0.5241 0.8076
vn -0.4962 0.0634 0.8659
vn 0.5539 -0.3418 0.7592
vn 0.8179 -0.1916 0.5426
vn 0.8206 0.1034 0.5621
vn -0.8203 0.1056 0.5621
vn -0.8179 -0.1916 0.5426
vn -0.5539 -0.3418 0.7592
vn 0.4962 0.0634 0.8659
vn 0.2707 0.5236 0.8078
vn -0.2478 0.5227 -0.8157
vn -0.4775 0.0521 -0.8771
vn 0.4775 0.0521 -0.8771
vn 0.2481 0.5223 -0.8159
vn 0.8206 0.1034 -0.5621
vn 0.8179 -0.1916 -0.5426
vn 0.5515 -0.3428 -0.7605
vn 0.5600 -0.1906 -0.8063
vn -0.5600 -0.1906 -0.8063
vn -0.5515 -0.3428 -0.7605
vn -0.8179 -0.1916 -0.5426
vn -0.8203 0.1056 -0.5621
vn 0.0669 0.9949 0.0749
vn 0.7519 0.6592 0.0083
vn -0.5661 0.8126 -0.1388
vn -0.5639 0.8242 0.0522
vn -0.5349 0.8025 0.2643
vn -0.5503 0.8336 0.0471
vn -0.5699 -0.2123 0.7939
vn 0.5684 -0.2125 0.7948
vn -0.3983 0.5349 0.7452
vn -0.5904 0.1381 0.7952
vn 0.5607 -0.3396 0.7552
vn 0.7867 -0.2232 0.5755
vn 0.7998 0.0154 0.6000
vn -0.8013 0.0156 0.5981
vn -0.7881 -0.2236 0.5735
vn -0.5620 -0.3400 0.7540
vn 0.5904 0.1381 0.7952
vn 0.3987 0.5343 0.7454
vn -0.3655 0.5817 -0.7267
vn -0.5905 0.1381 -0.7952
vn 0.5905 0.1381 -0.7952
vn 0.3659 0.5812 -0.7269
vn 0.7947 0.0753 -0.6023
vn 0.7857 -0.2229 -0.5770
vn 0.5589 -0.3391 -0.7567
vn 0.5667 -0.1936 -0.8008
vn -0.5681 -0.1934 -0.7999
vn -0.5602 -0.3395 -0.7556
vn -0.7871 -0.2233 -0.5750
vn -0.7962 0.0753 -0.6003
vn 0.2881 0.3123 0.9053
vn -0.4841 -0.1373 0.8642
vn -0.8649 0.3940 0.3110
vn -0.2520 -0.7664 0.5909
vn -0.3550 -0.7739 0.5244
vn -0.0401 -0.3747 0.9263
vn -0.1622 0.5863 -0.7937
vn -0.3280 0.1753 -0.9283
vn 0.3280 0.1753 -0.9283
vn 0.1623 0.5861 -0.7938
vn 0.7688 0.0930 -0.6326
vn 0.7599 -0.1442 -0.6339
vn 0.5040 -0.3248 -0.8003
vn 0.3505 -0.2916 -0.8900
vn -0.3505 -0.2916 -0.8900
vn -0.5053 -0.3250 -0.7994
vn -0.7596 -0.1460 -0.6338
vn -0.7688 0.0947 -0.6325
vn 0.0995 0.4606 0.8820
vn 0.3058 0.0243 0.9518
vn -0.3058 0.0243 0.9518
vn -0.0994 0.4607 0.8819
vn -0.7673 0.0235 0.6409
vn -0.7693 -0.2025 0.6059
vn -0.5001 -0.4185 0.7581
vn -0.4773 -0.4155 0.7743
vn 0.4773 -0.4155 0.7743
vn 0.4988 -0.4183 0.7591
vn 0.7695 -0.2007 0.6063
vn 0.7674 0.0219 0.6407
vn 0.7853 -0.2542 -0.5645
vn 0.6176 -0.3822 -0.6874
vn 0.0379 -0.1140 -0.9928
vn -0.0380 -0.1140 -0.9928
vn -0.6183 -0.3817 -0.6870
vn -0.7853 -0.2542 -0.5645
vn -0.8165 0.0371 -0.5761
vn -0.2614 0.4624 -0.8473
vn 0.0738 -0.0031 -0.9973
vn -0.0736 -0.0031 -0.9973
vn 0.2610 0.4630 -0.8471
vn 0.8165 0.0386 -0.5760
vn 0.7184 -0.1176 0.6856
vn 0.5029 0.0446 0.8632
vn 0.1576 -0.2732 0.9490
vn -0.1576 -0.2732 0.9490
vn -0.5029 0.0446 0.8632
vn -0.7198 -0.1189 0.6839
vn -0.7309 -0.2970 0.6145
vn -0.6175 -0.4383 0.6531
vn -0.1872 -0.3012 0.9350
vn 0.1872 -0.3012 0.9350
vn 0.6164 -0.4380 0.6544
vn 0.7297 -0.2966 0.6161
vn -0.9389 -0.3037 -0.1620
vn -0.9723 -0.2230 -0.0703
vn -0.0419 -0.0317 0.9986
vn 0.2546 -0.2417 0.9364
vn 0.2298 -0.1286 0.9647
vn -0.9859 0.1627 0.0404
vn -0.9560 0.2886 0.0532
vn -0.9492 0.2965 0.1050
vn -0.9936 0.1128 0.0012
vn -0.9994 0.0321 0.0107
vn -0.9948 0.0649 -0.0784
vn -0.9884 -0.1494 0.0284
vn -0.9297 0.0890 -0.3573
vn -0.9975 -0.0703 0.0107
vn -0.9950 -0.0620 0.0788
vn -0.7358 -0.4533 -0.5031
vn -0.9603 0.0263 -0.2776
vn -0.9647 -0.0129 -0.2630
vn 0.9995 -0.0263 -0.0171
vn 0.9899 -0.1008 0.0996
vn 0.9979 -0.0634 -0.0123
vn 0.9979 -0.0634 -0.0126
vn 0.9979 -0.0633 -0.0146
vn 0.9979 -0.0633 -0.0150
vn 0.9985 -0.0388 -0.0393
vn 0.9995 -0.0257 -0.0178
vn -0.6890 -0.7000 -0.1877
vn 0.7528 -0.6531 0.0817
vn 0.8248 -0.5558 -0.1037
vn -0.9408 -0.2583 0.2196
vn -0.6213 -0.6799 -0.3895
vn 0.3861 -0.2531 0.8870
vn 0.3476 -0.2332 0.9082
vn -0.9426 0.3184 0.1003
vn -0.3100 0.1378 0.9407
vn -0.5852 -0.1263 0.8010
vn -0.7009 -0.5100 -0.4986
vn 0.3797 -0.7471 -0.5456
vn -0.6647 -0.6179 0.4201
vn -0.9675 -0.2340 -0.0962
vn -0.9354 -0.2808 0.2149
vn -0.9462 -0.1194 0.3009
vn -0.8808 -0.4723 -0.0328
vn -0.7661 -0.6021 -0.2251
vn -0.7741 -0.5767 0.2611
vn -0.8217 -0.4917 0.2882
vn 0.6630 -0.1411 0.7352
vn 0.7561 -0.2544 0.6030
vn 0.8306 -0.1758 0.5283
vn 0.8615 0.0410 0.5062
vn 0.4576 0.3030 0.8360
vn -0.3779 -0.4813 0.7909
vn -0.3323 -0.5658 0.7546
vn 0.3704 -0.5020 0.7816
vn 0.3098 -0.3299 0.8918
vn 0.8238 0.2229 0.5213
vn 0.7682 -0.0811 0.6350
vn 0.9599 0.2643 0.0938
vn 0.9750 0.2183 0.0415
vn 0.9501 0.1900 -0.2473
vn 0.8426 -0.3787 -0.3830
vn 0.7966 -0.5159 -0.3150
vn -0.0322 -0.1986 -0.9795
vn 0.5553 0.3420 -0.7581
vn 0.8718 -0.0118 -0.4897
vn 0.9363 0.2706 -0.2238
vn 0.9451 -0.1408 -0.2949
vn 0.9988 0.0482 0.0069
vn 0.9294 -0.1461 0.3388
vn -0.5683 -0.6574 -0.4948
vn -0.1333 0.0724 -0.9884
vn -0.3372 -0.4948 -0.8009
vn -0.5027 -0.0962 -0.8591
vn -0.5628 0.2716 -0.7807
vn -0.5689 -0.1767 -0.8032
vn -0.6136 -0.1280 -0.7791
vn -0.6108 -0.1749 -0.7723
vn -0.8375 -0.3821 -0.3906
vn -0.8425 0.1660 -0.5125
vn -0.8426 0.1660 0.5122
vn -0.8376 -0.3822 0.3904
vn -0.6108 -0.1748 0.7722
vn -0.6137 -0.1280 0.7791
vn -0.5690 -0.1767 0.8031
vn -0.5618 0.2788 0.7789
vn -0.5252 0.2101 0.8246
vn -0.4940 0.5791 0.6485
vn -0.5317 0.2127 -0.8198
vn -0.4978 0.5835 -0.6417
vn 0.5263 -0.2982 0.7963
vn 0.4030 -0.5124 0.7583
vn -0.3375 -0.4948 0.8008
vn -0.5030 -0.0962 0.8589
vn 0.5667 -0.3801 0.7310
vn 0.5569 -0.1748 0.8120
vn 0.5965 -0.2098 0.7747
vn 0.6083 -0.1287 0.7832
vn 0.5776 -0.1600 0.8005
vn 0.5604 0.2631 0.7853
vn 0.4135 0.3942 0.8207
vn 0.1652 0.8262 0.5386
vn 0.5671 -0.3802 -0.7307
vn 0.5567 -0.1747 -0.8122
vn 0.5964 -0.2098 -0.7748
vn 0.6083 -0.1287 -0.7832
vn 0.5775 -0.1600 -0.8006
vn 0.5603 0.2631 -0.7854
vn 0.4231 0.3865 -0.8195
vn 0.1661 0.8305 -0.5317
vn 0.5263 -0.2982 -0.7963
vn 0.4032 -0.5123 -0.7583
vn 0.4685 -0.6958 0.5445
vn 0.8967 0.0023 0.4426
vn 0.8627 -0.2870 0.4163
vn 0.9684 0.0753 0.2379
vn 0.9499 -0.2759 0.1467
vn 0.9140 -0.3687 0.1694
vn 0.9110 -0.3833 0.1520
vn -0.6191 0.6735 0.4038
vn -0.7170 0.2799 0.6384
vn -0.7270 0.2487 -0.6400
vn -0.6450 0.6490 -0.4034
vn -0.6230 -0.0078 -0.7822
vn -0.5803 -0.3426 -0.7389
vn -0.6432 -0.4165 -0.6425
vn -0.7377 -0.4095 -0.5368
vn -0.7494 -0.4066 0.5225
vn -0.7602 -0.3843 0.5239
vn -0.6963 -0.1741 0.6963
vn -0.7304 -0.0072 0.6830
vn 0.6523 0.6632 -0.3669
vn 0.7351 0.2120 -0.6439
vn 0.7275 0.2441 0.6412
vn 0.6270 0.6868 0.3677
vn 0.7468 0.0770 0.6606
vn 0.6861 -0.2114 0.6961
vn 0.7390 -0.4236 0.5239
vn 0.7301 -0.4399 0.5229
vn 0.7216 -0.4443 -0.5309
vn 0.6162 -0.4469 -0.6485
vn 0.5609 -0.3746 -0.7383
vn 0.6246 0.0468 -0.7795
vn 0.6488 0.5834 -0.4885
vn 0.6720 0.2655 -0.6913
vn 0.6587 0.2603 0.7059
vn 0.6283 0.5971 0.4988
vn 0.6777 0.1043 0.7279
vn 0.6155 -0.1782 0.7677
vn 0.6752 -0.5124 0.5306
vn 0.5334 -0.4830 0.6944
vn 0.5034 -0.4715 -0.7240
vn 0.6701 -0.5074 -0.5418
vn 0.5186 -0.1877 -0.8342
vn 0.5406 0.1156 -0.8333
vn -0.6008 0.6250 0.4984
vn -0.6499 0.2901 0.7025
vn -0.6637 0.2962 -0.6868
vn -0.6220 0.6150 -0.4847
vn -0.5388 0.1414 -0.8305
vn -0.5323 -0.1636 -0.8306
vn -0.6994 -0.4743 -0.5346
vn -0.5225 -0.4452 -0.7272
vn -0.5524 -0.4548 0.6986
vn -0.7002 -0.4782 0.5301
vn -0.6250 -0.1515 0.7658
vn -0.6732 0.1378 0.7265
vn 0.6490 0.6227 -0.4370
vn 0.6821 0.1730 -0.7105
vn 0.6738 0.1862 0.7151
vn 0.6398 0.6004 0.4797
vn 0.6739 -0.0033 0.7388
vn 0.6081 -0.2378 0.7574
vn 0.6886 -0.4152 0.5945
vn 0.6885 -0.4153 0.5945
vn 0.6885 -0.4154 0.5945
vn 0.6884 -0.4155 0.5945
vn 0.6744 -0.4191 -0.6079
vn 0.6456 -0.4175 -0.6394
vn 0.5233 -0.2674 -0.8091
vn 0.5602 0.1281 -0.8184
vn -0.6084 0.6292 0.4836
vn -0.6615 0.2187 0.7174
vn -0.6713 0.2061 -0.7120
vn -0.6164 0.6542 -0.4382
vn -0.5511 0.1503 -0.8208
vn -0.5345 -0.2385 -0.8108
vn -0.6671 -0.3853 -0.6376
vn -0.7039 -0.3854 -0.5966
vn -0.7104 -0.3773 0.5941
vn -0.7076 -0.3831 0.5937
vn -0.6204 -0.2127 0.7549
vn -0.6765 0.0332 0.7357
vn 0.6501 0.5815 -0.4891
vn 0.6670 0.1962 -0.7188
vn 0.6562 0.1931 0.7294
vn 0.6310 0.5968 0.4957
vn 0.6794 0.1101 0.7255
vn 0.5984 -0.2286 0.7679
vn 0.6762 -0.4434 0.5884
vn 0.6909 -0.4173 0.5904
vn 0.6883 -0.4291 -0.5850
vn 0.6342 -0.4251 -0.6458
vn 0.5112 -0.2474 -0.8231
vn 0.5442 0.1155 -0.8310
vn -0.5967 0.6257 0.5025
vn -0.6451 0.2237 0.7306
vn -0.6583 0.2282 -0.7174
vn -0.6216 0.6121 -0.4888
vn -0.5382 0.1392 -0.8313
vn -0.5253 -0.2203 -0.8219
vn -0.6575 -0.3904 -0.6444
vn -0.7150 -0.3915 -0.5792
vn -0.7123 -0.3771 0.5920
vn -0.6957 -0.4105 0.5894
vn -0.6075 -0.1993 0.7689
vn -0.6718 0.1409 0.7272
vn -0.8503 -0.1716 0.4975
vn -0.9482 0.2318 0.2173
vn -0.9641 -0.2616 0.0454
vn -0.7371 -0.5485 0.3948
vn -0.7668 -0.3994 0.5026
vn -0.7885 -0.4677 0.3993
vn -0.7448 -0.5070 -0.4339
vn -0.7249 -0.5397 -0.4280
vn -0.7145 -0.3896 -0.5812
vn -0.7864 -0.1028 -0.6091
vn -0.9104 0.3335 -0.2448
vn -0.9637 -0.2609 -0.0563
vn -0.6804 -0.0390 -0.7318
vn -0.6461 -0.2586 -0.7181
vn -0.7116 -0.5023 -0.4913
vn -0.7134 -0.5021 -0.4888
vn -0.7509 -0.4757 0.4581
vn -0.7305 -0.5086 0.4558
vn -0.7306 -0.2237 0.6451
vn -0.7814 -0.0191 0.6237
vn -0.6966 0.6369 -0.3304
vn -0.7868 0.2894 -0.5452
vn -0.7712 0.2773 0.5731
vn -0.6619 0.6729 0.3302
vn 0.5971 0.7269 0.3392
vn 0.7396 0.3543 0.5723
vn 0.7517 0.3674 -0.5477
vn 0.6301 0.6992 -0.3377
vn 0.7814 0.0510 0.6220
vn 0.7485 -0.1629 0.6428
vn 0.7736 -0.4396 0.4564
vn 0.8027 -0.3791 0.4604
vn 0.7836 -0.4143 -0.4630
vn 0.7523 -0.4223 -0.5057
vn 0.6688 -0.2020 -0.7154
vn 0.6829 0.0118 -0.7304
vn 0.8164 -0.2837 0.5030
vn 0.8110 -0.4195 0.4079
vn 0.8392 -0.4069 0.3608
vn 0.7872 -0.4379 -0.4343
vn 0.7954 -0.4346 -0.4225
vn 0.7616 -0.2790 -0.5849
vn 0.7904 0.0045 -0.6126
vn 0.8662 0.3200 -0.3837
vn 0.9359 -0.2692 -0.2274
vn 0.9388 -0.2727 0.2104
vn 0.9168 0.1856 0.3536
vn 0.8655 -0.0508 0.4984
usemtl texturefile_20
s 1
f 2620/2620/2474 2621/2621/2474 2622/2622/2474
f 2623/2623/2475 2624/2624/2475 2625/2625/2475
f 2625/2625/2476 2624/2624/2476 2626/2626/2476
f 2626/2626/2477 2624/2624/2477 2627/2627/2477
f 2627/2627/2478 2624/2624/2478 2628/2628/2478
f 2629/2629/2479 2628/2628/2479 2624/2624/2479
f 2630/2630/2480 2628/2628/2480 2629/2629/2480
f 2628/2628/2481 2630/2630/2481 2631/2631/2481
f 2631/2631/2482 2630/2630/2482 2632/2632/2482
f 2622/2622/2483 2632/2632/2483 2630/2630/2483
f 2627/2627/2484 2628/2628/2484 2633/2633/2484
f 2634/2634/2485 2633/2633/2485 2628/2628/2485
f 2633/2633/2486 2634/2634/2486 2635/2635/2486
f 2635/2635/2487 2634/2634/2487 2636/2636/2487
f 2636/2636/2488 2634/2634/2488 2637/2637/2488
f 2637/2637/2489 2634/2634/2489 2638/2638/2489
f 2638/2638/2490 2634/2634/2490 2631/2631/2490
f 2628/2628/2491 2631/2631/2491 2634/2634/2491
f 2632/2632/2492 2639/2639/2492 2631/2631/2492
f 2640/2640/2493 2631/2631/2493 2639/2639/2493
f 2641/2641/2494 2631/2631/2494 2640/2640/2494
f 2642/2642/2495 2631/2631/2495 2641/2641/2495
f 2631/2631/2496 2642/2642/2496 2638/2638/2496
f 2643/2643/2497 2644/2644/2497 2632/2632/2497
f 2645/2645/2498 2632/2632/2498 2644/2644/2498
f 2632/2632/2499 2645/2645/2499 2646/2646/2499
f 2645/2645/2500 2644/2644/2500 2647/2647/2500
f 2648/2648/2501 2647/2647/2501 2644/2644/2501
f 2649/2649/2502 2647/2647/2502 2648/2648/2502
f 2647/2647/2503 2649/2649/2503 2650/2650/2503
f 2650/2650/2504 2649/2649/2504 2651/2651/2504
f 2652/2652/2505 2651/2651/2505 2649/2649/2505
f 2651/2651/2506 2652/2652/2506 2653/2653/2506
f 2654/2654/2507 2647/2647/2507 2655/2655/2507
f 2650/2650/2508 2655/2655/2508 2647/2647/2508
f 2655/2655/2509 2650/2650/2509 2656/2656/2509
f 2656/2656/2510 2650/2650/2510 2657/2657/2510
f 2657/2657/2511 2650/2650/2511 2658/2658/2511
f 2658/2658/2512 2650/2650/2512 2659/2659/2512
f 2659/2659/2513 2650/2650/2513 2660/2660/2513
f 2651/2651/2514 2660/2660/2514 2650/2650/2514
f 2661/2661/2515 2662/2662/2515 2653/2653/2515
f 2663/2663/2516 2664/2664/2516 2653/2653/2516
f 2653/2653/2517 2664/2664/2517 2665/2665/2517
f 2666/2666/2518 2665/2665/2518 2664/2664/2518
f 2665/2665/2519 2666/2666/2519 2667/2667/2519
f 2668/2668/2520 2667/2667/2520 2666/2666/2520
f 2669/2669/2521 2667/2667/2521 2668/2668/2521
f 2670/2670/2522 2667/2667/2522 2669/2669/2522
f 2667/2667/2523 2670/2670/2523 2671/2671/2523
f 2672/2672/2524 2673/2673/2524 2663/2663/2524
f 2674/2674/2525 2675/2675/2525 2676/2676/2525
f 2677/2677/2526 2678/2678/2526 2679/2679/2526
f 2680/2680/2527 2681/2681/2527 2682/2682/2527
f 2683/2683/2528 2684/2684/2528 2685/2685/2528
f 2683/2683/2529 2686/2686/2529 2687/2687/2529
f 2688/2688/2530 2689/2689/2530 2690/2690/2530
f 2690/2690/2531 2689/2689/2531 2683/2683/2531
f 2691/2691/2532 2683/2683/2532 2689/2689/2532
f 2683/2683/2533 2691/2691/2533 2692/2692/2533
f 2693/2693/2534 2691/2691/2534 2694/2694/2534
f 2689/2689/2535 2694/2694/2535 2691/2691/2535
f 2694/2694/2536 2689/2689/2536 2695/2695/2536
f 2696/2696/2537 2695/2695/2537 2689/2689/2537
f 2697/2697/2538 2694/2694/2538 2698/2698/2538
f 2699/2699/2539 2698/2698/2539 2694/2694/2539
f 2697/2697/2540 2700/2700/2540 2701/2701/2540
f 2702/2702/2541 2701/2701/2541 2700/2700/2541
f 2703/2703/2542 2704/2704/2542 2700/2700/2542
f 2705/2705/2543 2700/2700/2543 2704/2704/2543
f 2700/2700/2544 2705/2705/2544 2702/2702/2544
f 2706/2706/2545 2702/2702/2545 2705/2705/2545
f 2684/2684/2546 2701/2701/2546 2707/2707/2546
f 2702/2702/2547 2707/2707/2547 2701/2701/2547
f 2707/2707/2548 2702/2702/2548 2708/2708/2548
f 2709/2709/2549 2708/2708/2549 2702/2702/2549
f 2710/2710/2550 2707/2707/2550 2711/2711/2550
f 2708/2708/2551 2711/2711/2551 2707/2707/2551
f 2712/2712/2552 2713/2713/2552 2714/2714/2552
f 2712/2712/2553 2715/2715/2553 2716/2716/2553
f 2717/2717/2554 2718/2718/2554 2719/2719/2554
f 2720/2720/2555 2719/2719/2555 2718/2718/2555
f 2712/2712/2556 2719/2719/2556 2720/2720/2556
f 2719/2719/2557 2712/2712/2557 2721/2721/2557
f 2722/2722/2558 2712/2712/2558 2723/2723/2558
f 2720/2720/2559 2723/2723/2559 2712/2712/2559
f 2718/2718/2560 2723/2723/2560 2720/2720/2560
f 2723/2723/2561 2718/2718/2561 2724/2724/2561
f 2725/2725/2562 2726/2726/2562 2718/2718/2562
f 2727/2727/2563 2728/2728/2563 2713/2713/2563
f 2728/2728/2564 2727/2727/2564 2729/2729/2564
f 2729/2729/2565 2727/2727/2565 2730/2730/2565
f 2726/2726/2566 2730/2730/2566 2727/2727/2566
f 2728/2728/2567 2731/2731/2567 2722/2722/2567
f 2731/2731/2568 2728/2728/2568 2732/2732/2568
f 2732/2732/2569 2728/2728/2569 2733/2733/2569
f 2729/2729/2570 2733/2733/2570 2728/2728/2570
f 2730/2730/2571 2733/2733/2571 2729/2729/2571
f 2733/2733/2572 2730/2730/2572 2734/2734/2572
f 2734/2734/2573 2730/2730/2573 2735/2735/2573
f 2736/2736/2574 2735/2735/2574 2730/2730/2574
f 2737/2737/2575 2738/2738/2575 2718/2718/2575
f 2739/2739/2576 2740/2740/2576 2741/2741/2576
f 2742/2742/2577 2743/2743/2577 2744/2744/2577
f 2745/2745/2578 2744/2744/2578 2743/2743/2578
f 2744/2744/2579 2745/2745/2579 2746/2746/2579
f 2746/2746/2580 2745/2745/2580 2747/2747/2580
f 2741/2741/2581 2747/2747/2581 2745/2745/2581
f 2747/2747/2582 2741/2741/2582 2748/2748/2582
f 2749/2749/2583 2750/2750/2583 2743/2743/2583
f 2751/2751/2584 2743/2743/2584 2750/2750/2584
f 2743/2743/2585 2751/2751/2585 2745/2745/2585
f 2745/2745/2586 2751/2751/2586 2741/2741/2586
f 2752/2752/2587 2741/2741/2587 2751/2751/2587
f 2741/2741/2588 2752/2752/2588 2753/2753/2588
f 2754/2754/2589 2753/2753/2589 2752/2752/2589
f 2755/2755/2590 2753/2753/2590 2754/2754/2590
f 2756/2756/2591 2753/2753/2591 2755/2755/2591
f 2753/2753/2592 2756/2756/2592 2741/2741/2592
f 2757/2757/2593 2758/2758/2593 2746/2746/2593
f 2759/2759/2594 2746/2746/2594 2758/2758/2594
f 2746/2746/2595 2759/2759/2595 2760/2760/2595
f 2749/2749/2596 2761/2761/2596 2762/2762/2596
f 2763/2763/2597 2762/2762/2597 2761/2761/2597
f 2764/2764/2598 2762/2762/2598 2763/2763/2598
f 2765/2765/2599 2762/2762/2599 2764/2764/2599
f 2762/2762/2600 2765/2765/2600 2742/2742/2600
f 2761/2761/2601 2766/2766/2601 2767/2767/2601
f 2768/2768/2602 2767/2767/2602 2766/2766/2602
f 2769/2769/2603 2767/2767/2603 2768/2768/2603
f 2763/2763/2604 2767/2767/2604 2769/2769/2604
f 2767/2767/2605 2763/2763/2605 2761/2761/2605
f 2763/2763/2606 2769/2769/2606 2770/2770/2606
f 2771/2771/2607 2770/2770/2607 2769/2769/2607
f 2772/2772/2608 2770/2770/2608 2771/2771/2608
f 2770/2770/2609 2772/2772/2609 2773/2773/2609
f 2774/2774/2610 2773/2773/2610 2772/2772/2610
f 2775/2775/2611 2773/2773/2611 2774/2774/2611
f 2776/2776/2612 2773/2773/2612 2775/2775/2612
f 2773/2773/2613 2776/2776/2613 2770/2770/2613
f 2764/2764/2614 2770/2770/2614 2776/2776/2614
f 2770/2770/2615 2764/2764/2615 2763/2763/2615
f 2777/2777/2616 2778/2778/2616 2779/2779/2616
f 2780/2780/2617 2781/2781/2617 2782/2782/2617
f 2778/2778/2618 2782/2782/2618 2781/2781/2618
f 2783/2783/2619 2784/2784/2619 2782/2782/2619
f 2785/2785/2620 2782/2782/2620 2784/2784/2620
f 2782/2782/2621 2785/2785/2621 2780/2780/2621
f 2786/2786/2622 2780/2780/2622 2785/2785/2622
f 2787/2787/2623 2788/2788/2623 2789/2789/2623
f 2790/2790/2624 2789/2789/2624 2788/2788/2624
f 2791/2791/2625 2789/2789/2625 2790/2790/2625
f 2789/2789/2626 2791/2791/2626 2792/2792/2626
f 2792/2792/2627 2791/2791/2627 2784/2784/2627
f 2784/2784/2628 2791/2791/2628 2785/2785/2628
f 2793/2793/2629 2785/2785/2629 2791/2791/2629
f 2794/2794/2630 2788/2788/2630 2795/2795/2630
f 2795/2795/2631 2788/2788/2631 2796/2796/2631
f 2787/2787/2632 2796/2796/2632 2788/2788/2632
f 2796/2796/2633 2787/2787/2633 2797/2797/2633
f 2798/2798/2634 2797/2797/2634 2787/2787/2634
f 2797/2797/2635 2798/2798/2635 2799/2799/2635
f 2800/2800/2636 2799/2799/2636 2798/2798/2636
f 2799/2799/2637 2800/2800/2637 2801/2801/2637
f 2801/2801/2638 2800/2800/2638 2802/2802/2638
f 2802/2802/2639 2800/2800/2639 2803/2803/2639
f 2803/2803/2640 2800/2800/2640 2804/2804/2640
f 2798/2798/2641 2804/2804/2641 2800/2800/2641
f 2804/2804/2642 2798/2798/2642 2787/2787/2642
f 2805/2805/2643 2806/2806/2643 2807/2807/2643
f 2808/2808/2644 2806/2806/2644 2809/2809/2644
f 2810/2810/2645 2809/2809/2645 2806/2806/2645
f 2811/2811/2646 2812/2812/2646 2813/2813/2646
f 2813/2813/2647 2812/2812/2647 2814/2814/2647
f 2808/2808/2648 2814/2814/2648 2812/2812/2648
f 2814/2814/2649 2808/2808/2649 2815/2815/2649
f 2809/2809/2650 2815/2815/2650 2808/2808/2650
f 2815/2815/2651 2809/2809/2651 2816/2816/2651
f 2817/2817/2652 2816/2816/2652 2809/2809/2652
f 2818/2818/2653 2813/2813/2653 2819/2819/2653
f 2820/2820/2654 2819/2819/2654 2813/2813/2654
f 2819/2819/2655 2820/2820/2655 2821/2821/2655
f 2821/2821/2656 2820/2820/2656 2822/2822/2656
f 2823/2823/2657 2822/2822/2657 2820/2820/2657
f 2822/2822/2658 2823/2823/2658 2824/2824/2658
f 2814/2814/2659 2824/2824/2659 2823/2823/2659
f 2824/2824/2660 2814/2814/2660 2825/2825/2660
f 2815/2815/2661 2825/2825/2661 2814/2814/2661
f 2825/2825/2662 2815/2815/2662 2826/2826/2662
f 2826/2826/2663 2815/2815/2663 2827/2827/2663
f 2828/2828/2664 2827/2827/2664 2815/2815/2664
f 2814/2814/2665 2823/2823/2665 2813/2813/2665
f 2820/2820/2666 2813/2813/2666 2823/2823/2666
f 2829/2829/2667 2830/2830/2667 2831/2831/2667
f 2832/2832/2668 2833/2833/2668 2834/2834/2668
f 2830/2830/2669 2834/2834/2669 2833/2833/2669
f 2835/2835/2670 2833/2833/2670 2836/2836/2670
f 2837/2837/2671 2838/2838/2671 2839/2839/2671
f 2840/2840/2672 2841/2841/2672 2842/2842/2672
f 2843/2843/2673 2844/2844/2673 2841/2841/2673
f 2845/2845/2674 2846/2846/2674 2847/2847/2674
f 2848/2848/2675 2849/2849/2675 2846/2846/2675
f 2846/2846/2676 2849/2849/2676 2847/2847/2676
f 2850/2850/2677 2847/2847/2677 2849/2849/2677
f 2851/2851/2678 2848/2848/2678 2852/2852/2678
f 2853/2853/2679 2852/2852/2679 2848/2848/2679
f 2852/2852/2680 2853/2853/2680 2845/2845/2680
f 2854/2854/2681 2847/2847/2681 2805/2805/2681
f 2855/2855/2682 2805/2805/2682 2847/2847/2682
f 2805/2805/2683 2855/2855/2683 2856/2856/2683
f 2857/2857/2684 2847/2847/2684 2858/2858/2684
f 2854/2854/2685 2858/2858/2685 2847/2847/2685
f 2858/2858/2686 2854/2854/2686 2859/2859/2686
f 2805/2805/2687 2859/2859/2687 2854/2854/2687
f 2860/2860/2688 2859/2859/2688 2805/2805/2688
f 2861/2861/2689 2859/2859/2689 2860/2860/2689
f 2859/2859/2690 2861/2861/2690 2858/2858/2690
f 2862/2862/2691 2858/2858/2691 2861/2861/2691
f 2863/2863/2692 2864/2864/2692 2865/2865/2692
f 2866/2866/2693 2865/2865/2693 2864/2864/2693
f 2867/2867/2694 2868/2868/2694 2869/2869/2694
f 2865/2865/2695 2869/2869/2695 2868/2868/2695
f 2870/2870/2696 2869/2869/2696 2865/2865/2696
f 2871/2871/2697 2869/2869/2697 2870/2870/2697
f 2869/2869/2698 2871/2871/2698 2872/2872/2698
f 2873/2873/2699 2874/2874/2699 2875/2875/2699
f 2876/2876/2700 2875/2875/2700 2874/2874/2700
f 2865/2865/2701 2875/2875/2701 2876/2876/2701
f 2868/2868/2702 2875/2875/2702 2865/2865/2702
f 2875/2875/2703 2868/2868/2703 2877/2877/2703
f 2872/2872/2704 2878/2878/2704 2879/2879/2704
f 2880/2880/2705 2879/2879/2705 2878/2878/2705
f 2881/2881/2706 2879/2879/2706 2880/2880/2706
f 2879/2879/2707 2881/2881/2707 2873/2873/2707
f 2867/2867/2708 2882/2882/2708 2878/2878/2708
f 2883/2883/2709 2878/2878/2709 2882/2882/2709
f 2878/2878/2710 2883/2883/2710 2880/2880/2710
f 2884/2884/2711 2880/2880/2711 2883/2883/2711
f 2885/2885/2712 2880/2880/2712 2884/2884/2712
f 2880/2880/2713 2885/2885/2713 2881/2881/2713
f 2886/2886/2714 2881/2881/2714 2885/2885/2714
f 2881/2881/2715 2886/2886/2715 2887/2887/2715
f 2888/2888/2716 2889/2889/2716 2890/2890/2716
f 2891/2891/2717 2890/2890/2717 2889/2889/2717
f 2892/2892/2718 2893/2893/2718 2894/2894/2718
f 2895/2895/2719 2894/2894/2719 2893/2893/2719
f 2896/2896/2720 2897/2897/2720 2898/2898/2720
f 2899/2899/2721 2898/2898/2721 2897/2897/2721
f 2900/2900/2722 2901/2901/2722 2902/2902/2722
f 2903/2903/2723 2902/2902/2723 2901/2901/2723
f 2904/2904/2724 2905/2905/2724 2906/2906/2724
f 2902/2902/2725 2906/2906/2725 2905/2905/2725
f 2907/2907/2726 2906/2906/2726 2902/2902/2726
f 2908/2908/2727 2906/2906/2727 2907/2907/2727
f 2906/2906/2728 2908/2908/2728 2909/2909/2728
f 2910/2910/2729 2911/2911/2729 2912/2912/2729
f 2913/2913/2730 2912/2912/2730 2911/2911/2730
f 2902/2902/2731 2912/2912/2731 2913/2913/2731
f 2905/2905/2732 2912/2912/2732 2902/2902/2732
f 2912/2912/2733 2905/2905/2733 2914/2914/2733
f 2909/2909/2734 2915/2915/2734 2916/2916/2734
f 2917/2917/2735 2916/2916/2735 2915/2915/2735
f 2918/2918/2736 2916/2916/2736 2917/2917/2736
f 2916/2916/2737 2918/2918/2737 2910/2910/2737
f 2904/2904/2738 2919/2919/2738 2915/2915/2738
f 2920/2920/2739 2915/2915/2739 2919/2919/2739
f 2915/2915/2740 2920/2920/2740 2917/2917/2740
f 2921/2921/2741 2917/2917/2741 2920/2920/2741
f 2922/2922/2742 2917/2917/2742 2921/2921/2742
f 2917/2917/2743 2922/2922/2743 2918/2918/2743
f 2923/2923/2744 2918/2918/2744 2922/2922/2744
f 2918/2918/2745 2923/2923/2745 2924/2924/2745
f 2925/2925/2746 2926/2926/2746 2927/2927/2746
f 2928/2928/2747 2927/2927/2747 2926/2926/2747
f 2927/2927/2748 2928/2928/2748 2929/2929/2748
f 2930/2930/2749 2931/2931/2749 2932/2932/2749
f 2933/2933/2750 2932/2932/2750 2931/2931/2750
f 2932/2932/2751 2933/2933/2751 2934/2934/2751
f 2935/2935/2752 2936/2936/2752 2937/2937/2752
f 2938/2938/2753 2937/2937/2753 2936/2936/2753
f 2939/2939/2754 2937/2937/2754 2938/2938/2754
f 2937/2937/2755 2939/2939/2755 2940/2940/2755
f 2941/2941/2756 2942/2942/2756 2936/2936/2756
f 2943/2943/2757 2936/2936/2757 2942/2942/2757
f 2944/2944/2758 2936/2936/2758 2943/2943/2758
f 2936/2936/2759 2944/2944/2759 2938/2938/2759
f 2938/2938/2760 2944/2944/2760 2939/2939/2760
f 2945/2945/2761 2939/2939/2761 2944/2944/2761
f 2946/2946/2762 2939/2939/2762 2945/2945/2762
f 2939/2939/2763 2946/2946/2763 2947/2947/2763
f 2947/2947/2764 2948/2948/2764 2949/2949/2764
f 2950/2950/2765 2949/2949/2765 2948/2948/2765
f 2951/2951/2766 2949/2949/2766 2950/2950/2766
f 2949/2949/2767 2951/2951/2767 2952/2952/2767
f 2940/2940/2768 2953/2953/2768 2948/2948/2768
f 2954/2954/2769 2948/2948/2769 2953/2953/2769
f 2955/2955/2770 2948/2948/2770 2954/2954/2770
f 2948/2948/2771 2955/2955/2771 2950/2950/2771
f 2950/2950/2772 2955/2955/2772 2951/2951/2772
f 2956/2956/2773 2951/2951/2773 2955/2955/2773
f 2957/2957/2774 2951/2951/2774 2956/2956/2774
f 2951/2951/2775 2957/2957/2775 2935/2935/2775
f 2958/2958/2776 2959/2959/2776 2960/2960/2776
f 2961/2961/2777 2960/2960/2777 2959/2959/2777
f 2960/2960/2778 2961/2961/2778 2962/2962/2778
f 2962/2962/2779 2961/2961/2779 2963/2963/2779
f 2964/2964/2780 2963/2963/2780 2961/2961/2780
f 2965/2965/2781 2963/2963/2781 2964/2964/2781
f 2966/2966/2782 2963/2963/2782 2965/2965/2782
f 2967/2967/2783 2963/2963/2783 2966/2966/2783
f 2963/2963/2784 2967/2967/2784 2962/2962/2784
f 2962/2962/2785 2967/2967/2785 2960/2960/2785
f 2968/2968/2786 2960/2960/2786 2967/2967/2786
f 2960/2960/2787 2968/2968/2787 2958/2958/2787
f 2969/2969/2788 2970/2970/2788 2971/2971/2788
f 2972/2972/2789 2971/2971/2789 2970/2970/2789
f 2971/2971/2790 2972/2972/2790 2973/2973/2790
f 2973/2973/2791 2972/2972/2791 2974/2974/2791
f 2975/2975/2792 2974/2974/2792 2972/2972/2792
f 2976/2976/2793 2974/2974/2793 2975/2975/2793
f 2977/2977/2794 2974/2974/2794 2976/2976/2794
f 2978/2978/2795 2974/2974/2795 2977/2977/2795
f 2974/2974/2796 2978/2978/2796 2973/2973/2796
f 2973/2973/2797 2978/2978/2797 2971/2971/2797
f 2979/2979/2798 2971/2971/2798 2978/2978/2798
f 2971/2971/2799 2979/2979/2799 2969/2969/2799
f 2980/2980/2800 2981/2981/2800 2982/2982/2800
f 2983/2983/2801 2984/2984/2801 2985/2985/2801
f 2986/2986/2802 2987/2987/2802 2988/2988/2802
f 2989/2989/2803 2990/2990/2803 2991/2991/2803
f 2988/2988/2804 2991/2991/2804 2990/2990/2804
f 2991/2991/2805 2988/2988/2805 2992/2992/2805
f 2993/2993/2806 2992/2992/2806 2988/2988/2806
f 2994/2994/2807 2992/2992/2807 2993/2993/2807
f 2995/2995/2808 2992/2992/2808 2994/2994/2808
f 2996/2996/2809 2992/2992/2809 2995/2995/2809
f 2992/2992/2810 2996/2996/2810 2991/2991/2810
f 2997/2997/2811 2991/2991/2811 2996/2996/2811
f 2998/2998/2812 2999/2999/2812 2996/2996/2812
f 3000/3000/2813 2996/2996/2813 2999/2999/2813
f 2996/2996/2814 3000/3000/2814 2989/2989/2814
f 2995/2995/2815 3001/3001/2815 2996/2996/2815
f 3002/3002/2816 2996/2996/2816 3001/3001/2816
f 2996/2996/2817 3002/3002/2817 2998/2998/2817
f 3003/3003/2818 2998/2998/2818 3002/3002/2818
f 2998/2998/2819 3003/3003/2819 3004/3004/2819
f 3004/3004/2820 3003/3003/2821 3005/3005/2822
f 3006/3006/2823 3005/3005/2822 3003/3003/2821
f 3005/3005/2824 3006/3006/2824 3007/3007/2824
f 3003/3003/2825 3008/3008/2825 3001/3001/2825
f 3009/3009/2826 3010/3010/2826 3011/3011/2826
f 3005/3005/2827 3011/3011/2827 3010/3010/2827
f 3007/3007/2828 3011/3011/2828 3005/3005/2828
f 3011/3011/2829 3007/3007/2829 3012/3012/2829
f 3013/3013/2830 2998/2998/2830 3010/3010/2830
f 3014/3014/2831 3015/3015/2831 3012/3012/2831
f 3016/3016/2832 3012/3012/2832 3015/3015/2832
f 3017/3017/2833 3018/3018/2833 2993/2993/2833
f 3019/3019/2834 3017/3017/2834 3020/3020/2834
f 3021/3021/2835 3020/3020/2835 3017/3017/2835
f 3022/3022/2836 3023/3023/2836 3024/3024/2836
f 3025/3025/2837 3026/3026/2837 3027/3027/2837
f 3026/3026/2838 3028/3028/2838 3029/3029/2838
f 3030/3030/2839 3031/3031/2839 3028/3028/2839
f 3032/3032/2840 3028/3028/2840 3031/3031/2840
f 3028/3028/2841 3032/3032/2841 3033/3033/2841
f 3031/3031/2842 3034/3034/2842 3035/3035/2842
f 3035/3035/2843 3034/3034/2843 3036/3036/2843
f 3037/3037/2844 3036/3036/2844 3034/3034/2844
f 3036/3036/2845 3037/3037/2845 3038/3038/2845
f 3039/3039/2846 3034/3034/2846 3030/3030/2846
f 3034/3034/2847 3039/3039/2847 3040/3040/2847
f 3041/3041/2848 3040/3040/2848 3039/3039/2848
f 3042/3042/2849 3040/3040/2849 3041/3041/2849
f 3043/3043/2850 3040/3040/2850 3042/3042/2850
f 3044/3044/2851 3040/3040/2851 3043/3043/2851
f 3045/3045/2852 3040/3040/2852 3044/3044/2852
f 3046/3046/2853 3047/3047/2853 3048/3048/2853
f 3048/3048/2854 3047/3047/2854 3039/3039/2854
f 3049/3049/2855 3039/3039/2855 3047/3047/2855
f 3039/3039/2856 3049/3049/2856 3041/3041/2856
f 3041/3041/2857 3049/3049/2857 3050/3050/2857
f 3051/3051/2858 3050/3050/2858 3049/3049/2858
f 3050/3050/2859 3051/3051/2859 3052/3052/2859
f 3052/3052/2860 3051/3051/2860 3053/3053/2860
f 3053/3053/2861 3051/3051/2861 3054/3054/2861
f 3055/3055/2862 3054/3054/2862 3051/3051/2862
f 3054/3054/2863 3055/3055/2863 3056/3056/2863
f 3056/3056/2864 3055/3055/2864 3025/3025/2864
f 3025/3025/2865 3055/3055/2865 3057/3057/2865
f 3051/3051/2866 3057/3057/2866 3055/3055/2866
f 3051/3051/2867 3049/3049/2867 3057/3057/2867
f 3047/3047/2868 3057/3057/2868 3049/3049/2868
f 3058/3058/2869 3059/3059/2869 3060/3060/2869
f 3061/3061/2870 3062/3062/2870 3063/3063/2870
f 3064/3064/2871 3065/3065/2871 3066/3066/2871
f 3067/3067/2872 3066/3066/2872 3065/3065/2872
f 3068/3068/2873 3069/3069/2873 3070/3070/2873
f 3069/3069/2874 3068/3068/2874 3071/3071/2874
f 3064/3064/2875 3071/3071/2875 3068/3068/2875
f 3072/3072/2876 3071/3071/2876 3064/3064/2876
f 3071/3071/2877 3072/3072/2877 3073/3073/2877
f 3074/3074/2878 3073/3073/2878 3072/3072/2878
f 3075/3075/2879 3073/3073/2879 3074/3074/2879
f 3073/3073/2880 3075/3075/2880 3071/3071/2880
f 3076/3076/2881 3071/3071/2881 3075/3075/2881
f 3077/3077/2882 3071/3071/2882 3076/3076/2882
f 3071/3071/2883 3077/3077/2883 3069/3069/2883
f 3078/3078/2884 3069/3069/2884 3077/3077/2884
f 3069/3069/2885 3078/3078/2885 3079/3079/2885
f 3080/3080/2886 3079/3079/2886 3078/3078/2886
f 3069/3069/2887 3081/3081/2887 3070/3070/2887
f 3082/3082/2888 3070/3070/2888 3081/3081/2888
f 3074/3074/2889 3083/3083/2889 3084/3084/2889
f 3085/3085/2890 3084/3084/2890 3083/3083/2890
f 3076/3076/2891 3086/3086/2891 3087/3087/2891
f 3088/3088/2892 3087/3087/2892 3086/3086/2892
f 3089/3089/2893 3090/3090/2893 3091/3091/2893
f 3092/3092/2894 3091/3091/2894 3090/3090/2894
f 3091/3091/2895 3092/3092/2895 3085/3085/2895
f 3085/3085/2896 3092/3092/2896 3093/3093/2896
f 3094/3094/2897 3093/3093/2897 3092/3092/2897
f 3095/3095/2898 3093/3093/2898 3094/3094/2898
f 3093/3093/2899 3095/3095/2899 3096/3096/2899
f 3097/3097/2900 3096/3096/2900 3095/3095/2900
f 3098/3098/2901 3099/3099/2901 3090/3090/2901
f 3090/3090/2902 3099/3099/2902 3092/3092/2902
f 3100/3100/2903 3092/3092/2903 3099/3099/2903
f 3101/3101/2904 3092/3092/2904 3100/3100/2904
f 3092/3092/2905 3101/3101/2905 3094/3094/2905
f 3094/3094/2906 3101/3101/2906 3102/3102/2906
f 3103/3103/2907 3102/3102/2907 3101/3101/2907
f 3102/3102/2908 3103/3103/2908 3104/3104/2908
f 3074/3074/2909 3105/3105/2909 3106/3106/2909
f 3100/3100/2910 3106/3106/2910 3105/3105/2910
f 3107/3107/2911 3108/3108/2911 3109/3109/2911
f 3110/3110/2912 3109/3109/2912 3108/3108/2912
f 3109/3109/2913 3110/3110/2913 3111/3111/2913
f 3112/3112/2914 3003/3003/2914 3113/3113/2914
f 3113/3113/2915 3003/3003/2915 3114/3114/2915
f 3115/3115/2916 3114/3114/2916 3003/3003/2916
f 3114/3114/2917 3115/3115/2917 3116/3116/2917
f 3117/3117/2918 3118/3118/2918 3119/3119/2918
f 3120/3120/2919 3119/3119/2919 3118/3118/2919
f 3121/3121/2920 3119/3119/2920 3120/3120/2920
f 3119/3119/2921 3121/3121/2921 3122/3122/2921
f 3123/3123/2922 3124/3124/2922 3118/3118/2922
f 3125/3125/2923 3118/3118/2923 3124/3124/2923
f 3126/3126/2924 3118/3118/2924 3125/3125/2924
f 3118/3118/2925 3126/3126/2925 3120/3120/2925
f 3127/3127/2926 3120/3120/2926 3126/3126/2926
f 3120/3120/2927 3127/3127/2927 3121/3121/2927
f 3128/3128/2928 3121/3121/2928 3127/3127/2928
f 3121/3121/2929 3128/3128/2929 3129/3129/2929
f 3129/3129/2930 3130/3130/2930 3131/3131/2930
f 3132/3132/2931 3131/3131/2931 3130/3130/2931
f 3133/3133/2932 3131/3131/2932 3132/3132/2932
f 3131/3131/2933 3133/3133/2933 3123/3123/2933
f 3134/3134/2934 3135/3135/2934 3130/3130/2934
f 3136/3136/2935 3130/3130/2935 3135/3135/2935
f 3130/3130/2936 3136/3136/2936 3132/3132/2936
f 3137/3137/2937 3132/3132/2937 3136/3136/2937
f 3132/3132/2938 3137/3137/2938 3133/3133/2938
f 3138/3138/2939 3133/3133/2939 3137/3137/2939
f 3139/3139/2940 3133/3133/2940 3138/3138/2940
f 3133/3133/2941 3139/3139/2941 3140/3140/2941
f 3141/3141/2942 3142/3142/2942 3143/3143/2942
f 3144/3144/2943 3143/3143/2943 3142/3142/2943
f 3145/3145/2944 3143/3143/2944 3144/3144/2944
f 3143/3143/2945 3145/3145/2945 3146/3146/2945
f 3147/3147/2946 3148/3148/2946 3142/3142/2946
f 3149/3149/2947 3142/3142/2947 3148/3148/2947
f 3150/3150/2948 3142/3142/2948 3149/3149/2948
f 3142/3142/2949 3150/3150/2949 3144/3144/2949
f 3144/3144/2950 3150/3150/2950 3145/3145/2950
f 3151/3151/2951 3145/3145/2951 3150/3150/2951
f 3152/3152/2952 3145/3145/2952 3151/3151/2952
f 3145/3145/2953 3152/3152/2953 3153/3153/2953
f 3154/3154/2954 3155/3155/2954 3156/3156/2954
f 3157/3157/2955 3156/3156/2955 3155/3155/2955
f 3158/3158/2956 3156/3156/2956 3157/3157/2956
f 3156/3156/2957 3158/3158/2957 3159/3159/2957
f 3160/3160/2958 3161/3161/2958 3155/3155/2958
f 3162/3162/2959 3155/3155/2959 3161/3161/2959
f 3163/3163/2960 3155/3155/2960 3162/3162/2960
f 3155/3155/2961 3163/3163/2961 3157/3157/2961
f 3157/3157/2962 3163/3163/2962 3158/3158/2962
f 3164/3164/2963 3158/3158/2963 3163/3163/2963
f 3165/3165/2964 3158/3158/2964 3164/3164/2964
f 3158/3158/2965 3165/3165/2965 3166/3166/2965
f 3167/3167/2966 3168/3168/2966 3169/3169/2966
f 3170/3170/2967 3169/3169/2967 3168/3168/2967
f 3171/3171/2968 3169/3169/2968 3170/3170/2968
f 3169/3169/2969 3171/3171/2969 3172/3172/2969
f 3173/3173/2970 3174/3174/2970 3168/3168/2970
f 3175/3175/2971 3168/3168/2971 3174/3174/2971
f 3168/3168/2972 3175/3175/2973 3170/3170/2974
f 3176/3176/2975 3170/3170/2974 3175/3175/2973
f 3170/3170/2976 3176/3176/2976 3171/3171/2976
f 3177/3177/2977 3171/3171/2977 3176/3176/2977
f 3178/3178/2978 3171/3171/2978 3177/3177/2978
f 3171/3171/2979 3178/3178/2979 3179/3179/2979
f 3180/3180/2980 3181/3181/2980 3182/3182/2980
f 3183/3183/2981 3182/3182/2981 3181/3181/2981
f 3184/3184/2982 3182/3182/2982 3183/3183/2982
f 3182/3182/2983 3184/3184/2983 3173/3173/2983
f 3185/3185/2984 3186/3186/2984 3181/3181/2984
f 3187/3187/2985 3181/3181/2985 3186/3186/2985
f 3188/3188/2986 3181/3181/2986 3187/3187/2986
f 3181/3181/2987 3188/3188/2987 3183/3183/2987
f 3189/3189/2988 3183/3183/2988 3188/3188/2988
f 3183/3183/2989 3189/3189/2989 3184/3184/2989
f 3190/3190/2990 3184/3184/2990 3189/3189/2990
f 3184/3184/2991 3190/3190/2991 3167/3167/2991
f 3191/3191/2992 3192/3192/2992 3193/3193/2992
f 3194/3194/2993 3193/3193/2993 3192/3192/2993
f 3195/3195/2994 3193/3193/2994 3194/3194/2994
f 3193/3193/2995 3195/3195/2995 3196/3196/2995
f 3197/3197/2996 3198/3198/2996 3192/3192/2996
f 3199/3199/2997 3192/3192/2997 3198/3198/2997
f 3192/3192/2998 3199/3199/2998 3194/3194/2998
f 3200/3200/2999 3194/3194/2999 3199/3199/2999
f 3194/3194/3000 3200/3200/3000 3195/3195/3000
f 3201/3201/3001 3195/3195/3001 3200/3200/3001
f 3202/3202/3002 3195/3195/3002 3201/3201/3002
f 3195/3195/3003 3202/3202/3003 3203/3203/3003
f 3204/3204/3004 3205/3205/3004 3206/3206/3004
f 3207/3207/3005 3206/3206/3005 3205/3205/3005
f 3208/3208/3006 3206/3206/3006 3207/3207/3006
f 3206/3206/3007 3208/3208/3007 3209/3209/3007
f 3210/3210/3008 3211/3211/3008 3205/3205/3008
f 3212/3212/3009 3205/3205/3009 3211/3211/3009
f 3213/3213/3010 3205/3205/3010 3212/3212/3010
f 3205/3205/3011 3213/3213/3011 3207/3207/3011
f 3214/3214/3012 3207/3207/3012 3213/3213/3012
f 3207/3207/3013 3214/3214/3013 3208/3208/3013
f 3215/3215/3014 3208/3208/3014 3214/3214/3014
f 3208/3208/3015 3215/3215/3015 3216/3216/3015
f 3217/3217/3016 3218/3218/3016 3219/3219/3016
f 3220/3220/3017 3219/3219/3017 3218/3218/3017
f 3221/3221/3018 3219/3219/3018 3220/3220/3018
f 3222/3222/3019 3219/3219/3019 3221/3221/3019
f 3219/3219/3020 3222/3222/3020 3217/3217/3020
f 3222/3222/3021 3221/3221/3021 3223/3223/3021
f 3223/3223/3022 3221/3221/3022 3224/3224/3022
f 3225/3225/3023 3224/3224/3023 3221/3221/3023
f 3224/3224/3024 3225/3225/3024 3226/3226/3024
f 3226/3226/3025 3225/3225/3025 3227/3227/3025
f 3227/3227/3026 3225/3225/3026 3220/3220/3026
f 3221/3221/3027 3220/3220/3027 3225/3225/3027
f 3228/3228/3028 3229/3229/3028 3230/3230/3028
f 3231/3231/3029 3230/3230/3029 3229/3229/3029
f 3232/3232/3030 3230/3230/3030 3231/3231/3030
f 3230/3230/3031 3232/3232/3031 3233/3233/3031
f 3234/3234/3032 3233/3233/3032 3232/3232/3032
f 3233/3233/3033 3234/3234/3033 3235/3235/3033
f 3236/3236/3034 3235/3235/3034 3234/3234/3034
f 3237/3237/3035 3235/3235/3035 3236/3236/3035
f 3238/3238/3036 3235/3235/3036 3237/3237/3036
f 3235/3235/3037 3238/3238/3037 3233/3233/3037
f 3233/3233/3038 3238/3238/3038 3230/3230/3038
f 3239/3239/3039 3230/3230/3039 3238/3238/3039
f 3240/3240/3040 3241/3241/3040 3228/3228/3040
f 3241/3241/3041 3240/3240/3041 3242/3242/3041
f 3242/3242/3042 3240/3240/3042 3243/3243/3042
f 3244/3244/3043 3243/3243/3043 3240/3240/3043
f 3245/3245/3044 3243/3243/3044 3244/3244/3044
f 3246/3246/3045 3243/3243/3045 3245/3245/3045
f 3243/3243/3046 3246/3246/3046 3242/3242/3046
f 3247/3247/3047 3242/3242/3047 3246/3246/3047
f 3242/3242/3048 3247/3247/3048 3241/3241/3048
f 3248/3248/3049 3241/3241/3049 3247/3247/3049
f 3249/3249/3050 3241/3241/3050 3248/3248/3050
f 3250/3250/3051 3241/3241/3051 3249/3249/3051
f 3251/3251/3052 3252/3252/3052 3253/3253/3052
f 3254/3254/3053 3253/3253/3053 3252/3252/3053
f 3253/3253/3054 3254/3254/3054 3255/3255/3054
f 3255/3255/3055 3254/3254/3055 3256/3256/3055
f 3257/3257/3056 3256/3256/3056 3254/3254/3056
f 3258/3258/3057 3256/3256/3057 3257/3257/3057
f 3259/3259/3058 3256/3256/3058 3258/3258/3058
f 3260/3260/3059 3256/3256/3059 3259/3259/3059
f 3256/3256/3060 3260/3260/3060 3255/3255/3060
f 3255/3255/3061 3260/3260/3061 3253/3253/3061
f 3261/3261/3062 3253/3253/3062 3260/3260/3062
f 3253/3253/3063 3261/3261/3063 3251/3251/3063
o rg_1_0.006
v -0.016605 1.259630 0.045724
v -0.014590 1.260729 0.051584
v -0.023686 1.268848 0.051584
v -0.023076 1.275563 0.063672
v -0.034980 1.275563 0.053355
v -0.036933 1.284171 0.070326
v -0.046151 1.275868 0.049143
v -0.054026 1.289543 0.068922
v -0.052927 1.274098 0.042977
v -0.067700 1.282583 0.063977
v -0.057323 1.266467 0.040108
v -0.070997 1.266467 0.048898
v 0.070997 1.266467 0.048898
v 0.067700 1.282583 0.063977
v 0.057384 1.266467 0.040108
v 0.052927 1.274098 0.042977
v 0.054026 1.289543 0.068922
v 0.046212 1.275868 0.049143
v 0.036933 1.284171 0.070326
v 0.035041 1.275563 0.053355
v 0.023137 1.275563 0.063672
v 0.023686 1.268848 0.051584
v 0.014590 1.260729 0.051584
v 0.016666 1.259630 0.045724
vt 0.044922 0.000000
vt 0.044800 0.968750
vt 0.238281 0.000000
vt 0.239624 0.968750
vt 0.408203 0.000000
vt 0.407104 0.968750
vt 0.725708 0.000000
vt 0.724609 0.968750
vt 1.115845 0.000000
vt 1.116211 0.968750
vt 1.475708 0.000000
vt 1.475708 0.968750
vt 1.475708 0.968750
vt 1.116211 0.968750
vt 1.475708 0.000000
vt 1.115845 0.000000
vt 0.724609 0.968750
vt 0.725708 0.000000
vt 0.407104 0.968750
vt 0.408203 0.000000
vt 0.239624 0.968750
vt 0.238281 0.000000
vt 0.044800 0.968750
vt 0.089844 0.000000
vn -0.6248 -0.6999 0.3461
vn -0.6077 -0.6808 0.4089
vn -0.3992 -0.7928 0.4606
vn -0.3412 -0.8536 0.3937
vn -0.1853 -0.8848 0.4275
vn -0.3005 -0.8363 0.4586
vn -0.2271 -0.8410 0.4910
vn 0.2400 -0.8297 0.5040
vn 0.5589 -0.5540 0.6170
vn 0.4024 -0.6680 0.6260
vn -0.4038 -0.6677 0.6254
vn -0.5566 -0.5569 0.6165
vn -0.2400 -0.8297 0.5040
vn 0.2290 -0.8407 0.4907
vn 0.3004 -0.8359 0.4593
vn 0.1855 -0.8845 0.4280
vn 0.3419 -0.8529 0.3945
vn 0.3980 -0.7942 0.4592
vn 0.6085 -0.6817 0.4063
vn 0.6233 -0.6984 0.3518
usemtl texturefile_11
s 1
f 3262/3262/3064 3263/3263/3064 3264/3264/3064
f 3265/3265/3065 3264/3264/3065 3263/3263/3065
f 3264/3264/3066 3265/3265/3066 3266/3266/3066
f 3267/3267/3067 3266/3266/3067 3265/3265/3067
f 3266/3266/3068 3267/3267/3068 3268/3268/3068
f 3269/3269/3069 3268/3268/3069 3267/3267/3069
f 3268/3268/3070 3269/3269/3070 3270/3270/3070
f 3271/3271/3071 3270/3270/3071 3269/3269/3071
f 3270/3270/3072 3271/3271/3072 3272/3272/3072
f 3273/3273/3073 3272/3272/3073 3271/3271/3073
f 3274/3274/3074 3275/3275/3074 3276/3276/3074
f 3276/3276/3075 3275/3275/3075 3277/3277/3075
f 3278/3278/3076 3277/3277/3076 3275/3275/3076
f 3277/3277/3077 3278/3278/3077 3279/3279/3077
f 3280/3280/3078 3279/3279/3078 3278/3278/3078
f 3279/3279/3079 3280/3280/3079 3281/3281/3079
f 3282/3282/3080 3281/3281/3080 3280/3280/3080
f 3281/3281/3081 3282/3282/3081 3283/3283/3081
f 3284/3284/3082 3283/3283/3082 3282/3282/3082
f 3283/3283/3083 3284/3284/3083 3285/3285/3083
o rg_1_0.002
v 0.064282 0.952384 -0.022343
v 0.045480 0.957023 -0.042305
v 0.058116 0.992064 -0.052683
v 0.058421 0.927477 -0.019352
v 0.054026 0.923326 0.005739
v 0.038703 0.929736 -0.036261
v 0.000000 0.931201 -0.044319
v 0.004945 0.964105 -0.051767
v 0.004395 1.000794 -0.065319
v 0.000000 1.001953 -0.059398
v 0.000000 1.030767 -0.066907
v -0.004334 1.000794 -0.065319
v -0.004823 1.029241 -0.073866
v -0.073805 1.024907 -0.058177
v -0.070386 1.064648 -0.067517
v -0.085343 1.065136 -0.055735
v 0.000000 0.964776 -0.049692
v -0.004884 0.964105 -0.051767
v -0.058055 0.992064 -0.052683
v -0.082779 1.006959 -0.015384
v -0.089067 1.037483 -0.038825
v -0.090410 1.022892 -0.013064
v -0.099383 1.061107 -0.043892
v -0.086136 1.055186 -0.013064
v -0.090043 1.070814 -0.015322
v -0.087418 1.078628 0.002015
v -0.080825 1.088822 -0.062145
v -0.063977 1.090471 -0.073988
v -0.074721 1.122032 -0.060680
v -0.057933 1.121360 -0.069959
v -0.056834 1.130334 -0.063244
v -0.068128 1.137415 -0.036444
v -0.057445 1.139918 -0.039436
v -0.068433 1.125450 -0.005555
v -0.061962 1.124779 -0.000854
v -0.064099 1.099261 0.020878
v -0.071668 1.097918 0.019230
v -0.004395 1.084122 -0.079848
v 0.000000 1.108113 -0.073316
v -0.021000 1.152738 -0.053354
v -0.025823 1.149258 -0.033758
v 0.000000 1.152250 -0.061657
v 0.021061 1.152738 -0.053354
v 0.056895 1.130334 -0.063244
v 0.057994 1.121360 -0.069959
v 0.074782 1.122032 -0.060680
v 0.068189 1.137415 -0.036444
v 0.080886 1.088822 -0.062145
v 0.064038 1.090471 -0.073988
v 0.004456 1.084122 -0.079848
v 0.000000 1.083695 -0.077162
v 0.004640 1.054148 -0.079726
v 0.099444 1.061107 -0.043892
v 0.089128 1.037483 -0.038825
v 0.085404 1.065136 -0.055735
v 0.073866 1.024907 -0.058177
v 0.070447 1.064648 -0.067517
v 0.004884 1.029241 -0.073866
v 0.000000 1.053110 -0.077040
v -0.004578 1.054148 -0.079726
v 0.082840 1.006959 -0.015384
v 0.070509 0.983884 -0.020878
v 0.067884 0.976192 0.007082
v 0.068799 1.004701 0.020634
v 0.079421 1.018985 0.020207
v 0.085465 1.017764 0.042855
v 0.083572 1.037849 0.023381
v 0.085343 1.031988 0.041512
v 0.074477 1.065564 0.031500
v 0.077224 1.052927 0.048837
v 0.090471 1.022892 -0.013064
v 0.086197 1.055186 -0.013064
v 0.075636 1.035834 0.060985
v 0.062450 1.055064 0.057872
v 0.065442 1.068433 0.038887
v 0.071729 1.097918 0.019230
v 0.087052 1.080398 0.014957
v 0.087479 1.078628 0.002015
v 0.090104 1.070814 -0.015322
v 0.059154 1.017520 0.073805
v 0.038948 1.041389 0.071669
v 0.046761 1.057017 0.059642
v 0.049386 1.069288 0.046640
v 0.064160 1.099261 0.020878
v 0.068494 1.125450 -0.005555
v 0.062023 1.124779 -0.000854
v 0.057506 1.139918 -0.039436
v 0.025884 1.149258 -0.033758
v 0.074538 1.015689 0.059276
v 0.067517 1.001526 0.059765
v 0.075148 1.000061 0.043282
v 0.062756 0.990843 0.047128
v 0.052622 0.989866 0.031134
v 0.037543 0.986936 0.038581
v 0.041634 0.968622 0.035163
v 0.049570 0.989134 0.051584
v 0.038032 1.001892 0.067945
v 0.034430 1.017581 0.075820
v 0.021855 1.027959 0.070264
v 0.009035 1.016910 0.062328
v 0.019840 0.999756 0.054148
v 0.003663 1.014407 0.056346
v 0.000000 1.006715 0.047128
v 0.060131 0.947744 0.006105
v 0.034980 0.918503 0.032782
v 0.032477 0.948111 0.034125
v 0.000000 0.916916 0.042672
v 0.002137 0.945364 0.045052
v 0.000000 0.946523 0.043587
v 0.051523 0.897992 0.006959
v 0.032355 0.893902 0.037544
v 0.058116 0.900433 -0.022892
v 0.036872 0.900189 -0.035285
v 0.000000 0.902753 -0.044381
v -0.036811 0.900189 -0.035285
v -0.038642 0.929736 -0.036261
v -0.058055 0.900433 -0.022892
v -0.058360 0.927477 -0.019352
v -0.053965 0.923326 0.005739
v -0.051462 0.897992 0.006959
v -0.036689 0.918503 0.032782
v -0.034003 0.893902 0.037544
v -0.045418 0.957023 -0.042305
v -0.064221 0.952384 -0.022343
v -0.060070 0.947744 0.006105
v -0.034186 0.948111 0.034125
v -0.002076 0.945364 0.045052
v -0.043282 0.968622 0.035163
v -0.067822 0.976192 0.007082
v -0.070447 0.983884 -0.020878
v 0.021061 1.152738 -0.053354
v 0.026921 1.178133 -0.032232
v 0.025884 1.149258 -0.033758
v 0.018314 1.144924 -0.014712
v 0.017887 1.183688 -0.050790
v 0.000000 1.183688 -0.058848
v 0.000000 1.152250 -0.061657
v -0.021000 1.152738 -0.053354
v -0.017826 1.183688 -0.050790
v -0.026860 1.178133 -0.032232
v -0.025823 1.149258 -0.033758
v -0.018253 1.144924 -0.014712
v -0.017826 1.174043 -0.013857
v 0.000000 1.171113 -0.003663
v 0.000000 1.142360 -0.005860
v 0.017887 1.174043 -0.013857
v -0.036689 0.918503 0.032782
v -0.034003 0.893902 0.037544
v 0.000000 0.916916 0.042672
v 0.000000 0.893169 0.048044
v 0.032355 0.893902 0.037544
v 0.034980 0.918503 0.032782
v 0.251022 1.090654 -0.054514
v 0.251511 1.068433 -0.039619
v 0.191258 1.086381 -0.054453
v 0.190648 1.070081 -0.039619
v 0.190281 1.069227 -0.019718
v 0.251694 1.068311 -0.022282
v 0.190770 1.078994 -0.004395
v 0.251267 1.088761 -0.006532
v 0.191624 1.102924 -0.002075
v 0.191258 1.086381 -0.054453
v 0.192113 1.104633 -0.051950
v 0.251022 1.090654 -0.054514
v 0.250595 1.112997 -0.036139
v 0.192540 1.118735 -0.033575
v 0.192235 1.118308 -0.013674
v 0.250717 1.106770 -0.018619
v 0.191624 1.102924 -0.002075
v 0.251267 1.088761 -0.006532
v 0.524022 1.079360 -0.012209
v 0.529638 1.091631 -0.019535
v 0.554362 1.091753 -0.019779
v 0.523717 1.100849 -0.012514
v 0.554423 1.098468 -0.012942
v 0.555278 1.091753 -0.006166
v 0.531591 1.091570 -0.005372
v 0.484769 1.099811 0.003419
v 0.520115 1.098895 0.004029
v 0.485440 1.102131 -0.006715
v 0.517978 1.096453 -0.004700
v 0.517856 1.088334 0.010500
v 0.495452 1.089189 0.008669
v 0.478542 1.079482 0.010622
v 0.457603 1.097064 -0.006532
v 0.459313 1.102985 -0.025761
v 0.447897 1.097308 -0.010744
v 0.448507 1.101764 -0.025456
v 0.459618 1.095354 -0.038459
v 0.447531 1.095049 -0.038398
v 0.446737 1.085709 -0.036872
v 0.460228 1.081558 -0.039802
v 0.459007 1.077651 -0.022282
v 0.446859 1.082779 -0.022831
v 0.486173 1.101276 -0.042183
v 0.483853 1.089128 -0.045968
v 0.485013 1.081375 -0.037910
v 0.478725 1.077407 -0.022038
v 0.496734 1.079238 -0.012881
v 0.513339 1.079421 -0.041389
v 0.513033 1.086564 -0.048165
v 0.516269 1.099506 -0.041084
v 0.513888 1.096575 -0.034003
v 0.486417 1.103779 -0.025395
v 0.519565 1.100543 -0.026921
v 0.517490 1.097247 -0.020084
v 0.009035 1.016910 0.062328
v 0.021855 1.027959 0.070264
v 0.008669 1.046700 0.058971
v 0.022160 1.043648 0.066174
v 0.038948 1.041389 0.071669
v 0.025517 1.056163 0.056956
v 0.046761 1.057017 0.059642
v 0.049386 1.069288 0.046640
v 0.014102 1.064038 0.044869
v 0.011660 1.055613 0.051462
v 0.021488 1.132043 -0.010256
v 0.036933 1.119407 0.007814
v 0.025884 1.149258 -0.033758
v 0.057506 1.139918 -0.039436
v 0.062023 1.124779 -0.000854
v 0.064160 1.099261 0.020878
v 0.035529 1.102375 0.022038
v 0.000000 1.104572 0.021733
v 0.000000 1.124901 -0.000427
v 0.018314 1.144924 -0.014712
v 0.000000 1.142360 -0.005860
v -0.021427 1.132043 -0.010256
v -0.018253 1.144924 -0.014712
v -0.025823 1.149258 -0.033758
v -0.036872 1.119407 0.007814
v -0.057445 1.139918 -0.039436
v -0.061962 1.124779 -0.000854
v -0.064099 1.099261 0.020878
v -0.035468 1.102375 0.022038
v 0.000000 1.124901 -0.000427
v 0.251694 1.068311 -0.022282
v 0.294854 1.071363 -0.010256
v 0.251267 1.088761 -0.006532
v 0.294793 1.102008 -0.007081
v 0.250717 1.106770 -0.018619
v 0.294732 1.115072 -0.028997
v 0.250595 1.112997 -0.036139
v 0.294793 1.100299 -0.053599
v 0.251022 1.090654 -0.054514
v 0.295098 1.074538 -0.052988
v 0.251511 1.068433 -0.039619
v 0.294854 1.063671 -0.031561
v 0.294854 1.071363 -0.010256
v 0.447042 1.086991 -0.009767
v 0.294793 1.102008 -0.007081
v 0.447897 1.097308 -0.010744
v 0.294732 1.115072 -0.028997
v 0.448507 1.101764 -0.025456
v 0.294793 1.100299 -0.053599
v 0.447531 1.095049 -0.038398
v 0.295098 1.074538 -0.052988
v 0.446737 1.085709 -0.036872
v 0.294854 1.063671 -0.031561
v 0.446859 1.082779 -0.022831
v 0.190770 1.078994 -0.004395
v 0.191624 1.102924 -0.002075
v 0.129052 1.105244 0.002625
v 0.129052 1.105244 0.002625
v 0.127709 1.088761 0.001526
v 0.190770 1.078994 -0.004395
v 0.140834 1.121604 -0.009462
v 0.129052 1.105244 0.002625
v 0.191624 1.102924 -0.002075
v 0.140834 1.121604 -0.009462
v 0.191624 1.102924 -0.002075
v 0.192235 1.118308 -0.013674
v 0.148281 1.128380 -0.032476
v 0.140834 1.121604 -0.009462
v 0.192235 1.118308 -0.013674
v 0.148281 1.128380 -0.032476
v 0.192235 1.118308 -0.013674
v 0.192540 1.118735 -0.033575
v 0.091508 0.827422 -0.043221
v 0.103473 0.791771 -0.056162
v 0.078139 0.806300 -0.073805
v 0.082901 0.763751 -0.081802
v 0.078139 0.806300 -0.073805
v 0.107319 0.749893 -0.055552
v 0.121909 0.751786 0.002869
v 0.102069 0.726207 -0.047921
v 0.074354 0.719614 -0.079360
v 0.055674 0.764605 -0.091264
v 0.048105 0.717783 -0.084366
v 0.067029 0.704475 -0.061901
v 0.053782 0.787986 -0.089433
v 0.030767 0.765277 -0.089311
v 0.020634 0.746597 -0.083450
v 0.021916 0.720042 -0.080276
v 0.043221 0.701850 -0.060192
v 0.064343 0.657835 -0.066540
v 0.024052 0.651548 -0.054148
v 0.064038 0.596789 -0.061901
v 0.030279 0.592760 -0.048654
v 0.040901 0.498382 -0.033331
v 0.065503 0.497955 -0.042427
v 0.026494 0.597094 0.038032
v 0.013247 0.596606 -0.005311
v 0.026555 0.494964 -0.002869
v 0.008180 0.657835 -0.022709
v 0.019413 0.706733 -0.058543
v 0.009706 0.717478 -0.064343
v 0.008546 0.716928 -0.052439
v 0.005372 0.723094 -0.025151
v 0.017642 0.657225 0.041267
v 0.014651 0.724986 0.041390
v 0.006837 0.728161 0.009401
v 0.013735 0.743972 0.026555
v 0.034308 0.775410 0.043526
v 0.057384 0.719980 0.054820
v 0.064404 0.657835 0.057872
v 0.063916 0.596606 0.052012
v 0.043526 0.495147 0.024235
v 0.065625 0.487943 0.031500
v 0.123985 0.721629 0.003663
v 0.099383 0.722422 0.046151
v 0.091020 0.788597 0.040535
v 0.080459 0.817838 0.038032
v 0.097979 0.820829 0.000794
v 0.110799 0.789146 0.001282
v 0.003663 1.014407 0.056346
v 0.000000 1.040413 0.051279
v 0.000000 1.006715 0.047128
v -0.006715 1.013796 0.056529
v 0.000000 0.865210 -0.051035
v 0.050729 0.864416 -0.045785
v 0.042183 0.836762 -0.074354
v 0.091508 0.827422 -0.043221
v 0.078139 0.806300 -0.073805
v 0.068067 0.834259 -0.069776
v 0.051889 0.811367 -0.083816
v 0.083511 0.861058 -0.029729
v 0.000000 0.799158 -0.073133
v 0.020878 0.835114 -0.071546
v 0.025701 0.807460 -0.080337
v 0.000000 0.826751 -0.069532
v -0.020817 0.835114 -0.071546
v -0.042122 0.836762 -0.074354
v -0.050668 0.864416 -0.045785
v -0.068006 0.834259 -0.069776
v -0.083450 0.861058 -0.029729
v -0.091447 0.827422 -0.043221
v -0.097918 0.820829 0.000794
v -0.080398 0.854588 0.006349
v -0.064282 0.851352 0.023991
v -0.080398 0.817838 0.038032
v -0.039131 0.848178 0.041634
v -0.037360 0.809780 0.048837
v 0.000000 0.844576 0.054087
v 0.000000 0.809780 0.048837
v 0.037421 0.809780 0.048837
v 0.039192 0.848178 0.041634
v 0.080459 0.817838 0.038032
v 0.064343 0.851352 0.023991
v 0.097979 0.820829 0.000794
v 0.080459 0.854588 0.006349
v -0.115133 1.075575 -0.039497
v -0.118491 1.096575 -0.060985
v -0.097613 1.096392 -0.057567
v -0.086991 1.080398 0.014957
v -0.115317 1.094500 0.007204
v -0.087418 1.078628 0.002015
v -0.112020 1.085953 -0.001526
v -0.101337 1.085282 -0.016665
v -0.090043 1.070814 -0.015322
v -0.105549 1.072218 -0.041511
v -0.099383 1.061107 -0.043892
v -0.080825 1.088822 -0.062145
v -0.140162 1.092913 -0.057078
v -0.138819 1.075392 -0.043037
v -0.132348 1.077773 -0.018802
v -0.127648 1.088761 0.001526
v -0.128991 1.105244 0.002625
v -0.116599 1.106770 0.008730
v -0.092607 1.103474 0.013186
v -0.071668 1.097918 0.019230
v -0.138819 1.075392 -0.043037
v -0.132348 1.077773 -0.018802
v -0.190220 1.069227 -0.019718
v -0.127648 1.088761 0.001526
v -0.190587 1.070081 -0.039619
v -0.140162 1.092913 -0.057078
v -0.191197 1.086381 -0.054453
v -0.192052 1.104633 -0.051950
v -0.141811 1.111593 -0.051950
v -0.192479 1.118735 -0.033575
v -0.148220 1.128380 -0.032476
v -0.192174 1.118308 -0.013674
v -0.140773 1.121604 -0.009462
v -0.191563 1.102924 -0.002075
v -0.128991 1.105244 0.002625
v -0.190709 1.078994 -0.004395
v 0.003663 1.014407 0.056346
v 0.009035 1.016910 0.062328
v 0.000000 1.040413 0.051279
v 0.008669 1.046700 0.058971
v 0.011660 1.055613 0.051462
v -0.012270 1.055613 0.051462
v -0.008730 1.046700 0.059826
v -0.009096 1.016910 0.063183
v -0.006715 1.013796 0.056529
v 0.087052 1.080398 0.014957
v 0.087479 1.078628 0.002015
v 0.115378 1.094500 0.007204
v 0.112081 1.085953 -0.001526
v 0.140223 1.092913 -0.057078
v 0.138880 1.075392 -0.043037
v 0.118552 1.096575 -0.060985
v 0.115194 1.075575 -0.039497
v 0.097674 1.096392 -0.057567
v 0.105610 1.072218 -0.041511
v 0.080886 1.088822 -0.062145
v 0.099444 1.061107 -0.043892
v 0.090104 1.070814 -0.015322
v 0.101398 1.085282 -0.016665
v 0.132409 1.077773 -0.018802
v 0.127709 1.088761 0.001526
v 0.129052 1.105244 0.002625
v 0.190648 1.070081 -0.039619
v 0.191258 1.086381 -0.054453
v 0.190281 1.069227 -0.019718
v 0.190770 1.078994 -0.004395
v 0.116659 1.106770 0.008730
v 0.092668 1.103474 0.013186
v 0.071729 1.097918 0.019230
v 0.478542 1.079482 0.010622
v 0.457603 1.097064 -0.006532
v 0.458702 1.080947 -0.002136
v 0.447897 1.097308 -0.010744
v 0.447042 1.086991 -0.009767
v 0.446859 1.082779 -0.022831
v 0.459007 1.077651 -0.022282
v 0.463158 1.070936 -0.006593
v 0.478725 1.077407 -0.022038
v 0.487760 1.057445 -0.001465
v 0.490080 1.059703 0.010073
v 0.466821 1.073744 0.003663
v 0.039192 0.848178 0.041634
v 0.032355 0.893902 0.037544
v 0.000000 0.844576 0.054087
v 0.000000 0.893169 0.048044
v -0.034003 0.893902 0.037544
v -0.039131 0.848178 0.041634
v 0.058116 0.900433 -0.022892
v 0.051523 0.897992 0.006959
v 0.080459 0.854588 0.006349
v 0.064343 0.851352 0.023991
v 0.032355 0.893902 0.037544
v 0.039192 0.848178 0.041634
v 0.083511 0.861058 -0.029729
v 0.050729 0.864416 -0.045785
v 0.036872 0.900189 -0.035285
v 0.000000 0.865210 -0.051035
v 0.000000 0.902753 -0.044381
v -0.036811 0.900189 -0.035285
v -0.050668 0.864416 -0.045785
v -0.058055 0.900433 -0.022892
v -0.083450 0.861058 -0.029729
v -0.080398 0.854588 0.006349
v -0.051462 0.897992 0.006959
v -0.064282 0.851352 0.023991
v -0.034003 0.893902 0.037544
v -0.039131 0.848178 0.041634
v 0.118552 1.096575 -0.060985
v 0.125084 1.116782 -0.054331
v 0.140223 1.092913 -0.057078
v 0.141872 1.111593 -0.051950
v 0.192113 1.104633 -0.051950
v 0.191258 1.086381 -0.054453
v 0.192113 1.104633 -0.051950
v 0.192540 1.118735 -0.033575
v 0.148281 1.128380 -0.032476
v 0.124840 1.134668 -0.033942
v 0.096758 1.117270 -0.058604
v 0.101154 1.134180 -0.034552
v 0.098712 1.122703 -0.007570
v 0.118430 1.123558 -0.008485
v 0.140834 1.121604 -0.009462
v 0.097674 1.096392 -0.057567
v 0.080886 1.088822 -0.062145
v 0.074782 1.122032 -0.060680
v 0.068189 1.137415 -0.036444
v 0.068494 1.125450 -0.005555
v 0.071729 1.097918 0.019230
v 0.092668 1.103474 0.013186
v 0.116659 1.106770 0.008730
v 0.129052 1.105244 0.002625
v 0.104267 0.657225 0.044625
v 0.101154 0.596056 0.041328
v 0.124229 0.657835 0.000916
v 0.118003 0.596606 -0.003846
v 0.103901 0.657835 -0.051279
v 0.100971 0.596606 -0.050119
v 0.099383 0.722422 0.046151
v 0.123985 0.721629 0.003663
v 0.102069 0.726207 -0.047921
v 0.067029 0.704475 -0.061901
v 0.064343 0.657835 -0.066540
v 0.064038 0.596789 -0.061901
v 0.065503 0.497955 -0.042427
v 0.093645 0.500092 -0.030889
v 0.104511 0.498871 -0.001038
v 0.085953 0.496734 0.030279
v 0.064404 0.657835 0.057872
v 0.057384 0.719980 0.054820
v 0.063916 0.596606 0.052012
v 0.065625 0.487943 0.031500
v 0.496734 1.079238 -0.012881
v 0.522984 1.079604 0.002442
v 0.495940 1.076369 0.001343
v 0.517856 1.088334 0.010500
v 0.495452 1.089189 0.008669
v 0.494842 1.064221 0.015323
v 0.500824 1.067639 0.007875
v 0.494109 1.070875 -0.007997
v -0.118491 1.096575 -0.060985
v -0.140162 1.092913 -0.057078
v -0.125023 1.116782 -0.054331
v -0.141811 1.111593 -0.051950
v -0.148220 1.128380 -0.032476
v -0.124779 1.134668 -0.033942
v -0.140773 1.121604 -0.009462
v -0.118369 1.123558 -0.008485
v -0.098651 1.122703 -0.007570
v -0.101093 1.134180 -0.034552
v -0.096697 1.117270 -0.058604
v -0.097613 1.096392 -0.057567
v -0.080825 1.088822 -0.062145
v -0.074721 1.122032 -0.060680
v -0.068128 1.137415 -0.036444
v -0.068433 1.125450 -0.005555
v -0.071668 1.097918 0.019230
v -0.092607 1.103474 0.013186
v -0.116599 1.106770 0.008730
v -0.128991 1.105244 0.002625
v 0.009706 0.717478 -0.064343
v 0.008546 0.716928 -0.052439
v 0.010927 0.724132 -0.077651
v -0.009645 0.717478 -0.064343
v -0.013430 0.723155 -0.078261
v -0.009645 0.715890 -0.053110
v 0.020634 0.746597 -0.083450
v 0.021916 0.720042 -0.080276
v 0.010927 0.724132 -0.077651
v 0.009706 0.717478 -0.064343
v -0.009645 0.717478 -0.064343
v -0.021855 0.720042 -0.080276
v -0.013430 0.723155 -0.078261
v -0.022587 0.746536 -0.083572
v -0.013613 1.064038 0.044869
v -0.012270 1.055613 0.051462
v 0.000000 1.062634 0.043831
v 0.000000 1.040413 0.051279
v 0.011660 1.055613 0.051462
v 0.014102 1.064038 0.044869
v 0.000000 1.104572 0.021733
v 0.494842 1.064221 0.015323
v 0.478542 1.079482 0.010622
v 0.490080 1.059703 0.010073
v 0.020878 0.835114 -0.071546
v 0.000000 0.799158 -0.073133
v 0.000000 0.826751 -0.069532
v -0.020817 0.835114 -0.071546
v 0.121909 0.751786 0.002869
v 0.103473 0.791771 -0.056162
v 0.110799 0.789146 0.001282
v 0.091508 0.827422 -0.043221
v 0.097979 0.820829 0.000794
v -0.034247 0.775410 0.043526
v -0.080398 0.817838 0.038032
v -0.090959 0.788597 0.040535
v -0.097918 0.820829 0.000794
v -0.108723 0.789146 0.001282
v -0.091447 0.827422 -0.043221
v -0.103413 0.791771 -0.056162
v 0.026494 0.597094 0.038032
v 0.026555 0.494964 -0.002869
v 0.043526 0.495147 0.024235
v 0.049875 0.451621 0.025823
v 0.065503 0.461877 0.031012
v 0.065625 0.487943 0.031500
v 0.033270 0.459130 -0.000794
v 0.048410 0.438069 0.019413
v 0.049448 0.437885 0.022831
v 0.067456 0.436298 0.034186
v 0.040901 0.498382 -0.033331
v 0.043526 0.457237 -0.024480
v 0.065503 0.497955 -0.042427
v 0.068311 0.451377 -0.030218
v 0.051645 0.436176 -0.030096
v 0.037971 0.437763 -0.001221
v 0.043465 0.414016 -0.036200
v 0.067090 0.414566 -0.048959
v 0.066418 0.380380 -0.068555
v 0.092363 0.414016 -0.036445
v 0.102192 0.386545 -0.045663
v 0.094561 0.416824 -0.004456
v 0.109273 0.382211 -0.003541
v 0.036445 0.383127 -0.043465
v 0.039802 0.418045 -0.005311
v 0.028631 0.376717 -0.004456
v 0.026189 0.304377 -0.022221
v 0.037238 0.307979 -0.061107
v 0.073011 0.311519 -0.084244
v 0.107930 0.308223 -0.060008
v 0.119162 0.304865 -0.021855
v 0.082290 0.398938 0.017459
v 0.101398 0.297418 0.003174
v 0.072462 0.289909 0.010927
v 0.052439 0.416214 0.019718
v 0.050546 0.399060 0.018131
v 0.067334 0.392894 0.025701
v 0.067273 0.409621 0.026738
v 0.053171 0.417252 0.022526
v 0.079421 0.414138 0.020328
v 0.079482 0.416153 0.023442
v 0.067334 0.411941 0.029119
v 0.083756 0.435749 0.023137
v 0.084610 0.435688 0.020145
v 0.094622 0.440816 -0.000610
v 0.081802 0.453208 0.027227
v 0.097796 0.459984 0.000977
v 0.089677 0.457298 -0.022648
v 0.082168 0.436420 -0.029974
v 0.067395 0.435505 -0.028386
v -0.287650 1.102008 -0.007081
v -0.250656 1.106770 -0.018619
v -0.287589 1.115072 -0.028997
v -0.250534 1.112997 -0.036139
v -0.287650 1.100299 -0.053599
v -0.250962 1.090654 -0.054514
v -0.287956 1.074538 -0.052988
v -0.251206 1.088761 -0.006532
v -0.287772 1.071363 -0.010256
v -0.251633 1.068311 -0.022282
v -0.287772 1.063671 -0.031561
v -0.251450 1.068433 -0.039619
v -0.191197 1.086381 -0.054453
v -0.190587 1.070081 -0.039619
v -0.190220 1.069227 -0.019718
v -0.190709 1.078994 -0.004395
v -0.191563 1.102924 -0.002075
v -0.191197 1.086381 -0.054453
v -0.250962 1.090654 -0.054514
v -0.192052 1.104633 -0.051950
v -0.250534 1.112997 -0.036139
v -0.192479 1.118735 -0.033575
v -0.192174 1.118308 -0.013674
v -0.250656 1.106770 -0.018619
v -0.191563 1.102924 -0.002075
v -0.251206 1.088761 -0.006532
v 0.065625 0.487943 0.031500
v 0.065503 0.461877 0.031012
v 0.085953 0.496734 0.030279
v 0.081802 0.453208 0.027227
v 0.104511 0.498871 -0.001038
v 0.097796 0.459984 0.000977
v 0.093645 0.500092 -0.030889
v 0.089677 0.457298 -0.022648
v 0.065503 0.497955 -0.042427
v 0.068311 0.451377 -0.030218
v 0.567609 1.087418 0.004762
v 0.567609 1.081802 -0.000793
v 0.585984 1.082962 0.002808
v 0.585373 1.079971 -0.001892
v 0.590868 1.082290 -0.001831
v 0.586106 1.083145 -0.006959
v 0.567731 1.088090 -0.006593
v 0.580734 1.088761 -0.001404
v 0.567731 1.093401 -0.000793
v 0.581955 1.087479 0.000672
v 0.586289 1.086442 0.001282
v 0.592088 1.085648 -0.002136
v 0.585923 1.086503 -0.005311
v 0.581894 1.087479 -0.004273
v 0.548868 1.082779 0.000611
v 0.548440 1.090227 0.007326
v 0.548990 1.096331 0.000611
v 0.549478 1.091936 -0.005372
v 0.496734 1.079238 -0.012881
v 0.524022 1.079360 -0.012209
v 0.522984 1.079604 0.002442
v 0.531591 1.091570 -0.005372
v 0.548868 1.082779 0.000611
v 0.548440 1.090227 0.007326
v 0.517856 1.088334 0.010500
v 0.520115 1.098895 0.004029
v 0.548990 1.096331 0.000611
v 0.549478 1.091936 -0.005372
v -0.571638 1.087235 -0.032904
v -0.567792 1.088456 -0.033881
v -0.584824 1.086808 -0.032171
v -0.605091 1.082290 -0.014163
v -0.605580 1.086014 -0.014163
v -0.599536 1.083450 -0.019168
v -0.598437 1.086625 -0.018008
v -0.599902 1.083450 -0.009096
v -0.598498 1.086869 -0.010561
v -0.581588 1.087296 -0.007631
v -0.593981 1.087846 -0.011232
v -0.592516 1.089677 -0.013918
v -0.581283 1.093157 -0.013613
v -0.593798 1.087846 -0.016788
v -0.580978 1.085404 -0.019657
v -0.581222 1.080825 -0.013674
v -0.554301 1.091753 -0.019779
v -0.554362 1.098468 -0.012942
v -0.555216 1.091753 -0.006166
v -0.554301 1.082413 -0.012942
v -0.523961 1.079360 -0.012209
v -0.531530 1.091570 -0.005372
v -0.523655 1.100849 -0.012514
v -0.529577 1.091631 -0.019535
v -0.519871 1.079849 -0.027593
v -0.486356 1.103779 -0.025395
v -0.519504 1.100543 -0.026921
v -0.517429 1.097247 -0.020084
v -0.484952 1.081375 -0.037910
v -0.496673 1.079238 -0.012881
v -0.478664 1.077407 -0.022038
v -0.458946 1.077651 -0.022282
v -0.460167 1.081558 -0.039802
v -0.483792 1.089128 -0.045968
v -0.512972 1.086564 -0.048165
v -0.513278 1.079421 -0.041389
v -0.522618 1.089921 -0.033942
v -0.549722 1.088761 -0.033270
v -0.550699 1.098285 -0.027104
v -0.572859 1.093828 -0.026311
v -0.486112 1.101276 -0.042183
v -0.516208 1.099506 -0.041084
v -0.513827 1.096575 -0.034003
v -0.459557 1.095354 -0.038459
v -0.459252 1.102985 -0.025761
v -0.447836 1.097308 -0.010744
v -0.457542 1.097064 -0.006532
v -0.485379 1.102131 -0.006715
v -0.484708 1.099811 0.003419
v -0.478481 1.079482 0.010622
v -0.495391 1.089189 0.008669
v -0.517795 1.088334 0.010500
v -0.520054 1.098895 0.004029
v -0.517917 1.096453 -0.004700
v -0.064099 1.099261 0.020878
v -0.048959 1.069288 0.046640
v -0.035468 1.102375 0.022038
v -0.013613 1.064038 0.044869
v 0.000000 1.104572 0.021733
v -0.009096 1.016910 0.063183
v -0.008730 1.046700 0.059826
v -0.022099 1.027959 0.070264
v -0.022404 1.043648 0.066174
v -0.038520 1.041389 0.071669
v -0.025578 1.056163 0.056956
v -0.046090 1.057017 0.059642
v -0.012270 1.055613 0.051462
v -0.039314 0.986936 0.038581
v -0.020145 0.999756 0.054148
v -0.048776 0.989134 0.051584
v -0.037727 1.001892 0.067945
v -0.043282 0.968622 0.035163
v 0.000000 1.006715 0.047128
v -0.006715 1.013796 0.056529
v -0.009096 1.016910 0.063183
v -0.034247 1.017581 0.075820
v -0.022099 1.027959 0.070264
v -0.038520 1.041389 0.071669
v -0.057384 1.017520 0.073805
v -0.066113 1.001526 0.059765
v -0.062267 0.990843 0.047128
v -0.054392 0.989866 0.031134
v -0.074660 1.000061 0.043282
v -0.072645 1.015689 0.060619
v -0.073622 1.035834 0.062390
v -0.061168 1.055064 0.057872
v -0.046090 1.057017 0.059642
v -0.048959 1.069288 0.046640
v -0.064953 1.068433 0.038887
v -0.071668 1.097918 0.019230
v -0.064099 1.099261 0.020878
v -0.068799 1.004701 0.020634
v -0.083328 1.017764 0.042061
v -0.079421 1.018985 0.020207
v -0.083572 1.037849 0.023381
v -0.084427 1.031988 0.041756
v -0.076247 1.065564 0.031500
v -0.075453 1.052927 0.048837
v -0.086991 1.080398 0.014957
v -0.087418 1.078628 0.002015
v -0.086136 1.055186 -0.013064
v -0.090410 1.022892 -0.013064
v -0.082779 1.006959 -0.015384
v -0.067822 0.976192 0.007082
v -0.505708 1.049509 0.011477
v -0.517124 1.046884 0.014041
v -0.517673 1.051096 0.009645
v -0.522557 1.049387 0.015201
v -0.521519 1.055369 0.014224
v -0.507173 1.057078 0.017459
v -0.512423 1.051096 0.016483
v -0.514865 1.048776 0.015628
v -0.517429 1.051767 0.018436
v -0.517612 1.056407 0.015689
v -0.511324 1.060436 0.013308
v -0.514010 1.056346 0.016788
v -0.511751 1.054698 0.017887
v -0.571638 1.087235 -0.032904
v -0.577620 1.087663 -0.034979
v -0.572187 1.084366 -0.031622
v -0.576339 1.083939 -0.035285
v -0.571943 1.080825 -0.035346
v -0.571394 1.084305 -0.039131
v -0.571211 1.086869 -0.038459
v -0.572615 1.089250 -0.020756
v -0.588609 1.084977 -0.021610
v -0.572492 1.082290 -0.026372
v -0.588487 1.080459 -0.025761
v -0.588242 1.084793 -0.029851
v -0.593492 1.084000 -0.025822
v -0.584030 1.089616 -0.028570
v -0.582443 1.091081 -0.026128
v -0.583664 1.089982 -0.023503
v -0.588609 1.088884 -0.022831
v -0.594469 1.088273 -0.025761
v -0.588548 1.088517 -0.029241
v -0.599902 1.079177 -0.014163
v -0.529577 1.091631 -0.019535
v -0.519504 1.100543 -0.026921
v -0.551493 1.090410 -0.020572
v -0.550699 1.098285 -0.027104
v -0.572859 1.093828 -0.026311
v -0.572615 1.089250 -0.020756
v -0.550455 1.081008 -0.027104
v -0.572492 1.082290 -0.026372
v -0.571760 1.088395 -0.031561
v -0.588242 1.084793 -0.029851
v -0.588548 1.088517 -0.029241
v -0.584030 1.089616 -0.028570
v -0.549722 1.088761 -0.033270
v -0.519871 1.079849 -0.027593
v -0.507600 1.056773 0.007448
v -0.494658 1.064038 0.000061
v -0.487699 1.057445 -0.001465
v -0.478664 1.077407 -0.022038
v -0.496673 1.079238 -0.012881
v -0.494048 1.070875 -0.007997
v -0.500763 1.067639 0.007875
v -0.511324 1.060436 0.013308
v -0.494781 1.064221 0.015323
v -0.507173 1.057078 0.017459
v -0.490019 1.059703 0.010073
v -0.505708 1.049509 0.011477
v -0.517673 1.051096 0.009645
v -0.521519 1.055369 0.014224
v -0.522923 1.079604 0.002442
v -0.523961 1.079360 -0.012209
v -0.531530 1.091570 -0.005372
v -0.548806 1.082779 0.000611
v -0.549417 1.091936 -0.005372
v -0.520054 1.098895 0.004029
v -0.548929 1.096331 0.000611
v -0.548379 1.090227 0.007326
v -0.567548 1.087418 0.004762
v -0.567670 1.093401 -0.000793
v -0.517795 1.088334 0.010500
v -0.512972 1.086564 -0.048165
v -0.542946 1.089128 -0.044503
v -0.516208 1.099506 -0.041084
v -0.542946 1.097064 -0.039497
v -0.543495 1.089494 -0.034125
v -0.522618 1.089921 -0.033942
v -0.542946 1.081314 -0.039558
v -0.513278 1.079421 -0.041389
v -0.558147 1.082107 -0.037299
v -0.559795 1.087602 -0.032538
v -0.558208 1.093340 -0.037238
v -0.557780 1.087357 -0.041633
v -0.567792 1.088456 -0.033881
v -0.571638 1.087235 -0.032904
v -0.572187 1.084366 -0.031622
v -0.571943 1.080825 -0.035346
v -0.571394 1.084305 -0.039131
v -0.571211 1.086869 -0.038459
v -0.567609 1.088151 -0.037788
v -0.566937 1.089677 -0.035773
v -0.490019 1.059703 0.010073
v -0.478481 1.079482 0.010622
v -0.494781 1.064221 0.015323
v -0.072950 0.311519 -0.084244
v -0.107869 0.308223 -0.060008
v -0.102131 0.386545 -0.045663
v -0.119101 0.304865 -0.021855
v -0.109212 0.382211 -0.003541
v -0.066357 0.380380 -0.068555
v -0.092302 0.414016 -0.036445
v -0.094500 0.416824 -0.004456
v -0.079360 0.414138 0.020328
v -0.082229 0.398938 0.017459
v -0.101337 0.297418 0.003174
v -0.072401 0.289909 0.010927
v -0.067273 0.392894 0.025701
v -0.050485 0.399060 0.018131
v -0.026128 0.304377 -0.022221
v -0.028570 0.376717 -0.004456
v -0.052378 0.416214 0.019718
v -0.067212 0.409621 0.026738
v -0.053110 0.417252 0.022526
v -0.067273 0.411941 0.029119
v -0.079421 0.416153 0.023442
v -0.039741 0.418045 -0.005311
v -0.036384 0.383127 -0.043465
v -0.037177 0.307979 -0.061107
v -0.043404 0.414016 -0.036200
v -0.037910 0.437763 -0.001221
v -0.048349 0.438069 0.019413
v -0.049386 0.437885 0.022831
v -0.067395 0.436298 0.034186
v -0.083695 0.435749 0.023137
v -0.084549 0.435688 0.020145
v -0.094561 0.440816 -0.000610
v -0.082107 0.436420 -0.029974
v -0.067029 0.414566 -0.048959
v -0.051584 0.436176 -0.030096
v -0.043465 0.457237 -0.024480
v -0.033209 0.459130 -0.000794
v -0.049814 0.451621 0.025823
v -0.065442 0.461877 0.031012
v -0.081741 0.453208 0.027227
v -0.097735 0.459984 0.000977
v -0.089616 0.457298 -0.022648
v -0.068250 0.451377 -0.030218
v -0.067334 0.435505 -0.028386
v -0.065442 0.497955 -0.042427
v -0.040840 0.498382 -0.033331
v -0.026494 0.494964 -0.002869
v -0.043465 0.495147 0.024235
v -0.065564 0.487943 0.031500
v -0.446798 1.082779 -0.022831
v -0.458946 1.077651 -0.022282
v -0.446676 1.085709 -0.036872
v -0.460167 1.081558 -0.039802
v -0.459557 1.095354 -0.038459
v -0.447470 1.095049 -0.038398
v -0.448446 1.101764 -0.025456
v -0.459252 1.102985 -0.025761
v -0.447836 1.097308 -0.010744
v -0.068250 0.451377 -0.030218
v -0.089616 0.457298 -0.022648
v -0.065442 0.497955 -0.042427
v -0.093584 0.500092 -0.030889
v -0.097735 0.459984 0.000977
v -0.104450 0.498871 -0.001038
v -0.081741 0.453208 0.027227
v -0.085892 0.496734 0.030279
v -0.065442 0.461877 0.031012
v -0.065564 0.487943 0.031500
v -0.567670 1.093401 -0.000793
v -0.581894 1.087479 0.000672
v -0.567548 1.087418 0.004762
v -0.586228 1.086442 0.001282
v -0.585923 1.082962 0.002808
v -0.592027 1.085648 -0.002136
v -0.590806 1.082290 -0.001831
v -0.586045 1.083145 -0.006959
v -0.585862 1.086503 -0.005311
v -0.567670 1.088090 -0.006593
v -0.581833 1.087479 -0.004273
v -0.580673 1.088761 -0.001404
v -0.548929 1.096331 0.000611
v -0.549417 1.091936 -0.005372
v -0.567548 1.081802 -0.000793
v -0.548806 1.082779 0.000611
v -0.548379 1.090227 0.007326
v -0.585312 1.079971 -0.001892
v 0.494720 1.064038 0.000061
v 0.487760 1.057445 -0.001465
v 0.478725 1.077407 -0.022038
v 0.496734 1.079238 -0.012881
v 0.494109 1.070875 -0.007997
v 0.500824 1.067639 0.007875
v 0.554362 1.091753 -0.019779
v 0.554362 1.082413 -0.012942
v 0.524022 1.079360 -0.012209
v 0.555278 1.091753 -0.006166
v 0.516269 1.099506 -0.041084
v 0.513888 1.096575 -0.034003
v 0.522679 1.089921 -0.033942
v 0.519565 1.100543 -0.026921
v 0.549783 1.088761 -0.033270
v 0.550760 1.098285 -0.027104
v 0.551554 1.090410 -0.020572
v 0.529638 1.091631 -0.019535
v 0.550516 1.081008 -0.027104
v 0.519932 1.079849 -0.027593
v 0.513339 1.079421 -0.041389
v 0.485013 1.081375 -0.037910
v 0.513033 1.086564 -0.048165
v 0.543007 1.089128 -0.044503
v 0.543007 1.081314 -0.039558
v 0.543557 1.089494 -0.034125
v 0.543007 1.097064 -0.039497
v 0.581649 1.087296 -0.007631
v 0.581283 1.080825 -0.013674
v 0.599963 1.083450 -0.009096
v 0.599963 1.079177 -0.014163
v 0.605152 1.082290 -0.014163
v 0.599597 1.083450 -0.019168
v 0.581039 1.085404 -0.019657
v 0.554362 1.091753 -0.019779
v 0.581344 1.093157 -0.013613
v 0.554423 1.098468 -0.012942
v 0.555278 1.091753 -0.006166
v 0.554362 1.082413 -0.012942
v 0.594042 1.087846 -0.011232
v 0.598559 1.086869 -0.010561
v 0.605641 1.086014 -0.014163
v 0.598498 1.086625 -0.018008
v 0.593859 1.087846 -0.016788
v 0.592577 1.089677 -0.013918
v 0.559856 1.087602 -0.032538
v 0.558208 1.082107 -0.037299
v 0.572248 1.084366 -0.031622
v 0.572004 1.080825 -0.035346
v 0.576400 1.083939 -0.035285
v 0.571455 1.084305 -0.039131
v 0.557841 1.087357 -0.041633
v 0.567853 1.088456 -0.033881
v 0.571699 1.087235 -0.032904
v 0.577681 1.087663 -0.034979
v 0.571272 1.086869 -0.038459
v 0.567670 1.088151 -0.037788
v 0.558269 1.093340 -0.037238
v 0.566998 1.089677 -0.035773
v 0.543007 1.089128 -0.044503
v 0.543007 1.081314 -0.039558
v 0.543557 1.089494 -0.034125
v 0.543007 1.097064 -0.039497
v 0.511385 1.060436 0.013308
v 0.521580 1.055369 0.014224
v 0.507661 1.056773 0.007448
v 0.517734 1.051096 0.009645
v 0.505769 1.049509 0.011477
v 0.517185 1.046884 0.014041
v 0.522618 1.049387 0.015201
v 0.507234 1.057078 0.017459
v 0.514071 1.056346 0.016788
v 0.517673 1.056407 0.015689
v 0.517490 1.051767 0.018436
v 0.514926 1.048776 0.015628
v 0.512484 1.051096 0.016483
v 0.511812 1.054698 0.017887
v 0.494720 1.064038 0.000061
v 0.487760 1.057445 -0.001465
v 0.490080 1.059703 0.010073
v 0.494842 1.064221 0.015323
v 0.500824 1.067639 0.007875
v 0.514071 1.056346 0.016788
v 0.511812 1.054698 0.017887
v 0.527990 1.046395 0.021427
v 0.512484 1.051096 0.016483
v 0.526891 1.044320 0.020023
v 0.514926 1.048776 0.015628
v 0.527990 1.046395 0.021427
v 0.517490 1.051767 0.018436
v 0.517673 1.056407 0.015689
v 0.528844 1.049631 0.019962
v 0.582504 1.091081 -0.026128
v 0.572920 1.093828 -0.026311
v 0.583725 1.089982 -0.023503
v 0.572676 1.089250 -0.020756
v 0.588670 1.088884 -0.022831
v 0.588670 1.084977 -0.021610
v 0.594530 1.088273 -0.025761
v 0.593553 1.084000 -0.025822
v 0.588304 1.084793 -0.029851
v 0.588609 1.088517 -0.029241
v 0.571821 1.088395 -0.031561
v 0.584091 1.089616 -0.028570
v 0.549783 1.088761 -0.033270
v 0.550516 1.081008 -0.027104
v 0.550760 1.098285 -0.027104
v 0.551554 1.090410 -0.020572
v 0.572554 1.082290 -0.026372
v 0.588548 1.080459 -0.025761
v -0.068006 0.834259 -0.069776
v -0.078078 0.806300 -0.073805
v -0.091447 0.827422 -0.043221
v -0.078078 0.806300 -0.073805
v -0.051828 0.811367 -0.083816
v -0.042122 0.836762 -0.074354
v -0.020817 0.835114 -0.071546
v -0.025639 0.807460 -0.080337
v 0.000000 0.799158 -0.073133
v -0.017581 0.657225 0.041267
v -0.026433 0.597094 0.038032
v -0.013186 0.596606 -0.005311
v -0.065442 0.497955 -0.042427
v -0.063977 0.596789 -0.061901
v -0.040840 0.498382 -0.033331
v -0.030218 0.592760 -0.048654
v -0.026494 0.494964 -0.002869
v -0.043465 0.495147 0.024235
v -0.063854 0.596606 0.052012
v -0.065564 0.487943 0.031500
v -0.008119 0.657835 -0.022709
v -0.023991 0.651548 -0.054148
v -0.064282 0.657835 -0.066540
v -0.043160 0.701850 -0.060192
v -0.066968 0.704475 -0.061901
v -0.048043 0.717783 -0.084366
v -0.021855 0.720042 -0.080276
v -0.022587 0.746536 -0.083572
v -0.055613 0.764605 -0.091264
v -0.030950 0.765277 -0.089311
v -0.053721 0.788291 -0.089372
v -0.082840 0.763751 -0.081802
v -0.074293 0.719614 -0.079360
v -0.102008 0.726207 -0.047921
v -0.019352 0.706733 -0.058543
v -0.005067 0.723521 -0.024846
v -0.009645 0.715890 -0.053110
v -0.009645 0.717478 -0.064343
v -0.078078 0.806300 -0.073805
v -0.107258 0.749893 -0.055552
v -0.118552 0.751786 0.002869
v -0.123924 0.721629 0.003663
v -0.099322 0.722422 0.046151
v -0.090959 0.788597 0.040535
v -0.057323 0.719980 0.054820
v -0.034247 0.775410 0.043526
v -0.014590 0.724986 0.041390
v -0.064343 0.657835 0.057872
v -0.091447 0.827422 -0.043221
v -0.103413 0.791771 -0.056162
v -0.108723 0.789146 0.001282
v -0.006776 0.728161 0.009401
v -0.013674 0.743972 0.026555
v -0.458946 1.077651 -0.022282
v -0.446798 1.082779 -0.022831
v -0.458641 1.080947 -0.002136
v -0.446981 1.086991 -0.009767
v -0.447836 1.097308 -0.010744
v -0.457542 1.097064 -0.006532
v -0.478481 1.079482 0.010622
v -0.466760 1.073744 0.003663
v -0.490019 1.059703 0.010073
v -0.463098 1.070936 -0.006593
v -0.487699 1.057445 -0.001465
v -0.478664 1.077407 -0.022038
v -0.522923 1.079604 0.002442
v -0.496673 1.079238 -0.012881
v -0.495879 1.076369 0.001343
v -0.494048 1.070875 -0.007997
v -0.500763 1.067639 0.007875
v -0.494781 1.064221 0.015323
v -0.495391 1.089189 0.008669
v -0.517795 1.088334 0.010500
v -0.124168 0.657835 0.000916
v -0.104206 0.657225 0.044625
v -0.123924 0.721629 0.003663
v -0.099322 0.722422 0.046151
v -0.064343 0.657835 0.057872
v -0.057323 0.719980 0.054820
v -0.063854 0.596606 0.052012
v -0.101093 0.596056 0.041328
v -0.117941 0.596606 -0.003846
v -0.103840 0.657835 -0.051279
v -0.100910 0.596606 -0.050119
v -0.102008 0.726207 -0.047921
v -0.066968 0.704475 -0.061901
v -0.064282 0.657835 -0.066540
v -0.063977 0.596789 -0.061901
v -0.065442 0.497955 -0.042427
v -0.093584 0.500092 -0.030889
v -0.104450 0.498871 -0.001038
v -0.085892 0.496734 0.030279
v -0.065564 0.487943 0.031500
vt 0.799927 0.900024
vt 0.799927 0.900024
vt 0.799927 0.900024
vt 0.799927 0.900024
vt 0.799927 0.900024
vt 0.799927 0.900024
vt 0.799927 0.900024
vt 0.799927 0.900024
vt 0.799927 0.900024
vt 0.799927 0.900024
vt 0.799927 0.900024
vt 0.799927 0.900024
vt 0.799927 0.900024
vt 0.799927 0.900024
vt 0.799927 0.900024
vt 0.799927 0.900024
vt 0.799927 0.900024
vt 0.799927 0.900024
vt 0.799927 0.900024
vt 0.799927 0.900024
vt 0.799927 0.900024
vt 0.799927 0.900024
vt 0.799927 0.900024
vt 0.799927 0.900024
vt 0.799927 0.900024
vt 0.799927 0.900024
vt 0.799927 0.900024
vt 0.799927 0.900024
vt 0.799927 0.900024
vt 0.799927 0.900024
vt 0.799927 0.900024
vt 0.799927 0.900024
vt 0.799927 0.900024
vt 0.799927 0.900024
vt 0.799927 0.900024
vt 0.799927 0.900024
vt 0.799927 0.900024
vt 0.799927 0.900024
vt 0.799927 0.900024
vt 0.799927 0.900024
vt 0.799927 0.900024
vt 0.799927 0.900024
vt 0.799927 0.900024
vt 0.799927 0.900024
vt 0.799927 0.900024
vt 0.799927 0.900024
vt 0.799927 0.900024
vt 0.799927 0.900024
vt 0.799927 0.900024
vt 0.799927 0.900024
vt 0.799927 0.900024
vt 0.799927 0.900024
vt 0.799927 0.900024
vt 0.799927 0.900024
vt 0.799927 0.900024
vt 0.799927 0.900024
vt 0.799927 0.900024
vt 0.799927 0.900024
vt 0.799927 0.900024
vt 0.799927 0.900024
vt 0.799927 0.900024
vt 0.799927 0.900024
vt 0.799927 0.900024
vt 0.799927 0.900024
vt 0.799927 0.900024
vt 0.799927 0.900024
vt 0.799927 0.900024
vt 0.799927 0.900024
vt 0.799927 0.900024
vt 0.799927 0.900024
vt 0.799927 0.900024
vt 0.799927 0.900024
vt 0.799927 0.900024
vt 0.799927 0.900024
vt 0.799927 0.900024
vt 0.799927 0.900024
vt 0.799927 0.900024
vt 0.799927 0.900024
vt 0.799927 0.900024
vt 0.799927 0.900024
vt 0.799927 0.900024
vt 0.799927 0.900024
vt 0.799927 0.900024
vt 0.799927 0.900024
vt 0.799927 0.900024
vt 0.799927 0.900024
vt 0.799927 0.900024
vt 0.799927 0.900024
vt 0.799927 0.900024
vt 0.799927 0.900024
vt 0.799927 0.900024
vt 0.799927 0.900024
vt 0.799927 0.900024
vt 0.799927 0.900024
vt 0.799927 0.900024
vt 0.799927 0.900024
vt 0.799927 0.900024
vt 0.799927 0.900024
vt 0.799927 0.900024
vt 0.799927 0.900024
vt 0.799927 0.900024
vt 0.799927 0.900024
vt 0.799927 0.900024
vt 0.799927 0.900024
vt 0.799927 0.900024
vt 0.799927 0.900024
vt 0.799927 0.900024
vt 0.799927 0.900024
vt 0.799927 0.900024
vt 0.799927 0.900024
vt 0.799927 0.900024
vt 0.799927 0.900024
vt 0.799927 0.900024
vt 0.799927 0.900024
vt 0.799927 0.900024
vt 0.799927 0.900024
vt 0.799927 0.900024
vt 0.799927 0.900024
vt 0.799927 0.900024
vt 0.799927 0.900024
vt 0.799927 0.900024
vt 0.799927 0.900024
vt 0.799927 0.900024
vt 0.799927 0.900024
vt 0.799927 0.900024
vt 0.799927 0.900024
vt 0.799927 0.900024
vt 0.799927 0.900024
vt 0.799927 0.900024
vt 0.799927 0.900024
vt 0.336304 0.175293
vt 0.336304 0.175293
vt 0.336304 0.175293
vt 0.336304 0.175293
vt 0.336304 0.175293
vt 0.336304 0.175293
vt 0.336304 0.175293
vt 0.336304 0.175293
vt 0.336304 0.175293
vt 0.336304 0.175293
vt 0.336304 0.175293
vt 0.336304 0.175293
vt 0.336304 0.175293
vt 0.336304 0.175293
vt 0.336304 0.175293
vt 0.336304 0.175293
vt -0.908447 1.405518
vt -0.948608 1.369263
vt -0.798096 1.410034
vt -0.798096 1.364624
vt -0.652588 1.366821
vt -0.691894 1.405884
vt 0.799927 0.900024
vt 0.799927 0.900024
vt 0.799927 0.900024
vt 0.799927 0.900024
vt 0.799927 0.900024
vt 0.799927 0.900024
vt 0.799927 0.900024
vt 0.799927 0.900024
vt 0.799927 0.900024
vt 0.432495 1.877930
vt 0.418335 1.882324
vt 0.428955 1.709351
vt 0.306274 1.709839
vt 0.313721 1.885498
vt 0.200439 1.885376
vt 0.189819 1.709595
vt 0.134155 1.881226
vt 0.109253 1.709229
vt 0.200073 0.157959
vt 0.153686 0.166748
vt 0.152588 0.203491
vt 0.125855 0.158936
vt 0.133057 0.204468
vt 0.159790 0.205811
vt 0.161377 0.170532
vt 0.138916 0.101807
vt 0.141357 0.154541
vt 0.125244 0.102417
vt 0.145142 0.150513
vt 0.181274 0.150879
vt 0.178101 0.117432
vt 0.212891 0.091797
vt 0.143677 0.060425
vt 0.113037 0.062134
vt 0.140747 0.045776
vt 0.117554 0.046021
vt 0.126587 0.061279
vt 0.134033 0.043213
vt 0.166992 0.041504
vt 0.179565 0.061157
vt 0.202270 0.060303
vt 0.184570 0.042480
vt 0.134033 0.100952
vt 0.149536 0.096436
vt 0.180542 0.098145
vt 0.202881 0.089600
vt 0.200928 0.117310
vt 0.184814 0.140137
vt 0.156494 0.139648
vt 0.115479 0.145752
vt 0.129395 0.142456
vt 0.109863 0.102539
vt 0.119263 0.151611
vt 0.134399 0.148804
vt 0.455322 1.142456
vt 0.469849 1.154053
vt 0.455933 1.194702
vt 0.469971 1.185303
vt 0.465454 1.188721
vt 0.476074 1.216431
vt 0.479980 1.221802
vt 0.494629 1.255005
vt 0.476074 1.238037
vt 0.466186 1.224731
vt 0.465942 1.371948
vt 0.492920 1.344727
vt 0.474487 1.391479
vt 0.523560 1.380981
vt 0.531250 1.358032
vt 0.537720 1.308350
vt 0.492676 1.311523
vt 0.439087 1.318970
vt 0.435181 1.355469
vt 0.460327 1.393799
vt 0.434082 1.385010
vt 0.465942 1.371948
vt 0.460327 1.393799
vt 0.474487 1.391479
vt 0.492920 1.344727
vt 0.523560 1.380981
vt 0.531250 1.358032
vt 0.537720 1.308350
vt 0.492676 1.311523
vt 0.435181 1.355469
vt 0.746582 0.818115
vt 0.672363 0.971558
vt 0.587280 0.817261
vt 0.526733 0.972534
vt 0.501587 0.815796
vt 0.464478 0.972900
vt 0.472046 0.815552
vt 0.534668 0.972534
vt 0.578247 0.816406
vt 0.657349 0.972656
vt 0.684326 0.817383
vt 0.749878 0.971069
vt 0.935303 0.842041
vt 0.877808 0.506348
vt 0.828003 0.842285
vt 0.841675 0.505249
vt 0.782227 0.842407
vt 0.826050 0.504395
vt 0.833984 0.842285
vt 0.849731 0.505615
vt 0.924194 0.841675
vt 0.882324 0.506714
vt 0.962280 0.841919
vt 0.892578 0.506470
vt 0.799927 0.900024
vt 0.799927 0.900024
vt 0.799927 0.900024
vt 0.799927 0.900024
vt 0.799927 0.900024
vt 0.799927 0.900024
vt 0.189453 1.968750
vt 0.131470 1.979980
vt 0.134155 1.881226
vt 0.189453 1.968750
vt 0.134155 1.881226
vt 0.200439 1.885376
vt 0.298218 1.960938
vt 0.189453 1.968750
vt 0.200439 1.885376
vt 0.298218 1.960938
vt 0.200439 1.885376
vt 0.313721 1.885498
vt 0.799927 0.900024
vt 0.799927 0.900024
vt 0.799927 0.900024
vt 0.799927 0.900024
vt 0.799927 0.900024
vt 0.799927 0.900024
vt 0.799927 0.900024
vt 0.799927 0.900024
vt 0.799927 0.900024
vt 0.799927 0.900024
vt 0.799927 0.900024
vt 0.799927 0.900024
vt 0.799927 0.900024
vt 0.799927 0.900024
vt 0.799927 0.900024
vt 0.799927 0.900024
vt 0.799927 0.900024
vt 0.799927 0.900024
vt 0.799927 0.900024
vt 0.799927 0.900024
vt 0.799927 0.900024
vt 0.799927 0.900024
vt 0.799927 0.900024
vt 0.799927 0.900024
vt 0.799927 0.900024
vt 0.799927 0.900024
vt 0.799927 0.900024
vt 0.799927 0.900024
vt 0.799927 0.900024
vt 0.799927 0.900024
vt 0.799927 0.900024
vt 0.799927 0.900024
vt 0.799927 0.900024
vt 0.799927 0.900024
vt 0.799927 0.900024
vt 0.799927 0.900024
vt 0.799927 0.900024
vt 0.799927 0.900024
vt 0.799927 0.900024
vt 0.799927 0.900024
vt 0.799927 0.900024
vt 0.799927 0.900024
vt 0.799927 0.900024
vt 0.799927 0.900024
vt 0.799927 0.900024
vt 0.799927 0.900024
vt 0.799927 0.900024
vt 0.799927 0.900024
vt 0.799927 0.900024
vt 0.799927 0.900024
vt 0.799927 0.900024
vt 0.310059 0.183228
vt 0.310059 0.183228
vt 0.310059 0.183228
vt 0.310059 0.183228
vt 0.310059 0.183228
vt 0.310059 0.183228
vt 0.310059 0.183228
vt 0.310059 0.183228
vt 0.310059 0.183228
vt 0.310059 0.183228
vt 0.310059 0.183228
vt 0.310059 0.183228
vt 0.310059 0.183228
vt 0.310059 0.183228
vt 0.310059 0.183228
vt 0.310059 0.183228
vt 0.310059 0.183228
vt 0.310059 0.183228
vt 0.310059 0.183228
vt 0.310059 0.183228
vt 0.310059 0.183228
vt 0.310059 0.183228
vt 0.310059 0.183228
vt 0.310059 0.183228
vt 0.310059 0.183228
vt 0.310059 0.183228
vt 0.310059 0.183228
vt 0.310059 0.183228
vt 0.310059 0.183228
vt 0.310059 0.183228
vt 0.310059 0.183228
vt 0.310059 0.183228
vt 0.799927 0.900024
vt 0.799927 0.900024
vt 0.799927 0.900024
vt 0.799927 0.900024
vt 0.799927 0.900024
vt 0.799927 0.900024
vt 0.799927 0.900024
vt 0.799927 0.900024
vt 0.799927 0.900024
vt 0.799927 0.900024
vt 0.799927 0.900024
vt 0.799927 0.900024
vt 0.799927 0.900024
vt 0.799927 0.900024
vt 0.799927 0.900024
vt 0.799927 0.900024
vt 0.799927 0.900024
vt 0.799927 0.900024
vt 0.799927 0.900024
vt 0.799927 0.900024
vt 0.763916 0.550537
vt 0.757812 0.550537
vt 0.760010 0.798218
vt 0.787720 0.550537
vt 0.775513 0.798218
vt 0.840942 0.550537
vt 0.848144 0.798218
vt 0.918091 0.798218
vt 0.911011 0.550537
vt 0.961914 0.798218
vt 0.965454 0.550537
vt 0.947998 0.798218
vt 0.924194 0.550537
vt 0.881104 0.798218
vt 0.851562 0.550537
vt 0.789062 0.798218
vt 0.445190 1.141968
vt 0.455322 1.142456
vt 0.443359 1.188843
vt 0.455933 1.194702
vt 0.466186 1.224731
vt 0.466186 1.224731
vt 0.455933 1.194702
vt 0.455322 1.142456
vt 0.445190 1.141968
vt 0.799927 0.900024
vt 0.799927 0.900024
vt 0.799927 0.900024
vt 0.799927 0.900024
vt 0.799927 0.900024
vt 0.799927 0.900024
vt 0.799927 0.900024
vt 0.799927 0.900024
vt 0.799927 0.900024
vt 0.799927 0.900024
vt 0.799927 0.900024
vt 0.799927 0.900024
vt 0.799927 0.900024
vt 0.799927 0.900024
vt 0.799927 0.900024
vt 0.799927 0.900024
vt 0.799927 0.900024
vt 0.799927 0.900024
vt 0.799927 0.900024
vt 0.799927 0.900024
vt 0.799927 0.900024
vt 0.799927 0.900024
vt 0.799927 0.900024
vt 0.799927 0.900024
vt 0.212891 0.091797
vt 0.143677 0.060425
vt 0.201660 0.061401
vt 0.140747 0.045776
vt 0.177002 0.043823
vt 0.184570 0.042480
vt 0.202270 0.060303
vt 0.233765 0.067017
vt 0.202881 0.089600
vt 0.282471 0.103271
vt 0.280762 0.107544
vt 0.229492 0.073364
vt -0.653565 1.285400
vt -0.652588 1.366821
vt -0.798096 1.271484
vt -0.798096 1.364624
vt -0.948608 1.369263
vt -0.939209 1.282471
vt 0.799927 0.900024
vt 0.799927 0.900024
vt 0.799927 0.900024
vt 0.799927 0.900024
vt 0.799927 0.900024
vt 0.799927 0.900024
vt 0.799927 0.900024
vt 0.799927 0.900024
vt 0.799927 0.900024
vt 0.799927 0.900024
vt 0.799927 0.900024
vt 0.799927 0.900024
vt 0.799927 0.900024
vt 0.799927 0.900024
vt 0.799927 0.900024
vt 0.799927 0.900024
vt 0.799927 0.900024
vt 0.799927 0.900024
vt 0.799927 0.900024
vt 0.799927 0.900024
vt 0.404907 2.007324
vt 0.364746 2.000244
vt 0.412964 1.962036
vt 0.389160 1.965332
vt 0.418335 1.882324
vt 0.432495 1.877930
vt 0.418335 1.882324
vt 0.313721 1.885498
vt 0.298218 1.960938
vt 0.293457 2.005493
vt 0.322998 2.040039
vt 0.269531 2.038574
vt 0.208984 2.037720
vt 0.204102 2.010498
vt 0.189453 1.968750
vt 0.404663 2.040405
vt 0.365234 2.062378
vt 0.326782 2.072388
vt 0.272461 2.085571
vt 0.203369 2.080811
vt 0.145752 2.067261
vt 0.138184 2.038940
vt 0.132324 2.009277
vt 0.131470 1.979980
vt -0.538940 0.649170
vt -0.530518 0.558960
vt -0.400513 0.650024
vt -0.388306 0.559814
vt -0.267822 0.650024
vt -0.270874 0.559814
vt -0.515259 0.735229
vt -0.407471 0.733887
vt -0.276489 0.721924
vt -0.240967 0.711304
vt -0.229126 0.650024
vt -0.241089 0.560059
vt -0.290405 0.414429
vt -0.319702 0.417603
vt -0.395386 0.415771
vt -0.502563 0.412598
vt -0.574585 0.650024
vt -0.524780 0.725342
vt -0.559692 0.559814
vt -0.517822 0.402954
vt 0.200928 0.117310
vt 0.207275 0.157471
vt 0.218384 0.116821
vt 0.181274 0.150879
vt 0.178101 0.117432
vt 0.267822 0.115356
vt 0.251953 0.124023
vt 0.232300 0.113159
vt 1.872192 3.053345
vt 1.866211 2.985718
vt 1.772217 3.062622
vt 1.786255 2.986206
vt 1.719727 2.985962
vt 1.714844 3.068970
vt 1.643066 2.986816
vt 1.645142 3.075073
vt 1.644653 3.141235
vt 1.719116 3.140137
vt 1.786011 3.139648
vt 1.877563 3.130371
vt 1.890381 3.221313
vt 1.794067 3.220459
vt 1.727783 3.219604
vt 1.642334 3.219727
vt 1.588867 3.215942
vt 1.587646 3.144287
vt 1.597534 3.073242
vt 1.603760 2.987793
vt 1.321777 0.563599
vt 1.321655 0.559814
vt 1.322266 0.581787
vt 1.294434 0.563354
vt 1.287842 0.579224
vt 1.296021 0.557007
vt 0.799927 0.900024
vt 0.799927 0.900024
vt 0.799927 0.900024
vt 0.799927 0.900024
vt 0.799927 0.900024
vt 0.799927 0.900024
vt 0.799927 0.900024
vt 0.799927 0.900024
vt 0.476074 1.238037
vt 0.466186 1.224731
vt 0.444702 1.226929
vt 0.443359 1.188843
vt 0.466186 1.224731
vt 0.476074 1.238037
vt 0.439087 1.318970
vt 0.267822 0.115356
vt 0.212891 0.091797
vt 0.280762 0.107544
vt 0.310059 0.183228
vt 0.310059 0.183228
vt 0.310059 0.183228
vt 0.310059 0.183228
vt 0.799927 0.900024
vt 0.799927 0.900024
vt 0.799927 0.900024
vt 0.799927 0.900024
vt 0.799927 0.900024
vt 0.799927 0.900024
vt 0.799927 0.900024
vt 0.799927 0.900024
vt 0.799927 0.900024
vt 0.799927 0.900024
vt 0.799927 0.900024
vt 0.799927 0.900024
vt 0.799927 0.900024
vt 0.799927 0.900024
vt 0.799927 0.900024
vt 0.799927 0.900024
vt 0.799927 0.900024
vt 0.799927 0.900024
vt 0.799927 0.900024
vt 0.799927 0.900024
vt 0.799927 0.900024
vt 0.799927 0.900024
vt 0.799927 0.900024
vt 0.799927 0.900024
vt 0.799927 0.900024
vt 0.799927 0.900024
vt 0.799927 0.900024
vt 0.799927 0.900024
vt 0.799927 0.900024
vt 0.799927 0.900024
vt 0.799927 0.900024
vt 0.799927 0.900024
vt 0.799927 0.900024
vt 0.799927 0.900024
vt 0.799927 0.900024
vt 0.799927 0.900024
vt 0.799927 0.900024
vt 0.799927 0.900024
vt 0.799927 0.900024
vt 0.799927 0.900024
vt 0.799927 0.900024
vt 0.799927 0.900024
vt 0.799927 0.900024
vt 0.799927 0.900024
vt 0.799927 0.900024
vt 0.799927 0.900024
vt 0.799927 0.900024
vt 0.799927 0.900024
vt 0.799927 0.900024
vt 0.799927 0.900024
vt 0.799927 0.900024
vt 0.799927 0.900024
vt 0.799927 0.900024
vt 0.799927 0.900024
vt 0.799927 0.900024
vt 0.799927 0.900024
vt 0.799927 0.900024
vt 0.799927 0.900024
vt 0.799927 0.900024
vt 0.799927 0.900024
vt 0.799927 0.900024
vt 0.799927 0.900024
vt 0.799927 0.900024
vt 0.799927 0.900024
vt 0.799927 0.900024
vt 0.799927 0.900024
vt 0.799927 0.900024
vt 0.799927 0.900024
vt 0.799927 0.900024
vt 0.799927 0.900024
vt 0.799927 0.900024
vt 0.799927 0.900024
vt 0.799927 0.900024
vt 0.799927 0.900024
vt 0.799927 0.900024
vt 0.799927 0.900024
vt 0.799927 0.900024
vt 0.799927 0.900024
vt 0.799927 0.900024
vt 2.021240 3.387329
vt 1.970703 3.234253
vt 1.914673 3.396240
vt 1.823364 3.250488
vt 1.821655 3.405273
vt 1.721191 3.407837
vt 1.734863 3.248291
vt 1.662476 3.401489
vt 1.673584 3.237305
vt -0.517822 0.402954
vt -0.476929 0.366211
vt -0.502563 0.412598
vt -0.467285 0.353394
vt -0.395386 0.415771
vt -0.400757 0.363403
vt -0.319702 0.417603
vt -0.340454 0.359375
vt -0.290405 0.414429
vt -0.321411 0.350708
vt 0.799927 0.900024
vt 0.799927 0.900024
vt 0.799927 0.900024
vt 0.799927 0.900024
vt 0.799927 0.900024
vt 0.799927 0.900024
vt 0.799927 0.900024
vt 0.799927 0.900024
vt 0.799927 0.900024
vt 0.799927 0.900024
vt 0.799927 0.900024
vt 0.799927 0.900024
vt 0.799927 0.900024
vt 0.799927 0.900024
vt 0.799927 0.900024
vt 0.799927 0.900024
vt 0.799927 0.900024
vt 0.799927 0.900024
vt 0.200928 0.117310
vt 0.200073 0.157959
vt 0.207275 0.157471
vt 0.161377 0.170532
vt 0.194580 0.196167
vt 0.172485 0.196411
vt 0.181274 0.150879
vt 0.141357 0.154541
vt 0.147827 0.197144
vt 0.159790 0.197144
vt 0.910767 0.985962
vt 0.910767 0.985962
vt 0.910767 0.985962
vt 0.799927 0.900024
vt 0.799927 0.900024
vt 0.799927 0.900024
vt 0.799927 0.900024
vt 0.799927 0.900024
vt 0.799927 0.900024
vt 0.799927 0.900024
vt 0.799927 0.900024
vt 0.799927 0.900024
vt 0.799927 0.900024
vt 0.799927 0.900024
vt 0.799927 0.900024
vt 0.799927 0.900024
vt 0.799927 0.900024
vt 0.799927 0.900024
vt 0.799927 0.900024
vt 0.799927 0.900024
vt 0.799927 0.900024
vt 0.799927 0.900024
vt 0.799927 0.900024
vt 0.799927 0.900024
vt 0.799927 0.900024
vt 0.799927 0.900024
vt 0.799927 0.900024
vt 0.799927 0.900024
vt 0.799927 0.900024
vt 0.799927 0.900024
vt 0.799927 0.900024
vt 0.799927 0.900024
vt 0.799927 0.900024
vt 0.799927 0.900024
vt 0.799927 0.900024
vt 0.799927 0.900024
vt 0.799927 0.900024
vt 0.799927 0.900024
vt 0.799927 0.900024
vt 0.799927 0.900024
vt 0.799927 0.900024
vt 0.799927 0.900024
vt 0.799927 0.900024
vt 0.799927 0.900024
vt 0.799927 0.900024
vt 0.799927 0.900024
vt 0.799927 0.900024
vt 0.799927 0.900024
vt 0.799927 0.900024
vt 0.799927 0.900024
vt 0.799927 0.900024
vt 0.799927 0.900024
vt 0.799927 0.900024
vt 0.799927 0.900024
vt 0.537720 1.308350
vt 0.494629 1.255005
vt 0.492676 1.311523
vt 0.476074 1.238037
vt 0.439087 1.318970
vt 0.455322 1.142456
vt 0.455933 1.194702
vt 0.469849 1.154053
vt 0.469971 1.185303
vt 0.465454 1.188721
vt 0.476074 1.216431
vt 0.479980 1.221802
vt 0.466186 1.224731
vt 0.799927 0.900024
vt 0.799927 0.900024
vt 0.799927 0.900024
vt 0.799927 0.900024
vt 0.799927 0.900024
vt 0.799927 0.900024
vt 0.799927 0.900024
vt 0.799927 0.900024
vt 0.799927 0.900024
vt 0.799927 0.900024
vt 0.799927 0.900024
vt 0.799927 0.900024
vt 0.799927 0.900024
vt 0.799927 0.900024
vt 0.799927 0.900024
vt 0.799927 0.900024
vt 0.799927 0.900024
vt 0.799927 0.900024
vt 0.799927 0.900024
vt 0.799927 0.900024
vt 0.799927 0.900024
vt 0.799927 0.900024
vt 0.799927 0.900024
vt 0.799927 0.900024
vt 0.799927 0.900024
vt 0.799927 0.900024
vt 0.799927 0.900024
vt 0.799927 0.900024
vt 0.799927 0.900024
vt 0.799927 0.900024
vt 0.799927 0.900024
vt 0.799927 0.900024
vt 0.799927 0.900024
vt 0.799927 0.900024
vt 0.799927 0.900024
vt 0.799927 0.900024
vt 0.799927 0.900024
vt 0.799927 0.900024
vt 0.799927 0.900024
vt 0.799927 0.900024
vt 0.799927 0.900024
vt 0.799927 0.900024
vt 0.799927 0.900024
vt 0.799927 0.900024
vt 0.799927 0.900024
vt 0.799927 0.900024
vt 0.799927 0.900024
vt 0.799927 0.900024
vt 0.799927 0.900024
vt 0.799927 0.900024
vt 0.799927 0.900024
vt 0.799927 0.900024
vt 0.799927 0.900024
vt 0.799927 0.900024
vt 0.799927 0.900024
vt 0.799927 0.900024
vt 0.799927 0.900024
vt 0.799927 0.900024
vt 0.799927 0.900024
vt 0.799927 0.900024
vt 0.799927 0.900024
vt 0.799927 0.900024
vt 0.799927 0.900024
vt 0.799927 0.900024
vt 0.799927 0.900024
vt 0.799927 0.900024
vt 0.799927 0.900024
vt 0.799927 0.900024
vt 0.799927 0.900024
vt 0.799927 0.900024
vt 0.799927 0.900024
vt 0.799927 0.900024
vt 0.799927 0.900024
vt 0.799927 0.900024
vt 0.799927 0.900024
vt 0.799927 0.900024
vt 0.799927 0.900024
vt 0.799927 0.900024
vt 0.799927 0.900024
vt 0.799927 0.900024
vt 0.799927 0.900024
vt 0.799927 0.900024
vt 0.799927 0.900024
vt 0.799927 0.900024
vt 0.799927 0.900024
vt 0.799927 0.900024
vt 0.799927 0.900024
vt 0.799927 0.900024
vt 0.799927 0.900024
vt 0.799927 0.900024
vt 0.799927 0.900024
vt 0.799927 0.900024
vt 0.799927 0.900024
vt 0.799927 0.900024
vt 0.799927 0.900024
vt 0.799927 0.900024
vt 0.799927 0.900024
vt 0.799927 0.900024
vt 0.799927 0.900024
vt 0.799927 0.900024
vt 0.799927 0.900024
vt 0.799927 0.900024
vt 0.799927 0.900024
vt 0.799927 0.900024
vt 0.799927 0.900024
vt 0.799927 0.900024
vt 0.799927 0.900024
vt 0.799927 0.900024
vt 0.799927 0.900024
vt 0.799927 0.900024
vt 0.799927 0.900024
vt 0.799927 0.900024
vt 0.799927 0.900024
vt 0.799927 0.900024
vt 0.799927 0.900024
vt 0.799927 0.900024
vt 0.799927 0.900024
vt 0.799927 0.900024
vt 0.799927 0.900024
vt 0.799927 0.900024
vt 0.799927 0.900024
vt 0.799927 0.900024
vt 0.799927 0.900024
vt 0.799927 0.900024
vt 0.799927 0.900024
vt 0.799927 0.900024
vt 0.799927 0.900024
vt 0.799927 0.900024
vt 0.799927 0.900024
vt 0.799927 0.900024
vt 0.799927 0.900024
vt 0.799927 0.900024
vt 0.799927 0.900024
vt 0.799927 0.900024
vt 0.799927 0.900024
vt 0.799927 0.900024
vt 0.799927 0.900024
vt 0.799927 0.900024
vt 0.799927 0.900024
vt 0.799927 0.900024
vt 0.799927 0.900024
vt 0.799927 0.900024
vt 0.799927 0.900024
vt 0.799927 0.900024
vt 0.799927 0.900024
vt 0.799927 0.900024
vt 0.799927 0.900024
vt 0.799927 0.900024
vt 0.799927 0.900024
vt 0.799927 0.900024
vt 0.799927 0.900024
vt 0.799927 0.900024
vt 0.799927 0.900024
vt 0.799927 0.900024
vt 0.799927 0.900024
vt 0.799927 0.900024
vt 0.799927 0.900024
vt 0.799927 0.900024
vt 0.799927 0.900024
vt 0.799927 0.900024
vt 0.799927 0.900024
vt 0.799927 0.900024
vt 0.799927 0.900024
vt 0.799927 0.900024
vt 0.799927 0.900024
vt 0.799927 0.900024
vt 0.799927 0.900024
vt 0.799927 0.900024
vt 0.799927 0.900024
vt 0.799927 0.900024
vt 0.799927 0.900024
vt 0.799927 0.900024
vt 0.799927 0.900024
vt 0.799927 0.900024
vt 0.799927 0.900024
vt 0.799927 0.900024
vt 0.799927 0.900024
vt 0.799927 0.900024
vt 0.799927 0.900024
vt 0.799927 0.900024
vt 0.799927 0.900024
vt 0.799927 0.900024
vt 0.799927 0.900024
vt 0.799927 0.900024
vt 0.799927 0.900024
vt 0.799927 0.900024
vt 0.799927 0.900024
vt 0.799927 0.900024
vt 0.799927 0.900024
vt 0.799927 0.900024
vt -0.619629 0.379761
vt -0.635742 0.387207
vt -0.593628 0.433838
vt -0.618164 0.436523
vt -0.686279 0.390503
vt -0.681763 0.434937
vt -0.742065 0.381958
vt -0.771729 0.432251
vt -0.750244 0.392944
vt -0.784546 0.424072
vt 0.799927 0.900024
vt 0.799927 0.900024
vt 0.799927 0.900024
vt 0.799927 0.900024
vt 0.799927 0.900024
vt 0.799927 0.900024
vt 0.799927 0.900024
vt 0.799927 0.900024
vt 0.799927 0.900024
vt 0.799927 0.900024
vt 0.799927 0.900024
vt 0.799927 0.900024
vt 0.799927 0.900024
vt 0.799927 0.900024
vt 0.799927 0.900024
vt 0.799927 0.900024
vt 0.799927 0.900024
vt 0.799927 0.900024
vt 0.260254 0.114136
vt 0.282471 0.103271
vt 0.202881 0.089600
vt 0.200928 0.117310
vt 0.232300 0.113159
vt 0.251953 0.124023
vt 0.152588 0.203491
vt 0.188477 0.203369
vt 0.200073 0.157959
vt 0.159790 0.205811
vt 0.115479 0.145752
vt 0.129395 0.142456
vt 0.152100 0.155151
vt 0.119263 0.151611
vt 0.156006 0.195557
vt 0.126221 0.198120
vt 0.156982 0.199219
vt 0.153686 0.166748
vt 0.186035 0.196533
vt 0.190430 0.150879
vt 0.184814 0.140137
vt 0.180542 0.098145
vt 0.156494 0.139648
vt 0.148926 0.184692
vt 0.178467 0.184448
vt 0.153076 0.186279
vt 0.124146 0.185547
vt 0.799927 0.900024
vt 0.799927 0.900024
vt 0.799927 0.900024
vt 0.799927 0.900024
vt 0.799927 0.900024
vt 0.799927 0.900024
vt 0.799927 0.900024
vt 0.799927 0.900024
vt 0.799927 0.900024
vt 0.799927 0.900024
vt 0.799927 0.900024
vt 0.799927 0.900024
vt 0.799927 0.900024
vt 0.799927 0.900024
vt 0.799927 0.900024
vt 0.799927 0.900024
vt 0.799927 0.900024
vt 0.799927 0.900024
vt 0.799927 0.900024
vt 0.799927 0.900024
vt 0.799927 0.900024
vt 0.799927 0.900024
vt 0.799927 0.900024
vt 0.799927 0.900024
vt 0.799927 0.900024
vt 0.799927 0.900024
vt 0.799927 0.900024
vt 0.799927 0.900024
vt 0.799927 0.900024
vt 0.799927 0.900024
vt 0.799927 0.900024
vt 0.799927 0.900024
vt 0.799927 0.900024
vt 0.799927 0.900024
vt 0.799927 0.900024
vt 0.799927 0.900024
vt 0.799927 0.900024
vt 0.799927 0.900024
vt 0.799927 0.900024
vt 0.799927 0.900024
vt 0.799927 0.900024
vt 0.799927 0.900024
vt 0.799927 0.900024
vt 0.799927 0.900024
vt 0.799927 0.900024
vt 0.799927 0.900024
vt 0.799927 0.900024
vt 0.799927 0.900024
vt 0.799927 0.900024
vt 0.799927 0.900024
vt 0.799927 0.900024
vt 0.799927 0.900024
vt 0.799927 0.900024
vt 0.799927 0.900024
vt 0.799927 0.900024
vt 0.910767 0.985962
vt 0.910767 0.985962
vt 0.910767 0.985962
vt 0.910767 0.985962
vt 0.910767 0.985962
vt 0.910767 0.985962
vt 0.910767 0.985962
vt 0.910767 0.985962
vt 0.910767 0.985962
vt 0.910767 0.985962
vt 0.799927 0.900024
vt 0.799927 0.900024
vt 0.799927 0.900024
vt 0.799927 0.900024
vt 0.799927 0.900024
vt 0.799927 0.900024
vt 0.799927 0.900024
vt 0.799927 0.900024
vt 0.799927 0.900024
vt 0.799927 0.900024
vt 0.799927 0.900024
vt 0.799927 0.900024
vt 0.799927 0.900024
vt 0.799927 0.900024
vt 0.799927 0.900024
vt 0.799927 0.900024
vt 0.799927 0.900024
vt 0.799927 0.900024
vt 0.310059 0.183228
vt 0.310059 0.183228
vt 0.310059 0.183228
vt 0.310059 0.183228
vt 0.310059 0.183228
vt 0.310059 0.183228
vt 0.310059 0.183228
vt 0.310059 0.183228
vt 0.310059 0.183228
vt 0.799927 0.900024
vt 0.799927 0.900024
vt 0.799927 0.900024
vt 0.799927 0.900024
vt 0.799927 0.900024
vt 0.799927 0.900024
vt 0.799927 0.900024
vt 0.799927 0.900024
vt 0.799927 0.900024
vt 0.799927 0.900024
vt 0.799927 0.900024
vt 0.799927 0.900024
vt 0.799927 0.900024
vt 0.799927 0.900024
vt 0.799927 0.900024
vt 0.799927 0.900024
vt 0.799927 0.900024
vt 0.799927 0.900024
vt 0.799927 0.900024
vt 0.799927 0.900024
vt 0.799927 0.900024
vt 0.799927 0.900024
vt 0.799927 0.900024
vt 0.799927 0.900024
vt 0.799927 0.900024
vt 0.799927 0.900024
vt 0.799927 0.900024
vt 0.799927 0.900024
vt 0.799927 0.900024
vt 0.799927 0.900024
vt 0.799927 0.900024
vt 0.799927 0.900024
vt 0.799927 0.900024
vt 0.799927 0.900024
vt 0.799927 0.900024
vt 0.799927 0.900024
vt 0.799927 0.900024
vt 0.799927 0.900024
vt 0.799927 0.900024
vt 0.799927 0.900024
vt 0.799927 0.900024
vt 0.799927 0.900024
vt 0.799927 0.900024
vt 0.799927 0.900024
vt 0.799927 0.900024
vt 0.799927 0.900024
vt 0.799927 0.900024
vt 0.799927 0.900024
vt 0.799927 0.900024
vt 0.799927 0.900024
vt 0.799927 0.900024
vt 0.799927 0.900024
vt 0.799927 0.900024
vt 0.799927 0.900024
vt 0.799927 0.900024
vt 0.799927 0.900024
vt 0.799927 0.900024
vt 0.799927 0.900024
vt 0.799927 0.900024
vt 0.799927 0.900024
vt 0.799927 0.900024
vt 0.799927 0.900024
vt 0.799927 0.900024
vt 0.799927 0.900024
vt -0.686035 0.633911
vt -0.802246 0.633057
vt -0.691894 0.705078
vt -0.782349 0.706177
vt -0.832153 0.633911
vt -0.839111 0.705322
vt -0.819702 0.557251
vt -0.795166 0.556519
vt -0.675781 0.557251
vt -0.574707 0.633911
vt -0.577271 0.557251
vt -0.581909 0.694946
vt -0.552124 0.685913
vt -0.542236 0.633911
vt -0.552124 0.557495
vt -0.593628 0.433838
vt -0.618164 0.436523
vt -0.681763 0.434937
vt -0.771729 0.432251
vt -0.784546 0.424072
vn 0.6103 -0.4192 -0.6722
vn 0.9680 -0.2116 0.1346
vn 0.6774 -0.2428 -0.6944
vn 0.5976 -0.3120 -0.7386
vn 0.1877 -0.2566 -0.9481
vn 0.1801 -0.2428 -0.9532
vn 0.1589 -0.3326 -0.9296
vn 0.1594 -0.3333 -0.9292
vn 0.1629 -0.3393 -0.9265
vn 0.1627 -0.3397 -0.9263
vn -0.8037 -0.2167 -0.5541
vn -0.8078 -0.1487 -0.5705
vn 0.8116 -0.1473 -0.5653
vn 0.8289 -0.1363 -0.5425
vn 0.8277 -0.1484 -0.5411
vn 0.8291 -0.1473 -0.5394
vn -0.1955 -0.2853 -0.9383
vn -0.2046 -0.2072 -0.9567
vn -0.6162 -0.1296 -0.7769
vn 0.4037 -0.1446 -0.9034
vn -0.3995 -0.1449 -0.9052
vn -0.4030 -0.2312 -0.8855
vn 0.4072 -0.2307 -0.8837
vn 0.8076 -0.2149 -0.5491
vn -0.1629 -0.3393 -0.9265
vn -0.1627 -0.3397 -0.9263
vn -0.1594 -0.3333 -0.9292
vn -0.1836 -0.2472 -0.9514
vn -0.8206 -0.4449 -0.3588
vn -0.8207 -0.4447 -0.3588
vn -0.8161 -0.4517 -0.3606
vn -0.8209 -0.4445 -0.3586
vn -0.8843 -0.3850 -0.2642
vn -0.8525 -0.4346 -0.2906
vn -0.9036 0.1196 0.4113
vn -0.9161 -0.1771 0.3597
vn -0.9503 -0.2035 0.2356
vn -0.8290 -0.2062 -0.5198
vn -0.5251 -0.3914 -0.7557
vn -0.6270 -0.0898 -0.7738
vn -0.6180 -0.0934 -0.7806
vn -0.5697 -0.0639 -0.8194
vn -0.5785 0.1418 -0.8033
vn -0.4673 0.2037 -0.8603
vn -0.3745 0.5845 -0.7198
vn -0.4327 0.8098 -0.3963
vn -0.3076 0.8799 -0.3621
vn -0.1169 0.9265 0.3577
vn -0.1547 0.9257 0.3451
vn -0.4248 0.6073 0.6714
vn -0.2697 0.6616 0.6997
vn -0.0653 0.2733 -0.9597
vn -0.0267 0.1344 -0.9906
vn 0.0884 0.5898 -0.8027
vn -0.0026 0.4073 -0.9133
vn -0.4264 0.8353 -0.3472
vn -0.2977 0.9499 0.0954
vn -0.3522 0.2390 -0.9049
vn 0.3513 0.2391 -0.9052
vn 0.0026 0.4073 -0.9133
vn -0.0883 0.5898 -0.8027
vn 0.3745 0.5845 -0.7198
vn 0.4327 0.8098 -0.3963
vn 0.5785 0.1418 -0.8033
vn 0.4673 0.2037 -0.8603
vn 0.0266 0.1344 -0.9906
vn 0.0653 0.2734 -0.9597
vn -0.5210 0.1328 -0.8432
vn -0.5158 -0.0067 -0.8567
vn 0.0982 -0.0034 -0.9952
vn 0.5251 -0.3914 -0.7557
vn 0.8290 -0.2062 -0.5198
vn 0.6162 -0.1296 -0.7769
vn 0.2046 -0.2072 -0.9567
vn 0.2120 -0.2219 -0.9518
vn 0.2082 -0.1888 -0.9597
vn 0.5697 -0.0639 -0.8194
vn 0.6180 -0.0934 -0.7806
vn 0.6259 -0.0902 -0.7747
vn 0.6189 -0.0930 -0.7799
vn 0.6270 -0.0898 -0.7738
vn 0.1836 -0.2472 -0.9514
vn 0.1955 -0.2853 -0.9383
vn -0.8253 -0.1374 -0.5478
vn -0.8253 -0.1492 -0.5446
vn -0.8244 -0.1498 -0.5458
vn -0.8247 -0.1372 -0.5487
vn -0.3987 -0.3788 -0.8352
vn -0.5004 -0.0035 -0.8658
vn 0.5055 -0.0034 -0.8628
vn 0.4033 -0.3780 -0.8334
vn 0.8280 -0.1361 -0.5440
vn -0.2120 -0.2218 -0.9518
vn -0.2082 -0.1888 -0.9597
vn -0.0982 -0.0035 -0.9952
vn 0.5210 -0.0067 -0.8535
vn 0.5262 0.1323 -0.8400
vn 0.8207 -0.4447 -0.3588
vn 0.8206 -0.4449 -0.3588
vn 0.8161 -0.4517 -0.3606
vn 0.8392 -0.3492 -0.4168
vn 0.8854 -0.4627 -0.0441
vn 0.9181 -0.1938 0.3458
vn 0.7771 -0.5699 0.2672
vn 0.7759 -0.5841 -0.2385
vn 0.9507 -0.1650 -0.2626
vn 0.9952 -0.0007 -0.0974
vn 0.9508 0.3099 0.0073
vn 0.9389 0.3315 0.0929
vn 0.8631 -0.4475 0.2341
vn 0.9271 -0.2509 0.2785
vn 0.9826 0.1300 0.1326
vn 0.9480 0.2555 0.1898
vn 0.8916 0.2044 0.4041
vn 0.5096 0.4665 0.7230
vn 0.4444 0.6980 0.5615
vn 0.5697 0.7045 0.4232
vn 0.6587 0.3151 0.6833
vn 0.5846 0.3306 0.7409
vn 0.8133 -0.5723 0.1051
vn 0.9227 -0.2430 0.2993
vn 0.9503 -0.2035 0.2356
vn 0.9161 -0.1771 0.3597
vn 0.9036 0.1196 0.4113
vn 0.8525 -0.4346 -0.2906
vn 0.8843 -0.3850 -0.2642
vn 0.8209 -0.4445 -0.3586
vn 0.3101 0.3419 0.8871
vn 0.3106 0.3556 0.8815
vn 0.1609 0.5501 0.8194
vn 0.1655 0.7003 0.6944
vn 0.3194 0.7504 0.5787
vn 0.4086 0.4444 0.7972
vn 0.2696 0.5478 0.7920
vn 0.2697 0.6616 0.6997
vn 0.4248 0.6073 0.6714
vn 0.1547 0.9257 0.3451
vn 0.1169 0.9265 0.3577
vn 0.3076 0.8799 -0.3621
vn 0.4264 0.8353 -0.3472
vn 0.2977 0.9499 0.0954
vn 0.6770 -0.0988 0.7293
vn 0.6382 -0.2918 0.7125
vn 0.8208 -0.3926 0.4149
vn 0.6265 -0.6955 0.3519
vn 0.5164 -0.8101 -0.2777
vn 0.1683 -0.9846 -0.0465
vn 0.4520 -0.0651 0.8896
vn 0.7390 -0.2648 0.6195
vn 0.7055 -0.3226 0.6311
vn 0.5256 -0.7924 -0.3097
vn 0.8131 -0.4818 -0.3266
vn 0.7726 -0.4392 0.4586
vn 0.8275 0.0598 0.5582
vn 0.8846 -0.0871 0.4582
vn 0.1407 -0.9894 0.0371
vn 0.2881 -0.7821 0.5526
vn 0.1800 -0.7101 0.6807
vn 0.2110 -0.5802 0.7867
vn 0.0721 -0.4342 0.8979
vn 0.0806 0.1563 0.9844
vn -0.2438 0.2113 0.9465
vn -0.4653 -0.0925 0.8803
vn -0.4009 -0.4828 0.7786
vn -0.4392 -0.5968 0.6715
vn -0.4539 -0.6000 0.6587
vn -0.4453 -0.5924 0.6713
vn -0.4014 -0.8766 0.2655
vn 0.1434 -0.1505 0.9782
vn -0.2768 -0.8721 0.4034
vn -0.2600 -0.8418 0.4731
vn 0.9648 -0.2427 0.1012
vn 0.8164 -0.2122 0.5371
vn 0.7116 0.0283 0.7020
vn 0.2729 -0.0206 0.9618
vn 0.3453 -0.1040 0.9327
vn -0.5745 -0.0253 0.8181
vn -0.5823 -0.0477 0.8116
vn 0.3404 -0.0200 0.9401
vn 0.1674 -0.1242 0.9780
vn 0.6691 -0.3324 0.6647
vn 0.7414 -0.2238 0.6327
vn 0.9594 -0.2648 0.0968
vn 0.9800 -0.1955 0.0382
vn 0.9050 -0.1606 -0.3939
vn 0.8209 -0.0537 0.5686
vn 0.8465 0.0127 0.5322
vn 0.9743 -0.0862 0.2081
vn 0.9854 -0.0330 0.1671
vn 0.6542 0.0909 -0.7508
vn 0.5035 -0.0597 -0.8619
vn 0.2020 -0.0448 -0.9784
vn 0.2397 0.0021 -0.9709
vn -0.2400 0.0021 -0.9708
vn -0.2023 -0.0449 -0.9783
vn -0.5035 -0.0597 -0.8619
vn -0.6543 0.0909 -0.7508
vn -0.9854 -0.0330 0.1671
vn -0.9743 -0.0862 0.2081
vn -0.8460 -0.0581 0.5301
vn -0.8684 0.0012 0.4959
vn -0.1802 -0.2425 -0.9533
vn -0.1880 -0.2567 -0.9480
vn -0.5976 -0.3120 -0.7386
vn -0.6773 -0.2428 -0.6944
vn -0.9680 -0.2116 0.1346
vn -0.9648 -0.2427 0.1012
vn -0.8397 -0.2174 0.4976
vn -0.7344 0.0313 0.6780
vn -0.2611 -0.0217 0.9651
vn -0.3283 -0.1025 0.9390
vn 0.5857 -0.0250 0.8102
vn 0.5937 -0.0473 0.8033
vn -0.3237 -0.0211 0.9459
vn -0.1633 -0.1220 0.9790
vn -0.6891 -0.3380 0.6410
vn -0.7627 -0.2286 0.6049
vn -0.9594 -0.2648 0.0968
vn -0.9800 -0.1955 0.0382
vn -0.8854 -0.4627 -0.0442
vn -0.8392 -0.3493 -0.4168
vn -0.9050 -0.1606 -0.3939
vn -0.6102 -0.4192 -0.6722
vn -0.1589 -0.3326 -0.9296
vn 0.9699 -0.0220 -0.2426
vn 0.9320 -0.0524 0.3585
vn 0.9063 0.1264 -0.4034
vn 0.4079 0.1168 -0.9055
vn 0.3638 0.0829 -0.9278
vn -0.3648 0.0829 -0.9274
vn -0.4091 0.1169 -0.9050
vn -0.9063 0.1264 -0.4034
vn -0.9699 -0.0220 -0.2426
vn -0.9320 -0.0524 0.3585
vn -0.8974 0.0002 0.4412
vn -0.4986 -0.0181 0.8667
vn -0.4431 -0.0683 0.8939
vn 0.4419 -0.0683 0.8945
vn 0.4973 -0.0182 0.8674
vn 0.8974 0.0002 0.4412
vn -0.2507 0.1575 0.9552
vn -0.2842 0.2115 0.9351
vn 0.2974 0.2107 0.9312
vn 0.2621 0.1564 0.9523
vn 0.0389 -0.5558 -0.8304
vn -0.0182 -0.6726 -0.7398
vn -0.0270 -0.9987 -0.0433
vn -0.0152 -0.9999 -0.0069
vn 0.0099 -0.8434 0.5372
vn 0.1253 -0.6037 0.7873
vn 0.0510 -0.0982 0.9939
vn -0.0108 0.1364 -0.9906
vn 0.1167 0.6322 -0.7660
vn 0.0514 0.7917 -0.6088
vn 0.0993 0.9948 0.0229
vn 0.2094 0.9218 0.3262
vn 0.1825 0.5873 0.7885
vn 0.1915 0.5510 0.8122
vn -0.0060 -0.5106 -0.8598
vn -0.0109 0.6015 -0.7988
vn 0.0455 0.7125 -0.7002
vn 0.0650 0.7129 0.6983
vn 0.0215 0.6212 0.7834
vn 0.0328 -0.5037 0.8632
vn 0.0214 0.9742 0.2245
vn 0.1820 0.9345 -0.3060
vn 0.1108 0.8292 0.5479
vn 0.2913 0.7264 0.6225
vn 0.3050 0.8951 -0.3251
vn -0.0012 0.5226 0.8526
vn -0.0600 0.3932 0.9175
vn -0.0990 0.3591 0.9280
vn -0.3502 0.4063 0.8440
vn -0.1738 0.9624 0.2088
vn -0.1704 0.9459 0.2761
vn -0.0996 0.9534 0.2847
vn -0.0997 0.9534 0.2847
vn -0.0997 0.9534 0.2846
vn -0.1106 0.8507 -0.5139
vn -0.0247 0.8881 -0.4589
vn -0.0009 -0.1612 -0.9869
vn -0.1858 0.0871 -0.9787
vn -0.3311 -0.9158 -0.2273
vn -0.3749 -0.9081 -0.1863
vn -0.2547 0.8261 -0.5026
vn -0.2023 0.3263 -0.9234
vn -0.2759 0.0810 -0.9578
vn 0.0478 -0.7163 -0.6961
vn 0.0094 -0.9761 -0.2170
vn -0.0090 -0.9693 -0.2459
vn 0.1844 -0.9682 -0.1690
vn 0.0066 -0.9961 -0.0882
vn -0.1352 -0.6850 -0.7159
vn -0.1148 -0.7241 -0.6801
vn -0.0448 0.3050 -0.9513
vn 0.0597 0.4676 -0.8819
vn 0.0396 0.9185 0.3935
vn 0.2075 0.9671 -0.1472
vn 0.0589 0.8500 -0.5234
vn 0.1072 0.8825 0.4580
vn 0.3473 0.7992 0.4906
vn 0.3515 0.6996 -0.6221
vn 0.2613 0.7704 -0.5816
vn 0.0470 0.9948 0.0902
vn -0.0303 0.9958 0.0863
vn -0.0270 0.9888 -0.1470
vn -0.5761 0.0845 0.8130
vn -0.4153 0.2370 0.8783
vn -0.2711 0.2477 0.9301
vn -0.1699 0.6136 0.7712
vn -0.1215 0.6428 0.7564
vn -0.1142 0.7339 0.6696
vn -0.1450 0.7608 0.6326
vn -0.3050 0.6402 0.7051
vn -0.2960 0.6716 0.6793
vn -0.2575 0.6169 0.7437
vn -0.0258 0.8088 0.5876
vn 0.3267 0.8067 0.4924
vn -0.0699 0.9258 0.3715
vn 0.1203 0.6495 0.7508
vn 0.0999 0.6329 0.7677
vn 0.0990 0.6201 0.7782
vn -0.1242 0.5580 0.8205
vn 0.0236 0.5018 0.8647
vn 0.0329 0.6391 0.7685
vn -0.0818 0.7826 0.6171
vn 0.0642 0.7354 0.6746
vn 0.8404 0.3502 0.4137
vn 0.3580 0.3828 0.8516
vn 0.3202 0.2815 0.9046
vn -0.3210 0.2814 0.9043
vn -0.3590 0.3829 0.8512
vn -0.8404 0.3502 0.4137
vn 0.0258 0.8088 0.5876
vn -0.3267 0.8067 0.4924
vn 0.0699 0.9258 0.3715
vn -0.1203 0.6495 0.7508
vn -0.0999 0.6329 0.7677
vn -0.0330 0.6391 0.7685
vn 0.0819 0.7825 0.6172
vn -0.0643 0.7354 0.6746
vn -0.1742 -0.6031 0.7784
vn 0.0438 -0.1029 0.9937
vn -0.1562 0.5472 0.8223
vn -0.0412 0.8582 0.5117
vn -0.0981 0.9375 0.3339
vn 0.0429 0.8566 -0.5142
vn -0.1226 0.6290 -0.7677
vn 0.0260 -0.0234 -0.9994
vn -0.1732 -0.5510 -0.8163
vn -0.0139 -0.8917 -0.4524
vn -0.1081 -0.9941 -0.0059
vn -0.0281 -0.9402 0.3395
vn 0.0074 -0.1030 0.9947
vn 0.0266 0.0921 0.9954
vn 0.0386 0.8584 0.5116
vn 0.0758 0.9534 0.2919
vn 0.0857 0.8543 -0.5127
vn 0.0765 0.8827 -0.4637
vn 0.0982 -0.0224 -0.9949
vn 0.1165 -0.1698 -0.9786
vn 0.1130 -0.8867 -0.4484
vn 0.1336 -0.9699 -0.2035
vn 0.0983 -0.9360 0.3379
vn 0.0963 -0.9477 0.3042
vn 0.0709 -0.0988 0.9926
vn 0.0820 -0.0730 0.9940
vn 0.0828 0.5529 0.8291
vn 0.1035 0.5962 0.7962
vn 0.0859 0.9479 0.3069
vn 0.2134 0.9767 0.0242
vn 0.6693 0.4415 -0.5975
vn 0.7678 0.2003 -0.6085
vn 0.5871 0.0421 -0.8084
vn 0.9660 0.0852 -0.2440
vn 0.9337 -0.2792 -0.2241
vn 0.5786 -0.3635 -0.7301
vn 0.7563 -0.1812 -0.6287
vn 0.3229 -0.1145 -0.9395
vn 0.1962 -0.1739 -0.9650
vn 0.1695 -0.7787 -0.6041
vn 0.5919 -0.7152 -0.3718
vn 0.4094 0.2126 -0.8872
vn 0.3294 0.1002 -0.9389
vn -0.0760 0.0717 -0.9945
vn -0.0824 -0.2574 -0.9628
vn -0.1575 -0.1190 -0.9803
vn -0.1636 -0.1249 -0.9786
vn -0.1581 -0.8095 -0.5655
vn 0.0536 -0.8387 -0.5420
vn -0.0825 0.1033 -0.9912
vn -0.2935 -0.0030 -0.9559
vn -0.2830 -0.0713 -0.9565
vn -0.3496 -0.1238 -0.9287
vn -0.3393 -0.1878 -0.9217
vn -0.3435 -0.1865 -0.9204
vn -0.9494 -0.1173 0.2915
vn -0.8918 -0.1272 -0.4342
vn -0.9234 -0.1605 -0.3486
vn -0.9216 -0.1748 -0.3466
vn -0.8951 -0.1345 -0.4250
vn -0.8960 -0.1096 -0.4304
vn -0.0864 -0.0863 -0.9925
vn -0.2056 -0.8239 -0.5282
vn -0.4952 -0.7143 -0.4945
vn -0.7104 -0.6965 -0.1014
vn -0.6526 -0.7519 0.0940
vn -0.9296 -0.0536 -0.3646
vn -0.9443 -0.1546 0.2904
vn -0.9885 -0.0404 0.1458
vn -0.9885 -0.0408 0.1459
vn -0.9893 -0.0410 0.1398
vn -0.9890 -0.0406 0.1424
vn -0.9896 -0.0374 0.1391
vn -0.7669 -0.6296 0.1248
vn -0.9573 0.1480 0.2485
vn -0.8398 0.3085 0.4467
vn -0.2912 0.0731 0.9539
vn -0.3014 -0.0150 0.9534
vn -0.3347 0.0085 0.9423
vn -0.3318 -0.0993 0.9381
vn -0.3496 -0.0865 0.9329
vn -0.3462 -0.1824 0.9203
vn -0.3593 -0.1786 0.9160
vn 0.9208 0.0532 -0.3865
vn 0.8637 0.0726 0.4988
vn 0.8315 0.1505 0.5348
vn 0.1950 0.1074 0.9749
vn 0.0048 0.2016 0.9795
vn 0.0301 0.0960 0.9949
vn 0.8403 0.3397 0.4226
vn 0.8365 0.3445 0.4261
vn 0.8399 0.3401 0.4230
vn 0.8363 0.3449 0.4262
vn 0.8574 0.2735 0.4359
vn -0.9132 -0.0498 0.4045
vn 0.7834 -0.0760 0.6168
vn 0.0841 0.7033 -0.7059
vn 0.7451 0.3502 -0.5676
vn 0.3880 0.2669 -0.8822
vn 0.1971 0.4076 -0.8917
vn 0.1912 0.6761 -0.7116
vn 0.3709 0.6993 -0.6110
vn -0.3315 0.2328 -0.9143
vn -0.1665 0.2722 -0.9477
vn -0.1473 0.2954 -0.9439
vn -0.1510 0.4830 -0.8625
vn -0.2521 0.4194 -0.8721
vn 0.2528 0.4193 -0.8719
vn 0.1510 0.4832 -0.8624
vn -0.0842 0.7033 -0.7059
vn -0.1912 0.6761 -0.7116
vn -0.3709 0.6993 -0.6110
vn -0.7368 0.3952 -0.5486
vn -0.9581 0.2682 -0.1007
vn -0.8872 0.4352 0.1531
vn -0.6922 0.2477 0.6778
vn -0.7517 0.5274 0.3960
vn -0.4457 0.5197 0.7289
vn -0.2097 0.1709 0.9627
vn -0.2854 0.1640 0.9443
vn 0.0000 -0.1492 0.9888
vn 0.2850 0.1640 0.9444
vn 0.2097 0.1709 0.9627
vn 0.4457 0.5197 0.7289
vn 0.7517 0.5274 0.3960
vn 0.6922 0.2477 0.6778
vn 0.8872 0.4352 0.1531
vn 0.9581 0.2682 -0.1007
vn 0.7368 0.3952 -0.5486
vn 0.1092 -0.7024 -0.7033
vn 0.1104 -0.7022 -0.7033
vn 0.1090 -0.7024 -0.7034
vn -0.4709 -0.8718 0.1348
vn -0.3060 -0.7355 0.6045
vn -0.2634 -0.9540 -0.1436
vn -0.7506 -0.5523 0.3626
vn -0.7377 -0.5380 0.4079
vn -0.7530 -0.5076 0.4187
vn -0.5742 -0.1460 -0.8056
vn -0.4071 -0.4088 -0.8168
vn -0.3306 -0.4444 -0.8326
vn -0.1976 -0.8535 0.4822
vn -0.0345 -0.6266 -0.7786
vn 0.1106 -0.7021 -0.7034
vn -0.0072 -0.9950 0.0997
vn 0.2086 -0.9391 0.2732
vn 0.2180 -0.9560 0.1962
vn -0.0618 -0.8720 0.4856
vn 0.0089 -0.7129 0.7013
vn -0.3807 -0.0924 0.9201
vn -0.4211 -0.1551 0.8936
vn -0.3299 -0.1504 0.9319
vn -0.1782 0.0321 0.9835
vn -0.2757 0.0067 0.9612
vn 0.1449 -0.9877 0.0583
vn 0.1235 -0.8846 0.4496
vn 0.0990 -0.9941 -0.0445
vn 0.0125 -0.6247 -0.7807
vn 0.0479 -0.6713 -0.7396
vn -0.0678 0.1324 -0.9889
vn -0.0362 0.2616 -0.9645
vn -0.1091 0.7873 -0.6068
vn -0.1416 0.7263 -0.6727
vn -0.2134 0.9767 0.0242
vn -0.0859 0.9479 0.3069
vn -0.1035 0.5962 0.7962
vn -0.0828 0.5529 0.8291
vn -0.0709 -0.0988 0.9926
vn -0.0820 -0.0730 0.9940
vn 0.0795 -0.8394 0.5376
vn -0.7487 0.0236 0.6625
vn -0.6909 0.0726 0.7193
vn -0.7384 0.5619 0.3729
vn 0.7393 0.5930 0.3190
vn 0.7227 0.0686 0.6877
vn 0.9063 -0.1508 0.3949
vn 0.4709 -0.8718 0.1348
vn 0.3060 -0.7355 0.6045
vn 0.0345 -0.6266 -0.7786
vn -0.1106 -0.7021 -0.7034
vn -0.1090 -0.7024 -0.7034
vn 0.3306 -0.4444 -0.8326
vn 0.4071 -0.4088 -0.8168
vn 0.5742 -0.1460 -0.8056
vn 0.7530 -0.5076 0.4186
vn 0.7377 -0.5380 0.4079
vn 0.7506 -0.5523 0.3626
vn 0.2634 -0.9540 -0.1436
vn -0.2180 -0.9560 0.1962
vn 0.0618 -0.8720 0.4856
vn -0.0089 -0.7129 0.7012
vn 0.3807 -0.0924 0.9201
vn 0.0072 -0.9950 0.0997
vn -0.2086 -0.9391 0.2732
vn 0.1976 -0.8535 0.4823
vn -0.0479 -0.6713 -0.7396
vn -0.0125 -0.6247 -0.7807
vn -0.0990 -0.9941 -0.0445
vn -0.1449 -0.9877 0.0583
vn -0.1235 -0.8846 0.4496
vn -0.0795 -0.8394 0.5376
vn 0.4211 -0.1551 0.8936
vn 0.3299 -0.1503 0.9320
vn 0.1783 0.0321 0.9835
vn 0.2757 0.0067 0.9612
vn -0.5208 0.1914 0.8319
vn -0.3838 0.2185 0.8972
vn -0.4982 0.1226 0.8583
vn -0.5726 -0.7779 0.2588
vn -0.3904 -0.9095 0.1429
vn -0.9026 -0.4268 0.0562
vn -0.0065 -0.9199 -0.3920
vn -0.2848 -0.7474 -0.6002
vn -0.5054 -0.8220 0.2625
vn -0.5520 -0.7328 0.3978
vn -0.3976 -0.2564 0.8810
vn -0.5356 0.0736 0.8413
vn -0.7515 -0.5170 0.4099
vn 0.2896 0.1282 0.9485
vn 0.3041 0.1176 0.9453
vn -0.2907 0.1181 0.9495
vn -0.2913 0.1176 0.9494
vn 0.8125 0.5385 0.2235
vn 0.6334 0.4131 0.6544
vn 0.7523 0.3984 0.5247
vn 0.5540 0.1560 0.8178
vn 0.8418 0.5145 0.1635
vn 0.4337 0.4183 -0.7981
vn 0.4564 0.4088 -0.7903
vn 0.1025 0.3165 -0.9430
vn 0.2471 0.1691 -0.9541
vn -0.2475 0.1691 -0.9540
vn -0.1027 0.3166 -0.9430
vn -0.4564 0.4088 -0.7903
vn -0.4337 0.4183 -0.7981
vn -0.8418 0.5145 0.1635
vn -0.8125 0.5385 0.2235
vn -0.6334 0.4131 0.6544
vn -0.7747 0.3937 0.4949
vn -0.5574 0.1358 0.8191
vn 0.2118 0.2432 -0.9466
vn 0.2105 0.2425 -0.9470
vn 0.2092 0.2419 -0.9475
vn 0.2091 0.2417 -0.9476
vn 0.0362 0.2616 -0.9645
vn 0.0678 0.1324 -0.9889
vn 0.1091 0.7873 -0.6068
vn 0.1416 0.7263 -0.6727
vn 0.3032 0.6701 -0.6775
vn 0.2363 0.7319 -0.6392
vn 0.1116 0.7477 -0.6546
vn -0.0021 0.8182 -0.5749
vn -0.0288 0.9206 0.3893
vn -0.0223 0.9185 0.3947
vn -0.0290 0.9208 0.3890
vn -0.0215 0.9183 0.3953
vn 0.0970 0.9030 0.4185
vn 0.2236 0.9130 0.3412
vn 0.1483 0.2657 -0.9526
vn -0.1608 -0.0560 -0.9854
vn 0.2778 -0.0355 -0.9600
vn 0.1075 0.0635 -0.9922
vn 0.2290 0.8488 -0.4765
vn 0.1124 0.8031 -0.5852
vn 0.0707 0.9304 0.3597
vn 0.1093 0.9111 0.3974
vn 0.1099 0.6721 0.7322
vn 0.0017 0.7333 0.6799
vn -0.0003 0.7336 0.6796
vn 0.0318 0.7139 0.6995
vn 0.0923 0.7081 0.7000
vn 0.4512 0.2969 0.8416
vn 0.9079 -0.0685 0.4137
vn 0.9307 -0.1201 0.3457
vn 0.9305 -0.1215 0.3456
vn 0.9305 -0.1212 0.3456
vn 0.9298 -0.0664 -0.3621
vn 0.9372 -0.0514 -0.3450
vn 0.8646 0.0531 0.4996
vn 0.9096 -0.0144 0.4152
vn 0.9208 0.0203 -0.3894
vn 0.9310 0.0428 -0.3626
vn 0.3403 0.0552 -0.9387
vn 0.3590 0.0719 -0.9306
vn 0.3597 -0.0349 -0.9324
vn 0.3028 -0.0737 -0.9502
vn 0.2981 -0.1803 -0.9373
vn 0.3845 -0.2084 -0.8993
vn 0.9294 -0.1387 -0.3421
vn 0.9288 -0.1381 -0.3438
vn 0.9308 -0.1186 0.3457
vn 0.8509 -0.1849 0.4916
vn 0.1977 0.0704 0.9777
vn 0.3154 0.0014 0.9490
vn 0.3137 -0.0670 0.9471
vn 0.2733 -0.0938 0.9573
vn 0.2708 -0.1473 0.9513
vn 0.1370 -0.1817 0.9738
vn 0.1242 -0.9740 -0.1895
vn 0.0488 -0.6618 0.7481
vn -0.0895 -0.4967 0.8633
vn 0.3548 -0.4536 0.8175
vn 0.4422 0.6595 0.6078
vn 0.3855 0.6813 0.6223
vn 0.9072 0.2600 -0.3308
vn 0.9527 -0.3038 -0.0081
vn -0.2118 0.2432 -0.9466
vn -0.2095 0.2417 -0.9475
vn -0.2105 0.2425 -0.9470
vn -0.2091 0.2417 -0.9476
vn -0.3032 0.6701 -0.6775
vn -0.2363 0.7319 -0.6392
vn -0.2236 0.9130 0.3412
vn -0.0970 0.9030 0.4185
vn 0.0288 0.9206 0.3893
vn 0.0223 0.9185 0.3947
vn 0.0215 0.9183 0.3953
vn 0.0290 0.9208 0.3890
vn 0.0021 0.8182 -0.5749
vn -0.1116 0.7477 -0.6546
vn -0.1483 0.2657 -0.9526
vn 0.1608 -0.0560 -0.9854
vn -0.2778 -0.0355 -0.9600
vn -0.1075 0.0635 -0.9922
vn -0.2290 0.8488 -0.4765
vn -0.1124 0.8031 -0.5852
vn -0.0707 0.9304 0.3597
vn -0.1093 0.9111 0.3974
vn -0.1099 0.6721 0.7323
vn -0.0017 0.7333 0.6799
vn -0.0012 0.7333 0.6799
vn -0.0001 0.7335 0.6797
vn 0.0003 0.7336 0.6796
vn -0.0318 0.7139 0.6995
vn -0.0923 0.7081 0.7000
vn -0.4512 0.2969 0.8416
vn -0.9952 -0.0125 -0.0976
vn 0.6964 0.7106 0.1005
vn -0.2750 -0.1272 -0.9530
vn -0.4036 -0.8030 -0.4385
vn 0.4019 -0.8045 -0.4374
vn 0.2699 -0.1115 -0.9564
vn 0.1232 0.6237 0.7719
vn 0.3776 0.2943 0.8780
vn -0.3944 0.2920 0.8713
vn -0.1193 0.6331 0.7648
vn -0.1108 0.4633 0.8792
vn 0.1148 0.4631 0.8789
vn -0.5366 -0.3345 0.7747
vn -0.1459 0.1280 -0.9810
vn 0.1463 0.1280 -0.9809
vn 0.9541 0.2791 -0.1089
vn 0.9312 0.3498 -0.1028
vn 0.9244 0.3728 -0.0801
vn -0.0301 0.0960 0.9949
vn -0.8403 0.3397 0.4226
vn -0.8670 0.3018 0.3966
vn -0.9430 0.3202 -0.0907
vn -0.9376 0.3405 -0.0711
vn -0.8283 -0.2088 0.5200
vn -0.8427 -0.1036 0.5283
vn -0.3090 -0.0104 0.9510
vn -0.3170 -0.0163 0.9483
vn -0.8573 -0.1392 0.4956
vn -0.8573 -0.1414 0.4949
vn -0.8573 -0.1333 0.4972
vn -0.9568 -0.0332 0.2888
vn -0.5365 -0.1637 0.8279
vn -0.3650 0.0872 0.9269
vn -0.8573 -0.1318 0.4976
vn -0.8798 -0.1901 -0.4357
vn -0.9126 -0.1408 -0.3839
vn -0.3417 -0.2184 -0.9141
vn -0.2756 -0.2592 -0.9257
vn -0.1790 0.1885 -0.9656
vn -0.8839 -0.2325 -0.4058
vn -0.8141 0.4130 -0.4082
vn -0.4452 0.3868 -0.8076
vn -0.4313 0.4550 -0.7790
vn 0.4044 0.4488 -0.7969
vn 0.4357 0.4226 -0.7947
vn 0.9266 0.3636 -0.0956
vn 0.9154 0.3861 -0.1142
vn -0.5935 0.3096 -0.7429
vn -0.9567 0.2518 -0.1463
vn -0.9565 0.2522 -0.1467
vn -0.9565 0.2521 -0.1466
vn -0.9553 0.2551 -0.1494
vn -0.9799 0.0781 -0.1835
vn -0.9619 0.0529 -0.2684
vn -0.5465 0.1859 -0.8165
vn -0.6315 0.1143 -0.7669
vn 0.4941 0.2378 -0.8362
vn 0.5719 0.1881 -0.7984
vn 0.9552 0.1196 -0.2707
vn 0.9761 0.1598 -0.1476
vn 0.5614 -0.1220 0.8185
vn 0.8039 0.0682 0.5908
vn 0.2778 -0.0824 0.9571
vn -0.9454 -0.1704 0.2779
vn -0.8861 -0.1573 0.4359
vn -0.8590 0.2415 0.4514
vn -0.7257 0.0164 0.6878
vn -0.6197 -0.1674 0.7668
vn -0.6088 -0.1733 0.7742
vn -0.4514 -0.1487 0.8799
vn 0.5102 -0.0972 0.8545
vn 0.4980 -0.0518 0.8656
vn -0.4278 -0.0575 0.9020
vn -0.4400 -0.0345 0.8973
vn -0.5258 -0.7441 0.4121
vn -0.9355 -0.1733 0.3079
vn -0.5371 -0.1093 0.8364
vn 0.7833 0.3466 0.5161
vn 0.5990 -0.0379 0.7999
vn 0.4864 -0.0725 0.8707
vn 0.5122 -0.7256 0.4595
vn 0.4975 -0.6276 0.5988
vn -0.5108 -0.6092 0.6066
vn -0.4693 -0.1776 0.8650
vn 0.4674 -0.1823 0.8650
vn 0.5553 -0.1083 0.8246
vn 0.9707 -0.2099 0.1168
vn 0.9361 -0.2231 0.2718
vn 0.8457 -0.1994 0.4950
vn 0.9051 -0.0695 0.4194
vn 0.9976 0.0086 -0.0693
vn 0.2939 0.1398 0.9456
vn 0.5533 -0.1308 0.8227
vn 0.9609 0.0435 0.2734
vn 0.8596 -0.0670 0.5065
vn 0.9025 -0.1818 0.3904
vn 0.9421 -0.1304 -0.3089
vn 0.9120 -0.2029 -0.3564
vn 0.2670 0.2321 -0.9353
vn -0.0996 -0.1084 -0.9891
vn 0.1021 -0.1199 -0.9875
vn 0.1067 0.6961 -0.7100
vn -0.1192 0.6967 -0.7074
vn 0.4100 0.4204 -0.8095
vn 0.7835 0.4729 -0.4031
vn 0.0491 0.8579 0.5115
vn 0.1166 0.9356 0.3333
vn -0.0511 0.8562 -0.5140
vn 0.1457 0.6268 -0.7655
vn -0.0311 -0.0233 -0.9992
vn 0.1853 0.5437 0.8185
vn -0.0523 -0.1027 0.9933
vn 0.2066 -0.5997 0.7731
vn 0.0336 -0.9400 0.3394
vn 0.1288 -0.9917 -0.0056
vn 0.0165 -0.8917 -0.4524
vn 0.2053 -0.5480 -0.8109
vn -0.0389 -0.5558 -0.8304
vn 0.0182 -0.6726 -0.7398
vn 0.0270 -0.9987 -0.0433
vn 0.0152 -0.9999 -0.0069
vn -0.0099 -0.8434 0.5372
vn -0.1253 -0.6037 0.7873
vn -0.0510 -0.0982 0.9939
vn 0.0108 0.1363 -0.9906
vn -0.1167 0.6322 -0.7660
vn -0.0514 0.7917 -0.6088
vn -0.0993 0.9948 0.0229
vn -0.2094 0.9218 0.3262
vn -0.1825 0.5873 0.7885
vn -0.1915 0.5510 0.8122
vn -0.9917 -0.0696 -0.1085
vn -0.8776 -0.1741 0.4466
vn -0.8729 -0.2009 0.4446
vn -0.9061 -0.1918 -0.3770
vn 0.0681 -0.0190 0.9975
vn 0.1817 -0.0860 0.9796
vn 0.8579 -0.1169 0.5004
vn 0.8596 -0.1201 0.4966
vn 0.8609 -0.1226 0.4938
vn 0.8613 -0.1232 0.4930
vn 0.9225 -0.1771 -0.3430
vn 0.9405 -0.1463 -0.3066
vn 0.3845 -0.2088 -0.8992
vn 0.3836 -0.2094 -0.8994
vn 0.3792 -0.2126 -0.9006
vn 0.3783 -0.2133 -0.9008
vn -0.0945 -0.7001 0.7078
vn -0.0530 -0.8393 0.5410
vn 0.3380 -0.8133 0.4736
vn 0.3495 -0.8159 -0.4606
vn -0.1193 -0.8335 -0.5394
vn -0.1929 -0.6633 -0.7231
vn -0.1887 -0.6633 -0.7242
vn -0.1926 -0.6627 -0.7237
vn 0.3295 0.8776 0.3480
vn 0.2024 0.6641 0.7197
vn 0.1365 0.8601 0.4915
vn 0.1885 0.3805 0.9054
vn 0.5141 0.3063 0.8012
vn 0.6652 -0.1757 0.7257
vn 0.6718 -0.3054 -0.6748
vn 0.4618 0.4109 -0.7860
vn 0.1014 0.4428 -0.8909
vn 0.1083 0.8988 -0.4247
vn 0.1410 0.7301 -0.6686
vn 0.3109 0.9082 -0.2800
vn 0.0208 -0.6688 0.7431
vn -0.0080 -0.7032 0.7109
vn 0.1946 0.7178 0.6685
vn 0.1591 0.6700 0.7251
vn 0.0646 0.7360 -0.6739
vn 0.1306 0.8041 -0.5800
vn -0.1883 -0.6639 -0.7237
vn -0.0908 -0.5405 -0.8364
vn 0.0041 -0.9998 0.0169
vn 0.8305 -0.5529 0.0681
vn 0.0086 -0.5511 -0.8344
vn 0.1332 -0.6594 0.7399
vn 0.1185 -0.6350 0.7634
vn 0.0572 0.5127 0.8567
vn 0.1440 0.7264 0.6721
vn 0.0015 0.8060 -0.5919
vn -0.0159 0.7792 -0.6266
vn 0.0112 -0.5475 -0.8368
vn 0.0271 0.5712 0.8204
vn -0.6569 -0.0863 -0.7491
vn -0.4545 0.4403 -0.7743
vn -0.6854 -0.0900 0.7226
vn -0.4398 0.5002 0.7459
vn -0.1638 0.4446 0.8806
vn -0.1095 0.8547 0.5074
vn -0.1101 0.8539 0.5087
vn -0.1124 0.8493 0.5158
vn -0.1126 0.8486 0.5170
vn -0.2352 0.7002 0.6741
vn -0.2554 0.8628 -0.4363
vn -0.0598 0.6123 -0.7884
vn -0.0132 0.7315 -0.6818
vn -0.0626 0.3615 -0.9303
vn 0.0676 -0.7936 -0.6046
vn 0.1839 -0.7842 -0.5927
vn -0.1474 0.6045 -0.7829
vn -0.1222 0.7075 -0.6960
vn -0.1580 0.7107 0.6856
vn -0.1574 0.7098 0.6866
vn -0.1571 0.7094 0.6871
vn -0.1583 0.7113 0.6849
vn 0.0744 -0.6790 0.7304
vn 0.0740 -0.6784 0.7309
vn 0.0834 -0.6779 0.7304
vn 0.0126 -0.5864 0.8099
vn 0.0567 -0.5897 -0.8056
vn -0.0399 -0.5902 -0.8063
vn -0.0788 -0.5904 0.8032
vn -0.0328 -0.5037 0.8632
vn -0.0215 0.6212 0.7834
vn -0.0650 0.7129 0.6983
vn -0.0455 0.7125 -0.7002
vn 0.0108 0.6015 -0.7988
vn 0.0060 -0.5106 -0.8598
vn -0.8230 -0.5171 -0.2352
vn -0.1072 0.8825 0.4580
vn -0.3473 0.7992 0.4906
vn -0.3515 0.6996 -0.6220
vn -0.2613 0.7704 -0.5815
vn 0.0372 -0.9991 -0.0219
vn -0.0066 -0.9961 -0.0882
vn -0.1844 -0.9682 -0.1690
vn 0.0090 -0.9693 -0.2459
vn -0.0094 -0.9761 -0.2170
vn -0.0478 -0.7163 -0.6961
vn 0.1148 -0.7240 -0.6801
vn 0.1352 -0.6850 -0.7159
vn 0.0613 -0.9963 0.0602
vn -0.8087 -0.4553 -0.3724
vn 0.0018 -0.5329 -0.8462
vn -0.0445 0.5599 -0.8274
vn -0.0342 0.5407 -0.8405
vn -0.1363 0.5285 -0.8379
vn 0.0448 0.3050 -0.9513
vn -0.0597 0.4676 -0.8819
vn -0.0396 0.9185 0.3935
vn -0.5305 0.7052 0.4703
vn -0.4445 0.5810 -0.6818
vn -0.0589 0.8500 -0.5234
vn -0.2075 0.9671 -0.1472
vn 0.2759 0.0810 -0.9578
vn 0.2023 0.3263 -0.9234
vn 0.2547 0.8261 -0.5026
vn 0.0270 0.9888 -0.1470
vn 0.0996 0.9534 0.2847
vn 0.1704 0.9459 0.2761
vn 0.1738 0.9624 0.2088
vn 0.3502 0.4063 0.8440
vn 0.0990 0.3591 0.9280
vn 0.0600 0.3932 0.9175
vn 0.0012 0.5226 0.8526
vn -0.0214 0.9742 0.2245
vn -0.1820 0.9345 -0.3060
vn -0.3050 0.8951 -0.3251
vn -0.2913 0.7264 0.6225
vn -0.1108 0.8292 0.5478
vn -0.0470 0.9948 0.0902
vn 0.0303 0.9958 0.0863
vn -0.0989 0.6194 0.7788
vn 0.1241 0.5590 0.8198
vn -0.0236 0.5015 0.8648
vn 0.5332 0.0883 0.8414
vn 0.3637 0.2416 0.8996
vn 0.2815 0.2472 0.9272
vn 0.1769 0.6124 0.7705
vn 0.1257 0.6426 0.7558
vn 0.1180 0.7350 0.6677
vn 0.1444 0.7576 0.6366
vn 0.3226 0.6147 0.7198
vn 0.2923 0.7136 0.6367
vn 0.2155 0.6140 0.7594
vn 0.2951 -0.8834 0.3641
vn 0.2690 -0.8392 0.4727
vn -0.1357 -0.1533 0.9788
vn 0.3922 -0.8861 0.2469
vn 0.4372 -0.5401 0.7191
vn 0.5787 -0.6394 0.5063
vn 0.4348 -0.6227 0.6505
vn 0.3834 -0.4808 0.7886
vn 0.4475 -0.0457 0.8931
vn 0.2526 0.2100 0.9445
vn -0.0861 0.1561 0.9840
vn -0.0770 -0.4336 0.8978
vn -0.2201 -0.5729 0.7895
vn -0.1866 -0.7096 0.6794
vn -0.2851 -0.7730 0.5667
vn -0.1453 -0.9875 0.0612
vn -0.4524 -0.0679 0.8892
vn -0.1776 -0.9837 -0.0274
vn -0.5388 -0.8144 -0.2156
vn -0.6248 -0.6796 0.3844
vn -0.8002 -0.3962 0.4502
vn -0.5972 -0.3198 0.7356
vn -0.6439 -0.0979 0.7588
vn -0.2885 0.3091 0.9062
vn -0.2927 0.3942 0.8712
vn -0.1672 0.5491 0.8188
vn -0.1720 0.6972 0.6959
vn -0.3242 0.7418 0.5870
vn -0.4108 0.4391 0.7990
vn -0.2696 0.5458 0.7934
vn -0.5671 -0.7656 -0.3036
vn -0.8459 -0.4354 -0.3081
vn -0.7877 -0.5910 -0.1738
vn -0.9662 -0.1818 -0.1829
vn -0.9944 -0.0784 -0.0713
vn -0.9686 0.2462 0.0335
vn -0.9158 0.3035 0.2632
vn -0.8783 0.2357 0.4160
vn -0.5156 0.4978 0.6974
vn -0.4623 0.6790 0.5703
vn -0.5137 0.6819 0.5206
vn -0.5730 0.3603 0.7361
vn -0.6053 0.3557 0.7121
vn -0.8547 -0.5098 0.0979
vn -0.9407 -0.2184 0.2596
vn -0.9643 0.2063 0.1660
vn -0.9828 0.1301 0.1310
vn -0.9276 -0.2507 0.2769
vn -0.8635 -0.4475 0.2327
vn -0.7773 -0.5701 0.2660
vn -0.9184 -0.1951 0.3442
vn -0.7462 -0.3065 0.5909
vn -0.7585 -0.2855 0.5858
vn -0.8762 -0.0842 0.4745
vn -0.8680 -0.0565 0.4933
vn -0.8217 -0.3726 0.4313
vn 0.0104 -0.7214 -0.6925
vn -0.4379 -0.6758 -0.5928
vn -0.7545 0.0238 -0.6559
vn 0.4363 -0.5045 0.7451
vn 0.3612 -0.6327 0.6850
vn 0.3008 -0.7976 0.5228
vn 0.0363 -0.6673 0.7439
vn -0.1512 -0.6665 0.7300
vn -0.5932 0.2290 0.7718
vn -0.4159 0.4511 0.7896
vn -0.3753 0.8298 0.4131
vn -0.1955 0.7068 0.6798
vn -0.1435 0.6943 0.7052
vn -0.1329 0.4173 0.8990
vn 0.2861 -0.3936 0.8736
vn -0.2671 0.4353 0.8598
vn -0.6203 -0.2738 0.7350
vn -0.4584 -0.6588 0.5965
vn -0.4506 -0.6236 -0.6388
vn -0.6011 -0.1426 -0.7864
vn -0.4363 0.2571 -0.8623
vn 0.1248 -0.6217 0.7732
vn 0.1049 -0.6713 0.7337
vn 0.0510 -0.6870 -0.7249
vn -0.4228 -0.6092 -0.6709
vn -0.4419 -0.6133 0.6546
vn -0.2630 0.8931 -0.3649
vn -0.2608 0.9277 0.2671
vn -0.1072 0.7649 0.6351
vn -0.0957 0.7964 0.5972
vn -0.1296 0.2958 0.9464
vn -0.4532 0.2659 0.8508
vn -0.6274 -0.1544 0.7632
vn -0.5922 -0.1241 -0.7962
vn -0.5073 0.0986 -0.8561
vn 0.0839 -0.6776 0.7306
vn 0.0505 -0.7635 0.6438
vn 0.0840 -0.7609 -0.6434
vn -0.4077 -0.6795 -0.6099
vn -0.4169 -0.6949 0.5860
vn -0.0725 0.6837 0.7261
vn -0.0509 0.6406 0.7662
vn -0.1017 0.6412 0.7606
vn -0.0478 0.7698 0.6365
vn 0.0241 -0.5686 0.8223
vn -0.0107 -0.6280 0.7781
vn -0.0627 -0.6420 -0.7642
vn 0.0637 -0.6507 -0.7566
vn -0.1343 0.1494 -0.9796
vn -0.0851 0.7502 -0.6557
vn -0.1093 0.6792 -0.7258
vn -0.0676 0.6862 -0.7243
vn -0.0505 -0.6187 -0.7840
vn -0.0360 -0.6200 -0.7838
vn -0.0084 -0.5692 0.8221
vn -0.0070 -0.5711 0.8209
vn -0.3939 -0.2086 -0.8952
vn -0.5740 -0.4471 -0.6860
vn -0.4218 -0.5523 -0.7191
vn -0.2719 -0.7235 -0.6345
vn -0.7970 -0.4295 -0.4247
vn -0.6152 0.4135 -0.6712
vn -0.6247 0.4190 -0.6589
vn -0.2489 0.7888 0.5619
vn -0.2341 0.6280 0.7422
vn 0.4083 -0.4753 0.7793
vn 0.4039 -0.5178 0.7541
vn 0.5419 -0.7975 0.2650
vn -0.3338 -0.5222 -0.7848
vn 0.0725 -0.4693 -0.8801
vn -0.4266 0.4542 -0.7821
vn -0.3835 0.6537 -0.6523
vn -0.0041 -0.9998 0.0170
vn -0.8305 -0.5529 0.0680
vn -0.0088 -0.5506 -0.8347
vn -0.0107 -0.5481 -0.8363
vn -0.0086 -0.5511 -0.8344
vn -0.0112 -0.5475 -0.8368
vn 0.0159 0.7792 -0.6266
vn -0.0015 0.8060 -0.5919
vn -0.1440 0.7264 0.6721
vn -0.1946 0.7178 0.6684
vn -0.1591 0.6700 0.7251
vn -0.1332 -0.6594 0.7399
vn -0.1185 -0.6350 0.7634
vn -0.0572 0.5127 0.8567
vn -0.0680 0.4657 -0.8823
vn -0.0984 0.5309 -0.8417
vn -0.0045 0.5789 0.8154
vn -0.0194 0.6057 0.7955
vn 0.0040 -0.5531 0.8331
vn 0.0143 -0.5699 0.8216
vn -0.0863 -0.5324 -0.8421
vn -0.0860 -0.5328 -0.8419
vn -0.0982 -0.5321 -0.8410
vn -0.1460 -0.6775 -0.7208
vn 0.1471 -0.6221 0.7690
vn 0.0123 0.5781 0.8159
vn -0.0427 0.6401 0.7671
vn -0.2474 0.5169 -0.8195
vn -0.2212 0.5670 -0.7934
vn -0.0992 -0.5321 -0.8408
vn -0.1466 -0.6236 -0.7679
vn 0.0952 -0.5463 0.8322
vn -0.0437 0.7045 0.7083
vn -0.0409 0.4141 0.9093
vn 0.2141 -0.6022 0.7691
vn 0.1630 -0.7096 0.6855
vn -0.0279 -0.7338 -0.6787
vn 0.0010 -0.6367 -0.7711
vn -0.2309 0.2621 -0.9370
vn -0.1691 0.7861 -0.5945
vn -0.2625 0.5590 -0.7865
vn -0.4080 0.7881 -0.4609
vn -0.1482 0.6509 0.7446
vn -0.0012 0.8405 0.5418
vn 0.5366 -0.3345 0.7747
vn -0.5719 0.1881 -0.7984
vn -0.9552 0.1196 -0.2707
vn -0.9761 0.1598 -0.1476
vn -0.4941 0.2378 -0.8362
vn -0.4357 0.4226 -0.7947
vn -0.9266 0.3636 -0.0956
vn -0.9154 0.3861 -0.1142
vn -0.7833 0.3466 0.5161
vn -0.5990 -0.0379 0.7999
vn -0.5614 -0.1220 0.8185
vn -0.8039 0.0682 0.5908
vn -0.2778 -0.0824 0.9571
vn -0.5102 -0.0972 0.8545
vn 0.4514 -0.1487 0.8799
vn 0.6088 -0.1733 0.7742
vn 0.6197 -0.1674 0.7668
vn 0.7257 0.0164 0.6878
vn 0.4400 -0.0345 0.8973
vn 0.5258 -0.7441 0.4121
vn 0.5108 -0.6092 0.6066
vn -0.4975 -0.6276 0.5988
vn -0.5122 -0.7256 0.4595
vn -0.4864 -0.0725 0.8707
vn -0.4980 -0.0518 0.8656
vn 0.4278 -0.0575 0.9020
vn 0.8590 0.2415 0.4514
vn 0.9565 0.2521 -0.1466
vn 0.9553 0.2551 -0.1494
vn 0.9799 0.0781 -0.1835
vn 0.9619 0.0529 -0.2684
vn 0.5465 0.1859 -0.8165
vn 0.6315 0.1143 -0.7669
vn 0.5935 0.3096 -0.7429
vn 0.9567 0.2518 -0.1463
vn 0.9917 -0.0696 -0.1085
vn 0.8776 -0.1741 0.4466
vn 0.8861 -0.1573 0.4359
vn 0.9454 -0.1704 0.2777
vn 0.9355 -0.1734 0.3080
vn 0.5370 -0.1093 0.8365
vn 0.4693 -0.1776 0.8650
vn -0.4674 -0.1823 0.8650
vn -0.5553 -0.1083 0.8246
vn -0.9707 -0.2099 0.1168
vn -0.9361 -0.2231 0.2718
vn -0.8457 -0.1994 0.4950
vn -0.9051 -0.0695 0.4194
vn -0.9976 0.0086 -0.0693
vn -0.7835 0.4729 -0.4031
vn -0.4100 0.4204 -0.8095
vn -0.4044 0.4488 -0.7969
vn 0.4313 0.4550 -0.7790
vn 0.4452 0.3868 -0.8076
vn 0.8141 0.4130 -0.4082
vn 0.8839 -0.2325 -0.4058
vn 0.9061 -0.1918 -0.3770
vn 0.8729 -0.2009 0.4446
vn 0.8573 -0.1333 0.4972
vn 0.8573 -0.1414 0.4949
vn 0.8573 -0.1393 0.4956
vn 0.9569 -0.0330 0.2885
vn 0.5364 -0.1636 0.8279
vn 0.3650 0.0872 0.9269
vn -0.2939 0.1398 0.9456
vn -0.5533 -0.1308 0.8227
vn -0.9609 0.0435 0.2734
vn -0.8596 -0.0670 0.5065
vn -0.9025 -0.1818 0.3904
vn -0.9421 -0.1304 -0.3089
vn -0.9120 -0.2029 -0.3564
vn -0.2670 0.2321 -0.9353
vn 0.0996 -0.1084 -0.9891
vn 0.1192 0.6967 -0.7074
vn -0.1067 0.6960 -0.7100
vn -0.1021 -0.1199 -0.9875
vn 0.1790 0.1885 -0.9656
vn 0.2756 -0.2592 -0.9257
vn 0.3417 -0.2184 -0.9141
vn 0.9126 -0.1408 -0.3839
vn 0.8798 -0.1901 -0.4357
vn 0.8573 -0.1318 0.4976
vn 0.8427 -0.1036 0.5283
vn 0.3090 -0.0104 0.9510
vn 0.3170 -0.0163 0.9483
vn 0.3749 -0.9081 -0.1863
vn 0.3311 -0.9158 -0.2273
vn 0.1858 0.0871 -0.9787
vn 0.0009 -0.1612 -0.9869
vn 0.0247 0.8881 -0.4589
vn 0.1106 0.8507 -0.5139
vn 0.0997 0.9534 0.2846
vn -0.3783 -0.2133 -0.9008
vn -0.3845 -0.2088 -0.8992
vn -0.9405 -0.1463 -0.3066
vn -0.9225 -0.1771 -0.3430
vn -0.8613 -0.1232 0.4930
vn -0.8579 -0.1169 0.5004
vn -0.1817 -0.0860 0.9796
vn -0.0681 -0.0190 0.9975
vn -0.2024 0.6641 0.7197
vn -0.1366 0.8600 0.4917
vn -0.1885 0.3805 0.9054
vn -0.5141 0.3062 0.8012
vn -0.6652 -0.1760 0.7256
vn -0.6718 -0.3056 -0.6747
vn -0.4618 0.4109 -0.7861
vn -0.1014 0.4428 -0.8909
vn -0.1083 0.8988 -0.4248
vn -0.1410 0.7301 -0.6686
vn -0.3109 0.9083 -0.2800
vn -0.3295 0.8777 0.3480
vn -0.0646 0.7360 -0.6739
vn -0.1306 0.8041 -0.5800
vn 0.1926 -0.6627 -0.7237
vn 0.1883 -0.6639 -0.7237
vn 0.1886 -0.6634 -0.7241
vn 0.0908 -0.5405 -0.8364
vn -0.0208 -0.6688 0.7431
vn 0.0080 -0.7032 0.7109
vn 0.0945 -0.7001 0.7078
vn 0.0530 -0.8393 0.5410
vn -0.3380 -0.8133 0.4736
vn -0.3495 -0.8159 -0.4605
vn 0.1193 -0.8335 -0.5394
vn 0.1929 -0.6633 -0.7231
vn 0.5740 -0.4472 -0.6860
vn 0.4218 -0.5523 -0.7191
vn 0.2719 -0.7235 -0.6345
vn 0.7970 -0.4294 -0.4247
vn 0.0399 -0.5902 -0.8063
vn 0.0788 -0.5905 0.8032
vn 0.5305 0.7052 0.4703
vn 0.4445 0.5810 -0.6818
vn 0.0445 0.5599 -0.8274
vn 0.0342 0.5407 -0.8405
vn 0.0509 0.6406 0.7662
vn 0.0725 0.6837 0.7262
vn 0.0070 -0.5711 0.8209
vn 0.0074 -0.5706 0.8212
vn 0.0083 -0.5696 0.8219
vn 0.0084 -0.5692 0.8221
vn 0.0360 -0.6200 -0.7838
vn -0.0018 -0.5329 -0.8462
vn 0.8087 -0.4553 -0.3724
vn -0.0613 -0.9963 0.0602
vn -0.0372 -0.9991 -0.0219
vn 0.8230 -0.5171 -0.2352
vn 0.1460 -0.6775 -0.7209
vn 0.0860 -0.5328 -0.8419
vn -0.0143 -0.5699 0.8216
vn -0.0040 -0.5531 0.8331
vn 0.0194 0.6057 0.7955
vn 0.0045 0.5790 0.8154
vn 0.0984 0.5309 -0.8417
vn 0.0680 0.4658 -0.8823
vn -0.0834 -0.6779 0.7304
vn -0.0744 -0.6789 0.7304
vn -0.0839 -0.6776 0.7306
vn -0.0505 -0.7635 0.6439
vn 0.4169 -0.6949 0.5860
vn 0.4077 -0.6795 -0.6099
vn -0.0840 -0.7609 -0.6435
vn -0.0676 -0.7936 -0.6046
vn -0.1839 -0.7842 -0.5927
vn 0.1474 0.6045 -0.7829
vn 0.1222 0.7075 -0.6960
vn 0.1571 0.7094 0.6871
vn 0.1574 0.7098 0.6866
vn 0.1580 0.7109 0.6853
vn 0.1583 0.7113 0.6849
vn -0.0741 -0.6784 0.7309
vn -0.0126 -0.5864 0.8099
vn -0.0567 -0.5897 -0.8056
vn 0.1124 0.8493 0.5158
vn 0.1101 0.8539 0.5087
vn 0.1095 0.8547 0.5075
vn 0.1638 0.4446 0.8806
vn 0.4398 0.5002 0.7459
vn 0.6853 -0.0895 0.7227
vn 0.6569 -0.0862 -0.7491
vn 0.4545 0.4402 -0.7743
vn 0.0626 0.3615 -0.9303
vn 0.0132 0.7315 -0.6817
vn 0.0598 0.6123 -0.7884
vn 0.2554 0.8628 -0.4363
vn 0.2352 0.7002 0.6741
vn 0.1126 0.8486 0.5170
vn -0.2141 -0.6022 0.7691
vn -0.1630 -0.7096 0.6854
vn 0.4584 -0.6589 0.5964
vn 0.4506 -0.6236 -0.6387
vn 0.0279 -0.7338 -0.6787
vn -0.0010 -0.6367 -0.7711
vn 0.0437 0.7045 0.7083
vn 0.0409 0.4141 0.9093
vn 0.2671 0.4353 0.8598
vn 0.6203 -0.2738 0.7350
vn 0.6011 -0.1422 -0.7864
vn 0.4363 0.2572 -0.8622
vn 0.2310 0.2621 -0.9370
vn 0.1690 0.7861 -0.5945
vn 0.2625 0.5590 -0.7865
vn 0.4081 0.7881 -0.4609
vn 0.1482 0.6509 0.7446
vn 0.0012 0.8405 0.5418
vn 0.0992 -0.5321 -0.8408
vn 0.1466 -0.6236 -0.7678
vn -0.0952 -0.5463 0.8322
vn -0.1471 -0.6221 0.7690
vn -0.0123 0.5781 0.8159
vn 0.0427 0.6401 0.7671
vn 0.2474 0.5169 -0.8195
vn 0.2212 0.5670 -0.7934
vn 0.3835 0.6537 -0.6523
vn 0.4266 0.4542 -0.7821
vn -0.0725 -0.4693 -0.8801
vn -0.0104 -0.7214 -0.6925
vn 0.4379 -0.6758 -0.5929
vn 0.7545 0.0238 -0.6559
vn 0.1435 0.6943 0.7052
vn 0.1955 0.7068 0.6798
vn 0.3753 0.8298 0.4131
vn 0.4159 0.4511 0.7896
vn 0.5932 0.2290 0.7718
vn 0.1512 -0.6665 0.7300
vn -0.0363 -0.6673 0.7439
vn -0.3008 -0.7976 0.5228
vn -0.3612 -0.6327 0.6850
vn -0.4363 -0.5045 0.7451
vn -0.2859 -0.3934 0.8738
vn 0.1329 0.4173 0.8990
vn 0.3939 -0.2086 -0.8952
vn 0.3338 -0.5222 -0.7848
vn -0.5419 -0.7975 0.2650
vn -0.4039 -0.5178 0.7541
vn -0.4083 -0.4753 0.7794
vn 0.2341 0.6280 0.7422
vn 0.2489 0.7888 0.5619
vn 0.6247 0.4190 -0.6589
vn 0.6153 0.4135 -0.6712
vn 0.0629 0.4926 0.8680
vn -0.3858 -0.3966 0.8329
vn -0.3823 -0.3704 0.8466
vn -0.4616 -0.6909 0.5563
vn 0.4326 0.3367 -0.8363
vn 0.4320 0.3921 -0.8122
vn -0.0152 -0.5089 -0.8607
vn 0.0836 -0.4292 -0.8993
vn 0.1889 0.7275 0.6596
vn -0.0074 0.4140 0.9102
vn 0.2608 0.9277 0.2670
vn 0.1072 0.7649 0.6351
vn 0.0957 0.7964 0.5972
vn 0.1296 0.2958 0.9464
vn 0.4532 0.2659 0.8508
vn 0.6274 -0.1543 0.7632
vn 0.5918 -0.1238 -0.7965
vn 0.5073 0.0987 -0.8561
vn 0.1343 0.1495 -0.9796
vn 0.0851 0.7502 -0.6557
vn 0.1093 0.6792 -0.7258
vn 0.2630 0.8931 -0.3649
vn 0.0505 -0.6187 -0.7840
vn 0.0676 0.6862 -0.7243
vn 0.1363 0.5285 -0.8379
vn 0.1017 0.6412 0.7606
vn 0.0478 0.7698 0.6365
vn -0.0241 -0.5686 0.8223
vn 0.0107 -0.6280 0.7781
vn 0.0627 -0.6420 -0.7642
vn -0.0637 -0.6507 -0.7566
vn -0.0510 -0.6870 -0.7249
vn 0.4229 -0.6093 -0.6708
vn 0.4419 -0.6134 0.6546
vn -0.1049 -0.6713 0.7337
vn -0.1248 -0.6217 0.7732
vn -0.7451 0.3502 -0.5676
vn -0.3880 0.2669 -0.8822
vn -0.1971 0.4076 -0.8917
vn 0.1473 0.2954 -0.9439
vn 0.1665 0.2722 -0.9477
vn 0.3322 0.2327 -0.9141
vn 0.9443 -0.1546 0.2904
vn 0.3435 -0.1865 -0.9204
vn 0.3393 -0.1878 -0.9217
vn 0.9234 -0.1605 -0.3486
vn 0.8918 -0.1272 -0.4342
vn 0.9494 -0.1173 0.2915
vn 0.8283 -0.2088 0.5200
vn 0.3462 -0.1824 0.9203
vn 0.3593 -0.1786 0.9160
vn 0.9885 -0.0408 0.1459
vn 0.9885 -0.0404 0.1458
vn 0.9886 -0.0430 0.1444
vn 0.9216 -0.1748 -0.3466
vn 0.8951 -0.1345 -0.4250
vn 0.3496 -0.1238 -0.9287
vn 0.2830 -0.0713 -0.9565
vn 0.2935 -0.0030 -0.9559
vn 0.0825 0.1033 -0.9912
vn -0.0536 -0.8387 -0.5420
vn 0.1581 -0.8095 -0.5655
vn 0.1631 -0.1174 -0.9796
vn 0.1634 -0.1176 -0.9795
vn 0.1635 -0.1177 -0.9795
vn 0.1637 -0.1178 -0.9795
vn 0.0833 -0.2576 -0.9626
vn 0.0767 0.0733 -0.9944
vn -0.3294 0.1013 -0.9387
vn -0.1695 -0.7787 -0.6041
vn -0.5919 -0.7152 -0.3718
vn -0.7563 -0.1812 -0.6287
vn -0.3229 -0.1145 -0.9395
vn -0.1962 -0.1739 -0.9650
vn 0.2056 -0.8239 -0.5282
vn 0.0864 -0.0863 -0.9925
vn 0.8960 -0.1096 -0.4304
vn 0.9289 -0.0551 -0.3663
vn 0.6538 -0.7505 0.0967
vn 0.7114 -0.6958 -0.0984
vn 0.4952 -0.7143 -0.4945
vn -0.4098 0.2126 -0.8871
vn -0.7678 0.2003 -0.6085
vn -0.5786 -0.3635 -0.7301
vn -0.9479 -0.2664 -0.1746
vn -0.9144 0.1530 -0.3749
vn -0.8548 0.1652 0.4919
vn -0.8617 0.1500 0.4847
vn -0.1950 0.1074 0.9749
vn -0.0048 0.2016 0.9795
vn 0.2912 0.0731 0.9539
vn 0.3014 -0.0150 0.9534
vn 0.3347 0.0085 0.9423
vn 0.3318 -0.0993 0.9381
vn 0.3496 -0.0865 0.9329
vn -0.6693 0.4416 -0.5975
vn -0.5871 0.0421 -0.8084
vn -0.9776 0.0870 -0.1918
vn -0.9650 0.2506 -0.0778
vn -0.8811 0.2489 0.4022
vn 0.9886 -0.0426 0.1444
vn 0.9888 -0.0413 0.1431
vn 0.7643 -0.6329 0.1239
vn 0.9573 0.1480 0.2485
vn 0.8398 0.3085 0.4467
vn 0.3904 -0.9095 0.1429
vn 0.5726 -0.7779 0.2588
vn 0.4982 0.1226 0.8583
vn 0.3838 0.2185 0.8972
vn 0.5208 0.1914 0.8319
vn 0.5355 0.0737 0.8413
vn 0.3976 -0.2564 0.8810
vn 0.5520 -0.7328 0.3978
vn 0.5055 -0.8219 0.2625
vn 0.2848 -0.7474 -0.6002
vn 0.0065 -0.9199 -0.3920
vn 0.9026 -0.4268 0.0562
vn 0.7514 -0.5170 0.4099
vn -0.1242 -0.9740 -0.1895
vn -0.9527 -0.3038 -0.0081
vn -0.9072 0.2600 -0.3308
vn -0.3855 0.6813 0.6223
vn -0.4422 0.6595 0.6078
vn -0.3548 -0.4536 0.8175
vn 0.0895 -0.4967 0.8633
vn -0.0488 -0.6618 0.7481
vn -0.9096 -0.0144 0.4152
vn -0.8646 0.0531 0.4996
vn -0.3154 0.0014 0.9490
vn -0.1977 0.0704 0.9777
vn -0.2733 -0.0938 0.9573
vn -0.3137 -0.0670 0.9471
vn -0.9079 -0.0685 0.4137
vn -0.9305 -0.1213 0.3457
vn -0.9305 -0.1215 0.3456
vn -0.9307 -0.1201 0.3456
vn -0.9298 -0.0664 -0.3621
vn -0.9372 -0.0514 -0.3449
vn -0.9208 0.0203 -0.3894
vn -0.9310 0.0428 -0.3626
vn -0.3403 0.0552 -0.9387
vn -0.3590 0.0719 -0.9306
vn -0.3597 -0.0349 -0.9324
vn -0.3028 -0.0737 -0.9502
vn -0.2981 -0.1803 -0.9373
vn -0.3845 -0.2084 -0.8993
vn -0.9294 -0.1387 -0.3421
vn -0.9293 -0.1387 -0.3422
vn -0.9291 -0.1384 -0.3429
vn -0.9288 -0.1381 -0.3438
vn -0.9308 -0.1186 0.3457
vn -0.8509 -0.1849 0.4916
vn -0.2708 -0.1473 0.9513
vn -0.1370 -0.1817 0.9738
usemtl texturefile_5
s 1
f 3286/3286/3084 3287/3287/3084 3288/3288/3084
f 3289/3289/3085 3286/3286/3085 3290/3290/3085
f 3286/3286/3086 3289/3289/3086 3287/3287/3086
f 3291/3291/3087 3287/3287/3087 3289/3289/3087
f 3292/3292/3088 3287/3287/3088 3291/3291/3088
f 3293/3293/3089 3287/3287/3089 3292/3292/3089
f 3287/3287/3090 3293/3293/3091 3288/3288/3092
f 3288/3288/3092 3293/3293/3091 3294/3294/3093
f 3295/3295/3094 3294/3294/3094 3293/3293/3094
f 3294/3294/3095 3295/3295/3095 3296/3296/3095
f 3297/3297/3096 3296/3296/3096 3295/3295/3096
f 3296/3296/3097 3297/3297/3098 3298/3298/3099
f 3299/3299/3100 3298/3298/3100 3297/3297/3100
f 3298/3298/3101 3299/3299/3101 3300/3300/3101
f 3301/3301/3102 3300/3300/3102 3299/3299/3102
f 3302/3302/3103 3292/3292/3103 3303/3303/3103
f 3292/3292/3104 3302/3302/3104 3293/3293/3104
f 3293/3293/3105 3302/3302/3105 3295/3295/3105
f 3303/3303/3106 3295/3295/3106 3302/3302/3106
f 3295/3295/3107 3303/3303/3107 3297/3297/3107
f 3304/3304/3108 3297/3297/3109 3303/3303/3110
f 3297/3297/3111 3304/3304/3111 3299/3299/3111
f 3305/3305/3112 3299/3299/3113 3304/3304/3114
f 3299/3299/3113 3305/3305/3112 3306/3306/3115
f 3307/3307/3116 3306/3306/3116 3305/3305/3116
f 3306/3306/3117 3307/3307/3117 3308/3308/3117
f 3309/3309/3118 3308/3308/3118 3307/3307/3118
f 3308/3308/3119 3309/3309/3119 3310/3310/3119
f 3311/3311/3120 3310/3310/3120 3309/3309/3120
f 3299/3299/3121 3306/3306/3121 3301/3301/3121
f 3308/3308/3122 3301/3301/3122 3306/3306/3122
f 3312/3312/3123 3301/3301/3123 3308/3308/3123
f 3301/3301/3124 3312/3312/3124 3300/3300/3124
f 3300/3300/3125 3312/3312/3125 3313/3313/3125
f 3314/3314/3126 3313/3313/3126 3312/3312/3126
f 3313/3313/3127 3314/3314/3127 3315/3315/3127
f 3315/3315/3128 3314/3314/3128 3316/3316/3128
f 3317/3317/3129 3316/3316/3129 3314/3314/3129
f 3316/3316/3130 3317/3317/3130 3318/3318/3130
f 3319/3319/3131 3318/3318/3131 3317/3317/3131
f 3318/3318/3132 3319/3319/3132 3320/3320/3132
f 3320/3320/3133 3319/3319/3133 3321/3321/3133
f 3322/3322/3134 3321/3321/3134 3319/3319/3134
f 3323/3323/3135 3313/3313/3135 3324/3324/3135
f 3315/3315/3136 3324/3324/3136 3313/3313/3136
f 3316/3316/3137 3324/3324/3137 3315/3315/3137
f 3324/3324/3138 3316/3316/3138 3325/3325/3138
f 3318/3318/3139 3325/3325/3139 3316/3316/3139
f 3325/3325/3140 3318/3318/3140 3326/3326/3140
f 3325/3325/3141 3327/3327/3141 3324/3324/3141
f 3328/3328/3142 3324/3324/3142 3327/3327/3142
f 3329/3329/3143 3324/3324/3143 3328/3328/3143
f 3324/3324/3144 3329/3329/3144 3330/3330/3144
f 3330/3330/3145 3329/3329/3145 3331/3331/3145
f 3332/3332/3146 3331/3331/3146 3329/3329/3146
f 3333/3333/3147 3334/3334/3147 3331/3331/3147
f 3331/3331/3148 3334/3334/3148 3330/3330/3148
f 3330/3330/3149 3334/3334/3149 3324/3324/3149
f 3335/3335/3150 3324/3324/3150 3334/3334/3150
f 3324/3324/3151 3335/3335/3151 3336/3336/3151
f 3336/3336/3152 3335/3335/3152 3337/3337/3152
f 3334/3334/3153 3337/3337/3153 3335/3335/3153
f 3338/3338/3154 3339/3339/3154 3340/3340/3154
f 3341/3341/3155 3340/3340/3155 3339/3339/3155
f 3340/3340/3156 3341/3341/3156 3342/3342/3156
f 3343/3343/3157 3342/3342/3157 3341/3341/3157
f 3337/3337/3158 3342/3342/3158 3343/3343/3158
f 3334/3334/3159 3342/3342/3159 3337/3337/3159
f 3333/3333/3160 3342/3342/3160 3334/3334/3160
f 3342/3342/3161 3333/3333/3162 3340/3340/3163
f 3338/3338/3164 3340/3340/3163 3333/3333/3162
f 3288/3288/3165 3294/3294/3165 3341/3341/3165
f 3341/3341/3166 3294/3294/3166 3343/3343/3166
f 3296/3296/3167 3343/3343/3168 3294/3294/3169
f 3343/3343/3168 3296/3296/3167 3337/3337/3170
f 3344/3344/3171 3337/3337/3171 3296/3296/3171
f 3337/3337/3172 3344/3344/3172 3336/3336/3172
f 3336/3336/3173 3344/3344/3173 3345/3345/3173
f 3296/3296/3174 3345/3345/3174 3344/3344/3174
f 3298/3298/3099 3345/3345/3175 3296/3296/3097
f 3300/3300/3176 3345/3345/3176 3298/3298/3176
f 3313/3313/3177 3345/3345/3177 3300/3300/3177
f 3323/3323/3178 3345/3345/3178 3313/3313/3178
f 3345/3345/3179 3323/3323/3179 3336/3336/3179
f 3324/3324/3180 3336/3336/3180 3323/3323/3180
f 3341/3341/3181 3346/3346/3182 3288/3288/3183
f 3288/3288/3184 3346/3346/3184 3347/3347/3184
f 3347/3347/3185 3346/3346/3185 3348/3348/3185
f 3348/3348/3186 3346/3346/3186 3349/3349/3186
f 3350/3350/3187 3349/3349/3187 3346/3346/3187
f 3349/3349/3188 3350/3350/3188 3351/3351/3188
f 3352/3352/3189 3351/3351/3189 3350/3350/3189
f 3351/3351/3190 3352/3352/3190 3353/3353/3190
f 3354/3354/3191 3353/3353/3191 3352/3352/3191
f 3353/3353/3192 3354/3354/3192 3355/3355/3192
f 3346/3346/3193 3356/3356/3193 3350/3350/3193
f 3350/3350/3194 3356/3356/3194 3352/3352/3194
f 3357/3357/3195 3352/3352/3195 3356/3356/3195
f 3352/3352/3196 3357/3357/3196 3354/3354/3196
f 3353/3353/3197 3355/3355/3197 3358/3358/3197
f 3358/3358/3198 3355/3355/3198 3359/3359/3198
f 3359/3359/3199 3355/3355/3199 3360/3360/3199
f 3354/3354/3200 3360/3360/3200 3355/3355/3200
f 3360/3360/3201 3354/3354/3201 3361/3361/3201
f 3361/3361/3202 3354/3354/3202 3362/3362/3202
f 3362/3362/3203 3354/3354/3203 3363/3363/3203
f 3357/3357/3204 3363/3363/3204 3354/3354/3204
f 3363/3363/3205 3357/3357/3205 3364/3364/3205
f 3364/3364/3206 3357/3357/3206 3338/3338/3206
f 3356/3356/3207 3338/3338/3207 3357/3357/3207
f 3338/3338/3208 3356/3356/3208 3339/3339/3208
f 3346/3346/3209 3339/3339/3209 3356/3356/3209
f 3339/3339/3210 3346/3346/3182 3341/3341/3181
f 3365/3365/3211 3358/3358/3211 3366/3366/3211
f 3359/3359/3212 3366/3366/3212 3358/3358/3212
f 3366/3366/3213 3359/3359/3213 3367/3367/3213
f 3367/3367/3214 3359/3359/3214 3368/3368/3214
f 3360/3360/3215 3368/3368/3215 3359/3359/3215
f 3361/3361/3216 3368/3368/3216 3360/3360/3216
f 3368/3368/3217 3361/3361/3217 3369/3369/3217
f 3370/3370/3218 3369/3369/3218 3361/3361/3218
f 3369/3369/3219 3370/3370/3219 3371/3371/3219
f 3371/3371/3220 3370/3370/3220 3372/3372/3220
f 3332/3332/3221 3372/3372/3221 3370/3370/3221
f 3329/3329/3222 3372/3372/3222 3332/3332/3222
f 3328/3328/3223 3372/3372/3223 3329/3329/3223
f 3373/3373/3224 3372/3372/3224 3328/3328/3224
f 3358/3358/3225 3365/3365/3225 3374/3374/3225
f 3375/3375/3226 3374/3374/3226 3365/3365/3226
f 3374/3374/3227 3375/3375/3227 3376/3376/3227
f 3377/3377/3228 3376/3376/3228 3375/3375/3228
f 3376/3376/3229 3377/3377/3229 3378/3378/3229
f 3379/3379/3230 3378/3378/3230 3377/3377/3230
f 3380/3380/3231 3378/3378/3231 3379/3379/3231
f 3348/3348/3232 3378/3378/3232 3380/3380/3232
f 3349/3349/3233 3378/3378/3233 3348/3348/3233
f 3378/3378/3234 3349/3349/3234 3376/3376/3234
f 3351/3351/3235 3376/3376/3235 3349/3349/3235
f 3376/3376/3236 3351/3351/3236 3374/3374/3236
f 3353/3353/3237 3374/3374/3237 3351/3351/3237
f 3374/3374/3238 3353/3353/3238 3358/3358/3238
f 3379/3379/3239 3377/3377/3239 3381/3381/3239
f 3375/3375/3240 3381/3381/3240 3377/3377/3240
f 3381/3381/3241 3375/3375/3241 3382/3382/3241
f 3365/3365/3242 3382/3382/3242 3375/3375/3242
f 3382/3382/3243 3365/3365/3243 3383/3383/3243
f 3366/3366/3244 3383/3383/3244 3365/3365/3244
f 3384/3384/3245 3383/3383/3245 3366/3366/3245
f 3385/3385/3246 3383/3383/3246 3384/3384/3246
f 3383/3383/3247 3385/3385/3247 3382/3382/3247
f 3382/3382/3248 3385/3385/3248 3386/3386/3248
f 3387/3387/3249 3386/3386/3249 3385/3385/3249
f 3388/3388/3250 3386/3386/3250 3387/3387/3250
f 3386/3386/3251 3388/3388/3251 3379/3379/3251
f 3380/3380/3252 3379/3379/3252 3388/3388/3252
f 3379/3379/3253 3381/3381/3253 3386/3386/3253
f 3382/3382/3254 3386/3386/3254 3381/3381/3254
f 3286/3286/3255 3389/3389/3255 3290/3290/3255
f 3290/3290/3256 3389/3389/3256 3390/3390/3256
f 3391/3391/3257 3390/3390/3257 3389/3389/3257
f 3390/3390/3258 3391/3391/3258 3392/3392/3258
f 3393/3393/3259 3392/3392/3259 3391/3391/3259
f 3392/3392/3260 3393/3393/3260 3394/3394/3260
f 3394/3394/3261 3393/3393/3261 3388/3388/3261
f 3391/3391/3262 3388/3388/3262 3393/3393/3262
f 3388/3388/3263 3391/3391/3263 3380/3380/3263
f 3389/3389/3264 3380/3380/3264 3391/3391/3264
f 3380/3380/3265 3389/3389/3265 3348/3348/3265
f 3286/3286/3266 3348/3348/3266 3389/3389/3266
f 3348/3348/3267 3286/3286/3267 3347/3347/3267
f 3288/3288/3268 3347/3347/3268 3286/3286/3268
f 3290/3290/3269 3390/3390/3269 3395/3395/3269
f 3396/3396/3270 3395/3395/3270 3390/3390/3270
f 3397/3397/3271 3290/3290/3271 3395/3395/3271
f 3290/3290/3272 3397/3397/3272 3289/3289/3272
f 3289/3289/3273 3397/3397/3273 3291/3291/3273
f 3398/3398/3274 3291/3291/3274 3397/3397/3274
f 3291/3291/3275 3398/3398/3275 3292/3292/3275
f 3399/3399/3276 3292/3292/3276 3398/3398/3276
f 3400/3400/3277 3292/3292/3277 3399/3399/3277
f 3292/3292/3278 3400/3400/3278 3401/3401/3278
f 3402/3402/3279 3401/3401/3279 3400/3400/3279
f 3401/3401/3280 3402/3402/3280 3403/3403/3280
f 3403/3403/3281 3402/3402/3281 3404/3404/3281
f 3405/3405/3282 3404/3404/3282 3402/3402/3282
f 3404/3404/3283 3405/3405/3283 3406/3406/3283
f 3407/3407/3284 3406/3406/3284 3405/3405/3284
f 3303/3303/3285 3292/3292/3285 3408/3408/3285
f 3401/3401/3286 3408/3408/3286 3292/3292/3286
f 3403/3403/3287 3408/3408/3287 3401/3401/3287
f 3408/3408/3288 3403/3403/3288 3409/3409/3288
f 3404/3404/3289 3409/3409/3289 3403/3403/3289
f 3409/3409/3290 3404/3404/3290 3410/3410/3290
f 3406/3406/3291 3410/3410/3291 3404/3404/3291
f 3410/3410/3292 3406/3406/3292 3411/3411/3292
f 3392/3392/3293 3411/3411/3293 3406/3406/3293
f 3411/3411/3294 3392/3392/3294 3412/3412/3294
f 3394/3394/3295 3412/3412/3295 3392/3392/3295
f 3388/3388/3296 3412/3412/3296 3394/3394/3296
f 3412/3412/3297 3388/3388/3297 3411/3411/3297
f 3413/3413/3298 3411/3411/3298 3388/3388/3298
f 3411/3411/3299 3413/3413/3299 3410/3410/3299
f 3414/3414/3300 3410/3410/3300 3413/3413/3300
f 3410/3410/3301 3414/3414/3301 3409/3409/3301
f 3409/3409/3302 3414/3414/3302 3415/3415/3302
f 3305/3305/3303 3415/3415/3303 3414/3414/3303
f 3304/3304/3304 3415/3415/3304 3305/3305/3304
f 3415/3415/3305 3304/3304/3305 3409/3409/3305
f 3409/3409/3306 3304/3304/3306 3408/3408/3306
f 3303/3303/3110 3408/3408/3307 3304/3304/3108
f 3416/3416/3308 3417/3417/3308 3418/3418/3308
f 3419/3419/3309 3418/3418/3309 3417/3417/3309
f 3416/3416/3310 3420/3420/3310 3417/3417/3310
f 3420/3420/3311 3416/3416/3311 3421/3421/3311
f 3422/3422/3312 3421/3421/3312 3416/3416/3312
f 3423/3423/3313 3421/3421/3313 3422/3422/3313
f 3421/3421/3314 3423/3423/3314 3424/3424/3314
f 3424/3424/3315 3423/3423/3315 3425/3425/3315
f 3426/3426/3316 3425/3425/3316 3423/3423/3316
f 3427/3427/3317 3425/3425/3317 3426/3426/3317
f 3425/3425/3318 3427/3427/3318 3428/3428/3318
f 3428/3428/3319 3427/3427/3319 3429/3429/3319
f 3430/3430/3320 3429/3429/3320 3427/3427/3320
f 3419/3419/3321 3429/3429/3321 3430/3430/3321
f 3429/3429/3322 3419/3419/3322 3431/3431/3322
f 3417/3417/3323 3431/3431/3323 3419/3419/3323
f 3432/3432/3324 3433/3433/3324 3434/3434/3324
f 3435/3435/3325 3434/3434/3325 3433/3433/3325
f 3436/3436/3326 3434/3434/3326 3435/3435/3326
f 3434/3434/3327 3436/3436/3327 3437/3437/3327
f 3438/3438/3328 3439/3439/3328 3440/3440/3328
f 3440/3440/3329 3439/3439/3329 3441/3441/3329
f 3441/3441/3330 3439/3439/3330 3442/3442/3330
f 3443/3443/3331 3442/3442/3331 3439/3439/3331
f 3442/3442/3332 3443/3443/3332 3444/3444/3332
f 3445/3445/3333 3444/3444/3333 3443/3443/3333
f 3444/3444/3334 3445/3445/3334 3446/3446/3334
f 3447/3447/3335 3448/3448/3335 3449/3449/3335
f 3449/3449/3336 3448/3448/3336 3450/3450/3336
f 3451/3451/3337 3450/3450/3337 3448/3448/3337
f 3452/3452/3338 3450/3450/3338 3451/3451/3338
f 3450/3450/3339 3452/3452/3339 3453/3453/3339
f 3454/3454/3340 3453/3453/3340 3452/3452/3340
f 3453/3453/3341 3454/3454/3341 3455/3455/3341
f 3456/3456/3342 3457/3457/3342 3458/3458/3342
f 3459/3459/3343 3458/3458/3343 3457/3457/3343
f 3458/3458/3344 3459/3459/3344 3460/3460/3344
f 3460/3460/3345 3459/3459/3345 3461/3461/3345
f 3462/3462/3346 3461/3461/3346 3459/3459/3346
f 3461/3461/3347 3462/3462/3347 3456/3456/3347
f 3463/3463/3348 3464/3464/3348 3465/3465/3348
f 3466/3466/3349 3465/3465/3349 3464/3464/3349
f 3465/3465/3350 3466/3466/3350 3459/3459/3350
f 3459/3459/3351 3466/3466/3351 3462/3462/3351
f 3464/3464/3352 3462/3462/3352 3466/3466/3352
f 3463/3463/3353 3467/3467/3353 3464/3464/3353
f 3467/3467/3354 3463/3463/3354 3468/3468/3354
f 3468/3468/3355 3463/3463/3355 3469/3469/3355
f 3469/3469/3356 3463/3463/3356 3470/3470/3356
f 3465/3465/3357 3470/3470/3357 3463/3463/3357
f 3471/3471/3358 3470/3470/3358 3465/3465/3358
f 3470/3470/3359 3471/3471/3360 3472/3472/3359
f 3472/3472/3359 3471/3471/3360 3473/3473/3361
f 3474/3474/3362 3473/3473/3362 3471/3471/3362
f 3473/3473/3363 3474/3474/3363 3475/3475/3363
f 3475/3475/3364 3474/3474/3364 3476/3476/3364
f 3477/3477/3365 3476/3476/3365 3474/3474/3365
f 3478/3478/3366 3476/3476/3366 3477/3477/3366
f 3479/3479/3367 3476/3476/3367 3478/3478/3367
f 3471/3471/3368 3480/3480/3368 3474/3474/3368
f 3481/3481/3369 3474/3474/3369 3480/3480/3369
f 3474/3474/3370 3481/3481/3370 3477/3477/3370
f 3482/3482/3371 3477/3477/3371 3481/3481/3371
f 3477/3477/3372 3482/3482/3372 3478/3478/3372
f 3478/3478/3373 3482/3482/3373 3483/3483/3373
f 3483/3483/3374 3482/3482/3374 3484/3484/3374
f 3456/3456/3375 3484/3484/3375 3482/3482/3375
f 3485/3485/3376 3482/3482/3376 3486/3486/3376
f 3481/3481/3377 3486/3486/3377 3482/3482/3377
f 3480/3480/3378 3486/3486/3378 3481/3481/3378
f 3486/3486/3379 3480/3480/3379 3487/3487/3379
f 3487/3487/3380 3480/3480/3380 3488/3488/3380
f 3489/3489/3381 3488/3488/3381 3480/3480/3381
f 3488/3488/3382 3489/3489/3382 3490/3490/3382
f 3491/3491/3383 3490/3490/3383 3489/3489/3383
f 3490/3490/3384 3491/3491/3384 3457/3457/3384
f 3457/3457/3385 3491/3491/3385 3459/3459/3385
f 3489/3489/3386 3459/3459/3386 3491/3491/3386
f 3459/3459/3387 3489/3489/3387 3465/3465/3387
f 3465/3465/3388 3489/3489/3388 3471/3471/3388
f 3480/3480/3389 3471/3471/3389 3489/3489/3389
f 3492/3492/3390 3493/3493/3390 3494/3494/3390
f 3494/3494/3391 3493/3493/3391 3495/3495/3391
f 3496/3496/3392 3495/3495/3392 3493/3493/3392
f 3495/3495/3393 3496/3496/3393 3497/3497/3393
f 3498/3498/3394 3497/3497/3394 3496/3496/3394
f 3499/3499/3395 3497/3497/3395 3498/3498/3395
f 3500/3500/3396 3497/3497/3396 3499/3499/3396
f 3501/3501/3397 3497/3497/3397 3500/3500/3397
f 3494/3494/3398 3497/3497/3398 3501/3501/3398
f 3497/3497/3399 3494/3494/3399 3495/3495/3399
f 3502/3502/3400 3503/3503/3400 3504/3504/3400
f 3504/3504/3401 3503/3503/3401 3505/3505/3401
f 3505/3505/3402 3503/3503/3402 3506/3506/3402
f 3506/3506/3403 3503/3503/3403 3507/3507/3403
f 3508/3508/3404 3507/3507/3404 3503/3503/3404
f 3507/3507/3405 3508/3508/3405 3499/3499/3405
f 3499/3499/3406 3508/3508/3406 3500/3500/3406
f 3500/3500/3407 3508/3508/3407 3509/3509/3407
f 3503/3503/3408 3509/3509/3408 3508/3508/3408
f 3502/3502/3409 3509/3509/3409 3503/3503/3409
f 3509/3509/3410 3502/3502/3410 3510/3510/3410
f 3504/3504/3411 3511/3511/3411 3502/3502/3411
f 3512/3512/3412 3502/3502/3412 3511/3511/3412
f 3502/3502/3413 3512/3512/3413 3510/3510/3413
f 3510/3510/3414 3512/3512/3414 3513/3513/3414
f 3514/3514/3415 3513/3513/3415 3512/3512/3415
f 3515/3515/3416 3513/3513/3416 3514/3514/3416
f 3513/3513/3417 3515/3515/3417 3516/3516/3417
f 3517/3517/3418 3516/3516/3418 3515/3515/3418
f 3518/3518/3419 3516/3516/3419 3517/3517/3419
f 3519/3519/3420 3516/3516/3420 3518/3518/3420
f 3520/3520/3421 3516/3516/3421 3519/3519/3421
f 3509/3509/3422 3516/3516/3422 3520/3520/3422
f 3516/3516/3423 3509/3509/3423 3513/3513/3423
f 3521/3521/3424 3513/3513/3424 3509/3509/3424
f 3522/3522/3425 3523/3523/3425 3524/3524/3425
f 3525/3525/3426 3524/3524/3426 3523/3523/3426
f 3524/3524/3427 3525/3525/3427 3526/3526/3427
f 3527/3527/3428 3526/3526/3428 3525/3525/3428
f 3526/3526/3429 3527/3527/3429 3528/3528/3429
f 3529/3529/3430 3528/3528/3430 3527/3527/3430
f 3528/3528/3431 3529/3529/3431 3530/3530/3431
f 3531/3531/3432 3530/3530/3432 3529/3529/3432
f 3530/3530/3433 3531/3531/3433 3532/3532/3433
f 3533/3533/3434 3532/3532/3434 3531/3531/3434
f 3532/3532/3435 3533/3533/3435 3522/3522/3435
f 3523/3523/3436 3522/3522/3436 3533/3533/3436
f 3534/3534/3437 3535/3535/3437 3536/3536/3437
f 3537/3537/3438 3536/3536/3438 3535/3535/3438
f 3536/3536/3439 3537/3537/3439 3538/3538/3439
f 3539/3539/3440 3538/3538/3440 3537/3537/3440
f 3538/3538/3441 3539/3539/3441 3540/3540/3441
f 3541/3541/3442 3540/3540/3442 3539/3539/3442
f 3540/3540/3443 3541/3541/3443 3542/3542/3443
f 3543/3543/3444 3542/3542/3444 3541/3541/3444
f 3542/3542/3445 3543/3543/3445 3544/3544/3445
f 3545/3545/3446 3544/3544/3446 3543/3543/3446
f 3544/3544/3447 3545/3545/3447 3534/3534/3447
f 3535/3535/3448 3534/3534/3448 3545/3545/3448
f 3546/3546/3449 3547/3547/3449 3548/3548/3449
f 3549/3549/3450 3550/3550/3450 3551/3551/3450
f 3552/3552/3451 3553/3553/3451 3554/3554/3451
f 3555/3555/3452 3556/3556/3452 3557/3557/3452
f 3558/3558/3453 3559/3559/3453 3560/3560/3453
f 3561/3561/3454 3562/3562/3454 3563/3563/3454
f 3564/3564/3455 3565/3565/3455 3566/3566/3455
f 3567/3567/3456 3568/3568/3456 3569/3569/3456
f 3565/3565/3457 3569/3569/3457 3568/3568/3457
f 3570/3570/3458 3569/3569/3458 3565/3565/3458
f 3571/3571/3459 3569/3569/3459 3570/3570/3459
f 3569/3569/3460 3571/3571/3460 3567/3567/3460
f 3572/3572/3461 3567/3567/3461 3571/3571/3461
f 3567/3567/3462 3572/3572/3462 3573/3573/3462
f 3573/3573/3463 3572/3572/3463 3574/3574/3463
f 3574/3574/3464 3572/3572/3464 3575/3575/3464
f 3571/3571/3465 3575/3575/3465 3572/3572/3465
f 3568/3568/3466 3567/3567/3466 3576/3576/3466
f 3573/3573/3467 3576/3576/3467 3567/3567/3467
f 3576/3576/3468 3573/3573/3468 3577/3577/3468
f 3577/3577/3469 3573/3573/3469 3578/3578/3469
f 3574/3574/3470 3578/3578/3470 3573/3573/3470
f 3578/3578/3471 3574/3574/3471 3579/3579/3471
f 3579/3579/3472 3574/3574/3472 3580/3580/3472
f 3575/3575/3473 3580/3580/3473 3574/3574/3473
f 3581/3581/3474 3580/3580/3474 3575/3575/3474
f 3580/3580/3475 3581/3581/3475 3582/3582/3475
f 3583/3583/3476 3582/3582/3476 3581/3581/3476
f 3582/3582/3477 3583/3583/3477 3584/3584/3477
f 3584/3584/3478 3583/3583/3478 3585/3585/3478
f 3586/3586/3479 3585/3585/3479 3583/3583/3479
f 3587/3587/3480 3588/3588/3480 3589/3589/3480
f 3589/3589/3481 3588/3588/3481 3585/3585/3481
f 3585/3585/3482 3588/3588/3482 3584/3584/3482
f 3590/3590/3483 3584/3584/3483 3588/3588/3483
f 3584/3584/3484 3590/3590/3484 3582/3582/3484
f 3591/3591/3485 3582/3582/3485 3590/3590/3485
f 3582/3582/3486 3591/3591/3486 3580/3580/3486
f 3580/3580/3487 3591/3591/3487 3579/3579/3487
f 3579/3579/3488 3591/3591/3488 3592/3592/3488
f 3592/3592/3489 3591/3591/3489 3593/3593/3489
f 3593/3593/3490 3591/3591/3490 3594/3594/3490
f 3590/3590/3491 3594/3594/3491 3591/3591/3491
f 3595/3595/3492 3588/3588/3492 3587/3587/3492
f 3588/3588/3493 3595/3595/3494 3590/3590/3495
f 3596/3596/3496 3590/3590/3495 3595/3595/3494
f 3590/3590/3495 3596/3596/3496 3594/3594/3497
f 3594/3594/3498 3596/3596/3498 3597/3597/3498
f 3597/3597/3499 3596/3596/3499 3598/3598/3499
f 3598/3598/3500 3596/3596/3500 3599/3599/3500
f 3599/3599/3501 3596/3596/3501 3600/3600/3501
f 3595/3595/3502 3600/3600/3502 3596/3596/3502
f 3600/3600/3503 3595/3595/3503 3601/3601/3503
f 3587/3587/3504 3601/3601/3504 3595/3595/3504
f 3601/3601/3505 3587/3587/3505 3602/3602/3505
f 3603/3603/3506 3602/3602/3506 3587/3587/3506
f 3604/3604/3507 3602/3602/3507 3603/3603/3507
f 3571/3571/3508 3570/3570/3508 3605/3605/3508
f 3605/3605/3509 3570/3570/3509 3606/3606/3509
f 3607/3607/3510 3606/3606/3510 3570/3570/3510
f 3606/3606/3511 3607/3607/3511 3600/3600/3511
f 3600/3600/3512 3607/3607/3512 3599/3599/3512
f 3599/3599/3513 3607/3607/3513 3608/3608/3513
f 3608/3608/3514 3607/3607/3515 3609/3609/3516
f 3609/3609/3516 3607/3607/3515 3610/3610/3517
f 3570/3570/3518 3610/3610/3518 3607/3607/3518
f 3611/3611/3519 3612/3612/3519 3613/3613/3519
f 3614/3614/3520 3613/3613/3520 3612/3612/3520
f 3615/3615/3521 3616/3616/3521 3617/3617/3521
f 3618/3618/3522 3619/3619/3522 3620/3620/3522
f 3621/3621/3523 3620/3620/3523 3619/3619/3523
f 3617/3617/3524 3620/3620/3524 3621/3621/3524
f 3616/3616/3525 3620/3620/3525 3617/3617/3525
f 3620/3620/3526 3616/3616/3526 3622/3622/3526
f 3623/3623/3527 3624/3624/3527 3625/3625/3527
f 3625/3625/3528 3624/3624/3528 3621/3621/3528
f 3621/3621/3529 3624/3624/3529 3617/3617/3529
f 3617/3617/3530 3624/3624/3530 3615/3615/3530
f 3626/3626/3531 3615/3615/3531 3624/3624/3531
f 3627/3627/3532 3615/3615/3532 3626/3626/3532
f 3628/3628/3533 3615/3615/3533 3627/3627/3533
f 3615/3615/3534 3628/3628/3534 3629/3629/3534
f 3630/3630/3535 3629/3629/3535 3628/3628/3535
f 3629/3629/3536 3630/3630/3536 3631/3631/3536
f 3632/3632/3537 3631/3631/3537 3630/3630/3537
f 3633/3633/3538 3631/3631/3538 3632/3632/3538
f 3631/3631/3539 3633/3633/3539 3634/3634/3539
f 3635/3635/3540 3634/3634/3540 3633/3633/3540
f 3633/3633/3541 3636/3636/3541 3635/3635/3541
f 3635/3635/3542 3636/3636/3542 3637/3637/3542
f 3638/3638/3543 3637/3637/3543 3636/3636/3543
f 3637/3637/3544 3638/3638/3544 3639/3639/3544
f 3640/3640/3545 3639/3639/3545 3638/3638/3545
f 3641/3641/3545 3639/3639/3545 3640/3640/3545
f 3639/3639/3546 3641/3641/3546 3642/3642/3546
f 3643/3643/3547 3642/3642/3547 3641/3641/3547
f 3642/3642/3548 3643/3643/3548 3644/3644/3548
f 3645/3645/3549 3644/3644/3549 3643/3643/3549
f 3644/3644/3550 3645/3645/3550 3646/3646/3550
f 3646/3646/3551 3645/3645/3551 3622/3622/3551
f 3618/3618/3552 3622/3622/3552 3645/3645/3552
f 3622/3622/3553 3618/3618/3553 3620/3620/3553
f 3647/3647/3554 3648/3648/3555 3649/3649/3556
f 3650/3650/3557 3651/3651/3557 3652/3652/3557
f 3653/3653/3558 3652/3652/3558 3651/3651/3558
f 3654/3654/3559 3652/3652/3559 3653/3653/3559
f 3652/3652/3560 3654/3654/3560 3655/3655/3560
f 3656/3656/3561 3655/3655/3561 3654/3654/3561
f 3655/3655/3562 3656/3656/3562 3657/3657/3562
f 3657/3657/3563 3656/3656/3563 3658/3658/3563
f 3658/3658/3564 3656/3656/3564 3649/3649/3564
f 3649/3649/3565 3656/3656/3565 3647/3647/3565
f 3654/3654/3566 3647/3647/3566 3656/3656/3566
f 3659/3659/3567 3648/3648/3567 3660/3660/3567
f 3647/3647/3554 3660/3660/3568 3648/3648/3555
f 3660/3660/3569 3647/3647/3569 3661/3661/3569
f 3654/3654/3570 3661/3661/3570 3647/3647/3570
f 3653/3653/3571 3661/3661/3571 3654/3654/3571
f 3661/3661/3572 3653/3653/3572 3662/3662/3572
f 3651/3651/3573 3662/3662/3573 3653/3653/3573
f 3662/3662/3574 3651/3651/3574 3663/3663/3574
f 3663/3663/3575 3651/3651/3575 3664/3664/3575
f 3650/3650/3576 3664/3664/3576 3651/3651/3576
f 3664/3664/3577 3650/3650/3577 3665/3665/3577
f 3666/3666/3578 3665/3665/3578 3650/3650/3578
f 3667/3667/3579 3668/3668/3579 3669/3669/3579
f 3670/3670/3580 3669/3669/3580 3668/3668/3580
f 3671/3671/3581 3667/3667/3581 3669/3669/3581
f 3667/3667/3582 3671/3671/3582 3672/3672/3582
f 3673/3673/3583 3672/3672/3583 3671/3671/3583
f 3674/3674/3584 3672/3672/3584 3673/3673/3584
f 3672/3672/3585 3674/3674/3585 3675/3675/3585
f 3676/3676/3586 3675/3675/3586 3674/3674/3586
f 3675/3675/3587 3676/3676/3587 3677/3677/3587
f 3678/3678/3588 3677/3677/3588 3676/3676/3588
f 3677/3677/3589 3678/3678/3589 3679/3679/3589
f 3680/3680/3590 3679/3679/3590 3678/3678/3590
f 3679/3679/3591 3680/3680/3591 3681/3681/3591
f 3682/3682/3592 3681/3681/3592 3680/3680/3592
f 3681/3681/3593 3682/3682/3593 3670/3670/3593
f 3669/3669/3594 3670/3670/3594 3682/3682/3594
f 3683/3683/3595 3684/3684/3595 3685/3685/3595
f 3686/3686/3596 3685/3685/3596 3684/3684/3596
f 3685/3685/3597 3686/3686/3597 3687/3687/3597
f 3688/3688/3598 3689/3689/3598 3685/3685/3598
f 3690/3690/3599 3685/3685/3599 3689/3689/3599
f 3685/3685/3600 3690/3690/3600 3691/3691/3600
f 3692/3692/3601 3693/3693/3601 3694/3694/3601
f 3695/3695/3602 3694/3694/3602 3693/3693/3602
f 3696/3696/3603 3697/3697/3603 3698/3698/3603
f 3699/3699/3604 3698/3698/3604 3697/3697/3604
f 3698/3698/3605 3699/3699/3605 3700/3700/3605
f 3701/3701/3606 3700/3700/3606 3699/3699/3606
f 3700/3700/3607 3701/3701/3607 3702/3702/3607
f 3702/3702/3608 3701/3701/3608 3703/3703/3608
f 3703/3703/3609 3701/3701/3609 3704/3704/3609
f 3705/3705/3610 3704/3704/3610 3701/3701/3610
f 3704/3704/3611 3705/3705/3611 3693/3693/3611
f 3693/3693/3612 3705/3705/3612 3695/3695/3612
f 3706/3706/3613 3695/3695/3613 3705/3705/3613
f 3707/3707/3614 3695/3695/3614 3706/3706/3614
f 3695/3695/3615 3707/3707/3615 3694/3694/3615
f 3708/3708/3616 3694/3694/3616 3707/3707/3616
f 3697/3697/3617 3706/3706/3617 3699/3699/3617
f 3705/3705/3618 3699/3699/3618 3706/3706/3618
f 3699/3699/3619 3705/3705/3619 3701/3701/3619
f 3709/3709/3620 3696/3696/3620 3710/3710/3620
f 3696/3696/3621 3709/3709/3621 3697/3697/3621
f 3711/3711/3622 3697/3697/3622 3709/3709/3622
f 3697/3697/3623 3711/3711/3623 3706/3706/3623
f 3706/3706/3624 3711/3711/3624 3707/3707/3624
f 3712/3712/3625 3707/3707/3625 3711/3711/3625
f 3708/3708/3626 3713/3713/3626 3694/3694/3626
f 3694/3694/3627 3713/3713/3627 3692/3692/3627
f 3714/3714/3628 3692/3692/3628 3713/3713/3628
f 3692/3692/3629 3714/3714/3629 3715/3715/3629
f 3716/3716/3630 3717/3717/3630 3718/3718/3630
f 3719/3719/3631 3718/3718/3631 3717/3717/3631
f 3718/3718/3632 3719/3719/3632 3720/3720/3632
f 3720/3720/3633 3721/3721/3633 3718/3718/3633
f 3722/3722/3634 3718/3718/3634 3721/3721/3634
f 3718/3718/3635 3722/3722/3635 3723/3723/3635
f 3724/3724/3636 3723/3723/3636 3722/3722/3636
f 3725/3725/3637 3723/3723/3637 3724/3724/3637
f 3726/3726/3638 3723/3723/3638 3725/3725/3638
f 3723/3723/3639 3726/3726/3639 3727/3727/3639
f 3716/3716/3640 3727/3727/3640 3726/3726/3640
f 3718/3718/3641 3727/3727/3641 3716/3716/3641
f 3727/3727/3642 3718/3718/3642 3723/3723/3642
f 3728/3728/3643 3729/3729/3643 3730/3730/3643
f 3731/3731/3644 3730/3730/3644 3729/3729/3644
f 3732/3732/3645 3730/3730/3645 3731/3731/3645
f 3730/3730/3646 3732/3732/3646 3733/3733/3646
f 3734/3734/3647 3735/3735/3647 3736/3736/3647
f 3736/3736/3648 3735/3735/3648 3737/3737/3648
f 3738/3738/3649 3737/3737/3649 3735/3735/3649
f 3737/3737/3650 3738/3738/3650 3739/3739/3650
f 3736/3736/3651 3740/3740/3651 3734/3734/3651
f 3741/3741/3652 3734/3734/3652 3740/3740/3652
f 3734/3734/3653 3741/3741/3653 3742/3742/3653
f 3743/3743/3654 3742/3742/3654 3741/3741/3654
f 3742/3742/3655 3743/3743/3655 3744/3744/3655
f 3744/3744/3656 3743/3743/3656 3745/3745/3656
f 3746/3746/3657 3745/3745/3657 3743/3743/3657
f 3745/3745/3658 3746/3746/3658 3747/3747/3658
f 3748/3748/3659 3747/3747/3659 3746/3746/3659
f 3749/3749/3660 3747/3747/3660 3748/3748/3660
f 3747/3747/3661 3749/3749/3661 3750/3750/3661
f 3751/3751/3662 3750/3750/3662 3749/3749/3662
f 3750/3750/3663 3751/3751/3663 3752/3752/3663
f 3753/3753/3664 3752/3752/3664 3751/3751/3664
f 3754/3754/3665 3755/3755/3666 3756/3756/3667
f 3757/3757/3668 3756/3756/3667 3755/3755/3666
f 3758/3758/3669 3756/3756/3669 3757/3757/3669
f 3756/3756/3670 3758/3758/3670 3759/3759/3670
f 3760/3760/3671 3757/3757/3671 3761/3761/3671
f 3761/3761/3672 3757/3757/3672 3762/3762/3672
f 3755/3755/3673 3762/3762/3673 3757/3757/3673
f 3762/3762/3674 3755/3755/3674 3763/3763/3674
f 3764/3764/3675 3763/3763/3675 3755/3755/3675
f 3765/3765/3676 3763/3763/3676 3764/3764/3676
f 3766/3766/3677 3763/3763/3678 3765/3765/3679
f 3767/3767/3680 3763/3763/3678 3766/3766/3677
f 3768/3768/3681 3763/3763/3681 3767/3767/3681
f 3763/3763/3682 3768/3768/3682 3762/3762/3682
f 3755/3755/3683 3754/3754/3683 3764/3764/3683
f 3769/3769/3684 3764/3764/3684 3754/3754/3684
f 3770/3770/3685 3764/3764/3685 3769/3769/3685
f 3771/3771/3686 3764/3764/3686 3770/3770/3686
f 3772/3772/3687 3764/3764/3687 3771/3771/3687
f 3764/3764/3688 3772/3772/3688 3765/3765/3688
f 3773/3773/3689 3765/3765/3689 3772/3772/3689
f 3765/3765/3690 3773/3773/3690 3766/3766/3690
f 3774/3774/3691 3766/3766/3691 3773/3773/3691
f 3775/3775/3692 3766/3766/3692 3774/3774/3692
f 3766/3766/3693 3775/3775/3693 3767/3767/3693
f 3776/3776/3694 3767/3767/3694 3775/3775/3694
f 3767/3767/3695 3776/3776/3695 3768/3768/3695
f 3777/3777/3696 3768/3768/3696 3776/3776/3696
f 3778/3778/3697 3779/3779/3697 3780/3780/3697
f 3781/3781/3698 3780/3780/3699 3779/3779/3700
f 3780/3780/3701 3781/3781/3701 3782/3782/3701
f 3783/3783/3702 3782/3782/3702 3781/3781/3702
f 3784/3784/3703 3778/3778/3703 3785/3785/3703
f 3780/3780/3704 3785/3785/3704 3778/3778/3704
f 3785/3785/3705 3780/3780/3705 3786/3786/3705
f 3782/3782/3706 3786/3786/3706 3780/3780/3706
f 3786/3786/3707 3782/3782/3707 3787/3787/3707
f 3787/3787/3708 3782/3782/3708 3788/3788/3708
f 3783/3783/3709 3788/3788/3709 3782/3782/3709
f 3788/3788/3710 3783/3783/3710 3789/3789/3710
f 3789/3789/3711 3783/3783/3711 3790/3790/3711
f 3790/3790/3712 3783/3783/3712 3791/3791/3712
f 3781/3781/3713 3791/3791/3713 3783/3783/3713
f 3791/3791/3714 3781/3781/3714 3792/3792/3714
f 3779/3779/3700 3792/3792/3715 3781/3781/3698
f 3793/3793/3716 3792/3792/3716 3779/3779/3716
f 3794/3794/3717 3784/3784/3717 3795/3795/3717
f 3784/3784/3718 3794/3794/3718 3778/3778/3718
f 3778/3778/3719 3794/3794/3719 3779/3779/3719
f 3796/3796/3720 3779/3779/3720 3794/3794/3720
f 3779/3779/3721 3796/3796/3721 3793/3793/3721
f 3797/3797/3722 3793/3793/3722 3796/3796/3722
f 3798/3798/3723 3799/3799/3723 3800/3800/3723
f 3801/3801/3724 3800/3800/3724 3799/3799/3724
f 3802/3802/3725 3800/3800/3725 3801/3801/3725
f 3716/3716/3726 3800/3800/3726 3802/3802/3726
f 3803/3803/3727 3800/3800/3727 3716/3716/3727
f 3804/3804/3728 3800/3800/3728 3803/3803/3728
f 3805/3805/3729 3800/3800/3729 3804/3804/3729
f 3800/3800/3730 3805/3805/3730 3798/3798/3730
f 3806/3806/3731 3807/3807/3732 3808/3808/3733
f 3809/3809/3734 3808/3808/3733 3807/3807/3732
f 3810/3810/3735 3808/3808/3735 3809/3809/3735
f 3808/3808/3736 3810/3810/3736 3811/3811/3736
f 3812/3812/3737 3811/3811/3737 3810/3810/3737
f 3813/3813/3738 3811/3811/3738 3812/3812/3738
f 3814/3814/3739 3811/3811/3740 3813/3813/3741
f 3815/3815/3742 3811/3811/3740 3814/3814/3739
f 3816/3816/3743 3811/3811/3743 3815/3815/3743
f 3811/3811/3744 3816/3816/3744 3808/3808/3744
f 3816/3816/3745 3806/3806/3745 3808/3808/3745
f 3806/3806/3746 3816/3816/3746 3817/3817/3746
f 3817/3817/3747 3816/3816/3747 3818/3818/3747
f 3818/3818/3748 3816/3816/3748 3819/3819/3748
f 3819/3819/3749 3816/3816/3749 3820/3820/3749
f 3815/3815/3750 3820/3820/3750 3816/3816/3750
f 3820/3820/3751 3815/3815/3751 3821/3821/3751
f 3814/3814/3752 3821/3821/3752 3815/3815/3752
f 3821/3821/3753 3814/3814/3753 3822/3822/3753
f 3822/3822/3754 3814/3814/3755 3823/3823/3756
f 3813/3813/3757 3823/3823/3756 3814/3814/3755
f 3823/3823/3758 3813/3813/3758 3824/3824/3758
f 3812/3812/3759 3824/3824/3759 3813/3813/3759
f 3825/3825/3760 3824/3824/3760 3812/3812/3760
f 3826/3826/3761 3827/3827/3761 3828/3828/3761
f 3829/3829/3762 3830/3830/3762 3831/3831/3762
f 3832/3832/3763 3833/3833/3763 3834/3834/3763
f 3835/3835/3764 3834/3834/3764 3833/3833/3764
f 3836/3836/3765 3837/3837/3765 3838/3838/3765
f 3839/3839/3766 3838/3838/3766 3837/3837/3766
f 3840/3840/3767 3841/3841/3767 3842/3842/3767
f 3843/3843/3768 3842/3842/3768 3841/3841/3768
f 3844/3844/3769 3842/3842/3769 3843/3843/3769
f 3845/3845/3770 3842/3842/3770 3844/3844/3770
f 3846/3846/3771 3842/3842/3771 3845/3845/3771
f 3842/3842/3772 3846/3846/3772 3840/3840/3772
f 3847/3847/3773 3848/3848/3773 3849/3849/3773
f 3850/3850/3774 3851/3851/3774 3852/3852/3774
f 3853/3853/3775 3852/3852/3775 3851/3851/3775
f 3854/3854/3776 3855/3855/3776 3856/3856/3776
f 3857/3857/3777 3856/3856/3777 3855/3855/3777
f 3856/3856/3778 3857/3857/3778 3858/3858/3778
f 3859/3859/3779 3860/3860/3779 3861/3861/3779
f 3862/3862/3780 3861/3861/3780 3860/3860/3780
f 3861/3861/3781 3862/3862/3781 3863/3863/3781
f 3864/3864/3782 3863/3863/3782 3862/3862/3782
f 3863/3863/3783 3864/3864/3783 3865/3865/3783
f 3866/3866/3784 3867/3867/3784 3868/3868/3784
f 3869/3869/3785 3868/3868/3785 3867/3867/3785
f 3870/3870/3786 3868/3868/3786 3869/3869/3786
f 3868/3868/3787 3870/3870/3787 3871/3871/3787
f 3872/3872/3788 3873/3873/3789 3869/3869/3790
f 3874/3874/3791 3869/3869/3791 3873/3873/3791
f 3875/3875/3792 3869/3869/3792 3874/3874/3792
f 3869/3869/3793 3875/3875/3793 3870/3870/3793
f 3869/3869/3790 3867/3867/3794 3872/3872/3788
f 3876/3876/3795 3872/3872/3795 3867/3867/3795
f 3872/3872/3796 3876/3876/3796 3877/3877/3796
f 3878/3878/3797 3877/3877/3797 3876/3876/3797
f 3879/3879/3798 3877/3877/3798 3878/3878/3798
f 3880/3880/3799 3877/3877/3799 3879/3879/3799
f 3877/3877/3800 3880/3880/3800 3881/3881/3800
f 3881/3881/3801 3880/3880/3801 3882/3882/3801
f 3883/3883/3802 3882/3882/3802 3880/3880/3802
f 3882/3882/3803 3883/3883/3803 3884/3884/3803
f 3885/3885/3804 3884/3884/3804 3883/3883/3804
f 3884/3884/3805 3885/3885/3805 3886/3886/3805
f 3887/3887/3806 3886/3886/3806 3885/3885/3806
f 3888/3888/3807 3886/3886/3807 3887/3887/3807
f 3889/3889/3808 3882/3882/3808 3884/3884/3808
f 3882/3882/3809 3889/3889/3810 3890/3890/3811
f 3890/3890/3811 3889/3889/3810 3891/3891/3812
f 3891/3891/3813 3889/3889/3813 3892/3892/3813
f 3892/3892/3814 3889/3889/3814 3893/3893/3814
f 3893/3893/3815 3889/3889/3815 3894/3894/3815
f 3884/3884/3816 3894/3894/3816 3889/3889/3816
f 3886/3886/3817 3894/3894/3817 3884/3884/3817
f 3894/3894/3818 3886/3886/3818 3895/3895/3818
f 3895/3895/3819 3886/3886/3819 3896/3896/3819
f 3888/3888/3820 3896/3896/3820 3886/3886/3820
f 3897/3897/3821 3896/3896/3821 3888/3888/3821
f 3896/3896/3822 3897/3897/3822 3898/3898/3822
f 3899/3899/3823 3898/3898/3823 3897/3897/3823
f 3874/3874/3824 3873/3873/3824 3900/3900/3824
f 3890/3890/3825 3900/3900/3825 3873/3873/3825
f 3891/3891/3826 3900/3900/3826 3890/3890/3826
f 3900/3900/3827 3891/3891/3827 3901/3901/3827
f 3892/3892/3828 3901/3901/3828 3891/3891/3828
f 3899/3899/3829 3901/3901/3829 3892/3892/3829
f 3901/3901/3830 3899/3899/3830 3902/3902/3830
f 3897/3897/3831 3902/3902/3831 3899/3899/3831
f 3903/3903/3832 3902/3902/3832 3897/3897/3832
f 3902/3902/3833 3903/3903/3833 3901/3901/3833
f 3901/3901/3834 3903/3903/3834 3900/3900/3834
f 3904/3904/3835 3900/3900/3835 3903/3903/3835
f 3900/3900/3836 3904/3904/3836 3874/3874/3836
f 3875/3875/3837 3874/3874/3837 3904/3904/3837
f 3905/3905/3838 3888/3888/3838 3887/3887/3838
f 3888/3888/3839 3905/3905/3839 3897/3897/3839
f 3897/3897/3840 3905/3905/3840 3903/3903/3840
f 3906/3906/3841 3903/3903/3841 3905/3905/3841
f 3907/3907/3842 3903/3903/3842 3906/3906/3842
f 3903/3903/3843 3907/3907/3843 3904/3904/3843
f 3904/3904/3844 3907/3907/3844 3875/3875/3844
f 3906/3906/3845 3875/3875/3845 3907/3907/3845
f 3875/3875/3846 3906/3906/3846 3908/3908/3846
f 3905/3905/3847 3908/3908/3847 3906/3906/3847
f 3908/3908/3848 3905/3905/3848 3909/3909/3848
f 3887/3887/3849 3909/3909/3849 3905/3905/3849
f 3909/3909/3850 3887/3887/3850 3910/3910/3850
f 3885/3885/3851 3910/3910/3851 3887/3887/3851
f 3870/3870/3852 3875/3875/3852 3911/3911/3852
f 3908/3908/3853 3911/3911/3853 3875/3875/3853
f 3909/3909/3854 3911/3911/3854 3908/3908/3854
f 3911/3911/3855 3909/3909/3855 3912/3912/3855
f 3910/3910/3856 3912/3912/3856 3909/3909/3856
f 3912/3912/3857 3910/3910/3857 3913/3913/3857
f 3914/3914/3858 3913/3913/3858 3910/3910/3858
f 3913/3913/3859 3914/3914/3859 3879/3879/3859
f 3915/3915/3860 3879/3879/3860 3914/3914/3860
f 3879/3879/3861 3915/3915/3861 3880/3880/3861
f 3880/3880/3862 3915/3915/3862 3883/3883/3862
f 3914/3914/3863 3883/3883/3863 3915/3915/3863
f 3883/3883/3864 3914/3914/3864 3885/3885/3864
f 3910/3910/3865 3885/3885/3865 3914/3914/3865
f 3916/3916/3866 3917/3917/3866 3918/3918/3866
f 3919/3919/3867 3918/3918/3867 3917/3917/3867
f 3918/3918/3868 3919/3919/3868 3920/3920/3868
f 3921/3921/3869 3920/3920/3869 3919/3919/3869
f 3920/3920/3870 3921/3921/3870 3922/3922/3870
f 3917/3917/3871 3916/3916/3871 3923/3923/3871
f 3924/3924/3872 3923/3923/3872 3916/3916/3872
f 3923/3923/3873 3924/3924/3873 3925/3925/3873
f 3926/3926/3874 3925/3925/3874 3924/3924/3874
f 3925/3925/3875 3926/3926/3875 3927/3927/3875
f 3922/3922/3876 3927/3927/3876 3926/3926/3876
f 3921/3921/3877 3927/3927/3877 3922/3922/3877
f 3928/3928/3878 3927/3927/3878 3921/3921/3878
f 3929/3929/3879 3927/3927/3879 3928/3928/3879
f 3930/3930/3880 3927/3927/3880 3929/3929/3880
f 3927/3927/3881 3930/3930/3881 3925/3925/3881
f 3931/3931/3882 3925/3925/3882 3930/3930/3882
f 3925/3925/3883 3931/3931/3883 3923/3923/3883
f 3932/3932/3884 3923/3923/3884 3931/3931/3884
f 3933/3933/3885 3934/3934/3885 3935/3935/3885
f 3936/3936/3886 3935/3935/3886 3934/3934/3886
f 3935/3935/3887 3936/3936/3887 3937/3937/3887
f 3937/3937/3888 3936/3936/3888 3938/3938/3888
f 3939/3939/3889 3938/3938/3889 3936/3936/3889
f 3938/3938/3890 3939/3939/3890 3940/3940/3890
f 3941/3941/3891 3940/3940/3891 3939/3939/3891
f 3882/3882/3892 3890/3890/3892 3881/3881/3892
f 3873/3873/3893 3881/3881/3893 3890/3890/3893
f 3872/3872/3894 3881/3881/3894 3873/3873/3894
f 3881/3881/3895 3872/3872/3895 3877/3877/3895
f 3942/3942/3896 3943/3943/3896 3944/3944/3896
f 3945/3945/3897 3944/3944/3897 3943/3943/3897
f 3944/3944/3898 3945/3945/3899 3946/3946/3900
f 3947/3947/3901 3946/3946/3900 3945/3945/3899
f 3946/3946/3902 3947/3947/3902 3948/3948/3902
f 3949/3949/3903 3948/3948/3903 3947/3947/3903
f 3948/3948/3904 3949/3949/3905 3950/3950/3906
f 3951/3951/3907 3950/3950/3906 3949/3949/3905
f 3952/3952/3908 3953/3953/3908 3954/3954/3908
f 3955/3955/3909 3954/3954/3909 3953/3953/3909
f 3954/3954/3910 3955/3955/3910 3956/3956/3910
f 3956/3956/3911 3955/3955/3911 3957/3957/3911
f 3953/3953/3912 3957/3957/3912 3955/3955/3912
f 3957/3957/3913 3953/3953/3914 3958/3958/3915
f 3959/3959/3916 3960/3960/3916 3961/3961/3916
f 3952/3952/3917 3961/3961/3917 3960/3960/3917
f 3961/3961/3918 3952/3952/3918 3962/3962/3918
f 3954/3954/3919 3962/3962/3919 3952/3952/3919
f 3962/3962/3920 3954/3954/3920 3963/3963/3920
f 3956/3956/3921 3963/3963/3921 3954/3954/3921
f 3957/3957/3922 3963/3963/3922 3956/3956/3922
f 3963/3963/3923 3957/3957/3923 3964/3964/3923
f 3958/3958/3924 3964/3964/3924 3957/3957/3924
f 3964/3964/3925 3958/3958/3925 3965/3965/3925
f 3960/3960/3926 3965/3965/3926 3958/3958/3926
f 3965/3965/3927 3960/3960/3927 3959/3959/3927
f 3966/3966/3928 3953/3953/3928 3967/3967/3928
f 3952/3952/3929 3967/3967/3929 3953/3953/3929
f 3967/3967/3930 3952/3952/3930 3968/3968/3930
f 3960/3960/3931 3968/3968/3931 3952/3952/3931
f 3958/3958/3932 3968/3968/3932 3960/3960/3932
f 3968/3968/3933 3958/3958/3933 3969/3969/3933
f 3953/3953/3914 3969/3969/3934 3958/3958/3915
f 3969/3969/3935 3953/3953/3935 3966/3966/3935
f 3970/3970/3936 3971/3971/3936 3972/3972/3936
f 3973/3973/3937 3972/3972/3937 3971/3971/3937
f 3974/3974/3938 3972/3972/3938 3973/3973/3938
f 3975/3975/3939 3972/3972/3939 3974/3974/3939
f 3972/3972/3940 3975/3975/3940 3976/3976/3940
f 3976/3976/3941 3975/3975/3941 3977/3977/3941
f 3978/3978/3942 3977/3977/3942 3975/3975/3942
f 3979/3979/3943 3977/3977/3943 3978/3978/3943
f 3977/3977/3944 3979/3979/3944 3973/3973/3944
f 3974/3974/3945 3973/3973/3945 3979/3979/3945
f 3980/3980/3946 3981/3981/3946 3982/3982/3946
f 3983/3983/3947 3984/3984/3947 3985/3985/3947
f 3986/3986/3948 3985/3985/3948 3984/3984/3948
f 3987/3987/3949 3984/3984/3949 3983/3983/3949
f 3984/3984/3950 3987/3987/3950 3988/3988/3950
f 3989/3989/3951 3988/3988/3951 3987/3987/3951
f 3988/3988/3952 3989/3989/3953 3990/3990/3954
f 3990/3990/3954 3989/3989/3953 3991/3991/3955
f 3992/3992/3956 3991/3991/3956 3989/3989/3956
f 3991/3991/3957 3992/3992/3957 3993/3993/3957
f 3994/3994/3958 3993/3993/3958 3992/3992/3958
f 3993/3993/3959 3994/3994/3959 3986/3986/3959
f 3986/3986/3960 3994/3994/3960 3985/3985/3960
f 3985/3985/3961 3994/3994/3961 3995/3995/3961
f 3995/3995/3962 3994/3994/3962 3996/3996/3962
f 3992/3992/3963 3996/3996/3963 3994/3994/3963
f 3997/3997/3964 3996/3996/3964 3992/3992/3964
f 3989/3989/3965 3997/3997/3966 3992/3992/3967
f 3997/3997/3966 3989/3989/3965 3998/3998/3968
f 3995/3995/3969 3998/3998/3970 3989/3989/3971
f 3998/3998/3972 3995/3995/3972 3999/3999/3972
f 3996/3996/3973 3999/3999/3973 3995/3995/3973
f 4000/4000/3974 3999/3999/3974 3996/3996/3974
f 3999/3999/3975 4000/4000/3975 3998/3998/3975
f 4001/4001/3976 3998/3998/3976 4000/4000/3976
f 4002/4002/3977 3998/3998/3977 4001/4001/3977
f 3998/3998/3978 4002/4002/3978 3997/3997/3978
f 3997/3997/3979 4002/4002/3979 3996/3996/3979
f 4003/4003/3980 3996/3996/3980 4002/4002/3980
f 3996/3996/3981 4003/4003/3981 4000/4000/3981
f 4004/4004/3982 4000/4000/3982 4003/4003/3982
f 4005/4005/3983 4006/4006/3983 4007/4007/3983
f 4003/4003/3984 4007/4007/3984 4006/4006/3984
f 4002/4002/3985 4007/4007/3985 4003/4003/3985
f 4007/4007/3986 4002/4002/3986 4005/4005/3986
f 4008/4008/3987 4000/4000/3987 4004/4004/3987
f 4000/4000/3988 4008/4008/3988 4009/4009/3988
f 4009/4009/3989 4008/4008/3989 4010/4010/3989
f 4010/4010/3990 4008/4008/3990 4011/4011/3990
f 4011/4011/3991 4008/4008/3991 4012/4012/3991
f 4012/4012/3992 4008/4008/3992 4013/4013/3992
f 4013/4013/3993 4008/4008/3993 4014/4014/3993
f 4014/4014/3994 4008/4008/3994 4015/4015/3994
f 4004/4004/3995 4015/4015/3995 4008/4008/3995
f 4015/4015/3996 4004/4004/3996 4016/4016/3996
f 4017/4017/3997 4016/4016/3997 4004/4004/3997
f 4016/4016/3998 4017/4017/3998 4006/4006/3998
f 4006/4006/3999 4017/4017/3999 4018/4018/3999
f 4019/4019/4000 4018/4018/4000 4017/4017/4000
f 4013/4013/4001 4014/4014/4001 4020/4020/4001
f 4021/4021/4002 4020/4020/4002 4014/4014/4002
f 4020/4020/4003 4021/4021/4003 4022/4022/4003
f 4016/4016/4004 4022/4022/4004 4021/4021/4004
f 4006/4006/4005 4022/4022/4005 4016/4016/4005
f 4005/4005/4006 4022/4022/4006 4006/4006/4006
f 4022/4022/4007 4005/4005/4007 4020/4020/4007
f 4012/4012/4008 4013/4013/4008 4023/4023/4008
f 4020/4020/4009 4023/4023/4009 4013/4013/4009
f 4023/4023/4010 4020/4020/4010 4024/4024/4010
f 4005/4005/4011 4024/4024/4011 4020/4020/4011
f 4025/4025/4012 4024/4024/4012 4026/4026/4012
f 4027/4027/4013 4026/4026/4013 4024/4024/4013
f 4028/4028/4014 4026/4026/4014 4027/4027/4014
f 4026/4026/4015 4028/4028/4015 4029/4029/4015
f 4029/4029/4016 4028/4028/4016 4030/4030/4016
f 4030/4030/4017 4028/4028/4017 4031/4031/4017
f 4031/4031/4018 4028/4028/4018 4032/4032/4018
f 4027/4027/4019 4032/4032/4019 4028/4028/4019
f 4033/4033/4020 4032/4032/4020 4027/4027/4020
f 4032/4032/4021 4033/4033/4021 4001/4001/4021
f 4001/4001/4022 4033/4033/4022 4002/4002/4022
f 4027/4027/4023 4002/4002/4023 4033/4033/4023
f 4002/4002/4024 4027/4027/4024 4005/4005/4024
f 4024/4024/4025 4005/4005/4025 4027/4027/4025
f 4034/4034/4026 4035/4035/4026 4036/4036/4026
f 4037/4037/4027 4036/4036/4027 4035/4035/4027
f 4036/4036/4028 4037/4037/4028 4038/4038/4028
f 4039/4039/4029 4040/4040/4029 4041/4041/4029
f 4042/4042/4030 4041/4041/4030 4040/4040/4030
f 4041/4041/4031 4042/4042/4031 4043/4043/4031
f 4044/4044/4032 4043/4043/4032 4042/4042/4032
f 4043/4043/4033 4044/4044/4033 4045/4045/4033
f 4045/4045/4034 4044/4044/4034 4035/4035/4034
f 4035/4035/4035 4044/4044/4035 4037/4037/4035
f 4037/4037/4036 4044/4044/4036 4046/4046/4036
f 4046/4046/4037 4044/4044/4037 4040/4040/4037
f 4042/4042/4038 4040/4040/4038 4044/4044/4038
f 4047/4047/4039 4048/4048/4039 4049/4049/4039
f 4050/4050/4040 4049/4049/4040 4048/4048/4040
f 4051/4051/4041 4052/4052/4041 4047/4047/4041
f 4047/4047/4042 4052/4052/4042 4048/4048/4042
f 4053/4053/4043 4048/4048/4043 4052/4052/4043
f 4054/4054/4044 4048/4048/4044 4053/4053/4044
f 4048/4048/4045 4054/4054/4045 4050/4050/4045
f 4050/4050/4046 4054/4054/4046 4055/4055/4046
f 4056/4056/4047 4055/4055/4047 4054/4054/4047
f 4057/4057/4048 4055/4055/4048 4056/4056/4048
f 4058/4058/4049 4055/4055/4049 4057/4057/4049
f 4055/4055/4050 4058/4058/4050 4050/4050/4050
f 4059/4059/4051 4050/4050/4051 4058/4058/4051
f 4050/4050/4052 4059/4059/4052 4049/4049/4052
f 4060/4060/4053 4049/4049/4053 4059/4059/4053
f 4049/4049/4054 4060/4060/4054 4047/4047/4054
f 4051/4051/4055 4047/4047/4055 4061/4061/4055
f 4060/4060/4056 4061/4061/4056 4047/4047/4056
f 4061/4061/4057 4060/4060/4057 4062/4062/4057
f 4059/4059/4058 4062/4062/4058 4060/4060/4058
f 4062/4062/4059 4059/4059/4059 4063/4063/4059
f 4058/4058/4060 4063/4063/4060 4059/4059/4060
f 4063/4063/4061 4058/4058/4061 4064/4064/4061
f 4057/4057/4062 4064/4064/4062 4058/4058/4062
f 4064/4064/4063 4057/4057/4063 4065/4065/4063
f 4066/4066/4064 4065/4065/4064 4057/4057/4064
f 4067/4067/4065 4065/4065/4065 4066/4066/4065
f 4065/4065/4066 4067/4067/4066 4068/4068/4066
f 4068/4068/4067 4067/4067/4067 4069/4069/4067
f 4070/4070/4068 4069/4069/4068 4067/4067/4068
f 4061/4061/4069 4062/4062/4069 4071/4071/4069
f 4072/4072/4070 4071/4071/4070 4062/4062/4070
f 4071/4071/4071 4072/4072/4071 4073/4073/4071
f 4073/4073/4072 4072/4072/4072 4074/4074/4072
f 4075/4075/4073 4074/4074/4073 4072/4072/4073
f 4074/4074/4074 4075/4075/4074 4076/4076/4074
f 4076/4076/4075 4075/4075/4075 4077/4077/4075
f 4064/4064/4076 4077/4077/4076 4075/4075/4076
f 4065/4065/4077 4077/4077/4077 4064/4064/4077
f 4068/4068/4078 4077/4077/4078 4065/4065/4078
f 4077/4077/4079 4068/4068/4079 4076/4076/4079
f 4069/4069/4080 4076/4076/4080 4068/4068/4080
f 4078/4078/4081 4076/4076/4081 4069/4069/4081
f 4079/4079/4082 4076/4076/4082 4078/4078/4082
f 4080/4080/4083 4076/4076/4083 4079/4079/4083
f 4076/4076/4084 4080/4080/4084 4074/4074/4084
f 4081/4081/4085 4074/4074/4085 4080/4080/4085
f 4074/4074/4086 4081/4081/4086 4073/4073/4086
f 4082/4082/4087 4073/4073/4087 4081/4081/4087
f 4073/4073/4088 4082/4082/4088 4071/4071/4088
f 4083/4083/4089 4071/4071/4089 4082/4082/4089
f 4071/4071/4090 4083/4083/4090 4061/4061/4090
f 4051/4051/4091 4061/4061/4091 4083/4083/4091
f 4064/4064/4092 4075/4075/4092 4063/4063/4092
f 4072/4072/4093 4063/4063/4093 4075/4075/4093
f 4063/4063/4094 4072/4072/4094 4062/4062/4094
f 4084/4084/4095 4085/4085/4095 4086/4086/4095
f 4087/4087/4096 4086/4086/4096 4085/4085/4096
f 4086/4086/4097 4087/4087/4097 4088/4088/4097
f 4089/4089/4098 4090/4090/4098 4084/4084/4098
f 4091/4091/4099 4084/4084/4099 4090/4090/4099
f 4084/4084/4100 4091/4091/4100 4085/4085/4100
f 4092/4092/4101 4085/4085/4101 4091/4091/4101
f 4085/4085/4102 4092/4092/4102 4087/4087/4102
f 4087/4087/4103 4092/4092/4103 4088/4088/4103
f 4093/4093/4104 4088/4088/4104 4092/4092/4104
f 4088/4088/4105 4093/4093/4105 4094/4094/4105
f 4095/4095/4106 4094/4094/4106 4093/4093/4106
f 4094/4094/4107 4095/4095/4107 4089/4089/4107
f 4096/4096/4108 4089/4089/4108 4095/4095/4108
f 4089/4089/4109 4096/4096/4109 4090/4090/4109
f 4097/4097/4110 4098/4098/4110 4099/4099/4110
f 4100/4100/4111 4099/4099/4111 4098/4098/4111
f 4099/4099/4112 4100/4100/4112 4101/4101/4112
f 4101/4101/4113 4100/4100/4113 4102/4102/4113
f 4098/4098/4114 4102/4102/4114 4100/4100/4114
f 4102/4102/4115 4098/4098/4115 4103/4103/4115
f 4104/4104/4116 4105/4105/4116 4106/4106/4116
f 4107/4107/4117 4106/4106/4117 4105/4105/4117
f 4106/4106/4118 4107/4107/4118 4108/4108/4118
f 4108/4108/4119 4107/4107/4119 4109/4109/4119
f 4105/4105/4120 4109/4109/4120 4107/4107/4120
f 4110/4110/4121 4111/4111/4121 4019/4019/4121
f 4112/4112/4122 4019/4019/4122 4111/4111/4122
f 4019/4019/4123 4112/4112/4123 4104/4104/4123
f 4113/4113/4124 4104/4104/4124 4112/4112/4124
f 4104/4104/4125 4113/4113/4125 4105/4105/4125
f 4114/4114/4126 4105/4105/4126 4113/4113/4126
f 4105/4105/4127 4114/4114/4127 4109/4109/4127
f 4109/4109/4128 4114/4114/4128 4108/4108/4128
f 4115/4115/4129 4108/4108/4129 4114/4114/4129
f 3989/3989/3971 3987/3987/4130 3995/3995/3969
f 4116/4116/4131 3995/3995/4131 3987/3987/4131
f 3995/3995/4132 4116/4116/4132 3985/3985/4132
f 3985/3985/4133 4116/4116/4133 3983/3983/4133
f 3987/3987/4134 3983/3983/4134 4116/4116/4134
f 4117/4117/4135 4118/4118/4135 4119/4119/4135
f 4120/4120/4136 4119/4119/4136 4118/4118/4136
f 4120/4120/4137 4121/4121/4137 4119/4119/4137
f 4122/4122/4138 4119/4119/4138 4121/4121/4138
f 4119/4119/4139 4122/4122/4139 4123/4123/4139
f 4124/4124/4140 4123/4123/4140 4122/4122/4140
f 4123/4123/4141 4124/4124/4141 4125/4125/4141
f 4126/4126/4142 4125/4125/4142 4124/4124/4142
f 4127/4127/4143 4125/4125/4143 4126/4126/4143
f 4128/4128/4144 4125/4125/4144 4127/4127/4144
f 4121/4121/4145 4125/4125/4145 4128/4128/4145
f 4129/4129/4146 4125/4125/4146 4121/4121/4146
f 4125/4125/4147 4129/4129/4147 4123/4123/4147
f 4130/4130/4148 4123/4123/4148 4129/4129/4148
f 4117/4117/4149 4123/4123/4149 4130/4130/4149
f 4123/4123/4150 4117/4117/4150 4119/4119/4150
f 4131/4131/4151 4132/4132/4151 4133/4133/4151
f 4134/4134/4152 4133/4133/4152 4132/4132/4152
f 4135/4135/4153 4134/4134/4153 4136/4136/4153
f 4132/4132/4154 4136/4136/4154 4134/4134/4154
f 4136/4136/4155 4132/4132/4155 4137/4137/4155
f 4131/4131/4156 4137/4137/4156 4132/4132/4156
f 4138/4138/4157 4137/4137/4157 4131/4131/4157
f 4137/4137/4158 4138/4138/4158 4139/4139/4158
f 4140/4140/4159 4139/4139/4159 4138/4138/4159
f 4139/4139/4160 4140/4140/4160 4141/4141/4160
f 4142/4142/4161 4141/4141/4161 4140/4140/4161
f 4141/4141/4162 4142/4142/4162 4133/4133/4162
f 4133/4133/4163 4142/4142/4163 4131/4131/4163
f 4143/4143/4164 4131/4131/4164 4142/4142/4164
f 4144/4144/4165 4131/4131/4165 4143/4143/4165
f 4131/4131/4166 4144/4144/4166 4138/4138/4166
f 4145/4145/4167 4146/4146/4167 4135/4135/4167
f 4146/4146/4168 4145/4145/4168 4147/4147/4168
f 4148/4148/4169 4147/4147/4170 4145/4145/4171
f 4149/4149/4172 4147/4147/4170 4148/4148/4169
f 4147/4147/4173 4149/4149/4173 4150/4150/4173
f 4151/4151/4174 4150/4150/4174 4149/4149/4174
f 4150/4150/4175 4151/4151/4175 4152/4152/4175
f 4152/4152/4176 4151/4151/4176 4153/4153/4176
f 4154/4154/4177 4153/4153/4177 4151/4151/4177
f 4148/4148/4178 4145/4145/4178 4152/4152/4178
f 4155/4155/4179 4152/4152/4179 4145/4145/4179
f 4152/4152/4180 4155/4155/4180 4150/4150/4180
f 4156/4156/4181 4157/4157/4181 4158/4158/4181
f 4159/4159/4182 4158/4158/4182 4157/4157/4182
f 4160/4160/4183 4158/4158/4183 4159/4159/4183
f 4158/4158/4184 4160/4160/4184 4161/4161/4184
f 4162/4162/4185 4161/4161/4185 4160/4160/4185
f 4161/4161/4186 4162/4162/4186 4163/4163/4186
f 4157/4157/4187 4163/4163/4188 4162/4162/4189
f 4163/4163/4190 4157/4157/4190 4156/4156/4190
f 4164/4164/4191 4160/4160/4191 4165/4165/4191
f 4159/4159/4192 4165/4165/4192 4160/4160/4192
f 4165/4165/4193 4159/4159/4193 4166/4166/4193
f 4157/4157/4194 4166/4166/4194 4159/4159/4194
f 4166/4166/4195 4157/4157/4195 4167/4167/4195
f 4162/4162/4189 4167/4167/4196 4157/4157/4187
f 4167/4167/4197 4162/4162/4197 4164/4164/4197
f 4160/4160/4198 4164/4164/4198 4162/4162/4198
f 4168/4168/4199 4169/4169/4199 4165/4165/4199
f 4170/4170/4200 4165/4165/4200 4169/4169/4200
f 4165/4165/4201 4170/4170/4201 4164/4164/4201
f 4171/4171/4202 4164/4164/4202 4170/4170/4202
f 4172/4172/4203 4164/4164/4203 4171/4171/4203
f 4164/4164/4204 4172/4172/4204 4167/4167/4204
f 4173/4173/4205 4167/4167/4205 4172/4172/4205
f 4174/4174/4206 4167/4167/4206 4173/4173/4206
f 4167/4167/4207 4174/4174/4207 4166/4166/4207
f 4175/4175/4208 4166/4166/4208 4174/4174/4208
f 4166/4166/4209 4175/4175/4209 4165/4165/4209
f 4168/4168/4210 4165/4165/4210 4175/4175/4210
f 4176/4176/4211 4177/4177/4211 4178/4178/4211
f 4179/4179/4212 4180/4180/4212 4181/4181/4212
f 4182/4182/4213 4181/4181/4213 4180/4180/4213
f 4181/4181/4214 4182/4182/4214 4183/4183/4214
f 4181/4181/4215 4184/4184/4215 4179/4179/4215
f 4184/4184/4216 4181/4181/4216 4185/4185/4216
f 4185/4185/4217 4181/4181/4217 4186/4186/4217
f 4183/4183/4218 4186/4186/4218 4181/4181/4218
f 4186/4186/4219 4183/4183/4219 4187/4187/4219
f 4187/4187/4220 4183/4183/4220 4188/4188/4220
f 4182/4182/4221 4188/4188/4221 4183/4183/4221
f 4189/4189/4222 4188/4188/4222 4182/4182/4222
f 4190/4190/4223 4188/4188/4223 4189/4189/4223
f 4188/4188/4224 4190/4190/4224 4191/4191/4224
f 4191/4191/4225 4190/4190/4225 4192/4192/4225
f 4193/4193/4226 4192/4192/4226 4190/4190/4226
f 4194/4194/4227 4192/4192/4227 4193/4193/4227
f 4195/4195/4228 4192/4192/4228 4194/4194/4228
f 4192/4192/4229 4195/4195/4229 4196/4196/4229
f 4197/4197/4230 4196/4196/4230 4195/4195/4230
f 4198/4198/4231 4196/4196/4231 4197/4197/4231
f 4199/4199/4232 4196/4196/4232 4198/4198/4232
f 4187/4187/4233 4196/4196/4233 4199/4199/4233
f 4188/4188/4234 4196/4196/4234 4187/4187/4234
f 4191/4191/4235 4196/4196/4235 4188/4188/4235
f 4196/4196/4236 4191/4191/4236 4192/4192/4236
f 4194/4194/4237 4200/4200/4237 4195/4195/4237
f 4200/4200/4238 4194/4194/4239 4201/4201/4238
f 4193/4193/4240 4201/4201/4240 4194/4194/4240
f 4202/4202/4241 4201/4201/4241 4193/4193/4241
f 4179/4179/4242 4201/4201/4242 4202/4202/4242
f 4184/4184/4243 4201/4201/4243 4179/4179/4243
f 4203/4203/4244 4201/4201/4244 4184/4184/4244
f 4201/4201/4238 4203/4203/4245 4200/4200/4238
f 4204/4204/4246 4200/4200/4246 4203/4203/4246
f 4205/4205/4247 4200/4200/4247 4204/4204/4247
f 4200/4200/4248 4205/4205/4248 4195/4195/4248
f 4206/4206/4249 4195/4195/4249 4205/4205/4249
f 4195/4195/4250 4206/4206/4250 4197/4197/4250
f 4207/4207/4251 4197/4197/4251 4206/4206/4251
f 4207/4207/4252 4198/4198/4252 4197/4197/4252
f 4198/4198/4253 4207/4207/4253 4199/4199/4253
f 4208/4208/4254 4199/4199/4254 4207/4207/4254
f 4199/4199/4255 4208/4208/4255 4187/4187/4255
f 4209/4209/4256 4187/4187/4256 4208/4208/4256
f 4187/4187/4257 4209/4209/4257 4186/4186/4257
f 4210/4210/4258 4186/4186/4258 4209/4209/4258
f 4186/4186/4259 4210/4210/4259 4185/4185/4259
f 4211/4211/4260 4185/4185/4260 4210/4210/4260
f 4212/4212/4261 4185/4185/4261 4211/4211/4261
f 4185/4185/4262 4212/4212/4262 4184/4184/4262
f 4184/4184/4263 4212/4212/4263 4203/4203/4263
f 4213/4213/4264 4203/4203/4264 4212/4212/4264
f 4204/4204/4265 4203/4203/4265 4213/4213/4265
f 4213/4213/4266 4214/4214/4266 4204/4204/4266
f 4215/4215/4267 4204/4204/4267 4214/4214/4267
f 4204/4204/4268 4215/4215/4268 4205/4205/4268
f 4216/4216/4269 4205/4205/4270 4215/4215/4271
f 4205/4205/4272 4216/4216/4272 4206/4206/4272
f 4206/4206/4273 4216/4216/4273 4207/4207/4273
f 4217/4217/4274 4207/4207/4274 4216/4216/4274
f 4218/4218/4275 4207/4207/4275 4217/4217/4275
f 4207/4207/4276 4218/4218/4276 4208/4208/4276
f 4208/4208/4277 4218/4218/4277 4209/4209/4277
f 4219/4219/4278 4209/4209/4278 4218/4218/4278
f 4209/4209/4279 4219/4219/4279 4210/4210/4279
f 4220/4220/4280 4210/4210/4280 4219/4219/4280
f 4211/4211/4281 4210/4210/4281 4220/4220/4281
f 4220/4220/4282 4221/4221/4282 4211/4211/4282
f 4222/4222/4283 4211/4211/4283 4221/4221/4283
f 4211/4211/4284 4222/4222/4284 4212/4212/4284
f 4212/4212/4285 4222/4222/4285 4213/4213/4285
f 4221/4221/4286 4213/4213/4286 4222/4222/4286
f 4213/4213/4287 4221/4221/4287 4214/4214/4287
f 4223/4223/4288 4214/4214/4288 4221/4221/4288
f 4224/4224/4289 4214/4214/4289 4223/4223/4289
f 4214/4214/4290 4224/4224/4290 4215/4215/4290
f 4225/4225/4291 4215/4215/4291 4224/4224/4291
f 4215/4215/4271 4225/4225/4292 4216/4216/4269
f 4226/4226/4293 4216/4216/4293 4225/4225/4293
f 4216/4216/4294 4226/4226/4294 4217/4217/4294
f 4227/4227/4295 4217/4217/4295 4226/4226/4295
f 4228/4228/4296 4229/4229/4296 4230/4230/4296
f 4231/4231/4297 4230/4230/4297 4229/4229/4297
f 4232/4232/4298 4230/4230/4298 4231/4231/4298
f 4230/4230/4299 4232/4232/4299 4233/4233/4299
f 4233/4233/4300 4232/4232/4300 4234/4234/4300
f 4235/4235/4301 4234/4234/4301 4232/4232/4301
f 4234/4234/4302 4235/4235/4302 4236/4236/4302
f 4237/4237/4303 4238/4238/4303 4239/4239/4303
f 4239/4239/4304 4238/4238/4304 4240/4240/4304
f 4241/4241/4305 4240/4240/4305 4238/4238/4305
f 4240/4240/4306 4241/4241/4306 4242/4242/4306
f 4243/4243/4307 4242/4242/4307 4241/4241/4307
f 4242/4242/4308 4243/4243/4308 4244/4244/4308
f 4245/4245/4309 4244/4244/4309 4243/4243/4309
f 4244/4244/4310 4245/4245/4310 4246/4246/4310
f 4247/4247/4311 4248/4248/4311 4249/4249/4311
f 4250/4250/4312 4249/4249/4312 4248/4248/4312
f 4249/4249/4313 4250/4250/4313 4251/4251/4313
f 4252/4252/4314 4251/4251/4314 4250/4250/4314
f 4251/4251/4315 4252/4252/4315 4253/4253/4315
f 4253/4253/4316 4252/4252/4316 4254/4254/4316
f 4255/4255/4317 4254/4254/4317 4252/4252/4317
f 4254/4254/4318 4255/4255/4318 4256/4256/4318
f 4257/4257/4319 4256/4256/4319 4255/4255/4319
f 4256/4256/4320 4257/4257/4320 4247/4247/4320
f 4258/4258/4321 4247/4247/4321 4257/4257/4321
f 4247/4247/4322 4258/4258/4322 4248/4248/4322
f 4247/4247/4323 4259/4259/4323 4256/4256/4323
f 4260/4260/4324 4256/4256/4324 4259/4259/4324
f 4256/4256/4325 4260/4260/4326 4261/4261/4327
f 4262/4262/4328 4261/4261/4328 4260/4260/4328
f 4263/4263/4329 4261/4261/4329 4262/4262/4329
f 4249/4249/4330 4261/4261/4330 4263/4263/4330
f 4251/4251/4331 4261/4261/4331 4249/4249/4331
f 4261/4261/4332 4251/4251/4332 4264/4264/4332
f 4253/4253/4333 4264/4264/4333 4251/4251/4333
f 4254/4254/4334 4264/4264/4334 4253/4253/4334
f 4264/4264/4335 4254/4254/4335 4261/4261/4335
f 4256/4256/4325 4261/4261/4327 4254/4254/4336
f 4265/4265/4337 4266/4266/4337 4267/4267/4337
f 4268/4268/4338 4269/4269/4338 4267/4267/4338
f 4267/4267/4339 4269/4269/4339 4265/4265/4339
f 4270/4270/4340 4265/4265/4340 4269/4269/4340
f 4271/4271/4341 4272/4272/4341 4273/4273/4341
f 4274/4274/4342 4273/4273/4342 4272/4272/4342
f 4275/4275/4343 4276/4276/4343 4277/4277/4343
f 4278/4278/4344 4277/4277/4344 4276/4276/4344
f 4277/4277/4345 4278/4278/4345 4279/4279/4345
f 4279/4279/4346 4278/4278/4346 4280/4280/4346
f 4280/4280/4347 4278/4278/4347 4281/4281/4347
f 4282/4282/4348 4281/4281/4348 4278/4278/4348
f 4281/4281/4349 4282/4282/4350 4283/4283/4351
f 4284/4284/4352 4283/4283/4351 4282/4282/4350
f 4283/4283/4353 4284/4284/4353 4279/4279/4353
f 4279/4279/4354 4284/4284/4354 4277/4277/4354
f 4277/4277/4355 4284/4284/4355 4285/4285/4355
f 4285/4285/4356 4284/4284/4356 4286/4286/4356
f 4286/4286/4357 4284/4284/4357 4273/4273/4357
f 4282/4282/4358 4273/4273/4358 4284/4284/4358
f 4287/4287/4359 4288/4288/4359 4285/4285/4359
f 4289/4289/4360 4285/4285/4360 4288/4288/4360
f 4285/4285/4361 4289/4289/4361 4277/4277/4361
f 4290/4290/4362 4277/4277/4362 4289/4289/4362
f 4277/4277/4363 4290/4290/4363 4275/4275/4363
f 4291/4291/4364 4275/4275/4364 4290/4290/4364
f 4288/4288/4365 4275/4275/4365 4291/4291/4365
f 4275/4275/4366 4288/4288/4366 4287/4287/4366
f 4292/4292/4367 4293/4293/4368 4294/4294/4369
f 4295/4295/4370 4294/4294/4370 4293/4293/4370
f 4294/4294/4371 4295/4295/4371 4296/4296/4371
f 4296/4296/4372 4295/4295/4372 4297/4297/4372
f 4293/4293/4373 4297/4297/4373 4295/4295/4373
f 4297/4297/4374 4293/4293/4374 4298/4298/4374
f 4299/4299/4375 4298/4298/4375 4293/4293/4375
f 4298/4298/4376 4299/4299/4376 4300/4300/4376
f 4301/4301/4377 4300/4300/4377 4299/4299/4377
f 4300/4300/4378 4301/4301/4379 4292/4292/4380
f 4302/4302/4381 4292/4292/4380 4301/4301/4379
f 4292/4292/4367 4302/4302/4382 4293/4293/4368
f 4303/4303/4383 4293/4293/4383 4302/4302/4383
f 4293/4293/4384 4303/4303/4384 4299/4299/4384
f 4304/4304/4385 4292/4292/4386 4305/4305/4387
f 4294/4294/4388 4305/4305/4388 4292/4292/4388
f 4305/4305/4389 4294/4294/4389 4306/4306/4389
f 4296/4296/4390 4306/4306/4390 4294/4294/4390
f 4297/4297/4391 4306/4306/4391 4296/4296/4391
f 4306/4306/4392 4297/4297/4392 4307/4307/4392
f 4298/4298/4393 4307/4307/4393 4297/4297/4393
f 4307/4307/4394 4298/4298/4394 4308/4308/4394
f 4300/4300/4395 4308/4308/4395 4298/4298/4395
f 4308/4308/4396 4300/4300/4396 4309/4309/4396
f 4292/4292/4397 4309/4309/4397 4300/4300/4397
f 4309/4309/4398 4292/4292/4386 4304/4304/4385
f 4310/4310/4399 4311/4311/4399 4312/4312/4399
f 4313/4313/4400 4312/4312/4400 4311/4311/4400
f 4312/4312/4401 4313/4313/4401 4314/4314/4401
f 4314/4314/4402 4313/4313/4402 4315/4315/4402
f 4311/4311/4403 4315/4315/4403 4313/4313/4403
f 4315/4315/4404 4311/4311/4404 4316/4316/4404
f 4317/4317/4405 4310/4310/4405 4318/4318/4405
f 4312/4312/4406 4318/4318/4406 4310/4310/4406
f 4318/4318/4407 4312/4312/4407 4319/4319/4407
f 4314/4314/4408 4319/4319/4408 4312/4312/4408
f 4315/4315/4409 4319/4319/4409 4314/4314/4409
f 4319/4319/4410 4315/4315/4410 4320/4320/4410
f 4316/4316/4411 4320/4320/4411 4315/4315/4411
f 4320/4320/4412 4316/4316/4412 4321/4321/4412
f 4322/4322/4413 4321/4321/4413 4316/4316/4413
f 4321/4321/4414 4322/4322/4414 4323/4323/4414
f 4310/4310/4415 4323/4323/4415 4322/4322/4415
f 4323/4323/4416 4310/4310/4416 4317/4317/4416
f 4324/4324/4417 4316/4316/4417 4325/4325/4417
f 4311/4311/4418 4325/4325/4418 4316/4316/4418
f 4325/4325/4419 4311/4311/4419 4326/4326/4419
f 4310/4310/4420 4326/4326/4420 4311/4311/4420
f 4326/4326/4421 4310/4310/4421 4327/4327/4421
f 4322/4322/4422 4327/4327/4422 4310/4310/4422
f 4327/4327/4423 4322/4322/4423 4324/4324/4423
f 4316/4316/4424 4324/4324/4424 4322/4322/4424
f 4328/4328/4425 4329/4329/4425 4330/4330/4425
f 4331/4331/4426 4330/4330/4426 4329/4329/4426
f 4330/4330/4427 4331/4331/4427 4332/4332/4427
f 4332/4332/4428 4331/4331/4428 4333/4333/4428
f 4333/4333/4429 4331/4331/4429 4334/4334/4429
f 4329/4329/4430 4334/4334/4430 4331/4331/4430
f 4335/4335/4431 4336/4336/4431 4328/4328/4431
f 4337/4337/4432 4328/4328/4432 4336/4336/4432
f 4328/4328/4433 4337/4337/4433 4329/4329/4433
f 4338/4338/4434 4329/4329/4434 4337/4337/4434
f 4329/4329/4435 4338/4338/4435 4334/4334/4435
f 4334/4334/4436 4338/4338/4436 4333/4333/4436
f 4339/4339/4437 4333/4333/4437 4338/4338/4437
f 4333/4333/4438 4339/4339/4438 4332/4332/4438
f 4340/4340/4439 4332/4332/4439 4339/4339/4439
f 4332/4332/4440 4340/4340/4440 4335/4335/4440
f 4341/4341/4441 4335/4335/4441 4340/4340/4441
f 4335/4335/4442 4341/4341/4442 4336/4336/4442
f 4342/4342/4443 4330/4330/4443 4343/4343/4443
f 4332/4332/4444 4343/4343/4444 4330/4330/4444
f 4343/4343/4445 4332/4332/4445 4344/4344/4445
f 4335/4335/4446 4344/4344/4446 4332/4332/4446
f 4344/4344/4447 4335/4335/4447 4345/4345/4447
f 4328/4328/4448 4345/4345/4448 4335/4335/4448
f 4345/4345/4449 4328/4328/4449 4346/4346/4449
f 4330/4330/4450 4346/4346/4450 4328/4328/4450
f 4346/4346/4451 4330/4330/4451 4342/4342/4451
f 4347/4347/4452 4348/4348/4452 4349/4349/4452
f 4350/4350/4453 4349/4349/4453 4348/4348/4453
f 4349/4349/4454 4350/4350/4454 4351/4351/4454
f 4352/4352/4455 4351/4351/4455 4350/4350/4455
f 4351/4351/4456 4352/4352/4456 4353/4353/4456
f 4354/4354/4457 4353/4353/4457 4352/4352/4457
f 4355/4355/4458 4353/4353/4458 4354/4354/4458
f 4353/4353/4459 4355/4355/4459 4356/4356/4459
f 4347/4347/4460 4356/4356/4460 4355/4355/4460
f 4356/4356/4461 4347/4347/4461 4349/4349/4461
f 4357/4357/4462 4358/4358/4462 4359/4359/4462
f 4360/4360/4463 4359/4359/4463 4358/4358/4463
f 4359/4359/4464 4360/4360/4464 4361/4361/4464
f 4362/4362/4465 4361/4361/4465 4360/4360/4465
f 4361/4361/4466 4362/4362/4466 4363/4363/4466
f 4364/4364/4467 4363/4363/4467 4362/4362/4467
f 4365/4365/4468 4363/4363/4468 4364/4364/4468
f 4363/4363/4469 4365/4365/4469 4366/4366/4469
f 4367/4367/4470 4366/4366/4470 4365/4365/4470
f 4366/4366/4471 4367/4367/4471 4368/4368/4471
f 4358/4358/4472 4368/4368/4472 4367/4367/4472
f 4368/4368/4473 4358/4358/4473 4357/4357/4473
f 4369/4369/4474 4367/4367/4474 4370/4370/4474
f 4367/4367/4475 4369/4369/4475 4358/4358/4475
f 4371/4371/4476 4358/4358/4476 4369/4369/4476
f 4372/4372/4477 4358/4358/4477 4371/4371/4477
f 4358/4358/4478 4372/4372/4478 4360/4360/4478
f 4370/4370/4479 4360/4360/4479 4372/4372/4479
f 4360/4360/4480 4370/4370/4480 4373/4373/4480
f 4367/4367/4481 4373/4373/4481 4370/4370/4481
f 4365/4365/4482 4373/4373/4482 4367/4367/4482
f 4373/4373/4483 4365/4365/4483 4374/4374/4483
f 4364/4364/4484 4374/4374/4484 4365/4365/4484
f 4362/4362/4485 4374/4374/4485 4364/4364/4485
f 4374/4374/4486 4362/4362/4486 4373/4373/4486
f 4360/4360/4487 4373/4373/4487 4362/4362/4487
f 4375/4375/4488 4376/4376/4488 4377/4377/4488
f 4378/4378/4489 4375/4375/4489 4379/4379/4489
f 4380/4380/4490 4379/4379/4490 4375/4375/4490
f 4381/4381/4491 4379/4379/4491 4380/4380/4491
f 4379/4379/4492 4381/4381/4492 4382/4382/4492
f 4383/4383/4493 4382/4382/4493 4381/4381/4493
f 4384/4384/4494 4385/4385/4494 4386/4386/4494
f 4387/4387/4495 4388/4388/4495 4389/4389/4495
f 4390/4390/4496 4389/4389/4496 4388/4388/4496
f 4386/4386/4497 4389/4389/4497 4390/4390/4497
f 4389/4389/4498 4386/4386/4498 4391/4391/4498
f 4385/4385/4499 4391/4391/4499 4386/4386/4499
f 4391/4391/4500 4385/4385/4500 4392/4392/4500
f 4393/4393/4501 4392/4392/4501 4385/4385/4501
f 4392/4392/4502 4393/4393/4502 4394/4394/4502
f 4384/4384/4503 4386/4386/4504 4395/4395/4505
f 4390/4390/4506 4395/4395/4506 4386/4386/4506
f 4395/4395/4507 4390/4390/4507 4396/4396/4507
f 4388/4388/4508 4396/4396/4508 4390/4390/4508
f 4397/4397/4509 4396/4396/4509 4388/4388/4509
f 4396/4396/4510 4397/4397/4510 4398/4398/4510
f 4399/4399/4511 4398/4398/4511 4397/4397/4511
f 4400/4400/4512 4398/4398/4512 4399/4399/4512
f 4398/4398/4513 4400/4400/4513 4401/4401/4513
f 4401/4401/4514 4400/4400/4515 4402/4402/4516
f 4403/4403/4517 4402/4402/4516 4400/4400/4515
f 4402/4402/4518 4403/4403/4518 4404/4404/4518
f 4404/4404/4519 4403/4403/4519 4405/4405/4519
f 4406/4406/4520 4405/4405/4520 4403/4403/4520
f 4400/4400/4521 4399/4399/4521 4407/4407/4521
f 4408/4408/4522 4407/4407/4522 4399/4399/4522
f 4406/4406/4523 4407/4407/4523 4408/4408/4523
f 4403/4403/4524 4407/4407/4524 4406/4406/4524
f 4407/4407/4525 4403/4403/4525 4400/4400/4525
f 4409/4409/4526 4398/4398/4526 4401/4401/4526
f 4398/4398/4527 4409/4409/4527 4396/4396/4527
f 4396/4396/4528 4409/4409/4528 4395/4395/4528
f 4395/4395/4529 4409/4409/4529 4410/4410/4529
f 4410/4410/4530 4409/4409/4530 4411/4411/4530
f 4411/4411/4531 4409/4409/4531 4412/4412/4531
f 4401/4401/4532 4412/4412/4532 4409/4409/4532
f 4406/4406/4533 4413/4413/4533 4405/4405/4533
f 4413/4413/4534 4406/4406/4534 4414/4414/4534
f 4408/4408/4535 4414/4414/4535 4406/4406/4535
f 4414/4414/4536 4408/4408/4536 4415/4415/4536
f 4416/4416/4537 4415/4415/4537 4408/4408/4537
f 4417/4417/4538 4415/4415/4538 4416/4416/4538
f 4415/4415/4539 4417/4417/4539 4418/4418/4539
f 4419/4419/4540 4418/4418/4540 4417/4417/4540
f 4418/4418/4541 4419/4419/4541 4420/4420/4541
f 4420/4420/4542 4419/4419/4542 4421/4421/4542
f 4421/4421/4543 4419/4419/4543 4384/4384/4543
f 4422/4422/4544 4384/4384/4544 4419/4419/4544
f 4384/4384/4545 4422/4422/4545 4385/4385/4545
f 4393/4393/4546 4385/4385/4546 4422/4422/4546
f 4423/4423/4547 4413/4413/4547 4424/4424/4547
f 4414/4414/4548 4424/4424/4548 4413/4413/4548
f 4415/4415/4549 4424/4424/4549 4414/4414/4549
f 4424/4424/4550 4415/4415/4550 4425/4425/4550
f 4418/4418/4551 4425/4425/4551 4415/4415/4551
f 4384/4384/4503 4395/4395/4505 4421/4421/4552
f 4410/4410/4553 4421/4421/4552 4395/4395/4505
f 4426/4426/4554 4421/4421/4554 4410/4410/4554
f 4427/4427/4555 4421/4421/4555 4426/4426/4555
f 4421/4421/4556 4427/4427/4556 4420/4420/4556
f 4428/4428/4557 4429/4429/4557 4430/4430/4557
f 4431/4431/4558 4430/4430/4558 4429/4429/4558
f 4430/4430/4559 4431/4431/4559 4432/4432/4559
f 4432/4432/4560 4433/4433/4560 4430/4430/4560
f 4434/4434/4561 4430/4430/4561 4433/4433/4561
f 4430/4430/4562 4434/4434/4562 4435/4435/4562
f 4436/4436/4563 4435/4435/4563 4434/4434/4563
f 4435/4435/4564 4436/4436/4564 4437/4437/4564
f 4438/4438/4565 4437/4437/4565 4436/4436/4565
f 4439/4439/4566 4437/4437/4566 4438/4438/4566
f 4428/4428/4567 4437/4437/4567 4439/4439/4567
f 4430/4430/4568 4437/4437/4568 4428/4428/4568
f 4437/4437/4569 4430/4430/4569 4435/4435/4569
f 4440/4440/4570 4441/4441/4570 4442/4442/4570
f 4443/4443/4571 4442/4442/4571 4441/4441/4571
f 4444/4444/4572 4442/4442/4572 4443/4443/4572
f 4445/4445/4573 4442/4442/4573 4444/4444/4573
f 4434/4434/4574 4442/4442/4574 4445/4445/4574
f 4446/4446/4575 4442/4442/4575 4434/4434/4575
f 4447/4447/4576 4442/4442/4576 4446/4446/4576
f 4442/4442/4577 4447/4447/4577 4440/4440/4577
f 4448/4448/4578 4449/4449/4578 4450/4450/4578
f 4450/4450/4579 4449/4449/4579 4451/4451/4579
f 4452/4452/4580 4451/4451/4580 4449/4449/4580
f 4451/4451/4581 4452/4452/4581 4453/4453/4581
f 4454/4454/4582 4452/4452/4582 4455/4455/4582
f 4449/4449/4583 4455/4455/4583 4452/4452/4583
f 4448/4448/4584 4455/4455/4584 4449/4449/4584
f 4455/4455/4585 4448/4448/4586 4456/4456/4587
f 4457/4457/4588 4456/4456/4588 4448/4448/4588
f 4456/4456/4589 4457/4457/4589 4458/4458/4589
f 4459/4459/4590 4448/4448/4590 4450/4450/4590
f 4448/4448/4591 4459/4459/4591 4457/4457/4591
f 4460/4460/4592 4457/4457/4592 4459/4459/4592
f 4461/4461/4593 4457/4457/4593 4460/4460/4593
f 4457/4457/4594 4461/4461/4594 4458/4458/4594
f 4462/4462/4595 4458/4458/4595 4461/4461/4595
f 4463/4463/4596 4458/4458/4596 4462/4462/4596
f 4464/4464/4597 4458/4458/4597 4463/4463/4597
f 4458/4458/4598 4464/4464/4599 4456/4456/4600
f 4465/4465/4601 4456/4456/4600 4464/4464/4599
f 4456/4456/4587 4465/4465/4602 4455/4455/4585
f 4466/4466/4603 4455/4455/4603 4465/4465/4603
f 4455/4455/4604 4466/4466/4604 4454/4454/4604
f 4467/4467/4605 4454/4454/4605 4466/4466/4605
o rg_1_0
v 0.065625 1.375740 0.000550
v 0.081558 1.344973 -0.007142
v 0.082901 1.345278 -0.008790
v 0.042366 1.397228 0.004212
v 0.053416 1.387644 0.003846
v 0.053660 1.390574 -0.008241
v 0.069532 1.375618 -0.008485
v 0.053293 1.386118 -0.019351
v 0.069227 1.370857 -0.016177
v 0.082413 1.344545 -0.009950
v 0.027349 1.407912 -0.007570
v 0.040901 1.401868 -0.006593
v 0.044014 1.395092 -0.019535
v 0.028753 1.400220 -0.019168
v 0.014712 1.399304 -0.017520
v 0.014712 1.405714 -0.006104
v 0.006654 1.399060 -0.016482
v 0.007387 1.401502 -0.003296
v -0.000061 1.395641 -0.011965
v -0.000061 1.395641 -0.002869
v 0.008424 1.396679 0.002381
v -0.000061 1.390941 0.003968
v 0.029363 1.403394 0.004212
v 0.015078 1.399853 0.002930
v -0.060253 1.296136 -0.091325
v -0.048776 1.270374 -0.094988
v -0.049448 1.271595 -0.087357
v -0.039741 1.256273 -0.085037
v -0.039192 1.255235 -0.089066
v -0.038887 1.255784 -0.093340
v -0.045785 1.269886 -0.099261
v -0.060619 1.298028 -0.101398
v -0.056590 1.297357 -0.106953
v -0.064221 1.325926 -0.096697
v -0.056224 1.324705 -0.104145
v -0.052134 1.346926 -0.099383
v -0.060192 1.345827 -0.090959
v -0.066846 1.320310 -0.088029
v -0.040779 1.382211 -0.076247
v -0.036323 1.376534 -0.085953
v -0.024480 1.388194 -0.071729
v -0.022404 1.377694 -0.079055
v -0.003358 1.387705 -0.073744
v -0.003052 1.390208 -0.067334
v -0.002686 1.387461 -0.060680
v -0.022404 1.388621 -0.065502
v -0.041206 1.378121 -0.068738
v -0.062878 1.340944 -0.082168
v 0.017948 1.387583 -0.072462
v 0.007570 1.389354 -0.060924
v 0.021244 1.381295 -0.066540
v 0.010561 1.382822 -0.052866
v 0.001038 1.387095 -0.065258
v 0.007448 1.384897 -0.082412
v 0.023503 1.385691 -0.082412
v 0.013125 1.379952 -0.089494
v 0.032721 1.380441 -0.093523
v 0.022648 1.372566 -0.101092
v 0.033514 1.358281 -0.109517
v 0.041695 1.363348 -0.098651
v 0.047311 1.346560 -0.106098
v 0.038093 1.344912 -0.113302
v 0.054026 1.326720 -0.113302
v 0.045602 1.325926 -0.115133
v 0.027776 1.380319 -0.072157
v 0.039985 1.370063 -0.082351
v 0.048227 1.356938 -0.088395
v 0.053904 1.342470 -0.094011
v 0.059642 1.325499 -0.103473
v 0.052988 1.291801 -0.108967
v 0.052805 1.291679 -0.111592
v 0.051157 1.291557 -0.111592
v -0.007509 1.401563 -0.003296
v -0.008546 1.396557 -0.001221
v -0.000061 1.395641 -0.002869
v -0.000061 1.390941 0.003968
v -0.000061 1.395641 -0.011965
v -0.006776 1.397961 -0.016482
v -0.014834 1.406202 -0.006104
v -0.014834 1.399792 -0.017520
v -0.027593 1.408888 -0.007570
v -0.028997 1.401135 -0.019168
v -0.045052 1.398083 -0.019535
v -0.041939 1.405103 -0.006593
v -0.054820 1.393260 -0.008241
v -0.054392 1.388682 -0.019351
v -0.071607 1.378487 -0.009157
v -0.069959 1.372200 -0.016360
v -0.015262 1.400281 0.002930
v -0.029669 1.404310 0.004212
v -0.043343 1.400281 0.004212
v -0.054575 1.390208 0.003846
v -0.072401 1.375313 0.000977
v -0.083511 1.346194 -0.010866
v -0.084305 1.345888 -0.012453
v -0.084061 1.345522 -0.014101
v -0.004762 1.382272 0.068250
v -0.005555 1.370368 0.068922
v -0.000183 1.377694 0.058849
v -0.000855 1.367743 0.064892
v -0.013674 1.375923 0.076797
v -0.016299 1.389231 0.074355
v -0.031805 1.376717 0.082352
v -0.032843 1.389659 0.077346
v -0.047799 1.368109 0.085221
v -0.051401 1.377511 0.079666
v -0.060558 1.355168 0.088639
v -0.063183 1.366400 0.081131
v -0.071913 1.337830 0.087358
v -0.079910 1.341432 0.080581
v -0.088334 1.307124 0.078994
v -0.085038 1.305781 0.080459
v -0.000122 1.381540 0.054026
v -0.008119 1.384287 0.053599
v -0.019291 1.388011 0.062451
v -0.037238 1.390452 0.064587
v -0.055979 1.376290 0.066907
v -0.065075 1.363958 0.065930
v -0.078811 1.342897 0.071852
v -0.087907 1.306575 0.076125
v -0.011110 1.391856 -0.072157
v -0.019779 1.389903 -0.066784
v -0.005250 1.387034 -0.060314
v -0.012637 1.389415 -0.053843
v 0.002015 1.389354 -0.064037
v -0.000366 1.390941 -0.076125
v -0.017032 1.386851 -0.086075
v -0.006532 1.381479 -0.087906
v -0.022404 1.378365 -0.097002
v -0.009401 1.370612 -0.101276
v -0.020451 1.350162 -0.112203
v -0.033087 1.356877 -0.109090
v -0.024846 1.328979 -0.122215
v -0.037605 1.332825 -0.118491
v -0.036567 1.306880 -0.120994
v -0.026311 1.303767 -0.122337
v -0.027471 1.383981 -0.078689
v -0.035468 1.374214 -0.089005
v -0.043526 1.350528 -0.098712
v -0.048410 1.327330 -0.110555
v -0.045724 1.305232 -0.114523
v -0.030584 1.271778 -0.111592
v -0.028570 1.271900 -0.113363
v -0.024907 1.271412 -0.112997
v -0.004701 1.388255 0.051096
v -0.005616 1.382028 0.054148
v -0.000183 1.382333 0.044259
v -0.000305 1.374641 0.047555
v -0.013552 1.386729 0.059826
v -0.015567 1.396557 0.055430
v -0.028814 1.388560 0.066785
v -0.029974 1.398388 0.059093
v -0.042977 1.382883 0.068616
v -0.044198 1.391612 0.061657
v -0.061535 1.370124 0.067029
v -0.064343 1.373604 0.060375
v -0.082596 1.346743 0.065259
v -0.082718 1.354008 0.057201
v -0.097186 1.321348 0.047983
v -0.095049 1.320127 0.048349
v -0.000122 1.388560 0.033576
v -0.008119 1.393505 0.038276
v -0.018558 1.396313 0.043099
v -0.034430 1.396557 0.046212
v -0.050485 1.389781 0.049081
v -0.066174 1.373604 0.050241
v -0.080825 1.355106 0.050730
v -0.096881 1.321714 0.046029
v 0.014834 1.382638 -0.071973
v 0.008852 1.377144 -0.060863
v 0.019169 1.378854 -0.068189
v 0.013491 1.372871 -0.055308
v 0.001221 1.377938 -0.065625
v 0.003113 1.385447 -0.077712
v 0.017032 1.384104 -0.081191
v 0.006166 1.379464 -0.084915
v 0.022038 1.380685 -0.092607
v 0.011294 1.374336 -0.096941
v 0.017948 1.363226 -0.106892
v 0.028387 1.368903 -0.099627
v 0.031500 1.356388 -0.108052
v 0.021000 1.353214 -0.111898
v 0.035285 1.338746 -0.116842
v 0.027166 1.336732 -0.116476
v 0.023320 1.378609 -0.074232
v 0.031561 1.372749 -0.085953
v 0.036811 1.363165 -0.093218
v 0.040107 1.351505 -0.099994
v 0.042488 1.336304 -0.110249
v 0.033942 1.310115 -0.119223
v 0.033087 1.310299 -0.121299
v 0.031622 1.309932 -0.120994
v -0.015689 1.395702 -0.053721
v -0.015689 1.395458 -0.046639
v 0.000672 1.391429 -0.049325
v -0.001282 1.388560 -0.040657
v -0.023686 1.393505 -0.047250
v -0.024968 1.394726 -0.058543
v -0.039741 1.389964 -0.048959
v -0.038215 1.388682 -0.061412
v -0.065686 1.363165 -0.050546
v -0.066296 1.363226 -0.059764
v -0.074538 1.341371 -0.057078
v -0.076125 1.341920 -0.048104
v -0.074354 1.312374 -0.056040
v -0.071119 1.307674 -0.049264
v -0.064282 1.288139 -0.061840
v -0.063122 1.288688 -0.059642
v 0.001770 1.389292 -0.059032
v -0.012637 1.389109 -0.067273
v -0.020939 1.387766 -0.069165
v -0.034857 1.385019 -0.071851
v -0.063916 1.354008 -0.070264
v -0.071913 1.335144 -0.065441
v -0.069837 1.314267 -0.062389
v -0.063122 1.289665 -0.064282
v 0.054148 1.293572 -0.077223
v 0.063488 1.295037 -0.060863
v 0.051767 1.271351 -0.069104
v 0.057750 1.272022 -0.059886
v 0.043282 1.247604 -0.061412
v 0.047250 1.247543 -0.054880
v 0.046639 1.248520 -0.048471
v 0.056651 1.273610 -0.046761
v 0.061413 1.293755 -0.047311
v 0.061474 1.320921 -0.044014
v 0.060924 1.325865 -0.062267
v 0.050302 1.322203 -0.079909
v 0.014224 1.383432 0.075820
v 0.003907 1.382944 0.069227
v 0.011233 1.369452 0.077468
v 0.004456 1.368415 0.070081
v -0.000855 1.367255 0.065564
v -0.000427 1.375923 0.058971
v -0.000305 1.382150 0.050974
v 0.007326 1.385569 0.058910
v 0.017215 1.386729 0.064282
v 0.028325 1.383859 0.078750
v 0.032660 1.385752 0.066235
v 0.051767 1.372322 0.068006
v 0.047189 1.369575 0.080398
v 0.040901 1.361211 0.082596
v 0.027044 1.369452 0.082718
v 0.051279 1.350467 0.081314
v 0.057811 1.357548 0.077590
v 0.059886 1.360540 0.068250
v 0.072035 1.332886 0.064831
v 0.070509 1.335938 0.058971
v 0.078628 1.302668 0.046456
v 0.078322 1.304011 0.043831
v 0.073500 1.301325 0.046151
v 0.064770 1.328063 0.069959
v -0.078872 1.311642 0.081924
v -0.093828 1.313778 0.070203
v -0.085953 1.289360 0.078811
v -0.092607 1.290886 0.067456
v -0.092180 1.310543 0.056163
v -0.093218 1.293267 0.058788
v -0.001221 1.360112 0.059642
v -0.008180 1.363104 0.065869
v -0.000672 1.359197 0.064038
v -0.006288 1.352543 0.070692
v -0.001709 1.334473 0.066297
v -0.007875 1.337708 0.063916
v 0.003358 1.386057 -0.071119
v -0.002015 1.389964 -0.072889
v 0.002869 1.386973 -0.056956
v -0.003419 1.389781 -0.060375
v -0.014956 1.384775 -0.073683
v -0.012148 1.380380 -0.061779
v -0.003480 1.389537 -0.082290
v -0.014834 1.379586 -0.081558
v -0.014590 1.374397 -0.094622
v -0.003113 1.383066 -0.094805
v -0.013003 1.363226 -0.106220
v -0.000610 1.374580 -0.103595
v 0.001953 1.362005 -0.112569
v -0.009096 1.353153 -0.112020
v 0.002320 1.338990 -0.122276
v -0.005189 1.336548 -0.118735
v 0.004945 1.384958 -0.078444
v 0.008241 1.376412 -0.092485
v 0.009767 1.365545 -0.101154
v 0.013430 1.353092 -0.108723
v 0.011843 1.338319 -0.119162
v 0.000122 1.309932 -0.125389
v -0.001404 1.310054 -0.126976
v -0.002564 1.309627 -0.126121
v 0.071241 1.351505 0.048227
v 0.072828 1.350345 0.054698
v 0.082901 1.322630 0.033637
v 0.083145 1.322264 0.035590
v 0.067395 1.351444 0.062756
v 0.081131 1.321043 0.036018
v 0.056773 1.365729 0.067029
v 0.059703 1.372505 0.060375
v 0.041206 1.389720 0.061657
v 0.039741 1.381112 0.068616
v 0.028264 1.397900 0.059093
v 0.026921 1.388194 0.066785
v 0.014590 1.396252 0.055430
v 0.012453 1.386606 0.059826
v 0.004212 1.392040 0.051096
v 0.004884 1.382089 0.054148
v 0.061596 1.372444 0.050241
v 0.046700 1.386240 0.047616
v 0.032477 1.396008 0.046212
v 0.017459 1.395947 0.043099
v 0.007570 1.393444 0.038276
v -0.000122 1.388560 0.033576
v -0.000183 1.382333 0.044259
v -0.000305 1.374641 0.047555
v 0.077285 1.338075 -0.052194
v 0.079299 1.344301 -0.044808
v 0.077834 1.312740 -0.042854
v 0.079055 1.313473 -0.042061
v 0.075392 1.347170 -0.033636
v 0.078139 1.313656 -0.039558
v 0.062756 1.373848 -0.031255
v 0.062328 1.374458 -0.046151
v 0.051035 1.386301 -0.031561
v 0.048959 1.389292 -0.045174
v 0.034369 1.400098 -0.045846
v 0.036994 1.396679 -0.031133
v 0.019596 1.400952 -0.042183
v 0.020084 1.396618 -0.030096
v 0.010561 1.397290 -0.036689
v 0.011721 1.394420 -0.029119
v 0.060009 1.367987 -0.057689
v 0.050241 1.379464 -0.058787
v 0.033331 1.389659 -0.057261
v 0.017154 1.391917 -0.053660
v 0.007814 1.392284 -0.051279
v -0.001526 1.390697 -0.042183
v -0.000427 1.392955 -0.031744
v -0.000488 1.389415 -0.022465
v -0.008669 1.392345 -0.051279
v -0.011721 1.397534 -0.036689
v 0.001526 1.390697 -0.042183
v 0.000305 1.392955 -0.031744
v -0.013003 1.394665 -0.029119
v 0.000305 1.389415 -0.022465
v -0.022221 1.397167 -0.030096
v -0.021732 1.401502 -0.042183
v -0.041267 1.398510 -0.031133
v -0.038154 1.401258 -0.045846
v -0.051462 1.389170 -0.031561
v -0.049142 1.392284 -0.045174
v -0.063916 1.376473 -0.046151
v -0.064465 1.375862 -0.031255
v -0.082962 1.345278 -0.044808
v -0.078689 1.348330 -0.033636
v -0.019046 1.392284 -0.053660
v -0.036933 1.390208 -0.057261
v -0.050546 1.382089 -0.058787
v -0.061352 1.370002 -0.057689
v -0.080764 1.339173 -0.052194
v -0.081253 1.313717 -0.042854
v -0.082596 1.314450 -0.042061
v -0.081619 1.314633 -0.039558
v 0.015506 1.338746 0.073073
v 0.018558 1.348697 0.079177
v 0.008730 1.337342 0.071119
v 0.008791 1.346560 0.077956
v -0.000733 1.359441 0.068128
v -0.001343 1.334656 0.072279
v -0.000733 1.360357 0.065503
v 0.010378 1.366461 0.072706
v 0.027654 1.363958 0.073805
v -0.090593 1.289604 0.008364
v -0.097247 1.287345 0.023503
v -0.093950 1.318723 0.012759
v -0.097613 1.325255 0.033332
v -0.094500 1.319822 0.048410
v -0.094011 1.286368 0.035041
v -0.082046 1.347842 0.055003
v -0.084488 1.354801 0.037849
v -0.082901 1.348941 0.014712
v -0.071913 1.370368 0.038582
v -0.069349 1.361516 0.017704
v -0.055430 1.383981 0.021122
v -0.052195 1.391856 0.042183
v -0.025212 1.396557 0.024968
v -0.022526 1.398205 0.043099
v -0.001038 1.391063 0.023015
v -0.000610 1.391246 0.035895
v -0.022404 1.390819 0.050913
v -0.000061 1.383920 0.045785
v -0.073256 1.361272 0.057262
v -0.051401 1.383859 0.058971
v 0.000794 1.261156 -0.109944
v 0.011721 1.261950 -0.108845
v 0.001038 1.244063 -0.096026
v 0.006349 1.243392 -0.092363
v 0.021366 1.263049 -0.102374
v 0.011782 1.244307 -0.089005
v 0.031317 1.286979 -0.113180
v 0.020878 1.289237 -0.121177
v 0.036384 1.312130 -0.111165
v 0.022709 1.318051 -0.122703
v 0.023930 1.337098 -0.115316
v 0.036811 1.329589 -0.107075
v 0.022648 1.354313 -0.105060
v 0.035163 1.345339 -0.096392
v 0.020267 1.375618 -0.090715
v 0.031439 1.368232 -0.083023
v 0.001465 1.287894 -0.121055
v 0.000733 1.315182 -0.122581
v 0.000000 1.341371 -0.116842
v 0.000672 1.353947 -0.107441
v 0.003052 1.377327 -0.095049
v -0.000366 1.386729 -0.080703
v 0.007020 1.380197 -0.076247
v 0.013858 1.378243 -0.073377
v 0.057261 1.291801 -0.095232
v 0.066479 1.290886 -0.081008
v 0.045968 1.264697 -0.088517
v 0.048593 1.265246 -0.079604
v 0.036078 1.251206 -0.080764
v 0.039802 1.250290 -0.074537
v 0.059459 1.317868 -0.097857
v 0.070570 1.318723 -0.082473
v 0.069410 1.314389 -0.064770
v 0.063671 1.290214 -0.067761
v 0.048471 1.266589 -0.068250
v 0.039192 1.251328 -0.068311
v -0.066052 1.334595 -0.059520
v -0.069837 1.320799 -0.080520
v -0.068982 1.316342 -0.062328
v -0.065625 1.292717 -0.079177
v -0.063000 1.292046 -0.065625
v -0.047067 1.266467 -0.078200
v -0.047067 1.267749 -0.066479
v -0.064709 1.340944 -0.075148
v -0.055918 1.360479 -0.069715
v -0.048776 1.355351 -0.087906
v -0.054820 1.338868 -0.092668
v -0.058666 1.319883 -0.096697
v -0.056407 1.293450 -0.094011
v -0.044503 1.265857 -0.087418
v -0.034369 1.251511 -0.079665
v -0.038032 1.250961 -0.073194
v -0.037543 1.251999 -0.066723
v -0.041878 1.381845 -0.063183
v -0.036994 1.376900 -0.076552
v -0.017276 1.381906 -0.073500
v -0.014834 1.382638 -0.066113
v -0.016666 1.384653 -0.058421
v -0.040230 1.377572 -0.052133
v -0.056773 1.354679 -0.054209
v 0.002991 1.389720 0.031500
v -0.012453 1.404554 0.029180
v -0.016971 1.396191 0.034858
v -0.028203 1.396862 0.036872
v -0.032355 1.408095 0.026922
v -0.049631 1.393383 0.040047
v -0.050913 1.401746 0.025823
v -0.066357 1.377327 0.038643
v -0.000610 1.398449 0.024052
v -0.000244 1.396801 0.011599
v -0.012514 1.406874 0.010500
v -0.030889 1.404188 0.008913
v -0.050791 1.395580 0.007021
v -0.071424 1.379708 0.005739
v -0.067884 1.385141 0.025640
v -0.082901 1.357060 0.035346
v -0.082962 1.365362 0.020146
v -0.081680 1.365301 0.007448
v -0.092302 1.318540 0.000000
v -0.093340 1.318723 0.002015
v -0.089006 1.343386 0.005250
v -0.093157 1.340028 0.014834
v -0.091631 1.318479 0.003968
v -0.091692 1.338624 0.024968
v 0.039741 1.387156 -0.048959
v 0.065869 1.360906 -0.050546
v 0.038276 1.388682 -0.061412
v 0.066541 1.360784 -0.063000
v 0.076308 1.339967 -0.048104
v 0.074660 1.339357 -0.057078
v 0.074599 1.310665 -0.056040
v 0.071485 1.305964 -0.049264
v 0.023991 1.392955 -0.047250
v 0.025273 1.394176 -0.058543
v 0.021183 1.389598 -0.069165
v 0.035163 1.386179 -0.071851
v 0.058543 1.356205 -0.070264
v 0.066541 1.336671 -0.065441
v 0.070081 1.312496 -0.062389
v 0.063977 1.288200 -0.064282
v 0.065197 1.286674 -0.061840
v 0.064038 1.287223 -0.059642
v 0.015811 1.393016 -0.046639
v 0.015872 1.393260 -0.053721
v 0.012759 1.389048 -0.067273
v 0.001404 1.390697 -0.059032
v 0.002503 1.392772 -0.049325
v 0.001160 1.393505 -0.040657
v -0.052011 1.286551 -0.098284
v -0.049020 1.286796 -0.109700
v -0.041389 1.261461 -0.093889
v -0.033026 1.260241 -0.101337
v -0.034369 1.242598 -0.084061
v -0.025639 1.241621 -0.085343
v -0.021061 1.242171 -0.089555
v -0.024663 1.259325 -0.104450
v -0.031134 1.287956 -0.114401
v 0.057994 1.307185 -0.097674
v 0.055552 1.282156 -0.101520
v 0.049264 1.313900 -0.112752
v 0.048715 1.285392 -0.112325
v 0.030889 1.314389 -0.119345
v 0.031622 1.286551 -0.117636
v 0.025029 1.259325 -0.103229
v 0.033514 1.260241 -0.100238
v 0.021855 1.242171 -0.088273
v 0.026555 1.241621 -0.084183
v 0.035468 1.242415 -0.083023
v 0.041756 1.260485 -0.092912
v -0.011110 1.242659 -0.090959
v -0.020817 1.261400 -0.104267
v -0.006105 1.241682 -0.094438
v -0.011721 1.260241 -0.110921
v -0.001099 1.242293 -0.098162
v -0.001221 1.259447 -0.111959
v -0.020695 1.287711 -0.123435
v -0.002015 1.286551 -0.118124
v -0.001221 1.314267 -0.123619
v -0.022404 1.317136 -0.123863
v -0.035651 1.311947 -0.112203
v -0.030645 1.285636 -0.111470
v -0.080886 1.307063 -0.012820
v -0.089494 1.304072 0.004335
v -0.079055 1.343325 -0.012270
v -0.088029 1.347720 0.004396
v -0.088395 1.300897 0.022770
v -0.084244 1.343691 0.018192
v -0.077163 1.371650 0.008119
v -0.071180 1.368476 0.024419
v -0.060985 1.381418 0.027593
v -0.058727 1.390574 0.012271
v -0.061535 1.378915 -0.011354
v -0.072889 1.363836 -0.013796
v -0.041634 1.395947 -0.007386
v -0.039070 1.404981 0.014651
v -0.040718 1.396191 0.029669
v -0.011965 1.402845 0.016788
v -0.013369 1.395092 0.030035
v 0.000000 1.392467 0.025945
v 0.000000 1.395153 0.007753
v 0.000000 1.396862 -0.005189
v -0.014285 1.399304 -0.001221
v 0.086014 1.318112 0.000000
v 0.081985 1.343141 0.005250
v 0.086930 1.318357 0.002015
v 0.086686 1.339662 0.014834
v 0.084549 1.318174 0.003968
v 0.081741 1.338929 0.024968
v 0.073744 1.357182 0.035346
v 0.077040 1.363226 0.020084
v 0.061901 1.374092 0.038643
v 0.063000 1.381845 0.025579
v 0.046761 1.396374 0.025762
v 0.046395 1.389170 0.040047
v 0.030584 1.407240 0.026922
v 0.026616 1.396252 0.036872
v 0.011904 1.404676 0.027898
v 0.015994 1.395824 0.034858
v 0.076369 1.364630 0.007448
v 0.066968 1.378609 0.005739
v 0.047555 1.393444 0.007021
v 0.029180 1.403272 0.008913
v 0.017520 1.405409 0.009829
v 0.000366 1.397106 0.011599
v 0.000427 1.398510 0.024052
v -0.003113 1.391307 0.031500
v 0.061840 1.278066 0.036628
v 0.067639 1.260302 0.014102
v 0.071363 1.265735 0.028143
v 0.071363 1.265735 0.028143
v 0.066541 1.278799 0.042977
v 0.061291 1.305781 0.064160
v 0.056163 1.303644 0.056834
v 0.073378 1.262682 0.017521
v 0.068677 1.277944 0.038276
v 0.071363 1.265735 0.028143
v 0.065564 1.307307 0.056224
v 0.072950 1.263293 -0.012392
v 0.068067 1.261767 -0.007753
v 0.064587 1.297845 -0.044686
v -0.056529 1.199744 0.046518
v -0.054331 1.199927 0.045419
v -0.059642 1.225749 0.059337
v -0.058482 1.199683 0.044137
v -0.072706 1.227398 0.063427
v -0.064831 1.225017 0.067578
v -0.081008 1.263110 0.071974
v -0.073622 1.268116 0.080215
v -0.065197 1.266040 0.071302
v -0.056529 1.199744 0.046518
v -0.082168 1.315488 0.078628
v -0.068372 1.250595 0.085038
v -0.065808 1.313778 0.089128
v -0.073011 1.219523 0.063000
v -0.062878 1.220683 0.071730
v -0.082107 1.249741 0.073378
v -0.082168 1.315488 0.078628
v -0.059032 1.194310 0.052622
v -0.060436 1.194188 0.052256
v -0.060985 1.194188 0.049936
v -0.074293 1.220438 0.052134
v -0.081375 1.249985 0.056651
v -0.020451 1.344668 0.083451
v -0.016788 1.320005 0.079299
v -0.014651 1.336487 0.079055
v -0.020451 1.344668 0.083451
v -0.021427 1.322447 0.087480
v -0.019779 1.297967 0.088517
v -0.016727 1.296563 0.080581
v -0.016116 1.277089 0.085587
v -0.014590 1.277517 0.080581
v -0.012087 1.255845 0.080093
v -0.011599 1.256089 0.078506
v -0.024907 1.350345 0.078017
v -0.026616 1.323240 0.080215
v -0.023808 1.296929 0.083328
v -0.020206 1.278493 0.082413
v -0.012759 1.256150 0.079544
v 0.076308 1.260424 -0.007570
v 0.087296 1.304804 0.000733
v 0.077468 1.259813 -0.004517
v 0.083450 1.304377 0.011721
v 0.078078 1.342104 0.018253
v 0.081375 1.347232 0.005433
v 0.079482 1.342226 -0.013491
v 0.083572 1.307002 -0.010378
v 0.072035 1.261095 -0.010195
v -0.064160 1.302362 0.072645
v -0.060680 1.283377 0.071913
v -0.055125 1.302912 0.076369
v -0.055491 1.284659 0.072828
v -0.052195 1.264086 0.068860
v -0.053660 1.263659 0.068555
v -0.053538 1.263964 0.067579
v -0.060131 1.286063 0.064831
v -0.062267 1.301752 0.064404
v 0.076003 1.261523 0.018802
v 0.076308 1.279653 0.034491
v 0.071363 1.265735 0.028143
v 0.067639 1.277822 0.042244
v 0.061596 1.301264 0.061962
v 0.072035 1.309078 0.061596
v 0.070020 1.316831 0.047922
v 0.070997 1.283133 0.028509
v 0.073622 1.259874 0.013247
v 0.064587 1.297845 -0.044686
v 0.071546 1.299188 -0.036444
v 0.072950 1.263293 -0.012392
v 0.073195 1.302546 -0.028692
v 0.076674 1.260118 -0.009950
v -0.091142 1.267749 0.029363
v -0.080947 1.221964 0.012942
v -0.084671 1.262377 0.051035
v -0.068372 1.221110 0.033331
v -0.064282 1.183505 0.003358
v -0.065442 1.183688 0.001282
v -0.064953 1.184238 -0.001221
v -0.078933 1.225505 -0.001587
v -0.083389 1.263476 0.002015
v -0.025945 1.288322 0.099017
v -0.019657 1.260729 0.096148
v -0.019352 1.286613 0.090410
v -0.016788 1.261339 0.090166
v -0.008363 1.233136 0.086259
v -0.009218 1.232831 0.087907
v -0.009890 1.233258 0.087052
v -0.024846 1.264514 0.090166
v -0.031500 1.287101 0.090593
v -0.033575 1.323607 0.087846
v -0.026189 1.322508 0.096942
v -0.031012 1.350528 0.084916
v -0.024419 1.344973 0.092119
v -0.018192 1.335755 0.086381
v -0.019108 1.316525 0.089128
v 0.050974 1.284476 0.085831
v 0.040230 1.284720 0.078384
v 0.048349 1.258226 0.080276
v 0.043404 1.259508 0.074782
v 0.035773 1.317136 0.082108
v 0.046212 1.318296 0.089311
v 0.032171 1.335633 0.084305
v 0.039009 1.345278 0.089250
v 0.047250 1.350467 0.081253
v 0.055735 1.317380 0.079116
v 0.058604 1.282034 0.076552
v 0.055796 1.260973 0.073439
v 0.047799 1.231732 0.071485
v 0.046823 1.231366 0.072462
v 0.045296 1.231854 0.070997
v -0.094011 1.286368 0.035041
v -0.097247 1.287345 0.023503
v -0.083939 1.243575 0.007814
v -0.084427 1.244063 0.004701
v -0.090593 1.289604 0.008364
v -0.083084 1.244491 0.000977
v -0.085953 1.289360 0.078811
v -0.092607 1.290886 0.067456
v -0.084427 1.258531 0.071058
v -0.085953 1.256761 0.066907
v -0.093218 1.293267 0.058788
v -0.085526 1.257799 0.064648
v -0.064770 1.223674 -0.018131
v -0.075514 1.218302 -0.008790
v -0.070753 1.252671 -0.016055
v -0.080276 1.249802 -0.003907
v -0.080886 1.307063 -0.012820
v -0.089494 1.304072 0.004335
v -0.060863 1.198584 -0.021549
v -0.062572 1.198401 -0.020145
v -0.062939 1.198095 -0.018558
v -0.075087 1.209694 0.004273
v -0.079421 1.248642 0.017215
v -0.088395 1.300897 0.022770
v -0.046761 1.331054 0.097919
v -0.048105 1.293450 0.097186
v -0.039924 1.326293 0.090044
v -0.041756 1.292778 0.088578
v -0.045357 1.271229 0.094134
v -0.042732 1.272267 0.088151
v -0.040779 1.245589 0.079971
v -0.041512 1.245162 0.081619
v -0.042183 1.245528 0.080765
v -0.050546 1.274220 0.088151
v -0.053354 1.290519 0.088762
v -0.053904 1.330139 0.086747
v -0.044198 1.359319 0.081253
v -0.038825 1.355229 0.092119
v -0.034003 1.347842 0.082657
v 0.048593 1.283988 0.073561
v 0.053721 1.282706 0.073256
v 0.047738 1.302118 0.077895
v 0.055796 1.301813 0.074416
v 0.045785 1.323668 0.081192
v 0.054575 1.324828 0.076919
v 0.046639 1.263537 0.070142
v 0.048105 1.263110 0.069837
v 0.048043 1.263415 0.068860
v 0.053599 1.285392 0.066663
v 0.055308 1.301019 0.065503
v 0.052927 1.326659 0.066968
v 0.043160 1.351993 0.067029
v 0.043404 1.352298 0.075637
v 0.037360 1.346377 0.078445
v 0.031378 1.343447 0.080581
v 0.024785 1.335022 0.076858
v 0.038703 1.320432 0.083206
v 0.032110 1.317563 0.073012
v 0.039375 1.296319 0.078933
v 0.034003 1.296075 0.071547
v 0.037910 1.275746 0.074538
v 0.035102 1.276723 0.069776
v 0.015506 1.338746 0.073073
v 0.018558 1.348697 0.079177
v 0.027654 1.363958 0.073805
v 0.037360 1.346133 0.074477
v 0.045235 1.319761 0.075209
v 0.044686 1.294671 0.073134
v 0.043770 1.276296 0.070692
v 0.037421 1.255235 0.067395
v 0.036506 1.254991 0.068067
v 0.035529 1.255418 0.066602
v 0.077651 1.256822 0.002259
v 0.079604 1.257432 -0.000793
v 0.082352 1.298822 0.027593
v 0.085587 1.300592 0.016177
v 0.077407 1.334107 0.042977
v 0.082229 1.340577 0.028326
v 0.069410 1.336609 0.009523
v 0.079238 1.303278 0.008303
v 0.077895 1.258104 -0.004395
v -0.069715 1.179598 0.024968
v -0.069959 1.179537 0.026494
v -0.080215 1.222209 0.028814
v -0.087663 1.219889 0.046334
v -0.087540 1.257921 0.030462
v -0.097430 1.270863 0.054881
v -0.085831 1.267383 0.070631
v -0.076674 1.219889 0.057933
v -0.068982 1.179476 0.027471
v -0.052439 1.178988 0.010134
v -0.070753 1.214822 0.049142
v -0.053049 1.179110 0.008974
v -0.076552 1.216959 0.028570
v -0.052744 1.179293 0.007570
v -0.068921 1.221049 0.014041
v -0.077285 1.256089 0.019230
v -0.089860 1.266467 0.041023
v -0.082352 1.260851 0.058666
v 0.072157 1.261217 -0.011477
v 0.079177 1.293328 -0.030950
v 0.074354 1.261217 -0.010011
v 0.084366 1.298272 -0.019596
v 0.075087 1.261400 -0.007753
v 0.082168 1.301142 -0.010500
v 0.079849 1.338929 -0.013247
v 0.081436 1.338929 -0.026433
v 0.076979 1.330261 -0.040412
v -0.059276 1.309993 -0.013979
v -0.065014 1.308162 -0.024907
v -0.069288 1.331909 -0.034003
v -0.064160 1.299127 -0.046639
v -0.050058 1.265918 -0.014773
v -0.054759 1.267505 -0.019351
v -0.000794 1.355290 0.068738
v -0.001709 1.366278 0.059337
v -0.013919 1.365362 0.078628
v -0.001343 1.331298 0.070326
v -0.015078 1.353397 0.068799
v -0.013919 1.365362 0.078628
v -0.016544 1.369452 0.076552
v -0.027410 1.360295 0.085160
v -0.015078 1.353397 0.068799
v -0.038825 1.355229 0.092119
v -0.034003 1.347842 0.082657
v -0.025456 1.351871 0.079299
v -0.044198 1.359319 0.081253
v -0.032782 1.367865 0.082596
v 0.048288 1.270313 -0.088578
v 0.047616 1.269092 -0.095904
v 0.061168 1.294671 -0.092607
v 0.038764 1.255296 -0.086075
v 0.038215 1.254380 -0.089982
v 0.037910 1.254930 -0.094072
v 0.044564 1.268604 -0.099994
v 0.061657 1.296258 -0.102435
v 0.057567 1.295647 -0.107747
v 0.065197 1.323790 -0.097979
v 0.057200 1.322630 -0.104999
v 0.052988 1.344545 -0.100238
v 0.061046 1.343447 -0.092302
v 0.067700 1.318235 -0.089616
v 0.022709 1.379281 -0.079848
v 0.024663 1.387705 -0.072828
v 0.036811 1.375069 -0.086869
v 0.040901 1.379342 -0.077590
v 0.063610 1.338685 -0.083877
v 0.041145 1.375313 -0.070325
v 0.022404 1.388133 -0.066723
v 0.001892 1.390941 -0.061596
v 0.002442 1.389354 -0.068005
v 0.002869 1.386057 -0.074293
v 0.033331 1.369452 0.073378
v 0.026982 1.359624 0.072951
v 0.043038 1.350894 0.075453
v 0.038825 1.344240 0.074172
v 0.026982 1.359624 0.072951
v 0.016116 1.355045 0.076552
v 0.015262 1.364019 0.072401
v 0.005006 1.350162 0.064099
v 0.004517 1.358342 0.058788
v 0.004640 1.365362 0.047067
v 0.015078 1.370063 0.060558
v 0.038825 1.369697 0.068616
v 0.049203 1.358159 0.064831
v 0.065259 1.338685 -0.077101
v 0.066296 1.332458 -0.061962
v 0.070570 1.318723 -0.082473
v 0.069410 1.314389 -0.064770
v 0.059459 1.317868 -0.097857
v 0.055491 1.336671 -0.093889
v 0.049264 1.352909 -0.089127
v 0.056163 1.357976 -0.071668
v 0.037238 1.375191 -0.077773
v 0.041695 1.379037 -0.064892
v 0.017215 1.381601 -0.074354
v 0.014529 1.382333 -0.067090
v 0.016299 1.384287 -0.059703
v 0.039802 1.374947 -0.054209
v 0.056712 1.352298 -0.056590
v 0.031256 1.366400 0.083512
v 0.013430 1.366339 0.079666
v 0.025884 1.357304 0.087419
v 0.012026 1.352543 0.085831
v 0.047250 1.350467 0.081253
v 0.039009 1.345278 0.089250
v 0.032171 1.335633 0.084305
v 0.020817 1.342104 0.079299
v 0.011904 1.340211 0.076797
v -0.001404 1.331360 0.073012
v -0.000977 1.348025 0.077285
v -0.000672 1.359746 0.068250
v -0.064953 1.296380 -0.060863
v -0.055369 1.294915 -0.077223
v -0.058604 1.273121 -0.059886
v -0.052561 1.272389 -0.069104
v -0.051279 1.323851 -0.079909
v -0.062084 1.327636 -0.062267
v -0.062695 1.322569 -0.044014
v -0.062817 1.295098 -0.047311
v -0.057567 1.274709 -0.046761
v -0.046945 1.249313 -0.048471
v -0.047494 1.248336 -0.054880
v -0.043526 1.248398 -0.061412
v 0.043526 1.351932 -0.094622
v 0.047921 1.333374 -0.104694
v 0.028203 1.348208 -0.104267
v 0.029607 1.335205 -0.113668
v 0.030889 1.314389 -0.119345
v 0.049264 1.313900 -0.112752
v 0.057994 1.307185 -0.097674
v 0.056956 1.324950 -0.093034
v 0.052073 1.341493 -0.084854
v 0.035346 1.376045 -0.081924
v 0.039497 1.367743 -0.072034
v 0.017276 1.382699 -0.063610
v 0.011660 1.383249 -0.067029
v 0.009645 1.382577 -0.074476
v 0.024235 1.374092 -0.089494
v 0.041817 1.394665 -0.010988
v 0.059886 1.379098 -0.012636
v 0.038581 1.398999 -0.024724
v 0.056041 1.383493 -0.026494
v 0.017154 1.399731 -0.007203
v 0.014041 1.402601 -0.019290
v 0.003358 1.399609 -0.005616
v 0.000488 1.395275 -0.020145
v -0.001526 1.393138 -0.030462
v 0.013064 1.394237 -0.032171
v 0.037177 1.385386 -0.039130
v 0.054698 1.367255 -0.041450
v 0.063793 1.356083 -0.042244
v 0.068677 1.367316 -0.028386
v 0.068372 1.365790 -0.013247
v 0.038032 1.393932 0.029669
v 0.057017 1.379952 0.027593
v 0.036628 1.402906 0.014651
v 0.055064 1.388865 0.012271
v 0.011294 1.402539 0.016788
v 0.012576 1.394787 0.030035
v -0.000183 1.392467 0.025945
v -0.000183 1.395153 0.007753
v -0.000183 1.396862 -0.005189
v 0.013491 1.398938 -0.001221
v 0.038948 1.393566 -0.007386
v 0.057628 1.377388 -0.011354
v 0.067517 1.367316 -0.013796
v 0.068860 1.374153 0.007753
v 0.066418 1.367438 0.024419
v -0.045296 1.341798 0.083390
v -0.024052 1.348208 0.071852
v -0.052073 1.356327 0.080520
v -0.025884 1.359380 0.067090
v -0.030340 1.365240 0.053294
v -0.054942 1.352298 0.061901
v -0.000916 1.383127 0.035651
v -0.002991 1.391979 0.025823
v -0.023381 1.381845 0.041145
v -0.024968 1.390941 0.033454
v -0.003663 1.391368 0.012942
v -0.027715 1.388316 0.015323
v -0.081741 1.340577 -0.008913
v -0.083267 1.340333 -0.026433
v -0.085099 1.307735 -0.005311
v -0.087479 1.306147 -0.019718
v -0.078078 1.332336 -0.037482
v -0.076796 1.307124 -0.029241
v -0.004273 1.361944 0.047189
v -0.027654 1.370734 0.052134
v -0.003419 1.370063 0.059032
v -0.024602 1.375374 0.068433
v -0.002137 1.355229 0.069593
v -0.023625 1.368720 0.079971
v -0.010256 1.339051 0.080826
v -0.007326 1.352848 0.082291
v -0.014163 1.340516 0.085221
v -0.016788 1.353641 0.088212
v -0.018192 1.335755 0.086381
v -0.024419 1.344973 0.092119
v -0.001404 1.331360 0.073012
v -0.001282 1.349918 0.076491
v -0.000977 1.360234 0.066968
v -0.009767 1.363714 0.074843
v -0.020145 1.363409 0.080520
v -0.031012 1.350528 0.084916
v -0.056712 1.360540 0.034980
v -0.053843 1.368354 0.056102
v -0.026982 1.374886 0.038887
v -0.024357 1.376900 0.057018
v -0.002015 1.371284 0.036933
v -0.001587 1.371406 0.049814
v -0.078017 1.313046 0.067456
v -0.078689 1.338868 0.071119
v -0.089738 1.318357 0.050363
v -0.078017 1.347964 0.052500
v -0.085160 1.313595 0.027227
v -0.074721 1.339723 0.031561
v -0.052500 1.360418 0.072829
v -0.023747 1.369330 0.064770
v -0.000610 1.364080 0.059642
v -0.016971 1.369575 0.077346
v -0.014712 1.381173 0.066968
v -0.036628 1.368659 0.084427
v -0.037788 1.380685 0.076552
v -0.049325 1.355839 0.090715
v -0.058238 1.365301 0.082291
v -0.062084 1.336426 0.094073
v -0.058604 1.365607 0.067517
v -0.040901 1.382699 0.062390
v -0.014529 1.383615 0.055491
v 0.000183 1.376473 0.049265
v 0.000305 1.365607 0.062206
v -0.000549 1.362249 0.066846
v -0.056834 1.375435 -0.049386
v -0.060619 1.377999 -0.034857
v -0.039070 1.395458 -0.045113
v -0.042488 1.391795 -0.033453
v -0.014102 1.399915 -0.040473
v -0.017154 1.396496 -0.030218
v -0.003480 1.394726 -0.028875
v -0.069715 1.356388 -0.050973
v -0.069288 1.362920 -0.035346
v -0.075820 1.334473 -0.048348
v -0.070570 1.330932 -0.055857
v -0.064770 1.346621 -0.059337
v -0.055491 1.359380 -0.059276
v -0.037543 1.384104 -0.057322
v -0.013125 1.391307 -0.051401
v 0.001343 1.389476 -0.052744
v -0.000610 1.392162 -0.041206
v -0.075392 1.334351 -0.035346
v -0.076064 1.303461 -0.024601
v -0.070875 1.303278 -0.034674
v -0.057994 1.264270 -0.016910
v -0.054759 1.267505 -0.019351
v -0.064160 1.299127 -0.046639
v 0.041878 1.388865 -0.033453
v 0.060009 1.375618 -0.034857
v 0.038581 1.392955 -0.045113
v 0.056163 1.373054 -0.049386
v 0.068982 1.354496 -0.050973
v 0.068555 1.360906 -0.035346
v 0.075026 1.332764 -0.048348
v 0.014041 1.399548 -0.040473
v 0.017154 1.396008 -0.030218
v 0.003358 1.394726 -0.028875
v 0.000488 1.392162 -0.041206
v -0.001526 1.389476 -0.052744
v 0.013064 1.391063 -0.051401
v 0.037238 1.382333 -0.057322
v 0.054820 1.357243 -0.059276
v 0.064038 1.344729 -0.059337
v 0.070997 1.329223 -0.055857
v -0.052988 1.343386 -0.085648
v -0.044259 1.354008 -0.095598
v -0.057750 1.326598 -0.093767
v -0.048593 1.335205 -0.105610
v -0.049814 1.315610 -0.111776
v -0.058788 1.308711 -0.098406
v -0.049020 1.286796 -0.109700
v -0.052011 1.286551 -0.098284
v -0.035834 1.377083 -0.082962
v -0.040413 1.369941 -0.072950
v -0.017887 1.383005 -0.063244
v -0.012148 1.383432 -0.068311
v -0.010073 1.382638 -0.075819
v -0.024419 1.374336 -0.090654
v -0.028264 1.348330 -0.105488
v -0.029607 1.335266 -0.114950
v -0.030889 1.314450 -0.118674
v -0.031134 1.287956 -0.114401
v -0.000122 1.380013 0.045419
v 0.000305 1.386240 0.031805
v -0.011355 1.385569 0.059032
v -0.014102 1.387949 0.039802
v -0.038154 1.389598 0.058238
v -0.042366 1.383554 0.043526
v -0.062328 1.371589 0.063244
v -0.061229 1.369147 0.050974
v -0.000061 1.367316 0.064587
v -0.011477 1.372505 0.067029
v -0.034308 1.375313 0.068616
v -0.060131 1.361944 0.077407
v -0.073072 1.339662 0.080398
v -0.083145 1.342165 0.067456
v -0.087540 1.334046 0.055797
v -0.092180 1.310543 0.056163
v -0.093828 1.313778 0.070203
v -0.078872 1.311642 0.081924
v 0.060558 1.340211 0.072645
v 0.050546 1.360357 0.077346
v 0.053660 1.326171 0.077468
v 0.042916 1.349795 0.083084
v 0.035407 1.371101 0.074355
v 0.028203 1.360357 0.081741
v 0.011233 1.371467 0.070875
v 0.013003 1.356083 0.074965
v -0.000733 1.357426 0.066846
v -0.001221 1.370124 0.062206
v -0.000733 1.376412 0.049265
v 0.011416 1.375862 0.056529
v 0.038154 1.372993 0.062023
v 0.051401 1.368170 0.062756
v 0.058177 1.341982 0.057750
v 0.065014 1.359075 0.050424
v 0.066968 1.367499 0.035468
v 0.056773 1.372077 0.055308
v 0.055064 1.382577 0.040413
v 0.036567 1.396801 0.042427
v 0.036384 1.387400 0.058422
v 0.011233 1.394848 0.043770
v 0.011538 1.386851 0.050913
v -0.000366 1.378976 0.044259
v -0.000244 1.387095 0.035041
v -0.000244 1.390452 0.022465
v 0.013430 1.394665 0.025579
v 0.039375 1.390513 0.020878
v 0.056407 1.371894 0.016178
v 0.065259 1.363104 0.012026
v 0.067578 1.360295 0.055491
v 0.054148 1.373909 0.060741
v 0.060619 1.343202 0.073134
v 0.053110 1.361089 0.073805
v 0.035407 1.388926 0.063794
v 0.031134 1.372566 0.072096
v 0.010317 1.385508 0.059032
v 0.010012 1.373848 0.069959
v -0.000977 1.367255 0.064587
v -0.000366 1.378976 0.044259
v -0.000610 1.386240 0.031805
v 0.013125 1.387705 0.039802
v 0.039802 1.381356 0.040047
v 0.055430 1.364630 0.037971
v 0.065014 1.343447 0.035224
v -0.030218 1.369452 -0.081924
v -0.019474 1.375435 -0.089555
v -0.034125 1.346133 -0.096209
v -0.021916 1.354618 -0.104816
v -0.035956 1.330078 -0.107563
v -0.023381 1.336793 -0.115805
v -0.035651 1.311947 -0.112203
v -0.022404 1.317136 -0.123863
v -0.013247 1.378426 -0.071668
v -0.006715 1.380258 -0.074537
v 0.000244 1.386729 -0.079055
v -0.003052 1.380807 -0.093950
v -0.000916 1.354069 -0.107258
v -0.000427 1.341005 -0.117209
v -0.001221 1.314267 -0.123619
v -0.057200 1.385935 -0.026494
v -0.061168 1.381356 -0.012636
v -0.039436 1.401807 -0.024724
v -0.042855 1.397656 -0.010988
v -0.017337 1.400281 -0.007203
v -0.014224 1.403028 -0.019290
v -0.003541 1.398449 -0.005616
v -0.000672 1.395275 -0.020145
v 0.001343 1.393138 -0.030462
v -0.013247 1.394542 -0.032171
v -0.037971 1.387339 -0.039130
v -0.055857 1.369452 -0.041450
v -0.059459 1.238081 -0.005738
v -0.062939 1.212075 -0.013003
v -0.061779 1.211953 -0.013735
v -0.085099 1.307735 -0.005311
v -0.087479 1.306147 -0.019718
v -0.077529 1.264209 -0.005494
v -0.072828 1.262499 -0.016360
v -0.076796 1.307124 -0.029241
v -0.061718 1.262805 -0.017947
v -0.068189 1.238264 -0.013430
v -0.058727 1.238935 -0.014285
v -0.056834 1.212136 -0.013308
v -0.081008 1.310482 0.078567
v -0.077956 1.279104 0.083573
v -0.081253 1.274831 0.093035
v -0.065503 1.238386 0.093828
v -0.065442 1.238203 0.094927
v -0.064099 1.238081 0.095965
v -0.073622 1.276540 0.096270
v -0.083511 1.311764 0.090654
v -0.074110 1.307796 0.095843
v -0.062084 1.336426 0.094073
v -0.072157 1.341798 0.084305
v -0.058238 1.365301 0.082291
v -0.058604 1.365607 0.067517
v -0.071607 1.337403 0.069715
v -0.074599 1.315610 0.085221
v -0.073622 1.268116 0.080215
v -0.061535 1.310360 0.076552
v -0.065197 1.266040 0.071302
v -0.057689 1.327514 0.077773
v -0.074599 1.315610 0.085221
v -0.066846 1.340700 0.084183
v -0.045296 1.341798 0.083390
v -0.052073 1.356327 0.080520
v -0.081008 1.263110 0.071974
v -0.076918 1.311092 0.070448
v -0.074477 1.338502 0.070509
v -0.054942 1.352298 0.061901
v 0.058849 1.332703 0.064343
v 0.052256 1.331237 0.074538
v 0.065564 1.307307 0.056224
v 0.061291 1.305781 0.064160
v 0.056163 1.303644 0.056834
v 0.049509 1.324522 0.066174
v 0.038825 1.344240 0.074172
v 0.043038 1.350894 0.075453
v 0.049203 1.358159 0.064831
v -0.070081 1.369208 -0.028386
v -0.065136 1.357976 -0.042244
v -0.083267 1.340333 -0.026433
v -0.078078 1.332336 -0.037482
v -0.055857 1.369452 -0.041450
v -0.057200 1.385935 -0.026494
v -0.061168 1.381356 -0.012636
v -0.069837 1.367682 -0.013247
v -0.081741 1.340577 -0.008913
v -0.073011 1.250717 0.036750
v -0.064099 1.214151 0.025945
v -0.065808 1.254868 0.026311
v -0.063793 1.214883 0.020023
v -0.076735 1.274281 0.038459
v -0.070386 1.282522 0.026983
v -0.070692 1.278493 0.008852
v -0.069715 1.243758 0.011904
v -0.064892 1.215310 0.011843
v -0.067639 1.193456 0.002747
v -0.067884 1.193456 0.005861
v -0.070264 1.193212 0.006959
v -0.055186 1.362982 0.057811
v -0.078933 1.343386 0.058666
v -0.052073 1.367499 0.077590
v -0.070203 1.343813 0.077773
v -0.081375 1.249985 0.056651
v -0.082107 1.249741 0.073378
v -0.086747 1.310360 0.058116
v -0.082168 1.315488 0.078628
v -0.065808 1.313778 0.089128
v -0.060375 1.331726 0.083756
v -0.044930 1.352420 0.081558
v -0.023625 1.368720 0.079971
v -0.024602 1.375374 0.068433
v -0.027654 1.370734 0.052134
v 0.069410 1.336609 0.009523
v 0.065259 1.363104 0.012026
v 0.082229 1.340577 0.028326
v 0.066968 1.367499 0.035468
v 0.065014 1.359075 0.050424
v 0.077407 1.334107 0.042977
v 0.063793 1.356083 -0.042244
v 0.068677 1.367316 -0.028386
v 0.076979 1.330261 -0.040412
v 0.081436 1.338929 -0.026433
v 0.068372 1.365790 -0.013247
v 0.079849 1.338929 -0.013247
v 0.067517 1.367316 -0.013796
v 0.068860 1.374153 0.007753
v 0.079482 1.342226 -0.013491
v 0.081375 1.347232 0.005433
v 0.066418 1.367438 0.024419
v 0.078078 1.342104 0.018253
v 0.070020 1.316831 0.047922
v 0.058177 1.341982 0.057750
v 0.072035 1.309078 0.061596
v 0.060558 1.340211 0.072645
v 0.053660 1.326171 0.077468
v 0.061596 1.301264 0.061962
v -0.077285 1.256089 0.019230
v -0.089860 1.266467 0.041023
v -0.085160 1.313595 0.027227
v -0.089738 1.318357 0.050363
v -0.082352 1.260851 0.058666
v -0.078017 1.313046 0.067456
v -0.085831 1.267383 0.070631
v -0.077651 1.321592 0.071363
v -0.097430 1.270863 0.054881
v -0.087418 1.325682 0.055674
v -0.085221 1.317075 0.032782
v -0.087540 1.257921 0.030462
v 0.064587 1.297845 -0.044686
v 0.070997 1.329223 -0.055857
v 0.071546 1.299188 -0.036444
v 0.075026 1.332764 -0.048348
v 0.073195 1.302546 -0.028692
v 0.074477 1.332703 -0.035346
v 0.068555 1.360906 -0.035346
v 0.073072 1.325377 0.029119
v 0.077468 1.327880 0.044442
v 0.080947 1.295098 0.016788
v 0.086136 1.292290 0.025457
v 0.081436 1.257371 0.000366
v 0.082718 1.255418 0.005189
v 0.065014 1.343447 0.035224
v 0.067578 1.360295 0.055491
v 0.060619 1.343202 0.073134
v 0.069654 1.324156 0.060802
v 0.075759 1.291130 0.036811
v 0.078383 1.259325 0.013919
v -0.059276 1.309993 -0.013979
v -0.053843 1.265368 -0.005250
v -0.065014 1.308162 -0.024907
v -0.062145 1.262988 -0.015750
v -0.053110 1.240034 -0.003052
v -0.059215 1.240461 -0.015445
v -0.057384 1.216348 -0.005433
v -0.056163 1.216592 -0.004700
v -0.057017 1.216715 -0.003602
v -0.052134 1.240584 0.007570
v -0.059703 1.268421 0.012576
v -0.064282 1.308650 0.002320
v -0.062756 1.338258 -0.015567
v -0.069288 1.331909 -0.034003
v -0.064282 1.354435 -0.038520
v -0.059520 1.362432 -0.018192
v -0.055491 1.365240 -0.037726
v -0.051035 1.377083 -0.018680
v -0.060558 1.376534 -0.010561
v -0.068738 1.363592 -0.011110
v -0.072828 1.339662 -0.007081
v -0.053049 1.367499 0.049631
v -0.055491 1.377144 0.032904
v -0.077102 1.337952 0.048105
v -0.077529 1.349124 0.029547
v -0.084366 1.319578 0.028936
v -0.080093 1.311581 0.045968
v -0.084671 1.262377 0.051035
v -0.091142 1.267749 0.029363
v -0.083389 1.263476 0.002015
v -0.082046 1.313107 0.005739
v -0.073744 1.339173 0.008547
v -0.057994 1.367499 0.011843
v -0.027715 1.388316 0.015323
v -0.024968 1.390941 0.033454
v -0.023381 1.381845 0.041145
v -0.060009 1.186191 0.027593
v -0.057078 1.186313 0.027593
v -0.068799 1.211648 0.055980
v -0.064343 1.212380 0.048227
v -0.065747 1.258653 0.056834
v -0.078017 1.253587 0.064648
v -0.065808 1.304743 0.058177
v -0.076369 1.294426 0.067456
v -0.064892 1.300958 0.038459
v -0.064465 1.247177 0.039070
v -0.060253 1.213479 0.032111
v -0.055613 1.186374 0.024358
v -0.073439 1.314206 0.064954
v -0.069776 1.264758 0.053965
v -0.065014 1.323790 0.048837
v -0.063122 1.271290 0.039741
v -0.062817 1.220621 0.040352
v -0.059520 1.222758 0.029486
v -0.060985 1.185398 0.009951
v -0.064404 1.184970 0.012881
v -0.070447 1.338929 0.069044
v -0.058788 1.344362 0.053172
v -0.052134 1.359258 0.070020
v -0.050607 1.357548 0.054087
v -0.056224 1.359685 0.034369
v -0.066663 1.339967 0.031744
v -0.074415 1.315976 0.026983
v -0.068311 1.260424 0.022160
v -0.066541 1.224101 0.021794
v -0.064831 1.185764 0.006471
v -0.058543 1.337586 0.027654
v -0.061596 1.316403 0.023869
v -0.064465 1.335938 0.005494
v -0.070631 1.313778 0.002015
v -0.057017 1.273365 0.019596
v -0.066846 1.266528 0.001771
v -0.054820 1.227092 0.009951
v -0.059032 1.229778 0.002198
v -0.057506 1.363104 0.007814
v -0.050668 1.366522 0.027654
v -0.055430 1.364202 0.043282
v -0.067639 1.334839 0.042855
v -0.068860 1.312496 0.039986
v -0.068433 1.265552 0.033759
v -0.060009 1.225383 0.020817
v -0.052866 1.189366 0.000794
v -0.051157 1.189671 -0.002075
v -0.053721 1.190342 -0.005555
v -0.055125 1.302912 0.076369
v -0.052500 1.324705 0.081192
v -0.064160 1.302362 0.072645
v -0.062572 1.325499 0.076919
v -0.062267 1.301752 0.064404
v -0.060192 1.327392 0.066968
v -0.047738 1.353336 0.067029
v -0.048288 1.353580 0.075637
v -0.042183 1.355473 0.078445
v -0.007875 1.337708 0.063916
v -0.006288 1.352543 0.070692
v -0.012759 1.338319 0.066541
v -0.014651 1.351444 0.075148
v -0.014651 1.336487 0.079055
v -0.020451 1.344668 0.083451
v -0.024907 1.350345 0.078017
v -0.017032 1.364752 0.076247
v -0.008180 1.363104 0.065869
v -0.050668 1.204139 -0.010927
v -0.048654 1.204322 -0.012392
v -0.051645 1.222331 -0.005982
v -0.052073 1.224162 -0.009828
v -0.058116 1.254136 -0.000366
v -0.060375 1.255540 -0.006532
v -0.062450 1.308467 0.005616
v -0.067639 1.308833 -0.004700
v -0.065625 1.343447 -0.010256
v -0.062267 1.345278 0.009462
v -0.056590 1.364386 0.012820
v -0.064526 1.361883 -0.011660
v -0.051157 1.203834 -0.009279
v -0.057323 1.218241 -0.000610
v -0.069227 1.251267 0.010256
v -0.074904 1.302424 0.016727
v -0.070509 1.343691 0.018497
v -0.062939 1.366217 0.024358
v -0.060314 1.376534 0.027349
v -0.052073 1.381112 0.014651
v -0.060863 1.374214 -0.009340
v -0.067212 1.193212 -0.011843
v -0.064831 1.193456 -0.012942
v -0.067151 1.214151 0.007082
v -0.060558 1.214883 0.001160
v -0.064526 1.193456 -0.016055
v -0.061657 1.215310 -0.006959
v -0.062389 1.254868 0.007509
v -0.066357 1.243758 -0.006898
v -0.067334 1.278493 -0.009950
v -0.067029 1.282522 0.008119
v -0.073378 1.274647 0.019657
v -0.069654 1.250900 0.017887
vt 0.500000 0.857178
vt 0.500000 1.000000
vt 0.750000 1.000000
vt 0.500000 0.571533
vt 0.500000 0.714355
vt 0.760254 0.691528
vt 0.760742 0.848877
vt 1.000000 0.714355
vt 0.999878 0.857178
vt 1.000000 1.000000
vt 0.749390 0.408203
vt 0.733032 0.536743
vt 0.999878 0.571533
vt 1.000000 0.428589
vt 0.999878 0.285767
vt 0.737915 0.288086
vt 1.000000 0.142944
vt 0.686157 0.176880
vt 1.000000 0.000000
vt 0.750000 0.000000
vt 0.500000 0.142944
vt 0.500000 0.000000
vt 0.500000 0.428589
vt 0.500000 0.285767
vt 0.500000 0.714355
vt 0.799927 0.854980
vt 0.500000 0.857178
vt 0.500000 1.000000
vt 0.750000 1.000000
vt 1.000000 1.000000
vt 0.999878 0.857178
vt 0.799805 0.702271
vt 1.000000 0.714355
vt 0.731445 0.547607
vt 0.999878 0.571533
vt 1.000000 0.428589
vt 0.724854 0.425171
vt 0.500000 0.571533
vt 0.708740 0.272461
vt 0.999878 0.285767
vt 0.665771 0.156616
vt 1.000000 0.142944
vt 1.000000 0.000000
vt 0.750000 0.000000
vt 0.500000 0.000000
vt 0.500000 0.142944
vt 0.500000 0.285767
vt 0.500000 0.428589
vt 0.691773 0.163452
vt 0.750000 0.000000
vt 0.500000 0.142944
vt 0.500000 0.000000
vt 1.000000 0.000000
vt 1.000000 0.142944
vt 0.747925 0.284546
vt 0.999878 0.285767
vt 0.766235 0.396240
vt 1.000000 0.428589
vt 0.999878 0.571533
vt 0.731812 0.536133
vt 0.759277 0.690918
vt 1.000000 0.714355
vt 0.760864 0.847290
vt 0.999878 0.857178
vt 0.500000 0.285767
vt 0.500000 0.428589
vt 0.500000 0.571533
vt 0.500000 0.714355
vt 0.500000 0.857178
vt 0.500000 1.000000
vt 0.750000 1.000000
vt 1.000000 1.000000
vt 0.686157 0.176880
vt 0.500000 0.142944
vt 0.750000 0.000000
vt 0.500000 0.000000
vt 1.000000 0.000000
vt 1.000000 0.142944
vt 0.737915 0.288086
vt 0.999878 0.285767
vt 0.749390 0.408203
vt 1.000000 0.428589
vt 0.999878 0.571533
vt 0.733032 0.536743
vt 0.760254 0.691528
vt 1.000000 0.714355
vt 0.760742 0.848877
vt 0.999878 0.857178
vt 0.500000 0.285767
vt 0.500000 0.428589
vt 0.500000 0.571533
vt 0.500000 0.714355
vt 0.500000 0.857178
vt 0.500000 1.000000
vt 0.750000 1.000000
vt 1.000000 1.000000
vt 0.747925 0.176880
vt 0.500000 0.142944
vt 0.750000 0.000000
vt 0.500000 0.000000
vt 0.500000 0.285767
vt 0.759277 0.300049
vt 0.500000 0.428589
vt 0.755371 0.414795
vt 0.500000 0.571533
vt 0.719727 0.568604
vt 0.500000 0.714355
vt 0.715942 0.690674
vt 0.500000 0.857178
vt 0.800659 0.858154
vt 0.750000 1.000000
vt 0.500000 1.000000
vt 1.000000 0.000000
vt 1.000000 0.142944
vt 0.999878 0.285767
vt 1.000000 0.428589
vt 0.999878 0.571533
vt 1.000000 0.714355
vt 0.999878 0.857178
vt 1.000000 1.000000
vt 0.733887 0.146606
vt 0.500000 0.142944
vt 0.750000 0.000000
vt 0.500000 0.000000
vt 1.000000 0.000000
vt 1.000000 0.142944
vt 0.771118 0.289429
vt 0.999878 0.285767
vt 0.771729 0.401611
vt 1.000000 0.428589
vt 0.999878 0.571533
vt 0.769775 0.551880
vt 1.000000 0.714355
vt 0.767456 0.697388
vt 0.775513 0.843140
vt 0.999878 0.857178
vt 0.500000 0.285767
vt 0.500000 0.428589
vt 0.500000 0.571533
vt 0.500000 0.714355
vt 0.500000 0.857178
vt 0.500000 1.000000
vt 0.750000 1.000000
vt 1.000000 1.000000
vt 0.686646 0.161987
vt 0.500000 0.142944
vt 0.750000 0.000000
vt 0.500000 0.000000
vt 0.500000 0.285767
vt 0.735962 0.298340
vt 0.500000 0.428589
vt 0.748901 0.412842
vt 0.500000 0.571533
vt 0.733887 0.536743
vt 0.500000 0.714355
vt 0.754028 0.699707
vt 0.500000 0.857178
vt 0.827881 0.850952
vt 0.750000 1.000000
vt 0.500000 1.000000
vt 1.000000 0.000000
vt 1.000000 0.142944
vt 0.999878 0.285767
vt 1.000000 0.428589
vt 0.999878 0.571533
vt 1.000000 0.714355
vt 0.999878 0.857178
vt 1.000000 1.000000
vt 0.689697 0.164307
vt 0.750000 0.000000
vt 0.500000 0.142944
vt 0.500000 0.000000
vt 1.000000 0.000000
vt 1.000000 0.142944
vt 0.745361 0.285034
vt 0.999878 0.285767
vt 0.763062 0.395752
vt 1.000000 0.428589
vt 0.999878 0.571533
vt 0.729858 0.534058
vt 0.757324 0.687256
vt 1.000000 0.714355
vt 0.757446 0.846924
vt 0.999878 0.857178
vt 0.500000 0.285767
vt 0.500000 0.428589
vt 0.500000 0.571533
vt 0.500000 0.714355
vt 0.500000 0.857178
vt 0.500000 1.000000
vt 0.750000 1.000000
vt 1.000000 1.000000
vt 0.680054 0.172241
vt 0.500000 0.142944
vt 0.750000 0.000000
vt 0.500000 0.000000
vt 0.500000 0.285767
vt 0.731445 0.289062
vt 0.500000 0.428589
vt 0.762329 0.416504
vt 0.500000 0.571533
vt 0.698242 0.563477
vt 0.727417 0.695801
vt 0.500000 0.714355
vt 0.735962 0.842285
vt 0.500000 0.857178
vt 0.750000 1.000000
vt 0.500000 1.000000
vt 1.000000 0.000000
vt 1.000000 0.142944
vt 0.999878 0.285767
vt 1.000000 0.428589
vt 0.999878 0.571533
vt 1.000000 0.714355
vt 0.999878 0.857178
vt 1.000000 1.000000
vt 0.500000 0.714355
vt 0.250000 0.714355
vt 0.499878 0.857178
vt 0.250000 0.857178
vt 0.500000 1.000000
vt 0.250000 1.000000
vt 0.000000 1.000000
vt 0.000000 0.857178
vt 0.000000 0.714355
vt 0.000000 0.571533
vt 0.250000 0.571533
vt 0.499878 0.571533
vt 0.729126 0.296387
vt 0.683350 0.162354
vt 0.500000 0.285767
vt 0.500000 0.142944
vt 0.500000 0.000000
vt 0.750000 0.000000
vt 1.000000 0.000000
vt 1.000000 0.142944
vt 0.999878 0.285767
vt 0.747559 0.409180
vt 1.000000 0.428589
vt 0.999878 0.571533
vt 0.740601 0.563843
vt 0.500000 0.571533
vt 0.500000 0.428589
vt 0.500000 0.714355
vt 0.752808 0.691284
vt 1.000000 0.714355
vt 0.820679 0.850220
vt 0.999878 0.857178
vt 0.750000 1.000000
vt 1.000000 1.000000
vt 0.500000 1.000000
vt 0.500000 0.857178
vt 0.000000 0.714355
vt 0.268433 0.690674
vt 0.000000 0.857178
vt 0.291992 0.855469
vt 0.500000 0.714355
vt 0.499878 0.857178
vt 1.000000 0.000000
vt 1.000000 0.142944
vt 0.750000 0.000000
vt 0.731812 0.152954
vt 0.500000 0.000000
vt 0.500000 0.142944
vt 0.500000 0.142944
vt 0.686768 0.161987
vt 0.500000 0.000000
vt 0.750000 0.000000
vt 1.000000 0.142944
vt 1.000000 0.000000
vt 0.724609 0.283325
vt 0.999878 0.285767
vt 1.000000 0.428589
vt 0.742676 0.404907
vt 0.999878 0.571533
vt 0.730835 0.539429
vt 0.744507 0.690552
vt 1.000000 0.714355
vt 0.755615 0.847656
vt 0.999878 0.857178
vt 0.500000 0.285767
vt 0.500000 0.428589
vt 0.500000 0.571533
vt 0.500000 0.714355
vt 0.500000 0.857178
vt 0.500000 1.000000
vt 0.750000 1.000000
vt 1.000000 1.000000
vt 0.999878 0.857178
vt 0.827881 0.850952
vt 1.000000 1.000000
vt 0.750000 1.000000
vt 0.500000 0.857178
vt 0.500000 1.000000
vt 0.500000 0.714355
vt 0.754028 0.699707
vt 0.733887 0.536743
vt 0.500000 0.571533
vt 0.748901 0.412842
vt 0.500000 0.428589
vt 0.735962 0.298340
vt 0.500000 0.285767
vt 0.686646 0.161987
vt 0.500000 0.142944
vt 1.000000 0.714355
vt 0.999878 0.571533
vt 1.000000 0.428589
vt 0.999878 0.285767
vt 1.000000 0.142944
vt 1.000000 0.000000
vt 0.750000 0.000000
vt 0.500000 0.000000
vt 0.999878 0.857178
vt 0.781738 0.846558
vt 1.000000 1.000000
vt 0.750000 1.000000
vt 0.500000 0.857178
vt 0.500000 1.000000
vt 0.500000 0.714355
vt 0.756470 0.687622
vt 0.500000 0.571533
vt 0.732178 0.536377
vt 0.749146 0.408081
vt 0.500000 0.428589
vt 0.737793 0.288086
vt 0.500000 0.285767
vt 0.686157 0.176880
vt 0.500000 0.142944
vt 1.000000 0.714355
vt 0.999878 0.571533
vt 1.000000 0.428589
vt 0.999878 0.285767
vt 1.000000 0.142944
vt 1.000000 0.000000
vt 0.750000 0.000000
vt 0.500000 0.000000
vt 1.000000 0.142944
vt 0.686035 0.177002
vt 1.000000 0.000000
vt 0.750000 0.000000
vt 0.500000 0.142944
vt 0.500000 0.000000
vt 0.500000 0.285767
vt 0.737427 0.288696
vt 0.500000 0.428589
vt 0.747681 0.410767
vt 0.500000 0.571533
vt 0.734863 0.522461
vt 0.756836 0.685425
vt 0.500000 0.714355
vt 0.781738 0.846436
vt 0.500000 0.857178
vt 0.999878 0.285767
vt 1.000000 0.428589
vt 0.999878 0.571533
vt 1.000000 0.714355
vt 0.999878 0.857178
vt 1.000000 1.000000
vt 0.750000 1.000000
vt 0.500000 1.000000
vt 0.500000 0.285767
vt 0.779419 0.269043
vt 0.500000 0.142944
vt 0.731812 0.152954
vt 0.750000 0.000000
vt 0.500000 0.000000
vt 1.000000 0.000000
vt 1.000000 0.142944
vt 0.999878 0.285767
vt 0.999878 0.857178
vt 0.717163 0.852661
vt 1.000000 0.714355
vt 0.724854 0.682739
vt 0.500000 0.714355
vt 0.500000 0.857178
vt 0.500000 0.571533
vt 0.724243 0.526001
vt 0.999878 0.571533
vt 0.744019 0.404053
vt 1.000000 0.428589
vt 0.999878 0.285767
vt 0.733032 0.271851
vt 1.000000 0.142944
vt 0.687500 0.141968
vt 1.000000 0.000000
vt 0.750000 0.000000
vt 0.500000 0.142944
vt 0.500000 0.000000
vt 0.500000 0.428589
vt 0.500000 0.285767
vt 0.999878 0.857178
vt 0.764771 0.851562
vt 1.000000 1.000000
vt 0.750000 1.000000
vt 0.500000 0.857178
vt 0.500000 1.000000
vt 0.500000 0.714355
vt 0.704102 0.696045
vt 0.500000 0.571533
vt 0.725220 0.538330
vt 0.709717 0.404175
vt 0.500000 0.428589
vt 0.718140 0.268677
vt 0.500000 0.285767
vt 0.707886 0.128906
vt 0.500000 0.142944
vt 1.000000 0.714355
vt 0.999878 0.571533
vt 1.000000 0.428589
vt 0.999878 0.285767
vt 1.000000 0.142944
vt 1.000000 0.000000
vt 0.750000 0.000000
vt 0.500000 0.000000
vt 1.000000 0.714355
vt 0.719971 0.697388
vt 0.999878 0.857178
vt 0.782104 0.858276
vt 1.000000 1.000000
vt 0.750000 1.000000
vt 0.999878 0.571533
vt 0.742676 0.538330
vt 0.500000 0.571533
vt 0.500000 0.714355
vt 0.500000 0.857178
vt 0.500000 1.000000
vt 0.000000 0.428589
vt 0.242676 0.537598
vt 0.000000 0.571533
vt 0.218994 0.697876
vt 0.000000 0.714355
vt 0.281616 0.858887
vt 0.000000 0.857178
vt 0.228394 0.400269
vt 0.228760 0.269287
vt 0.499878 0.285767
vt 0.500000 0.428589
vt 0.499878 0.571533
vt 0.500000 0.714355
vt 0.499878 0.857178
vt 0.500000 1.000000
vt 0.250000 1.000000
vt 0.000000 1.000000
vt 0.206177 0.144409
vt 0.500000 0.142944
vt 0.500000 0.000000
vt 0.250000 0.000000
vt 0.000000 0.000000
vt 0.000000 0.142944
vt 0.000000 0.285767
vt 0.500000 0.000000
vt 0.686279 0.176880
vt 0.500000 0.142944
vt 0.500000 0.285767
vt 0.738281 0.288330
vt 0.500000 0.428589
vt 0.750732 0.409058
vt 0.500000 0.571533
vt 0.750000 0.000000
vt 1.000000 0.000000
vt 1.000000 0.142944
vt 0.999878 0.285767
vt 1.000000 0.428589
vt 0.999878 0.571533
vt 0.737183 0.539429
vt 0.500000 0.714355
vt 0.785034 0.696777
vt 1.000000 0.714355
vt 1.000000 1.000000
vt 0.750000 1.000000
vt 0.999878 0.857178
vt 0.740967 0.863525
vt 0.500000 1.000000
vt 0.500000 0.857178
vt 0.500000 0.428589
vt 0.500000 0.571533
vt 0.762329 0.416382
vt 0.738769 0.573364
vt 0.500000 0.714355
vt 0.695312 0.705200
vt 0.735229 0.843628
vt 0.500000 0.857178
vt 0.500000 0.285767
vt 0.745972 0.294800
vt 0.999878 0.285767
vt 1.000000 0.428589
vt 0.999878 0.571533
vt 1.000000 0.714355
vt 0.999878 0.857178
vt 1.000000 1.000000
vt 0.750000 1.000000
vt 0.500000 1.000000
vt 0.500000 0.142944
vt 0.681641 0.166748
vt 1.000000 0.142944
vt 1.000000 0.000000
vt 0.750000 0.000000
vt 0.500000 0.000000
vt 0.500000 0.714355
vt 0.686890 0.701782
vt 0.500000 0.857178
vt 0.791138 0.854614
vt 0.500000 1.000000
vt 0.750000 1.000000
vt 1.000000 1.000000
vt 0.999878 0.857178
vt 1.000000 0.714355
vt 0.000000 0.571533
vt 0.000000 0.714355
vt 0.238892 0.541260
vt 0.200561 0.696655
vt 0.499878 0.571533
vt 0.500000 0.714355
vt 0.499878 0.857178
vt 0.288086 0.854370
vt 0.500000 1.000000
vt 0.250000 1.000000
vt 0.000000 1.000000
vt 0.000000 0.857178
vt 0.000000 1.000000
vt 0.000000 0.857178
vt 0.250000 1.000000
vt 0.268433 0.851440
vt 0.500000 1.000000
vt 0.499878 0.857178
vt 0.220215 0.693115
vt 0.500000 0.714355
vt 0.499878 0.571533
vt 0.231811 0.540894
vt 0.000000 0.571533
vt 0.000000 0.714355
vt 0.500000 0.780029
vt 0.236694 0.782227
vt 0.500000 0.714355
vt 0.216675 0.692627
vt 0.000000 0.785767
vt 0.000000 0.714355
vt 0.215820 0.552002
vt 0.000000 0.571533
vt 0.000000 0.428589
vt 0.210693 0.387939
vt 0.500000 0.428589
vt 0.499878 0.571533
vt 0.499878 0.285767
vt 0.213623 0.262085
vt 0.000000 0.285767
vt 0.193481 0.120239
vt 0.000000 0.142944
vt 0.000000 0.000000
vt 0.250000 0.000000
vt 0.500000 0.000000
vt 0.500000 0.142944
vt 1.000000 1.000000
vt 0.999878 0.857178
vt 0.750000 1.000000
vt 0.740967 0.863525
vt 0.500000 1.000000
vt 0.500000 0.857178
vt 0.500000 0.714355
vt 0.785034 0.696777
vt 0.500000 0.571533
vt 0.737183 0.539429
vt 0.750732 0.409058
vt 0.500000 0.428589
vt 0.738281 0.288330
vt 0.500000 0.285767
vt 0.686279 0.176880
vt 0.500000 0.142944
vt 1.000000 0.714355
vt 0.999878 0.571533
vt 1.000000 0.428589
vt 0.999878 0.285767
vt 1.000000 0.142944
vt 1.000000 0.000000
vt 0.750000 0.000000
vt 0.500000 0.000000
vt 0.500000 0.857178
vt 0.500000 1.000000
vt 0.750000 1.000000
vt 0.750000 1.000000
vt 0.835815 0.835815
vt 0.741455 0.692383
vt 0.500000 0.714355
vt 1.000000 1.000000
vt 0.999878 0.857178
vt 0.750000 1.000000
vt 1.000000 0.714355
vt 0.250000 1.000000
vt 0.500000 1.000000
vt 0.499878 0.857178
vt 0.750000 1.000000
vt 0.500000 1.000000
vt 0.500000 0.857178
vt 1.000000 1.000000
vt 0.999878 0.857178
vt 0.758911 0.854980
vt 1.000000 0.714355
vt 0.712891 0.686279
vt 0.500000 0.714355
vt 0.750000 1.000000
vt 0.721435 0.519043
vt 0.500000 0.714355
vt 0.500000 0.571533
vt 0.758911 0.854980
vt 0.500000 0.857178
vt 0.712891 0.686279
vt 0.721435 0.519043
vt 0.500000 1.000000
vt 0.750000 1.000000
vt 1.000000 1.000000
vt 0.999878 0.857178
vt 1.000000 0.714355
vt 0.801025 0.412476
vt 0.500000 0.571533
vt 0.500000 0.428589
vt 0.801025 0.412476
vt 0.784180 0.557373
vt 0.781250 0.700439
vt 0.500000 0.714355
vt 0.734741 0.855347
vt 0.500000 0.857178
vt 0.750000 1.000000
vt 0.500000 1.000000
vt 1.000000 0.428589
vt 0.999878 0.571533
vt 1.000000 0.714355
vt 0.999878 0.857178
vt 1.000000 1.000000
vt 0.250000 1.000000
vt 0.242310 0.855469
vt 0.000000 1.000000
vt 0.000000 0.857178
vt 0.000000 0.714355
vt 0.221802 0.686279
vt 0.500000 0.714355
vt 0.499878 0.857178
vt 0.500000 1.000000
vt 0.782471 0.708008
vt 0.726074 0.858276
vt 0.500000 0.714355
vt 0.500000 0.857178
vt 0.500000 1.000000
vt 0.750000 1.000000
vt 1.000000 1.000000
vt 0.999878 0.857178
vt 1.000000 0.714355
vt 0.250000 1.000000
vt 0.275513 0.865234
vt 0.000000 1.000000
vt 0.000000 0.857178
vt 0.000000 0.714355
vt 0.232422 0.697510
vt 0.500000 0.714355
vt 0.499878 0.857178
vt 0.500000 1.000000
vt 0.499878 0.857178
vt 0.264771 0.857300
vt 0.250000 1.000000
vt 0.000000 0.857178
vt 0.000000 1.000000
vt 0.712891 0.686279
vt 0.758911 0.854980
vt 0.500000 0.714355
vt 0.500000 0.857178
vt 0.500000 1.000000
vt 0.750000 1.000000
vt 1.000000 1.000000
vt 0.999878 0.857178
vt 1.000000 0.714355
vt 0.784058 0.704468
vt 0.732422 0.858765
vt 0.500000 0.714355
vt 0.500000 0.857178
vt 0.500000 1.000000
vt 0.750000 1.000000
vt 1.000000 1.000000
vt 0.999878 0.857178
vt 1.000000 0.714355
vt 0.999878 0.571533
vt 0.765869 0.557983
vt 1.000000 0.428589
vt 0.817383 0.406372
vt 0.500000 0.428589
vt 0.500000 0.571533
vt 0.784058 0.704468
vt 0.500000 0.714355
vt 0.732422 0.858765
vt 0.500000 0.857178
vt 0.500000 0.571533
vt 0.765869 0.557983
vt 0.500000 0.428589
vt 0.817383 0.406372
vt 1.000000 0.428589
vt 0.999878 0.571533
vt 1.000000 0.714355
vt 0.999878 0.857178
vt 1.000000 1.000000
vt 0.750000 1.000000
vt 0.500000 1.000000
vt 0.500000 0.857178
vt 0.717163 0.852661
vt 0.500000 1.000000
vt 0.750000 1.000000
vt 0.999878 0.857178
vt 1.000000 1.000000
vt 0.000000 0.857178
vt 0.291992 0.855469
vt 0.000000 1.000000
vt 0.250000 1.000000
vt 0.499878 0.857178
vt 0.500000 1.000000
vt 0.499878 0.942017
vt 0.212402 0.944458
vt 0.499878 0.900269
vt 0.276123 0.898682
vt 0.500000 0.780029
vt 0.236694 0.782227
vt 0.500000 1.000000
vt 0.250000 1.000000
vt 0.000000 1.000000
vt 0.000000 0.950195
vt 0.000000 0.900269
vt 0.000000 0.785767
vt 0.765869 0.557983
vt 0.784058 0.704468
vt 0.500000 0.571533
vt 0.500000 0.714355
vt 0.732422 0.858765
vt 0.500000 0.857178
vt 0.500000 1.000000
vt 0.750000 1.000000
vt 1.000000 1.000000
vt 0.999878 0.857178
vt 1.000000 0.714355
vt 0.999878 0.571533
vt 1.000000 0.428589
vt 0.817383 0.406372
vt 0.500000 0.428589
vt 0.500000 0.857178
vt 0.726074 0.858276
vt 0.500000 0.714355
vt 0.781372 0.708008
vt 0.500000 0.571533
vt 0.769165 0.578003
vt 0.500000 1.000000
vt 0.750000 1.000000
vt 1.000000 1.000000
vt 0.999878 0.857178
vt 1.000000 0.714355
vt 0.999878 0.571533
vt 1.000000 0.428589
vt 0.750000 0.428589
vt 0.500000 0.428589
vt 0.801025 0.412476
vt 0.500000 0.428589
vt 0.784180 0.557373
vt 0.500000 0.571533
vt 0.781250 0.700439
vt 0.500000 0.714355
vt 0.734741 0.855347
vt 0.500000 0.857178
vt 0.500000 0.285767
vt 0.779419 0.269043
vt 0.999878 0.285767
vt 1.000000 0.428589
vt 0.999878 0.571533
vt 1.000000 0.714355
vt 0.999878 0.857178
vt 1.000000 1.000000
vt 0.750000 1.000000
vt 0.500000 1.000000
vt 0.000000 1.000000
vt 0.250000 1.000000
vt 0.000000 0.857178
vt 0.258911 0.854980
vt 0.000000 0.714355
vt 0.212891 0.686279
vt 0.500000 0.714355
vt 0.499878 0.857178
vt 0.500000 1.000000
vt 1.000000 1.000000
vt 0.750000 1.000000
vt 0.999878 0.857178
vt 0.758911 0.854980
vt 1.000000 0.714355
vt 0.712891 0.686279
vt 0.500000 0.714355
vt 0.500000 0.857178
vt 0.500000 1.000000
vt 0.500000 1.000000
vt 0.500000 0.857178
vt 0.750000 1.000000
vt 0.758911 0.854980
vt 1.000000 1.000000
vt 0.999878 0.857178
vt 1.000000 0.714355
vt 0.712891 0.686279
vt 0.500000 0.714355
vt 0.500000 1.000000
vt 0.499878 0.857178
vt 0.250000 1.000000
vt 0.237061 0.856689
vt 0.000000 1.000000
vt 0.000000 0.857178
vt 0.000000 0.714355
vt 0.238281 0.692261
vt 0.500000 0.714355
vt 0.810303 0.776001
vt 1.000000 0.774414
vt 1.000000 0.714355
vt 0.499878 0.857178
vt 0.500000 1.000000
vt 0.250000 1.000000
vt 0.750000 0.000000
vt 1.000000 0.000000
vt 0.735107 0.174927
vt 0.500000 0.000000
vt 0.500000 0.142944
vt 0.735107 0.174927
vt 1.000000 0.142944
vt 0.808838 0.281128
vt 0.500000 0.142944
vt 0.817383 0.406372
vt 0.500000 0.428589
vt 0.500000 0.285767
vt 1.000000 0.428589
vt 0.999878 0.285767
vt 0.000000 0.857178
vt 0.283569 0.857544
vt 0.000000 0.714355
vt 0.000000 1.000000
vt 0.250000 1.000000
vt 0.500000 1.000000
vt 0.499878 0.857178
vt 0.286987 0.701294
vt 0.500000 0.714355
vt 0.220459 0.546631
vt 0.499878 0.571533
vt 0.500000 0.428589
vt 0.205078 0.429443
vt 0.000000 0.571533
vt 0.500000 0.142944
vt 0.173218 0.156128
vt 0.499878 0.285767
vt 0.172119 0.272217
vt 0.000000 0.428589
vt 0.000000 0.285767
vt 0.000000 0.142944
vt 0.000000 0.000000
vt 0.250000 0.000000
vt 0.500000 0.000000
vt 0.818481 0.275146
vt 0.500000 0.285767
vt 0.737305 0.402100
vt 0.500000 0.428589
vt 0.500000 0.285767
vt 0.500000 0.142944
vt 0.727783 0.145874
vt 0.500000 0.000000
vt 0.750000 0.000000
vt 1.000000 0.000000
vt 1.000000 0.142944
vt 0.999878 0.285767
vt 1.000000 0.428589
vt 0.728882 0.401611
vt 0.500000 0.428589
vt 0.742676 0.538330
vt 0.500000 0.571533
vt 0.999878 0.571533
vt 1.000000 0.428589
vt 0.999878 0.285767
vt 0.730469 0.270386
vt 1.000000 0.142944
vt 0.712524 0.145264
vt 1.000000 0.000000
vt 0.750000 0.000000
vt 0.500000 0.000000
vt 0.500000 0.142944
vt 0.500000 0.285767
vt 0.999878 0.285767
vt 1.000000 0.142944
vt 0.808838 0.281128
vt 0.735107 0.174927
vt 1.000000 0.428589
vt 0.817383 0.406372
vt 0.500000 0.428589
vt 0.500000 0.285767
vt 0.500000 0.142944
vt 0.500000 0.000000
vt 0.750000 0.000000
vt 1.000000 0.000000
vt 0.250000 0.714355
vt 0.500000 0.714355
vt 0.250000 0.857178
vt 0.499878 0.857178
vt 0.499878 0.571533
vt 0.250000 0.571533
vt 0.000000 0.571533
vt 0.000000 0.714355
vt 0.000000 0.857178
vt 0.000000 1.000000
vt 0.250000 1.000000
vt 0.500000 1.000000
vt 0.222412 0.264771
vt 0.220947 0.402954
vt 0.499878 0.285767
vt 0.500000 0.428589
vt 0.499878 0.571533
vt 0.238892 0.541260
vt 0.000000 0.571533
vt 0.000000 0.428589
vt 0.000000 0.285767
vt 0.237427 0.140625
vt 0.000000 0.142944
vt 0.000000 0.000000
vt 0.250000 0.000000
vt 0.500000 0.000000
vt 0.500000 0.142944
vt 0.000000 0.285767
vt 0.000000 0.428589
vt 0.210938 0.268433
vt 0.202881 0.388550
vt 0.000000 0.142944
vt 0.213135 0.142090
vt 0.000000 0.000000
vt 0.250000 0.000000
vt 0.500000 0.000000
vt 0.500000 0.142944
vt 0.499878 0.285767
vt 0.500000 0.428589
vt 0.499878 0.571533
vt 0.219605 0.530273
vt 0.000000 0.571533
vt 0.000000 0.285767
vt 0.000000 0.428589
vt 0.223633 0.269653
vt 0.217041 0.389771
vt 0.212524 0.140015
vt 0.000000 0.142944
vt 0.000000 0.000000
vt 0.250000 0.000000
vt 0.500000 0.000000
vt 0.500000 0.142944
vt 0.499878 0.285767
vt 0.500000 0.428589
vt 0.499878 0.571533
vt 0.234497 0.526733
vt 0.000000 0.571533
vt 0.500000 0.285767
vt 0.500000 0.142944
vt 0.729981 0.275269
vt 0.684937 0.144165
vt 1.000000 0.142944
vt 0.999878 0.285767
vt 0.500000 0.000000
vt 0.750000 0.000000
vt 0.500000 0.142944
vt 0.684937 0.144165
vt 1.000000 0.000000
vt 1.000000 0.142944
vt 0.000000 0.714355
vt 0.268677 0.688354
vt 0.000000 0.785767
vt 0.267822 0.777954
vt 0.500000 0.714355
vt 0.500000 0.774414
vt 1.000000 0.000000
vt 1.000000 0.142944
vt 0.750000 0.000000
vt 0.684937 0.144165
vt 0.500000 0.000000
vt 0.500000 0.142944
vt 0.500000 0.142944
vt 0.735107 0.174927
vt 0.500000 0.285767
vt 0.808838 0.281128
vt 0.500000 0.428589
vt 0.817383 0.406372
vt 0.500000 0.000000
vt 0.750000 0.000000
vt 1.000000 0.000000
vt 1.000000 0.142944
vt 0.999878 0.285767
vt 1.000000 0.428589
vt 0.999878 0.285767
vt 0.729981 0.275269
vt 1.000000 0.142944
vt 0.684937 0.144165
vt 1.000000 0.000000
vt 0.750000 0.000000
vt 0.500000 0.571533
vt 0.500000 0.428589
vt 0.721435 0.519043
vt 0.713745 0.396484
vt 0.999878 0.571533
vt 1.000000 0.428589
vt 0.500000 0.285767
vt 0.500000 0.142944
vt 0.500000 0.000000
vt 0.000000 0.142944
vt 0.254028 0.154419
vt 0.000000 0.285767
vt 0.296387 0.295288
vt 0.000000 0.428589
vt 0.275147 0.412109
vt 0.000000 0.571533
vt 0.500000 0.428589
vt 0.499878 0.285767
vt 0.500000 0.142944
vt 0.500000 0.000000
vt 0.250000 0.000000
vt 0.000000 0.000000
vt 0.256958 0.402100
vt 0.000000 0.428589
vt 0.222412 0.268677
vt 0.000000 0.285767
vt 0.218872 0.141113
vt 0.000000 0.142944
vt 0.000000 0.000000
vt 0.274780 0.551636
vt 0.000000 0.571533
vt 0.289307 0.694214
vt 0.500000 0.714355
vt 0.499878 0.571533
vt 0.500000 0.428589
vt 0.499878 0.285767
vt 0.500000 0.142944
vt 0.500000 0.000000
vt 0.250000 0.000000
vt 0.000000 0.714355
vt 0.000000 0.857178
vt 0.264771 0.857300
vt 0.000000 1.000000
vt 0.250000 1.000000
vt 0.499878 0.857178
vt 0.000000 0.285767
vt 0.000000 0.428589
vt 0.222412 0.268677
vt 0.256958 0.402100
vt 0.274780 0.551636
vt 0.000000 0.571533
vt 0.289307 0.694214
vt 0.218872 0.141113
vt 0.000000 0.142944
vt 0.000000 0.000000
vt 0.250000 0.000000
vt 0.500000 0.000000
vt 0.500000 0.142944
vt 0.499878 0.285767
vt 0.500000 0.428589
vt 0.499878 0.571533
vt 0.500000 0.714355
vt 0.500000 0.285767
vt 0.723389 0.264648
vt 0.500000 0.428589
vt 0.722900 0.402954
vt 0.727173 0.538574
vt 0.500000 0.571533
vt 0.686890 0.701782
vt 0.500000 0.714355
vt 0.736816 0.140137
vt 0.500000 0.142944
vt 0.500000 0.000000
vt 0.750000 0.000000
vt 1.000000 0.000000
vt 1.000000 0.142944
vt 0.999878 0.285767
vt 1.000000 0.428589
vt 0.999878 0.571533
vt 1.000000 0.714355
vt 0.250000 0.000000
vt 0.500000 0.000000
vt 0.214600 0.145386
vt 0.500000 0.142944
vt 0.222534 0.277832
vt 0.499878 0.285767
vt 0.225098 0.385498
vt 0.500000 0.428589
vt 0.000000 0.000000
vt 0.000000 0.142944
vt 0.000000 0.285767
vt 0.000000 0.428589
vt 0.000000 0.571533
vt 0.250977 0.524780
vt 0.499878 0.571533
vt 0.500000 0.714355
vt 0.268433 0.690674
vt 0.000000 0.714355
vt 0.258423 0.537598
vt 0.275147 0.412109
vt 0.000000 0.571533
vt 0.000000 0.428589
vt 0.296387 0.295288
vt 0.000000 0.285767
vt 0.254028 0.154419
vt 0.000000 0.142944
vt 0.000000 0.000000
vt 0.250000 0.000000
vt 0.500000 0.000000
vt 0.500000 0.142944
vt 0.499878 0.285767
vt 0.500000 0.428589
vt 0.499878 0.571533
vt 0.000000 0.571533
vt 0.221436 0.519043
vt 0.000000 0.428589
vt 0.213745 0.396484
vt 0.229980 0.275269
vt 0.000000 0.285767
vt 0.184936 0.144165
vt 0.000000 0.142944
vt 0.000000 0.000000
vt 0.250000 0.000000
vt 0.500000 0.000000
vt 0.500000 0.142944
vt 0.499878 0.285767
vt 0.500000 0.428589
vt 0.499878 0.571533
vt 0.250977 0.524780
vt 0.225098 0.385498
vt 0.000000 0.571533
vt 0.000000 0.428589
vt 0.222534 0.277832
vt 0.000000 0.285767
vt 0.214600 0.145386
vt 0.000000 0.142944
vt 0.000000 0.000000
vt 0.250000 0.000000
vt 0.500000 0.000000
vt 0.500000 0.142944
vt 0.499878 0.285767
vt 0.500000 0.428589
vt 0.499878 0.571533
vt 0.000000 0.142944
vt 0.214111 0.128540
vt 0.000000 0.285767
vt 0.222290 0.268799
vt 0.000000 0.428589
vt 0.213379 0.406250
vt 0.000000 0.571533
vt 0.231811 0.540894
vt 0.000000 0.000000
vt 0.250000 0.000000
vt 0.500000 0.000000
vt 0.500000 0.142944
vt 0.499878 0.285767
vt 0.500000 0.428589
vt 0.499878 0.571533
vt 0.203857 0.388428
vt 0.000000 0.428589
vt 0.211182 0.268433
vt 0.000000 0.285767
vt 0.000000 0.142944
vt 0.213135 0.142090
vt 0.000000 0.000000
vt 0.250000 0.000000
vt 0.500000 0.000000
vt 0.500000 0.142944
vt 0.499878 0.285767
vt 0.500000 0.428589
vt 0.000000 0.924194
vt 0.000000 1.000000
vt 0.250000 1.000000
vt 0.000000 0.785767
vt 0.267822 0.777954
vt 0.000000 0.857178
vt 0.196411 0.857056
vt 0.500000 0.774414
vt 0.499878 0.857178
vt 0.242310 0.912720
vt 0.499878 0.917358
vt 0.500000 1.000000
vt 0.500000 0.714355
vt 0.499878 0.857178
vt 0.275513 0.865234
vt 0.500000 1.000000
vt 0.250000 1.000000
vt 0.000000 1.000000
vt 0.000000 0.857178
vt 0.232422 0.697510
vt 0.000000 0.714355
vt 0.000000 0.571533
vt 0.258423 0.537598
vt 0.275147 0.412109
vt 0.500000 0.428589
vt 0.499878 0.571533
vt 0.721435 0.519043
vt 0.712891 0.686279
vt 0.500000 0.571533
vt 0.500000 0.714355
vt 0.500000 0.428589
vt 0.721435 0.519043
vt 0.713745 0.396484
vt 0.500000 0.285767
vt 0.729981 0.275269
vt 1.000000 0.714355
vt 0.999878 0.571533
vt 1.000000 0.428589
vt 0.999878 0.285767
vt 0.999878 0.571533
vt 0.705322 0.537598
vt 1.000000 0.714355
vt 0.741455 0.692383
vt 0.500000 0.714355
vt 0.500000 0.571533
vt 0.500000 0.428589
vt 0.737305 0.402100
vt 1.000000 0.428589
vt 0.223877 0.529785
vt 0.499878 0.571533
vt 0.268677 0.688354
vt 0.500000 0.714355
vt 0.500000 0.428589
vt 0.203857 0.388428
vt 0.000000 0.428589
vt 0.000000 0.571533
vt 0.000000 0.714355
vt 0.000000 0.714355
vt 0.000000 0.900269
vt 0.224976 0.682861
vt 0.257202 0.897583
vt 0.000000 0.571533
vt 0.221436 0.519043
vt 0.499878 0.571533
vt 0.500000 0.714355
vt 0.499878 0.900269
vt 0.500000 1.000000
vt 0.250000 1.000000
vt 0.000000 1.000000
vt 0.999878 0.285767
vt 1.000000 0.428589
vt 0.729981 0.275269
vt 0.713745 0.396484
vt 1.000000 0.714355
vt 0.712891 0.686279
vt 0.999878 0.571533
vt 0.721435 0.519043
vt 0.500000 0.571533
vt 0.500000 0.428589
vt 0.500000 0.285767
vt 0.500000 0.142944
vt 0.684937 0.144165
vt 1.000000 0.142944
vt 0.500000 0.714355
vt 0.499878 0.571533
vt 0.212891 0.686279
vt 0.221436 0.519043
vt 0.000000 0.571533
vt 0.000000 0.714355
vt 0.499878 0.571533
vt 0.219605 0.530273
vt 0.500000 0.714355
vt 0.238281 0.692261
vt 0.000000 0.571533
vt 0.000000 0.714355
vt 0.499878 0.571533
vt 0.234497 0.526733
vt 0.500000 0.714355
vt 0.221802 0.686279
vt 0.000000 0.571533
vt 0.000000 0.714355
vt 0.500000 0.714355
vt 0.499878 0.571533
vt 0.232422 0.697510
vt 0.258423 0.537598
vt 0.000000 0.571533
vt 0.000000 0.714355
vt 1.000000 0.714355
vt 0.712891 0.686279
vt 0.999878 0.571533
vt 0.721435 0.519043
vt 0.500000 0.714355
vt 0.500000 0.571533
vt 0.500000 0.714355
vt 0.500000 0.571533
vt 0.712891 0.686279
vt 0.721435 0.519043
vt 0.999878 0.571533
vt 1.000000 0.714355
vt 0.499878 0.857178
vt 0.500000 0.714355
vt 0.264771 0.857300
vt 0.289307 0.694214
vt 0.000000 0.857178
vt 0.000000 0.714355
vt 0.000000 0.571533
vt 0.500000 0.714355
vt 0.268433 0.690674
vt 0.499878 0.857178
vt 0.291992 0.855469
vt 0.500000 1.000000
vt 0.250000 1.000000
vt 0.499878 0.571533
vt 0.250977 0.524780
vt 0.000000 0.571533
vt 0.000000 0.714355
vt 0.000000 0.857178
vt 0.000000 1.000000
vt 0.810303 0.776001
vt 0.788086 0.857178
vt 1.000000 0.774414
vt 0.999878 0.857178
vt 0.782104 0.922729
vt 0.999878 0.917358
vt 1.000000 1.000000
vt 0.750000 1.000000
vt 0.500000 1.000000
vt 0.500000 0.924194
vt 0.500000 0.857178
vt 0.500000 0.785767
vt 0.707764 0.694702
vt 1.000000 0.714355
vt 0.999878 0.571533
vt 0.692871 0.529175
vt 1.000000 0.428589
vt 0.702881 0.388550
vt 0.500000 0.428589
vt 0.500000 0.571533
vt 0.500000 0.714355
vt 0.500000 0.285767
vt 0.729981 0.275269
vt 0.500000 0.428589
vt 0.713745 0.396484
vt 0.721435 0.519043
vt 0.500000 0.571533
vt 0.500000 0.714355
vt 0.712891 0.686279
vt 1.000000 0.714355
vt 0.999878 0.571533
vt 1.000000 0.428589
vt 0.999878 0.285767
vt 1.000000 0.142944
vt 0.684937 0.144165
vt 0.500000 0.142944
vt 0.000000 1.000000
vt 0.250000 1.000000
vt 0.000000 0.900269
vt 0.257202 0.897583
vt 0.224976 0.682861
vt 0.000000 0.714355
vt 0.221436 0.519043
vt 0.000000 0.571533
vt 0.499878 0.571533
vt 0.500000 0.714355
vt 0.499878 0.900269
vt 0.500000 1.000000
vt 0.000000 0.571533
vt 0.000000 0.714355
vt 0.221436 0.519043
vt 0.212891 0.686279
vt 0.000000 0.857178
vt 0.258911 0.854980
vt 0.250000 1.000000
vt 0.000000 1.000000
vt 0.000000 0.428589
vt 0.213745 0.396484
vt 0.000000 0.285767
vt 0.229980 0.275269
vt 0.499878 0.285767
vt 0.500000 0.428589
vt 0.499878 0.571533
vt 0.500000 0.714355
vt 0.499878 0.857178
vt 0.500000 1.000000
vt 0.213745 0.396484
vt 0.221436 0.519043
vt 0.500000 0.428589
vt 0.499878 0.571533
vt 0.212891 0.686279
vt 0.500000 0.714355
vt 0.258911 0.854980
vt 0.499878 0.857178
vt 0.499878 0.285767
vt 0.229980 0.275269
vt 0.000000 0.285767
vt 0.000000 0.428589
vt 0.000000 0.571533
vt 0.000000 0.714355
vt 0.000000 0.857178
vt 0.000000 1.000000
vt 0.250000 1.000000
vt 0.500000 1.000000
vt 0.500000 0.714355
vt 0.500000 0.571533
vt 0.782471 0.708008
vt 0.773315 0.577393
vt 1.000000 0.714355
vt 0.999878 0.571533
vt 1.000000 0.428589
vt 0.750000 0.428589
vt 0.500000 0.428589
vt 0.500000 0.142944
vt 0.731812 0.152954
vt 0.500000 0.285767
vt 0.779419 0.269043
vt 0.500000 0.428589
vt 0.801025 0.412476
vt 1.000000 0.428589
vt 0.999878 0.285767
vt 1.000000 0.142944
vt 0.250000 1.000000
vt 0.500000 1.000000
vt 0.226685 0.943970
vt 0.499878 0.942017
vt 0.234253 0.900024
vt 0.499878 0.900269
vt 0.224609 0.780029
vt 0.500000 0.780029
vt 0.500000 0.714355
vt 0.223511 0.685791
vt 0.223877 0.544922
vt 0.499878 0.571533
vt 0.000000 1.000000
vt 0.000000 0.950195
vt 0.000000 0.900269
vt 0.000000 0.785767
vt 0.000000 0.714355
vt 0.000000 0.571533
vt 0.000000 0.428589
vt 0.216919 0.391968
vt 0.500000 0.428589
vt 0.000000 1.000000
vt 0.250000 1.000000
vt 0.000000 0.900269
vt 0.257202 0.897583
vt 0.500000 1.000000
vt 0.499878 0.900269
vt 0.224976 0.682861
vt 0.500000 0.714355
vt 0.499878 0.571533
vt 0.221436 0.519043
vt 0.000000 0.571533
vt 0.000000 0.714355
vn 0.7356 0.2209 0.6404
vn 0.6466 0.7382 0.1920
vn 0.6753 0.7136 0.1866
vn 0.6516 0.6964 -0.3008
vn 0.6725 0.6171 -0.4086
vn 0.8849 0.3796 -0.2700
vn 0.7679 0.3438 -0.5404
vn 0.8536 0.3725 0.3641
vn 0.7065 0.6424 0.2968
vn 0.3656 0.8722 0.3250
vn 0.6625 0.7167 0.2179
vn 0.6065 0.7308 -0.3131
vn 0.6828 0.7018 -0.2032
vn 0.4028 0.8471 -0.3466
vn 0.2627 0.8184 -0.5110
vn -0.1191 0.8207 -0.5587
vn -0.2041 0.8536 -0.4793
vn -0.0891 0.8685 -0.4876
vn -0.5303 0.8384 -0.1258
vn -0.5170 0.8463 -0.1280
vn -0.6184 0.7859 0.0000
vn -0.4621 0.6325 0.6217
vn -0.4114 0.7511 0.5163
vn 0.4133 0.8716 0.2636
vn -0.1168 0.9205 0.3729
vn -0.2482 0.8080 0.5343
vn -0.2485 0.8078 0.5345
vn -0.2576 0.8058 0.5333
vn -0.2588 0.8055 0.5331
vn -0.3734 0.6722 0.6393
vn -0.9142 -0.4050 -0.0157
vn -0.8461 -0.5327 0.0215
vn -0.8467 -0.5319 0.0105
vn -0.8137 -0.5663 -0.1308
vn -0.7187 -0.5370 -0.4417
vn -0.7596 -0.4370 -0.4818
vn -0.7532 -0.4345 -0.4938
vn -0.8098 -0.0057 -0.5867
vn -0.6722 0.0845 -0.7356
vn -0.6333 0.2718 -0.7246
vn -0.7043 0.3246 -0.6313
vn -0.9620 0.2349 -0.1391
vn -0.9422 -0.0663 -0.3283
vn -0.9652 -0.2613 -0.0140
vn -0.9149 -0.4016 -0.0422
vn -0.6358 0.5558 -0.5356
vn -0.5658 0.5717 -0.5941
vn -0.1495 0.8221 -0.5494
vn 0.3209 0.5838 -0.7458
vn -0.3682 0.8719 -0.3228
vn 0.1102 0.5833 -0.8048
vn -0.1642 0.9086 0.3841
vn 0.0817 0.9921 -0.0953
vn -0.3575 0.9323 0.0552
vn -0.4990 0.7726 0.3925
vn -0.8963 0.4088 0.1717
vn -0.8659 0.5000 0.0132
vn -0.9589 0.2311 -0.1646
vn 0.5825 0.6979 0.4168
vn 0.5800 0.7247 0.3722
vn -0.1452 0.9500 -0.2764
vn -0.0975 0.9819 -0.1622
vn -0.0483 0.9760 -0.2125
vn -0.0398 0.8040 -0.5933
vn -0.1255 0.8527 -0.5071
vn -0.1455 0.7760 -0.6137
vn 0.1456 0.5824 -0.7997
vn 0.5743 0.4859 -0.6589
vn 0.5681 0.4942 -0.6580
vn 0.5673 0.4952 -0.6580
vn 0.5751 0.4847 -0.6590
vn 0.5216 0.3930 -0.7573
vn 0.5027 0.4403 -0.7439
vn 0.1940 0.1699 -0.9662
vn 0.5140 0.7153 0.4734
vn 0.5818 0.7945 0.1738
vn 0.6849 0.7227 0.0932
vn 0.6705 0.7080 0.2217
vn 0.8380 0.5443 -0.0392
vn 0.8359 0.5040 -0.2173
vn 0.8561 0.4407 -0.2698
vn 0.8474 0.4248 -0.3185
vn 0.8382 0.4529 -0.3040
vn 0.8086 0.4224 -0.4095
vn 0.8602 -0.0879 -0.5024
vn 0.9970 -0.0380 -0.0677
vn 0.2170 -0.0551 -0.9746
vn 0.0075 -0.1013 -0.9948
vn 0.2144 0.3358 0.9172
vn 0.1952 0.8082 0.5556
vn 0.6224 0.7827 0.0000
vn 0.4440 0.8703 -0.2131
vn 0.5755 0.7965 -0.1856
vn 0.2527 0.8436 -0.4737
vn 0.2332 0.8479 -0.4761
vn 0.1426 0.8148 -0.5619
vn -0.1456 0.8305 -0.5376
vn -0.2586 0.8738 -0.4118
vn -0.6398 0.7295 -0.2418
vn -0.6793 0.6690 -0.3018
vn -0.6159 0.7198 -0.3203
vn -0.6409 0.4996 -0.5827
vn 0.5931 0.2004 0.7798
vn 0.2972 0.7921 0.5332
vn 0.2712 0.7991 0.5366
vn 0.1484 0.9127 0.3808
vn -0.2690 0.9128 0.3073
vn -0.2125 0.9023 0.3751
vn -0.6530 0.7196 0.2363
vn -0.6774 0.7099 0.1930
vn -0.6470 0.7360 0.1990
vn -0.6555 0.7338 0.1785
vn -0.9383 0.3441 0.0342
vn -0.8745 0.3023 0.3792
vn -0.7921 0.3585 -0.4941
vn -0.8689 0.4401 -0.2265
vn 0.8919 -0.0340 0.4510
vn 0.7138 0.3277 0.6190
vn 0.6942 -0.0056 0.7197
vn 0.5681 0.2556 0.7822
vn 0.2943 0.2284 0.9280
vn 0.1747 0.3674 0.9135
vn -0.0258 0.3588 0.9330
vn -0.1832 0.4471 0.8755
vn -0.2088 0.4369 0.8749
vn -0.3387 0.4669 0.8169
vn -0.6026 0.3414 0.7214
vn -0.5191 0.3304 0.7882
vn -0.6119 0.1140 0.7827
vn -0.4148 -0.0259 0.9095
vn 0.9014 0.3330 0.2769
vn 0.3217 0.9452 0.0563
vn 0.5163 0.8564 -0.0005
vn 0.2034 0.9675 -0.1503
vn 0.0070 0.9946 -0.1037
vn 0.1365 0.9905 0.0146
vn -0.5131 0.8274 0.2282
vn -0.5868 0.7985 0.1341
vn -0.6650 0.7275 0.1690
vn -0.8049 0.5933 0.0049
vn -0.8309 0.5563 0.0140
vn -0.8394 0.5434 -0.0145
vn -0.9671 0.2412 -0.0813
vn -0.9583 0.2183 -0.1844
vn 0.0192 0.9293 0.3688
vn 0.2320 0.9684 -0.0915
vn -0.0802 0.9087 0.4097
vn 0.1229 0.9868 0.1053
vn -0.0389 0.9455 -0.3234
vn 0.2361 0.6935 -0.6806
vn 0.2440 0.7042 -0.6668
vn 0.2250 0.7319 -0.6432
vn -0.0067 0.4741 -0.8805
vn 0.0365 0.4761 -0.8786
vn 0.0039 0.4266 -0.9044
vn -0.1501 0.3842 -0.9110
vn -0.2562 0.0827 -0.9631
vn -0.1262 0.0121 -0.9919
vn -0.3280 0.9248 -0.1930
vn -0.3874 0.9005 -0.1976
vn -0.4835 0.7904 -0.3762
vn -0.4817 0.7916 -0.3760
vn -0.5476 0.6002 -0.5830
vn -0.7519 0.4523 -0.4796
vn -0.7557 0.4169 -0.5051
vn -0.6651 0.3769 -0.6446
vn -0.6125 0.0670 -0.7876
vn -0.5828 0.0549 -0.8108
vn -0.5131 -0.3026 -0.8032
vn -0.6194 -0.2999 -0.7255
vn -0.2006 -0.2524 -0.9466
vn 0.0593 -0.2745 -0.9598
vn 0.8699 0.1080 0.4813
vn 0.8578 0.1909 0.4772
vn 0.6573 0.2516 0.7104
vn 0.5969 0.4264 0.6797
vn 0.4156 0.4410 0.7955
vn 0.2669 0.6133 0.7434
vn -0.1387 0.6002 0.7877
vn -0.1459 0.6037 0.7838
vn -0.1392 0.6004 0.7875
vn -0.1465 0.6040 0.7834
vn -0.4253 0.5271 0.7358
vn -0.5731 0.6015 0.5565
vn -0.6406 0.5354 0.5504
vn -0.6697 0.5465 0.5029
vn -0.9011 0.3151 0.2978
vn -0.3602 -0.3744 0.8545
vn 0.8850 0.4001 0.2383
vn 0.5878 0.7915 0.1674
vn 0.6360 0.7587 0.1411
vn 0.2269 0.9711 -0.0743
vn 0.1141 0.9923 -0.0473
vn -0.0116 0.9905 -0.1368
vn -0.4272 0.9040 0.0193
vn -0.3798 0.9234 0.0554
vn -0.6574 0.7195 0.2239
vn -0.7074 0.6952 0.1278
vn -0.7337 0.6665 0.1325
vn -0.7795 0.6141 -0.1233
vn -0.8789 0.4408 -0.1823
vn -0.8965 0.4392 -0.0577
vn 0.2434 0.8110 0.5321
vn 0.2032 0.8507 0.4847
vn -0.1402 0.9155 0.3772
vn -0.0511 0.8519 0.5212
vn 0.1408 0.9720 0.1882
vn -0.0928 0.7463 -0.6592
vn -0.2514 0.8914 -0.3772
vn -0.2955 0.8268 -0.4786
vn -0.0710 0.6416 -0.7638
vn 0.2266 0.5823 -0.7807
vn 0.2244 0.5849 -0.7795
vn 0.2242 0.5851 -0.7793
vn 0.2269 0.5821 -0.7808
vn 0.1694 0.4816 -0.8599
vn 0.1753 0.4689 -0.8657
vn -0.1009 0.2310 -0.9677
vn 0.4724 0.8320 0.2908
vn 0.4684 0.8484 0.2466
vn 0.6252 0.7789 0.0502
vn 0.6233 0.7810 0.0394
vn 0.7251 0.6217 -0.2962
vn 0.7005 0.6040 -0.3801
vn 0.7141 0.4915 -0.4985
vn 0.7260 0.4991 -0.4731
vn 0.7323 0.4560 -0.5058
vn 0.6833 0.4378 -0.5844
vn 0.6802 0.0290 -0.7324
vn 0.9242 -0.0116 -0.3817
vn -0.0842 0.1606 -0.9834
vn -0.2319 0.1241 -0.9648
vn 0.2441 0.9692 0.0334
vn 0.2782 0.8914 0.3578
vn -0.2395 0.9703 0.0335
vn -0.1677 0.9779 0.1248
vn -0.2267 0.9652 0.1301
vn -0.3855 0.9119 -0.1411
vn -0.7048 0.6917 -0.1576
vn -0.6692 0.7414 0.0492
vn -0.9311 0.3590 0.0640
vn -0.8905 0.4165 -0.1830
vn -0.9848 -0.0125 -0.1734
vn -0.9284 -0.1473 0.3411
vn -0.9006 -0.4093 0.1461
vn -0.6722 -0.5525 0.4928
vn 0.2923 0.9404 -0.1739
vn 0.2110 0.8968 -0.3888
vn 0.1194 0.9031 -0.4125
vn -0.0096 0.8347 -0.5505
vn -0.2248 0.7738 -0.5923
vn -0.1130 0.9256 -0.3612
vn -0.6202 0.6563 -0.4298
vn -0.5984 0.5300 -0.6009
vn -0.8598 0.2710 -0.4328
vn -0.8565 0.2473 -0.4530
vn -0.9574 -0.0164 -0.2883
vn -0.7795 -0.1658 -0.6040
vn -0.7761 -0.1777 -0.6051
vn -0.8362 -0.1886 -0.5150
vn 0.8485 -0.2594 -0.4612
vn 0.8243 -0.2275 -0.5184
vn 0.7705 -0.4282 -0.4721
vn 0.7722 -0.4274 -0.4701
vn 0.9198 -0.3652 0.1434
vn 0.9189 -0.3750 0.1223
vn 0.9681 -0.2259 0.1084
vn 0.9639 -0.2350 0.1254
vn 0.9886 -0.0204 0.1494
vn 0.9966 0.0825 -0.0077
vn 0.8655 0.0493 -0.4985
vn 0.8489 0.0648 -0.5246
vn -0.5335 0.2107 0.8192
vn -0.7376 0.0118 0.6751
vn -0.6238 0.4925 0.6069
vn -0.9182 -0.0114 0.3959
vn -0.9378 0.2806 0.2042
vn -0.4671 0.8814 0.0695
vn -0.1675 0.9673 0.1906
vn -0.2270 0.9504 0.2127
vn -0.0820 0.9637 0.2541
vn 0.0417 0.9857 0.1635
vn 0.5290 0.7926 0.3031
vn 0.5408 0.7566 0.3675
vn 0.0695 0.2044 0.9764
vn 0.1567 0.2493 0.9557
vn -0.2035 0.2768 0.9391
vn -0.3102 0.1765 0.9341
vn 0.2162 0.0929 0.9719
vn 0.3846 0.1262 0.9144
vn 0.7327 0.5551 0.3937
vn 0.7700 0.5377 0.3433
vn 0.8843 0.3503 0.3087
vn 0.9140 0.4049 -0.0272
vn 0.9560 0.2734 -0.1066
vn 0.9721 0.2346 0.0071
vn 0.1217 -0.6376 0.7607
vn 0.6693 -0.2739 0.6906
vn 0.6032 -0.0634 0.7950
vn 0.5590 -0.0816 0.8252
vn -0.6074 0.0826 0.7901
vn -0.8641 -0.1052 0.4922
vn -0.9934 -0.0401 -0.1074
vn -0.9932 0.0734 0.0902
vn 0.4812 0.8683 0.1206
vn 0.4216 0.4381 0.7939
vn 0.7494 0.0290 0.6615
vn -0.4829 -0.3206 0.8149
vn 0.5946 0.8034 -0.0314
vn 0.3814 0.9227 0.0563
vn -0.3705 0.9284 -0.0280
vn -0.7040 0.5960 0.3861
vn -0.3730 0.9277 0.0160
vn -0.6066 0.6595 -0.4439
vn -0.6407 0.7094 -0.2937
vn -0.5580 0.7304 -0.3940
vn -0.4667 0.6042 -0.6458
vn -0.4020 0.5989 -0.6926
vn -0.2996 0.5130 -0.8044
vn -0.3378 0.3678 -0.8664
vn -0.3375 0.3676 -0.8666
vn -0.3332 0.3619 -0.8706
vn -0.4755 0.2314 -0.8488
vn 0.6109 0.7809 -0.1307
vn 0.4864 0.8734 -0.0257
vn 0.5677 0.7380 -0.3649
vn 0.5259 0.7758 -0.3487
vn 0.5087 0.6872 -0.5186
vn 0.6098 0.5448 -0.5756
vn 0.6051 0.5359 -0.5888
vn 0.6121 0.5382 -0.5794
vn 0.5700 0.4325 -0.6987
vn 0.3120 0.3734 -0.8736
vn 0.3148 0.0775 -0.9460
vn 0.7214 0.0196 -0.6922
vn -0.4704 0.2001 -0.8595
vn -0.6214 0.1504 -0.7689
vn 0.8924 0.4283 -0.1421
vn 0.8924 0.4284 -0.1421
vn 0.8911 0.4312 -0.1412
vn 0.9271 0.3720 -0.0460
vn 0.8210 -0.0827 0.5648
vn 0.4462 -0.4688 0.7623
vn 0.7725 0.4364 0.4613
vn 0.7393 0.2811 0.6118
vn 0.5018 0.4858 0.7157
vn 0.5070 0.4881 0.7104
vn 0.2194 0.5905 0.7766
vn 0.2137 0.5884 0.7798
vn -0.2718 0.6205 0.7356
vn -0.4265 0.4516 0.7837
vn -0.4933 0.4489 0.7451
vn -0.6568 0.1802 0.7322
vn 0.8937 0.4254 -0.1429
vn 0.8668 0.4726 0.1591
vn 0.6632 0.7388 0.1195
vn 0.6819 0.7262 0.0868
vn 0.5649 0.8250 0.0166
vn 0.5269 0.8486 0.0477
vn 0.0245 0.9902 -0.1375
vn -0.1065 0.9931 -0.0493
vn -0.2110 0.9747 -0.0732
vn -0.3770 0.9262 0.0027
vn -0.5172 0.8548 -0.0419
vn -0.9373 0.3035 0.1716
vn -0.8863 0.0800 0.4561
vn -0.8687 0.2067 0.4502
vn 0.9746 -0.0586 -0.2163
vn 0.5756 -0.0771 -0.8141
vn 0.9454 0.0215 0.3251
vn 0.9394 0.0165 0.3426
vn 0.8910 0.4035 0.2080
vn 0.8716 0.4903 -0.0050
vn 0.7281 0.6855 0.0071
vn 0.7435 0.6679 0.0334
vn 0.5904 0.8025 0.0863
vn 0.5941 0.8004 0.0800
vn 0.1075 0.9725 0.2068
vn 0.0173 0.9414 0.3369
vn -0.1692 0.9256 0.3387
vn -0.1947 0.9069 0.3737
vn -0.1943 0.9070 0.3737
vn -0.1904 0.9079 0.3735
vn 0.7453 0.3955 -0.5367
vn 0.8257 0.4047 -0.3929
vn 0.6402 0.6079 -0.4696
vn 0.7285 0.5861 -0.3545
vn 0.5428 0.7044 -0.4574
vn 0.3487 0.6756 -0.6496
vn -0.0464 0.7393 -0.6718
vn -0.1034 0.7921 -0.6016
vn -0.1213 0.7923 -0.5979
vn -0.4722 0.8572 -0.2052
vn -0.3809 0.8942 -0.2351
vn -0.4203 0.8950 -0.1493
vn -0.1902 0.9080 0.3734
vn -0.1862 0.9184 0.3492
vn 0.3630 0.8993 -0.2439
vn 0.4045 0.9025 -0.1479
vn 0.1907 0.9068 0.3760
vn 0.1870 0.9178 0.3502
vn 0.2052 0.9032 0.3770
vn 0.1803 0.9235 0.3385
vn 0.0478 0.9396 0.3389
vn -0.0531 0.9836 0.1725
vn -0.6754 0.7374 -0.0052
vn -0.6284 0.7747 0.0701
vn -0.7313 0.6814 0.0312
vn -0.7152 0.6989 0.0023
vn -0.8536 0.5208 -0.0101
vn -0.8749 0.4333 0.2163
vn 0.4582 0.8634 -0.2112
vn 0.1334 0.7877 -0.6014
vn 0.1230 0.7876 -0.6038
vn 0.0556 0.7204 -0.6914
vn -0.3199 0.6634 -0.6764
vn -0.5817 0.6787 -0.4483
vn -0.7077 0.5986 -0.3753
vn -0.6247 0.6136 -0.4829
vn -0.8003 0.4293 -0.4186
vn -0.7192 0.4151 -0.5572
vn -0.9701 -0.0670 -0.2333
vn -0.5392 -0.0811 -0.8383
vn -0.9357 0.0203 0.3523
vn -0.9318 0.0173 0.3624
vn -0.1486 -0.4836 0.8626
vn 0.0300 -0.5956 0.8027
vn -0.8524 -0.3078 0.4226
vn 0.0698 0.1631 0.9841
vn -0.5908 0.7618 0.2659
vn -0.5028 0.2578 0.8251
vn -0.1763 0.2642 0.9482
vn -0.0109 0.3378 0.9412
vn -0.9122 -0.0437 -0.4074
vn -0.9816 0.0390 -0.1872
vn -0.9816 -0.0567 0.1822
vn -0.9587 -0.1175 0.2589
vn -0.8954 0.3268 0.3026
vn -0.8943 0.3557 0.2716
vn -0.8581 0.4252 -0.2878
vn -0.9251 0.3481 -0.1516
vn -0.7559 0.6204 -0.2090
vn -0.5841 0.7191 -0.3766
vn -0.7820 0.5335 -0.3222
vn -0.7168 0.6820 -0.1449
vn -0.3374 0.8976 -0.2838
vn -0.2072 0.9766 -0.0581
vn 0.2108 0.9702 -0.1194
vn 0.2956 0.9550 -0.0234
vn 0.4152 0.6643 0.6215
vn 0.3590 0.7594 0.5426
vn -0.8181 0.4829 0.3124
vn -0.7608 0.6033 0.2391
vn -0.7334 0.6304 0.2542
vn -0.6890 0.6411 0.3380
vn -0.2017 0.8805 0.4290
vn 0.0164 0.7268 0.6867
vn 0.1229 -0.6256 -0.7704
vn 0.3587 -0.6758 -0.6439
vn 0.4697 -0.6584 -0.5882
vn 0.4726 -0.6590 -0.5851
vn 0.5156 -0.5214 -0.6799
vn 0.4612 -0.4893 -0.7402
vn 0.5994 -0.0568 -0.7984
vn 0.6221 -0.0808 -0.7788
vn 0.6834 0.2255 -0.6943
vn 0.5991 0.1687 -0.7827
vn 0.6504 0.4239 -0.6303
vn 0.7034 0.4479 -0.5519
vn 0.7035 0.4485 -0.5512
vn 0.7037 0.4489 -0.5507
vn 0.7035 0.4493 -0.5506
vn 0.6886 0.4460 -0.5719
vn 0.1215 -0.4424 -0.8886
vn 0.0208 -0.3841 -0.9231
vn -0.0026 -0.0527 -0.9986
vn 0.0014 -0.0556 -0.9985
vn -0.0022 -0.0530 -0.9986
vn 0.0017 -0.0558 -0.9984
vn -0.0332 0.2131 -0.9765
vn 0.1220 0.3521 -0.9280
vn 0.1554 0.5861 -0.7952
vn 0.0839 0.5146 -0.8533
vn 0.0881 0.4595 -0.8838
vn 0.2542 0.5596 -0.7889
vn 0.2094 0.8400 -0.5006
vn 0.5509 0.7954 0.2527
vn 0.4689 0.8697 0.1541
vn 0.3651 0.8934 -0.2617
vn 0.7424 -0.4355 -0.5091
vn 0.7984 -0.5679 -0.2002
vn 0.7418 -0.6464 -0.1786
vn 0.6725 -0.5594 -0.4845
vn 0.8075 -0.1261 -0.5762
vn 0.8253 -0.1499 -0.5445
vn 0.9892 -0.1438 0.0296
vn 0.9500 -0.2489 0.1887
vn 0.8153 -0.5608 0.1444
vn 0.8380 -0.5407 0.0730
vn 0.8699 -0.4886 0.0671
vn 0.8420 -0.5126 0.1680
vn -0.9859 0.1456 0.0820
vn -0.9890 -0.1478 0.0103
vn -0.9510 -0.2574 0.1715
vn -0.8120 -0.5692 0.1291
vn -0.8338 -0.5489 0.0600
vn -0.9699 0.2428 0.0153
vn -0.9171 0.3905 0.0798
vn -0.7702 0.4673 -0.4341
vn -0.7676 0.4211 -0.4832
vn -0.8237 0.2724 -0.4972
vn -0.7646 0.3406 -0.5472
vn -0.8196 -0.1268 -0.5588
vn -0.8363 -0.1506 -0.5271
vn -0.7522 -0.4414 -0.4892
vn -0.7993 -0.5719 -0.1845
vn -0.7594 -0.6281 -0.1696
vn -0.7036 -0.5537 -0.4454
vn -0.8702 -0.4898 0.0536
vn -0.8455 -0.5135 0.1463
vn -0.6863 0.5837 -0.4340
vn -0.6537 0.6002 -0.4608
vn -0.1681 0.9030 -0.3954
vn -0.0385 0.9956 -0.0859
vn -0.0570 0.9624 -0.2657
vn -0.1726 0.9098 0.3776
vn -0.8365 0.4575 0.3016
vn -0.8062 0.5674 0.1678
vn -0.9130 0.3960 0.0978
vn 0.2834 0.4292 0.8576
vn 0.1824 0.4829 0.8564
vn 0.0350 0.6699 0.7416
vn 0.0031 0.6637 0.7480
vn -0.3063 0.8083 0.5028
vn -0.6437 0.6329 0.4302
vn 0.5580 0.6597 0.5034
vn 0.4186 0.9019 -0.1070
vn 0.6267 0.7736 0.0940
vn 0.1605 0.9796 0.1212
vn -0.1225 0.9678 -0.2199
vn -0.3034 0.9258 -0.2256
vn -0.3559 0.8873 -0.2933
vn -0.5791 0.7736 -0.2574
vn -0.6972 0.7134 -0.0707
vn -0.6254 0.6342 0.4546
vn -0.7384 0.5362 0.4090
vn -0.7981 0.5275 0.2913
vn -0.7915 0.6106 -0.0259
vn -0.8164 0.5711 -0.0852
vn -0.8608 0.2120 -0.4627
vn -0.9223 0.2050 -0.3276
vn -0.7262 -0.3498 0.5918
vn -0.9835 -0.1321 0.1239
vn -0.9234 0.3388 0.1804
vn -0.9244 0.3331 0.1856
vn -0.9165 0.3886 -0.0944
vn -0.9030 0.3295 -0.2757
vn 0.7088 0.7054 0.0030
vn 0.7030 0.7105 0.0310
vn 0.8920 0.4498 0.0437
vn 0.9341 0.3009 -0.1920
vn 0.9836 -0.0086 -0.1800
vn 0.9333 -0.1436 0.3293
vn 0.3516 0.9333 0.0730
vn 0.4119 0.8998 0.1440
vn 0.2559 0.8480 -0.4640
vn 0.1772 0.9438 -0.2792
vn 0.6466 0.6753 -0.3547
vn 0.5088 0.3553 -0.7842
vn 0.6585 0.0418 -0.7514
vn 0.6954 0.1094 -0.7102
vn 0.7148 0.0164 -0.6992
vn 0.8114 -0.0229 -0.5840
vn 0.7845 -0.1502 -0.6016
vn 0.8237 -0.1940 -0.5328
vn 0.9086 -0.3914 0.1460
vn 0.6791 -0.5432 0.4937
vn 0.0156 0.9939 0.1092
vn -0.0798 0.9962 0.0337
vn -0.2450 0.9211 -0.3027
vn -0.1227 0.9554 -0.2687
vn -0.0659 0.9571 -0.2823
vn -0.1004 0.9752 -0.1971
vn -0.0252 0.9991 0.0342
vn -0.0012 0.9964 -0.0845
vn -0.8784 -0.4138 -0.2390
vn -0.6003 -0.5457 -0.5847
vn -0.6047 -0.5333 -0.5916
vn -0.1804 -0.6811 -0.7096
vn -0.4522 -0.6776 -0.5800
vn -0.3249 -0.6580 -0.6793
vn -0.3529 -0.4677 -0.8104
vn -0.2147 -0.3636 -0.9065
vn 0.8640 -0.0070 -0.5034
vn 0.8415 -0.0243 -0.5397
vn 0.3372 -0.0206 -0.9412
vn 0.2932 -0.0509 -0.9547
vn 0.2264 -0.4978 -0.8372
vn 0.3282 -0.5629 -0.7586
vn 0.3129 -0.6564 -0.6865
vn 0.4375 -0.6754 -0.5936
vn 0.1540 -0.6776 -0.7191
vn 0.5687 -0.5383 -0.6219
vn 0.5382 -0.6065 -0.5853
vn 0.5883 -0.5929 -0.5498
vn -0.5123 -0.6576 -0.5524
vn -0.4987 -0.6550 -0.5676
vn -0.3855 -0.6752 -0.6289
vn -0.1235 -0.6225 -0.7728
vn -0.1213 -0.4441 -0.8877
vn 0.2556 -0.2073 -0.9443
vn 0.2557 -0.2068 -0.9444
vn 0.2570 -0.1954 -0.9465
vn 0.2570 -0.1950 -0.9465
vn 0.0096 -0.0140 -0.9999
vn -0.6491 -0.0487 -0.7591
vn -0.7452 -0.1598 -0.6474
vn -0.6303 -0.4828 -0.6079
vn -0.5666 -0.4373 -0.6984
vn -0.8962 0.0519 -0.4406
vn -0.8767 0.0301 -0.4800
vn -0.9973 0.0334 0.0652
vn -0.9472 0.1235 0.2959
vn -0.8749 0.3443 0.3406
vn -0.8536 0.3539 0.3822
vn -0.7692 0.5122 0.3821
vn -0.7180 0.6390 0.2760
vn -0.6601 0.7018 -0.2679
vn -0.7188 0.5985 -0.3536
vn -0.8434 0.4326 -0.3187
vn -0.8356 0.2135 -0.5062
vn -0.5843 0.7531 -0.3022
vn -0.5498 0.7934 -0.2613
vn -0.5805 0.7338 0.3529
vn -0.5723 0.7336 0.3666
vn 0.0279 0.8614 0.5072
vn 0.0279 0.8614 0.5071
vn 0.0278 0.8614 0.5071
vn 0.3124 0.8051 0.5043
vn 0.5975 0.7935 0.1155
vn 0.5937 0.7975 0.1073
vn 0.5981 0.7928 0.1171
vn 0.5929 0.7984 0.1054
vn 0.1092 0.9726 -0.2053
vn 0.0929 0.9746 -0.2036
vn -0.0289 0.9261 -0.3763
vn 0.8751 0.2302 -0.4258
vn 0.9044 0.2276 -0.3610
vn 0.5975 -0.4084 0.6901
vn 0.8682 -0.2900 0.4027
vn 0.8863 0.1368 0.4424
vn 0.9013 0.2992 0.3131
vn 0.7948 0.4857 0.3640
vn 0.7932 0.4916 0.3594
vn 0.7945 0.4864 0.3635
vn 0.7931 0.4922 0.3588
vn 0.5999 0.6649 0.4451
vn 0.6696 0.6562 0.3481
vn 0.5322 0.7504 0.3921
vn 0.1096 0.6451 0.7562
vn -0.0553 0.6811 0.7301
vn -0.1763 0.5568 0.8117
vn 0.8996 0.2702 -0.3432
vn 0.9249 0.3801 -0.0069
vn 0.8286 0.5595 0.0181
vn 0.8059 0.5885 0.0652
vn 0.6668 0.7451 0.0118
vn 0.6001 0.7938 -0.0987
vn 0.4588 0.8806 -0.1182
vn 0.5327 0.8168 -0.2215
vn 0.1586 0.9615 -0.2242
vn -0.1361 0.9907 -0.0021
vn -0.4449 0.8902 -0.0984
vn -0.4449 0.8901 -0.0984
vn -0.4419 0.8914 -0.1012
vn -0.4453 0.8900 -0.0981
vn -0.5350 0.7200 0.4421
vn -0.2653 0.5172 0.8137
vn -0.5518 -0.7180 0.4242
vn -0.5163 -0.7189 0.4653
vn -0.6413 -0.5471 0.5380
vn -0.5772 -0.5812 0.5736
vn 0.9833 0.0808 0.1633
vn 0.8865 -0.1640 0.4326
vn 0.8851 -0.1697 0.4334
vn 0.8818 -0.1708 0.4396
vn 0.8837 -0.1720 0.4353
vn 0.8806 -0.1745 0.4406
vn -0.3833 -0.6785 -0.6267
vn 0.4417 -0.3536 0.8245
vn -0.5834 -0.6439 0.4950
vn -0.4997 -0.6455 0.5776
vn -0.6033 -0.3155 0.7324
vn -0.5167 -0.3363 0.7874
vn 0.7190 -0.0565 0.6927
vn 0.8471 -0.0405 0.5298
vn 0.8422 -0.1539 0.5167
vn -0.5422 -0.0323 0.8396
vn -0.5661 -0.4150 0.7122
vn -0.5714 -0.4182 0.7062
vn -0.5673 -0.4157 0.7109
vn -0.5724 -0.4188 0.7050
vn -0.6437 -0.0615 0.7628
vn -0.1541 -0.5943 0.7893
vn -0.5139 -0.5383 0.6680
vn -0.8415 -0.5022 0.1991
vn -0.8877 -0.4556 0.0664
vn -0.9456 -0.3139 0.0851
vn -0.9730 -0.2262 -0.0459
vn 0.5490 -0.0588 0.8338
vn 0.8750 0.0489 0.4816
vn 0.8771 0.0791 0.4737
vn 0.9344 0.0219 0.3555
vn 0.9337 0.1163 0.3385
vn 0.9485 0.1064 0.2982
vn 0.9488 0.1046 0.2982
vn 0.9472 0.1033 0.3035
vn 0.9483 0.1028 0.3002
vn 0.9462 0.1024 0.3071
vn -0.6742 0.1603 0.7209
vn -0.8047 0.0982 0.5855
vn -0.8146 -0.0183 0.5798
vn -0.7870 -0.0269 0.6164
vn -0.7593 -0.1794 0.6255
vn -0.6438 -0.2160 0.7341
vn -0.6470 -0.3054 0.6987
vn -0.6820 -0.3016 0.6662
vn 0.9127 -0.1553 -0.3779
vn 0.9197 -0.2374 0.3127
vn 0.9558 0.0875 0.2808
vn 0.9385 0.0942 0.3322
vn 0.9787 0.1519 -0.1381
vn 0.9497 0.0836 -0.3018
vn 0.9249 -0.1649 -0.3426
vn 0.5041 -0.1301 -0.8538
vn -0.3736 -0.1040 0.9217
vn -0.1257 -0.1865 0.9744
vn -0.1405 -0.2092 0.9677
vn -0.1198 -0.2080 0.9708
vn -0.9320 -0.2962 -0.2091
vn -0.9347 -0.3021 -0.1870
vn -0.9747 -0.1732 -0.1412
vn -0.9675 -0.1375 -0.2121
vn 0.6711 -0.4916 0.5550
vn 0.6347 -0.4958 0.5927
vn 0.4156 -0.5203 0.7460
vn 0.6423 -0.4667 0.6079
vn 0.9825 0.1813 -0.0420
vn 0.7932 0.3211 -0.5174
vn 0.7890 0.3944 -0.4711
vn 0.7984 0.3908 -0.4582
vn 0.7425 -0.3526 -0.5695
vn 0.9815 -0.0787 -0.1747
vn 0.2669 -0.3710 -0.8894
vn -0.9359 -0.2834 0.2092
vn -0.7522 -0.4874 0.4435
vn -0.8081 -0.4184 0.4147
vn -0.7684 -0.4499 0.4551
vn -0.9222 -0.2990 -0.2452
vn -0.9264 -0.3157 -0.2053
vn -0.9728 -0.1547 -0.1726
vn -0.9619 -0.0883 -0.2589
vn 0.7995 0.1210 0.5884
vn 0.8948 0.0865 0.4380
vn 0.8568 0.1895 0.4796
vn 0.8758 0.1977 0.4402
vn -0.8028 -0.4242 0.4191
vn -0.8019 -0.4244 0.4205
vn -0.8003 -0.4248 0.4232
vn -0.7995 -0.4249 0.4247
vn -0.8039 -0.2471 0.5410
vn -0.7943 -0.2391 0.5584
vn -0.8344 -0.0060 0.5511
vn -0.7739 0.0329 0.6324
vn -0.7601 0.1414 0.6343
vn -0.6354 0.2096 0.7432
vn 0.7402 0.0849 0.6670
vn 0.7608 0.0561 0.6465
vn 0.7571 0.0456 0.6517
vn 0.7604 0.0553 0.6470
vn 0.7571 0.0450 0.6517
vn 0.7956 0.0195 0.6055
vn -0.5676 -0.1157 0.8151
vn -0.7515 -0.1851 0.6332
vn -0.5640 -0.1704 0.8080
vn -0.5482 -0.1616 0.8206
vn -0.5409 -0.2023 0.8164
vn -0.4632 -0.1217 0.8779
vn 0.6292 0.1697 0.7585
vn 0.7296 0.1439 0.6686
vn 0.7312 0.0099 0.6821
vn 0.7774 0.0449 0.6274
vn 0.7320 -0.1941 0.6530
vn 0.7023 -0.2139 0.6790
vn 0.7030 -0.2371 0.6705
vn 0.7299 -0.2289 0.6441
vn -0.7520 -0.1444 0.6432
vn -0.7088 -0.1430 0.6907
vn -0.9071 -0.3562 0.2243
vn -0.9419 -0.3213 0.0978
vn -0.9068 -0.0896 -0.4119
vn -0.9325 -0.0983 -0.3476
vn -0.8606 -0.1639 0.4823
vn -0.8955 -0.1812 0.4065
vn -0.9813 -0.1916 0.0165
vn -0.9246 -0.2483 -0.2888
vn -0.6325 -0.0753 -0.7709
vn -0.7842 -0.0224 -0.6201
vn -0.7702 -0.1061 -0.6289
vn -0.8852 -0.0808 -0.4582
vn -0.6352 0.0063 -0.7723
vn -0.6569 0.0029 -0.7539
vn -0.8700 -0.4065 -0.2791
vn -0.8717 -0.4218 -0.2495
vn -0.9883 -0.1401 -0.0600
vn -0.9920 -0.1215 0.0335
vn -0.9847 -0.1719 0.0304
vn -0.9846 -0.1722 0.0290
vn 0.7426 -0.0396 0.6686
vn 0.8002 -0.0698 0.5957
vn 0.8053 0.0182 0.5926
vn 0.9178 -0.0519 0.3937
vn 0.9178 -0.0527 0.3935
vn 0.9178 -0.0527 0.3936
vn 0.9175 -0.0537 0.3942
vn 0.9175 -0.0537 0.3941
vn -0.8036 -0.3497 0.4815
vn -0.7865 -0.3587 0.5028
vn -0.7857 -0.1785 0.5922
vn -0.8116 -0.1609 0.5617
vn -0.8517 0.0202 0.5236
vn -0.8430 0.0156 0.5377
vn -0.8000 0.3569 0.4823
vn -0.7663 0.3765 0.5206
vn 0.7296 -0.0764 0.6796
vn 0.8663 -0.0684 0.4949
vn -0.0003 -0.2325 0.9726
vn 0.3913 -0.0981 0.9150
vn 0.3909 -0.1045 0.9145
vn 0.4439 -0.0736 0.8931
vn 0.1508 -0.1770 0.9726
vn 0.0146 -0.1759 0.9843
vn 0.9582 -0.2505 -0.1381
vn 0.9594 -0.2547 -0.1215
vn 0.9927 -0.1041 -0.0608
vn 0.9927 -0.1119 -0.0444
vn 0.9964 0.0594 -0.0598
vn 0.9844 0.0997 -0.1447
vn 0.9294 0.3585 -0.0880
vn 0.9263 0.3748 -0.0395
vn 0.4056 0.2065 0.8904
vn 0.2408 0.2041 0.9489
vn -0.4504 -0.0416 0.8918
vn -0.7029 -0.4212 0.5731
vn -0.8173 -0.1226 0.5631
vn -0.8020 -0.1107 0.5870
vn -0.8058 -0.0683 0.5883
vn -0.8659 -0.0941 0.4913
vn -0.4711 -0.3517 0.8089
vn -0.2078 -0.2548 0.9444
vn 0.0264 0.3179 0.9478
vn 0.5885 0.3479 0.7298
vn 0.6207 0.2810 0.7320
vn 0.7610 0.2439 0.6011
vn 0.7698 -0.0693 0.6346
vn 0.7191 -0.1018 0.6875
vn 0.7132 -0.1272 0.6893
vn 0.5501 -0.2117 0.8078
vn 0.5442 -0.2874 0.7881
vn 0.6149 -0.2723 0.7401
vn -0.8659 -0.0946 0.4912
vn -0.8408 -0.0962 0.5327
vn 0.8162 -0.3627 0.4498
vn 0.9464 -0.2230 0.2336
vn 0.9614 0.0149 0.2747
vn 0.9515 -0.0134 0.3072
vn 0.7772 0.2418 -0.5809
vn 0.7934 0.2542 -0.5530
vn 0.7937 0.1426 -0.5913
vn 0.9056 0.0404 -0.4221
vn -0.9613 -0.2222 -0.1626
vn -0.8936 -0.1927 -0.4054
vn -0.8995 -0.1658 -0.4043
vn -0.9410 -0.1278 -0.3134
vn -0.8057 -0.2448 0.5393
vn -0.6906 -0.3081 0.6543
vn -0.6068 -0.5489 0.5749
vn -0.6082 -0.5484 0.5739
vn -0.6861 -0.6670 0.2906
vn -0.7975 -0.5804 0.1645
vn -0.8754 -0.4170 -0.2446
vn -0.8289 -0.2431 -0.5038
vn -0.8615 -0.1331 -0.4900
vn -0.8839 -0.1242 -0.4509
vn -0.9242 -0.3060 0.2287
vn -0.9103 -0.2904 0.2949
vn 0.4702 -0.5305 -0.7053
vn 0.9073 -0.3167 -0.2767
vn 0.9097 -0.3156 -0.2698
vn 0.9492 -0.1500 0.2767
vn 0.9744 0.0752 0.2117
vn 0.9887 0.0913 0.1190
vn 0.9497 0.0159 -0.3127
vn 0.9161 -0.0475 -0.3980
vn 0.8864 -0.0176 -0.4625
vn 0.5389 -0.4528 -0.7103
vn 0.7323 0.4769 0.4861
vn -0.0045 0.0661 0.9978
vn 0.0877 -0.6374 0.7655
vn 0.6407 0.6323 0.4355
vn 0.1937 0.5400 0.8190
vn 0.5215 -0.5712 0.6339
vn 0.6019 -0.4511 0.6589
vn 0.4956 -0.4157 0.7627
vn 0.7013 -0.2903 0.6510
vn -0.5507 0.6541 0.5185
vn 0.2885 0.4845 0.8259
vn 0.2663 0.4734 0.8397
vn 0.8838 -0.4678 -0.0031
vn 0.8450 -0.5348 0.0067
vn 0.8447 -0.5351 0.0117
vn 0.8087 -0.5720 -0.1373
vn 0.7034 -0.5416 -0.4603
vn 0.7253 -0.4909 -0.4827
vn 0.7180 -0.4876 -0.4967
vn 0.7925 -0.0032 -0.6098
vn 0.6502 0.0857 -0.7549
vn 0.6105 0.2784 -0.7415
vn 0.6845 0.3320 -0.6491
vn 0.9622 0.2403 -0.1284
vn 0.9424 -0.0682 -0.3274
vn 0.9635 -0.2677 0.0047
vn 0.8849 -0.4648 -0.0310
vn -0.1716 0.6539 -0.7369
vn 0.2762 0.8209 -0.4998
vn 0.6255 0.5665 -0.5365
vn 0.6172 0.5684 -0.5440
vn 0.6229 0.5671 -0.5389
vn 0.6151 0.5689 -0.5458
vn 0.9587 0.2362 -0.1583
vn 0.8736 0.4865 0.0091
vn 0.8657 0.4495 0.2202
vn 0.5705 0.7262 0.3836
vn 0.4817 0.8685 0.1173
vn 0.1304 0.9912 -0.0213
vn 0.0202 0.9709 -0.2387
vn -0.1144 0.6515 -0.7500
vn 0.1741 0.8769 -0.4480
vn -0.1315 0.0419 0.9904
vn -0.1898 -0.0684 0.9794
vn 0.4126 -0.3039 0.8587
vn -0.1691 0.4005 0.9006
vn -0.7689 0.2067 0.6050
vn -0.8065 0.2873 0.5168
vn -0.7388 0.5816 0.3406
vn -0.7077 0.6248 0.3298
vn -0.2803 0.8532 0.4398
vn -0.0015 0.9988 0.0497
vn 0.5934 0.3891 0.7046
vn 0.6610 0.3828 0.6454
vn 0.9681 0.2480 0.0357
vn 0.9829 0.1535 0.1020
vn 0.7700 0.2832 -0.5718
vn 0.7923 0.3460 -0.5025
vn 0.7552 0.4337 -0.4915
vn 0.7584 0.4814 -0.4394
vn 0.6780 0.5896 -0.4390
vn 0.6817 0.6021 -0.4157
vn 0.2307 0.9076 -0.3508
vn 0.1246 0.9908 -0.0538
vn 0.1381 0.9488 -0.2841
vn 0.2616 0.8850 0.3852
vn 0.8253 0.4629 0.3234
vn 0.7964 0.5749 0.1875
vn 0.9063 0.4054 0.1197
vn 0.9106 0.4005 0.1024
vn -0.1867 0.4787 0.8579
vn -0.2434 0.4163 0.8761
vn 0.5007 0.3933 0.7711
vn 0.1546 0.3114 0.9376
vn -0.3373 -0.2291 0.9131
vn -0.5117 -0.2659 0.8170
vn 0.0678 -0.4876 0.8704
vn -0.1007 -0.5873 0.8031
vn 0.1623 -0.5842 0.7952
vn -0.4867 -0.2052 0.8491
vn -0.5966 0.3772 0.7083
vn -0.6787 0.4594 0.5730
vn -0.8449 -0.2505 -0.4726
vn -0.8119 -0.2849 -0.5096
vn -0.8439 0.0699 -0.5319
vn -0.8593 0.0560 -0.5084
vn -0.9958 0.0910 -0.0081
vn -0.9879 -0.0141 0.1544
vn -0.9583 -0.2562 0.1268
vn -0.9637 -0.2453 0.1058
vn -0.9131 -0.3899 0.1193
vn -0.9140 -0.3821 0.1365
vn -0.7672 -0.4385 -0.4681
vn -0.7660 -0.4390 -0.4695
vn 0.3680 0.5061 -0.7800
vn 0.3663 0.5094 -0.7787
vn 0.3665 0.5090 -0.7788
vn 0.4083 0.5634 -0.7183
vn 0.3317 0.2672 -0.9047
vn 0.4384 0.3693 -0.8194
vn 0.8831 0.2301 -0.4089
vn 0.8368 0.1836 -0.5158
vn 0.8418 0.3975 -0.3651
vn 0.8572 0.4082 -0.3138
vn 0.8545 0.4374 -0.2802
vn 0.8996 0.4365 -0.0112
vn 0.6105 0.7139 0.3430
vn 0.1930 0.9679 -0.1613
vn 0.2047 0.9683 -0.1428
vn 0.1143 0.9084 -0.4022
vn 0.4118 0.5301 -0.7412
vn 0.3697 0.5027 -0.7814
vn 0.6548 0.7513 0.0828
vn 0.6661 0.7441 0.0512
vn 0.2308 0.9422 0.2429
vn 0.1822 0.9662 0.1825
vn 0.0175 0.9738 0.2267
vn -0.4604 0.8715 -0.1690
vn -0.4692 0.8785 -0.0904
vn -0.1255 0.8364 -0.5336
vn 0.0025 0.8386 -0.5447
vn 0.0663 0.7220 -0.6887
vn 0.5299 0.5900 -0.6092
vn 0.4506 0.5844 -0.6749
vn 0.5869 0.5218 -0.6192
vn 0.5859 0.5221 -0.6198
vn 0.5861 0.5233 -0.6186
vn 0.5763 0.5236 -0.6275
vn 0.7866 0.6171 -0.0226
vn 0.8425 0.5340 0.0708
vn 0.5752 0.7248 0.3793
vn 0.5964 0.7245 0.3455
vn 0.0306 0.8593 0.5106
vn 0.0362 0.8640 0.5021
vn -0.3080 0.8078 0.5026
vn -0.6008 0.7908 0.1168
vn -0.5963 0.7956 0.1072
vn -0.6000 0.7916 0.1152
vn -0.5954 0.7965 0.1052
vn -0.0883 0.9746 -0.2056
vn -0.0310 0.9794 -0.1996
vn 0.1023 0.9197 -0.3790
vn 0.6008 0.7568 -0.2575
vn 0.5486 0.7739 -0.3164
vn 0.6527 0.7069 -0.2726
vn 0.6538 0.7063 -0.2715
vn 0.6614 0.7019 -0.2643
vn 0.6618 0.7017 -0.2639
vn 0.7427 0.6156 0.2634
vn 0.7941 0.5145 0.3237
vn 0.3667 0.3420 0.8652
vn 0.3764 0.4148 0.8284
vn 0.0805 0.9265 0.3676
vn -0.4928 0.8631 -0.1108
vn 0.1164 0.7501 0.6510
vn 0.2211 0.6519 0.7254
vn -0.0624 0.9971 -0.0440
vn -0.1368 0.9831 -0.1216
vn -0.9903 0.1105 0.0847
vn -0.9781 0.1490 0.1452
vn -0.8980 0.0243 -0.4393
vn -0.6267 -0.2707 -0.7308
vn 0.1830 0.8046 -0.5648
vn 0.1091 0.9505 -0.2910
vn 0.4506 0.5433 0.7084
vn 0.6140 0.7051 0.3547
vn 0.6915 -0.2199 0.6881
vn 0.5230 -0.0886 0.8477
vn 0.4077 -0.1246 0.9046
vn 0.5631 -0.1278 0.8164
vn 0.5751 -0.1544 0.8034
vn 0.6212 -0.2120 0.7544
vn 0.7209 0.4584 0.5197
vn 0.6763 0.5138 0.5279
vn 0.4701 0.5684 0.6752
vn 0.3495 0.6508 0.6740
vn -0.2206 0.5555 0.8017
vn -0.3540 0.5555 0.7524
vn -0.3888 0.8800 -0.2727
vn -0.2758 0.9589 -0.0666
vn 0.1318 0.9829 -0.1283
vn 0.2295 0.9732 -0.0168
vn -0.8347 -0.0986 0.5418
vn -0.9240 0.3557 0.1404
vn -0.8931 0.3718 -0.2533
vn -0.8702 0.3962 -0.2929
vn -0.6756 0.6436 -0.3597
vn -0.6144 0.7635 -0.1990
vn -0.6384 0.7004 0.3192
vn -0.6021 0.7015 0.3812
vn -0.2636 0.8632 0.4307
vn -0.0253 0.7142 0.6994
vn 0.3652 0.6802 0.6355
vn 0.2989 0.7791 0.5510
vn 0.2399 0.6210 0.7462
vn 0.3127 0.5413 0.7805
vn -0.1263 0.5349 0.8354
vn -0.1854 0.5502 0.8142
vn -0.3764 0.3926 0.8392
vn -0.6894 0.7237 0.0321
vn -0.5417 0.8074 0.2339
vn 0.0023 0.9901 0.1403
vn 0.0660 0.9758 0.2087
vn 0.4923 0.8497 0.1887
vn 0.7074 0.5446 0.4506
vn 0.6481 0.4338 0.6259
vn 0.6054 0.5877 0.5368
vn -0.6824 0.6685 -0.2957
vn -0.6075 0.7912 0.0705
vn -0.2130 0.9483 0.2355
vn -0.2077 0.9449 0.2532
vn 0.0880 0.9368 0.3385
vn -0.7784 0.5514 -0.3001
vn -0.8496 0.4944 -0.1835
vn -0.9626 0.2584 -0.0817
vn -0.7780 0.1435 -0.6116
vn -0.7679 0.1455 -0.6239
vn -0.5009 0.4026 -0.7662
vn -0.5506 0.4039 -0.7305
vn -0.5008 0.4232 -0.7550
vn -0.5195 0.5923 -0.6158
vn -0.0491 0.7283 -0.6835
vn -0.0248 0.7843 -0.6199
vn 0.0424 0.7867 -0.6159
vn 0.4899 0.8637 -0.1181
vn 0.4945 0.8667 -0.0651
vn -0.9774 0.2088 0.0341
vn -0.9989 0.0333 0.0332
vn -0.8412 -0.3233 -0.4334
vn -0.8441 -0.3218 -0.4290
vn -0.8432 -0.3223 -0.4304
vn -0.7984 -0.4472 -0.4032
vn -0.1949 -0.4591 -0.8668
vn -0.8203 -0.4934 -0.2892
vn -0.8741 -0.2893 -0.3902
vn -0.8403 -0.3238 -0.4348
vn 0.5919 0.7981 0.1126
vn 0.6826 0.6671 -0.2984
vn 0.7718 0.5590 -0.3030
vn 0.8477 0.4985 -0.1813
vn 0.9628 0.2582 -0.0796
vn 0.2941 0.9248 0.2412
vn 0.2977 0.9266 0.2295
vn -0.0541 0.9387 0.3405
vn -0.4743 0.8774 -0.0721
vn -0.4699 0.8743 -0.1215
vn -0.0297 0.7908 -0.6113
vn 0.0937 0.7823 -0.6158
vn 0.1073 0.7442 -0.6593
vn 0.5414 0.6039 -0.5850
vn 0.5186 0.4213 -0.7440
vn 0.5501 0.4088 -0.7282
vn 0.4945 0.4072 -0.7679
vn 0.7365 0.1845 -0.6508
vn 0.8334 0.1682 -0.5265
vn -0.8570 0.4001 -0.3247
vn -0.8436 0.3906 -0.3684
vn -0.8413 0.2093 -0.4984
vn -0.8569 0.1754 -0.4847
vn -0.8130 -0.0641 -0.5788
vn -0.9259 -0.2845 -0.2487
vn -0.8514 0.4543 -0.2620
vn -0.8858 0.4572 -0.0790
vn -0.5703 0.7693 0.2880
vn -0.1836 0.9749 -0.1257
vn -0.1686 0.9743 -0.1496
vn -0.0743 0.8991 -0.4313
vn -0.3734 0.5467 -0.7494
vn -0.3172 0.5048 -0.8028
vn -0.3191 0.5017 -0.8041
vn -0.3640 0.5706 -0.7362
vn -0.4224 0.2959 -0.8567
vn -0.3264 0.1859 -0.9268
vn -0.3456 -0.0769 -0.9352
vn -0.2420 -0.1523 -0.9583
vn 0.6994 0.6414 0.3153
vn 0.1702 0.9806 0.0970
vn 0.1450 0.9843 0.1011
vn -0.1871 0.9263 -0.3270
vn -0.6102 0.7788 -0.1452
vn -0.6439 0.7373 -0.2044
vn 0.4452 0.7472 0.4935
vn 0.7912 0.3139 0.5248
vn 0.1225 0.5173 0.8470
vn 0.0663 0.5981 0.7987
vn -0.0254 0.5831 0.8120
vn -0.4203 0.7183 0.5544
vn -0.7442 0.4927 0.4510
vn -0.6207 0.5228 0.5843
vn -0.8148 0.5503 -0.1825
vn -0.8026 0.5870 -0.1062
vn -0.9550 0.1921 0.2262
vn -0.9256 0.3304 -0.1848
vn -0.7135 0.3284 0.6189
vn -0.5935 0.1658 0.7876
vn 0.5035 0.0489 0.8626
vn 0.5520 0.0533 0.8321
vn 0.1125 0.4104 0.9050
vn 0.2355 0.4384 0.8674
vn -0.1039 0.6098 0.7857
vn -0.4427 0.1825 0.8779
vn -0.4663 0.2877 0.8365
vn -0.5757 0.1476 0.8042
vn -0.3661 0.8423 0.3955
vn -0.1298 0.9485 0.2889
vn -0.0276 0.9559 0.2925
vn 0.0713 0.9834 0.1667
vn 0.5291 0.8131 0.2426
vn 0.2798 0.8394 0.4659
vn 0.8881 0.3815 0.2564
vn 0.9552 0.2702 -0.1206
vn 0.8467 0.4086 0.3408
vn 0.7955 0.5344 0.2855
vn 0.5808 0.6953 0.4235
vn 0.5862 0.6955 0.4155
vn -0.0396 0.8616 0.5060
vn -0.2346 0.6426 0.7294
vn -0.6547 0.5716 0.4947
vn -0.7130 0.4518 0.5362
vn -0.6471 0.7366 0.1966
vn -0.2850 0.9575 -0.0440
vn -0.0779 0.9968 -0.0194
vn 0.1052 0.9582 -0.2659
vn 0.5918 0.7913 -0.1538
vn 0.6772 0.6864 -0.2650
vn 0.7198 0.6490 -0.2462
vn 0.6471 0.7394 -0.1858
vn 0.6544 0.3975 0.6432
vn 0.8493 0.3414 0.4026
vn 0.5558 0.5708 0.6043
vn 0.1478 0.4166 0.8970
vn -0.2264 0.4871 0.8434
vn -0.0322 0.6839 0.7289
vn -0.6058 0.6970 0.3837
vn -0.8163 0.4062 0.4107
vn -0.7792 0.5346 0.3271
vn -0.1570 0.9835 0.0894
vn -0.1559 0.9837 0.0896
vn -0.1521 0.9842 0.0902
vn -0.1513 0.9844 0.0904
vn 0.2259 0.9394 -0.2576
vn 0.6056 0.7838 -0.1378
vn 0.6949 0.6788 -0.2375
vn 0.6352 0.7271 -0.2605
vn 0.7922 0.4163 -0.4463
vn -0.6700 0.4662 -0.5778
vn -0.7030 0.4723 -0.5317
vn -0.7026 0.4625 -0.5407
vn -0.6446 0.4389 -0.6260
vn -0.6065 0.1875 -0.7726
vn -0.6928 0.2438 -0.6786
vn -0.3507 0.9110 -0.2168
vn -0.4381 0.8949 0.0848
vn -0.5747 0.7834 0.2367
vn -0.3644 0.8902 -0.2733
vn -0.3818 0.5752 -0.7235
vn -0.0926 0.4377 -0.8943
vn -0.0845 0.5279 -0.8451
vn -0.1573 0.5947 -0.7884
vn -0.1244 0.3711 -0.9202
vn 0.0426 0.2317 -0.9719
vn -0.6683 0.7420 0.0538
vn -0.6668 0.7430 0.0581
vn -0.6680 0.7422 0.0543
vn -0.6667 0.7431 0.0586
vn -0.1363 0.9572 0.2553
vn -0.0901 0.9759 0.1986
vn 0.0999 0.9644 0.2449
vn 0.4900 0.8669 -0.0917
vn 0.4906 0.8672 -0.0850
vn 0.4900 0.8668 -0.0926
vn 0.4908 0.8672 -0.0838
vn 0.1429 0.8315 -0.5369
vn 0.0769 0.8353 -0.5444
vn -0.0059 0.7053 -0.7089
vn -0.5016 0.5844 -0.6379
vn -0.4502 0.5796 -0.6792
vn 0.4879 -0.2948 0.8216
vn -0.9692 -0.1693 0.1788
vn -0.8861 -0.3230 -0.3325
vn -0.6276 -0.2669 -0.7314
vn -0.1278 -0.2855 -0.9498
vn -0.1360 -0.1445 -0.9801
vn -0.0775 -0.1607 -0.9840
vn -0.0869 -0.0424 -0.9953
vn 0.0848 0.0322 -0.9959
vn -0.6537 -0.1678 0.7379
vn -0.6038 -0.4239 0.6751
vn -0.9079 -0.2171 -0.3586
vn -0.9106 -0.1500 -0.3850
vn -0.9566 -0.2914 0.0046
vn -0.8107 -0.3733 -0.4510
vn -0.6087 -0.2234 0.7613
vn -0.3696 -0.0988 0.9239
vn -0.3967 0.0349 0.9173
vn -0.4818 0.0044 0.8763
vn -0.3977 0.2221 0.8903
vn -0.5407 0.3646 0.7581
vn -0.5316 0.3797 0.7571
vn -0.8588 0.5113 0.0319
vn -0.9016 0.4036 -0.1556
vn -0.9360 0.3257 -0.1334
vn -0.9410 0.2556 -0.2220
vn -0.9782 -0.0724 -0.1949
vn 0.5292 -0.0782 0.8449
vn 0.7029 -0.1407 0.6972
vn 0.4958 -0.1718 0.8513
vn 0.4627 -0.1066 0.8801
vn 0.0542 -0.4058 0.9123
vn 0.0255 0.2052 0.9784
vn -0.7147 -0.0878 0.6939
vn -0.9878 0.0883 0.1281
vn -0.9531 0.2969 0.0588
vn -0.8758 0.0769 0.4764
vn -0.6698 0.6947 0.2621
vn -0.5984 0.7972 -0.0803
vn 0.8358 0.0461 0.5471
vn 0.8664 0.1088 0.4874
vn -0.6510 -0.4731 0.5937
vn -0.6510 -0.4731 0.5936
vn -0.5518 -0.5524 0.6247
vn -0.1309 -0.1074 0.9856
vn 0.7685 0.3350 0.5452
vn 0.7415 0.2692 0.6145
vn -0.7801 0.3199 -0.5377
vn -0.7722 0.2842 -0.5683
vn -0.5867 0.5174 -0.6230
vn -0.5810 0.5184 -0.6275
vn -0.7907 0.6117 -0.0243
vn -0.8440 0.5321 0.0672
vn -0.9067 0.4179 0.0567
vn -0.9087 0.4108 0.0734
vn 0.8173 0.0291 0.5755
vn 0.9975 0.0414 0.0567
vn 0.8409 0.0942 0.5329
vn 0.7950 0.1172 0.5952
vn 0.9850 0.1643 -0.0531
vn 0.9644 0.0039 -0.2645
vn 0.9163 0.1561 -0.3689
vn 0.9891 0.0702 -0.1292
vn 0.9884 -0.0675 -0.1363
vn 0.9689 -0.2354 0.0762
vn 0.9787 -0.2037 0.0254
vn 0.3628 -0.6823 0.6347
vn -0.6363 0.7678 -0.0752
vn -0.7486 0.5755 0.3292
vn -0.9952 -0.0875 -0.0448
vn -0.9748 -0.0187 0.2223
vn -0.9614 0.2248 0.1584
vn -0.8482 0.3697 0.3793
vn -0.5067 0.2390 0.8283
vn -0.1632 0.3279 0.9305
vn -0.2327 0.2728 0.9335
vn -0.1993 0.1600 0.9668
vn -0.0906 0.2131 0.9728
vn -0.0790 0.8606 0.5030
vn -0.3216 0.9329 -0.1624
vn -0.3045 0.9296 -0.2076
vn 0.7948 0.1793 -0.5797
vn 0.8403 0.5184 -0.1585
vn 0.8551 0.3959 0.3347
vn 0.8580 0.3019 0.4157
vn 0.7590 0.3485 -0.5500
vn 0.8174 0.3352 -0.4685
vn 0.9089 0.4127 0.0599
vn 0.9140 0.3905 0.1100
vn 0.8873 0.4208 -0.1888
vn 0.8815 0.4271 -0.2012
vn 0.8787 0.3841 0.2835
vn 0.8794 0.3187 0.3536
vn 0.9141 0.3955 0.0895
vn 0.9210 0.3759 -0.1025
vn 0.6298 -0.0430 0.7755
vn 0.3410 -0.4161 0.8429
vn -0.8757 -0.0532 -0.4800
vn -0.9787 0.0386 -0.2016
vn -0.9255 -0.0650 0.3732
vn -0.8281 -0.0255 0.5599
vn -0.7884 0.1108 0.6051
vn -0.8232 0.1424 0.5496
vn -0.9705 0.1796 -0.1607
vn -0.9158 0.0515 -0.3982
vn 0.7422 -0.3542 -0.5690
vn 0.8988 -0.2263 -0.3755
vn 0.9781 -0.1518 -0.1423
vn 0.9986 -0.0332 0.0420
vn 0.9778 0.2053 0.0423
vn 0.8813 0.3558 -0.3110
vn 0.8372 0.4018 -0.3710
vn 0.8675 0.2079 -0.4519
vn 0.9697 0.0424 -0.2406
vn 0.7180 0.4879 -0.4964
vn 0.8740 0.3729 -0.3116
vn 0.8820 0.1132 0.4575
vn 0.8835 0.1271 0.4509
vn 0.9031 -0.0090 0.4293
vn 0.7156 -0.3191 0.6214
vn 0.6983 -0.3934 0.5980
vn 0.7846 -0.3182 0.5320
vn 0.8841 0.0163 -0.4670
vn 0.7903 -0.0731 -0.6083
vn 0.7874 -0.0306 -0.6157
vn 0.8931 0.1103 -0.4362
vn 0.5341 -0.2892 -0.7944
vn 0.8926 -0.0851 -0.4427
vn 0.7732 -0.1441 0.6175
vn 0.9833 -0.1628 -0.0819
vn 0.9955 0.0208 -0.0925
vn 0.9395 0.2063 0.2735
vn 0.9444 0.1700 0.2813
vn 0.9353 0.1836 0.3024
vn 0.9443 0.1332 0.3010
vn 0.9278 0.0939 -0.3611
vn 0.9354 -0.2566 -0.2431
vn 0.9742 -0.1488 -0.1697
vn 0.7714 -0.6326 0.0682
vn 0.8620 -0.4957 0.1065
vn 0.6221 -0.3367 0.7069
vn 0.5360 -0.3709 0.7584
vn 0.6113 0.0287 0.7909
vn 0.6441 -0.0032 0.7650
vn 0.6266 0.3791 0.6810
vn -0.7124 0.5579 0.4257
vn -0.7562 0.5528 0.3502
vn -0.9633 0.2197 0.1544
vn -0.9561 0.0857 0.2801
vn -0.9428 0.1198 0.3112
vn -0.9466 0.1262 0.2967
vn -0.9498 0.1218 -0.2883
vn -0.9934 0.0351 -0.1091
vn -0.9611 0.2257 -0.1591
vn -0.8949 0.3187 -0.3123
vn -0.7922 0.4838 -0.3720
vn -0.7597 0.6207 -0.1940
vn -0.5154 0.8007 -0.3054
vn -0.4099 0.9095 -0.0696
vn -0.3631 0.7832 0.5046
vn -0.0870 0.6343 0.7682
vn 0.0308 -0.7394 0.6726
vn 0.8640 -0.1417 0.4832
vn 0.8678 -0.0653 0.4926
vn 0.5513 -0.0509 0.8327
vn 0.5440 -0.0237 0.8388
vn 0.6995 -0.0771 0.7105
vn 0.9990 0.0084 0.0448
vn 0.9974 -0.0008 0.0725
vn 0.9920 0.1260 -0.0098
vn 0.9694 -0.0161 0.2449
vn 0.9656 0.0713 0.2499
vn 0.9100 0.0377 0.4128
vn 0.8937 -0.0332 0.4474
vn 0.9117 -0.0380 0.4090
vn 0.9039 0.0106 0.4277
vn 0.9564 0.0093 0.2920
vn 0.9517 -0.1708 0.2552
vn 0.5968 -0.5062 0.6225
vn 0.9113 -0.1722 0.3740
vn 0.8089 -0.3451 0.4760
vn 0.7029 -0.6473 0.2947
vn 0.8374 -0.5291 0.1370
vn 0.8227 -0.4905 -0.2875
vn 0.8721 -0.4308 -0.2321
vn 0.9296 -0.2188 -0.2967
vn 0.9205 -0.2356 -0.3117
vn 0.8991 0.1060 -0.4247
vn 0.9254 0.1325 -0.3550
vn 0.9211 0.1447 -0.3613
vn 0.7416 0.0429 -0.6694
vn 0.7310 0.2934 -0.6160
vn 0.6547 0.3055 -0.6914
vn 0.9635 -0.0941 -0.2505
vn 0.9139 -0.1987 -0.3540
vn 0.9097 0.1357 -0.3924
vn 0.8616 0.0716 -0.5026
vn 0.8408 0.1484 -0.5206
vn 0.8890 0.1842 -0.4192
vn 0.9460 -0.2221 -0.2363
vn 0.9274 -0.2524 -0.2761
vn 0.9350 -0.2545 0.2471
vn 0.8300 -0.3514 0.4331
vn 0.8554 -0.2080 0.4743
vn 0.9160 -0.1000 0.3886
vn 0.9053 0.0545 0.4212
vn 0.7957 -0.0725 0.6013
vn 0.7871 -0.0334 0.6160
vn 0.9042 -0.0456 0.4246
vn 0.9044 -0.0555 0.4230
vn 0.9043 -0.0458 0.4244
vn 0.9044 -0.0559 0.4231
vn 0.8601 -0.0778 0.5041
vn 0.8873 0.2175 -0.4067
vn 0.8054 0.2169 -0.5516
vn -0.3680 -0.1584 0.9162
vn -0.3960 -0.1404 0.9074
vn -0.9670 0.1089 -0.2302
vn -0.9718 0.1000 -0.2134
vn -0.8935 0.4292 -0.1321
vn -0.8904 0.4498 -0.0696
vn -0.4712 0.2779 0.8371
vn -0.3686 0.2046 0.9068
vn 0.3893 -0.4168 0.8214
vn 0.4670 -0.4368 0.7688
vn 0.9871 0.0405 0.1552
vn 0.7368 0.1709 0.6541
vn 0.1101 0.7310 0.6734
vn 0.2723 -0.0307 0.9617
vn 0.4691 0.0110 0.8831
vn 0.7309 0.3875 0.5618
vn 0.5892 -0.1823 0.7872
vn 0.9845 0.1732 -0.0271
vn 0.9794 0.2016 -0.0130
vn 0.9218 0.2728 -0.2756
vn 0.9411 0.1103 -0.3197
vn 0.8870 0.1361 -0.4413
vn 0.8847 -0.1236 -0.4494
vn 0.9855 0.0128 -0.1690
vn 0.9557 -0.2596 -0.1387
vn 0.9506 -0.0795 -0.3000
vn 0.9597 -0.0245 0.2799
vn 0.7217 -0.1030 0.6845
vn 0.6846 0.0069 0.7289
vn 0.6883 0.0112 0.7253
vn 0.6857 0.0082 0.7278
vn 0.6893 0.0123 0.7244
vn 0.6929 -0.0143 0.7209
vn 0.6729 -0.0277 0.7392
vn 0.6898 -0.1042 0.7165
vn 0.7432 -0.0732 0.6651
vn 0.7131 -0.3910 0.5818
vn 0.8054 -0.3263 0.4949
vn 0.7977 -0.3461 0.4939
vn 0.8484 -0.2784 0.4502
vn 0.9340 -0.2216 -0.2801
vn 0.9340 -0.2252 -0.2774
vn 0.3801 -0.6208 0.6856
vn 0.6023 -0.5192 0.6064
vn 0.9626 -0.2540 0.0943
vn 0.9878 -0.0724 -0.1375
vn 0.9893 0.0660 -0.1304
vn 0.9165 0.1522 -0.3698
vn 0.9634 0.0035 -0.2681
vn 0.9846 0.1664 -0.0537
vn 0.8298 0.1272 0.5434
vn 0.8016 0.0816 0.5923
vn 0.8272 -0.0510 0.5596
vn 0.6690 -0.1673 0.7242
usemtl texturefile_21
s 1
f 4468/4468/4606 4469/4469/4606 4470/4470/4606
f 4471/4471/4607 4472/4472/4607 4473/4473/4607
f 4474/4474/4608 4473/4473/4608 4472/4472/4608
f 4473/4473/4609 4474/4474/4609 4475/4475/4609
f 4475/4475/4610 4474/4474/4610 4476/4476/4610
f 4476/4476/4611 4474/4474/4611 4477/4477/4611
f 4477/4477/4612 4474/4474/4612 4470/4470/4612
f 4470/4470/4613 4474/4474/4613 4468/4468/4613
f 4472/4472/4614 4468/4468/4614 4474/4474/4614
f 4478/4478/4615 4471/4471/4615 4479/4479/4615
f 4473/4473/4616 4479/4479/4616 4471/4471/4616
f 4475/4475/4617 4479/4479/4617 4473/4473/4617
f 4480/4480/4618 4479/4479/4618 4475/4475/4618
f 4479/4479/4619 4480/4480/4619 4478/4478/4619
f 4481/4481/4620 4478/4478/4620 4480/4480/4620
f 4482/4482/4621 4478/4478/4621 4481/4481/4621
f 4478/4478/4622 4482/4482/4622 4483/4483/4622
f 4484/4484/4623 4483/4483/4623 4482/4482/4623
f 4483/4483/4624 4484/4484/4624 4485/4485/4624
f 4486/4486/4625 4485/4485/4625 4484/4484/4625
f 4487/4487/4626 4485/4485/4626 4486/4486/4626
f 4485/4485/4627 4487/4487/4627 4488/4488/4627
f 4489/4489/4628 4488/4488/4628 4487/4487/4628
f 4471/4471/4629 4478/4478/4629 4490/4490/4629
f 4483/4483/4630 4490/4490/4630 4478/4478/4630
f 4490/4490/4631 4483/4483/4632 4491/4491/4633
f 4485/4485/4634 4491/4491/4633 4483/4483/4632
f 4491/4491/4635 4485/4485/4635 4488/4488/4635
f 4492/4492/4636 4493/4493/4636 4494/4494/4636
f 4495/4495/4637 4494/4494/4637 4496/4496/4637
f 4493/4493/4638 4496/4496/4638 4494/4494/4638
f 4496/4496/4639 4493/4493/4639 4497/4497/4639
f 4497/4497/4640 4493/4493/4640 4498/4498/4640
f 4499/4499/4641 4498/4498/4641 4493/4493/4641
f 4498/4498/4642 4499/4499/4642 4500/4500/4642
f 4501/4501/4643 4500/4500/4643 4499/4499/4643
f 4500/4500/4644 4501/4501/4644 4502/4502/4644
f 4502/4502/4645 4501/4501/4645 4503/4503/4645
f 4503/4503/4646 4501/4501/4646 4504/4504/4646
f 4504/4504/4647 4501/4501/4647 4505/4505/4647
f 4499/4499/4648 4505/4505/4648 4501/4501/4648
f 4505/4505/4649 4499/4499/4649 4492/4492/4649
f 4493/4493/4650 4492/4492/4650 4499/4499/4650
f 4504/4504/4651 4506/4506/4651 4503/4503/4651
f 4503/4503/4652 4506/4506/4652 4507/4507/4652
f 4508/4508/4653 4507/4507/4653 4506/4506/4653
f 4507/4507/4654 4508/4508/4654 4509/4509/4654
f 4510/4510/4655 4509/4509/4655 4511/4511/4655
f 4508/4508/4656 4511/4511/4656 4509/4509/4656
f 4511/4511/4657 4508/4508/4657 4512/4512/4657
f 4512/4512/4658 4508/4508/4658 4513/4513/4658
f 4506/4506/4659 4513/4513/4659 4508/4508/4659
f 4513/4513/4660 4506/4506/4660 4514/4514/4660
f 4504/4504/4661 4514/4514/4661 4506/4506/4661
f 4514/4514/4662 4504/4504/4662 4515/4515/4662
f 4505/4505/4663 4515/4515/4663 4504/4504/4663
f 4516/4516/4664 4517/4517/4664 4518/4518/4664
f 4519/4519/4665 4518/4518/4665 4517/4517/4665
f 4516/4516/4666 4520/4520/4666 4517/4517/4666
f 4520/4520/4667 4516/4516/4667 4521/4521/4667
f 4522/4522/4668 4521/4521/4668 4516/4516/4668
f 4521/4521/4669 4522/4522/4669 4523/4523/4669
f 4524/4524/4670 4523/4523/4670 4522/4522/4670
f 4523/4523/4671 4524/4524/4671 4525/4525/4671
f 4525/4525/4672 4524/4524/4672 4526/4526/4672
f 4527/4527/4673 4526/4526/4674 4524/4524/4675
f 4528/4528/4676 4526/4526/4674 4527/4527/4673
f 4526/4526/4677 4528/4528/4677 4529/4529/4677
f 4530/4530/4678 4529/4529/4678 4528/4528/4678
f 4531/4531/4679 4529/4529/4679 4530/4530/4679
f 4532/4532/4680 4516/4516/4680 4518/4518/4680
f 4516/4516/4681 4532/4532/4681 4522/4522/4681
f 4533/4533/4682 4522/4522/4682 4532/4532/4682
f 4522/4522/4683 4533/4533/4683 4524/4524/4683
f 4534/4534/4684 4524/4524/4684 4533/4533/4684
f 4524/4524/4685 4534/4534/4685 4527/4527/4685
f 4535/4535/4686 4527/4527/4686 4534/4534/4686
f 4527/4527/4687 4535/4535/4687 4528/4528/4687
f 4536/4536/4688 4528/4528/4688 4535/4535/4688
f 4528/4528/4689 4536/4536/4689 4530/4530/4689
f 4537/4537/4690 4530/4530/4690 4536/4536/4690
f 4538/4538/4691 4530/4530/4691 4537/4537/4691
f 4530/4530/4692 4538/4538/4692 4531/4531/4692
f 4539/4539/4693 4531/4531/4693 4538/4538/4693
f 4540/4540/4694 4541/4541/4694 4542/4542/4694
f 4543/4543/4695 4542/4542/4695 4541/4541/4695
f 4542/4542/4696 4544/4544/4696 4540/4540/4696
f 4545/4545/4697 4540/4540/4697 4544/4544/4697
f 4540/4540/4698 4545/4545/4698 4546/4546/4698
f 4547/4547/4699 4546/4546/4699 4545/4545/4699
f 4546/4546/4700 4547/4547/4700 4548/4548/4700
f 4549/4549/4701 4548/4548/4701 4547/4547/4701
f 4550/4550/4702 4548/4548/4702 4549/4549/4702
f 4548/4548/4703 4550/4550/4703 4551/4551/4703
f 4551/4551/4704 4550/4550/4704 4552/4552/4704
f 4553/4553/4705 4552/4552/4705 4550/4550/4705
f 4552/4552/4706 4553/4553/4706 4554/4554/4706
f 4555/4555/4707 4554/4554/4707 4553/4553/4707
f 4541/4541/4708 4540/4540/4708 4556/4556/4708
f 4546/4546/4709 4556/4556/4709 4540/4540/4709
f 4556/4556/4710 4546/4546/4710 4557/4557/4710
f 4548/4548/4711 4557/4557/4711 4546/4546/4711
f 4557/4557/4712 4548/4548/4712 4558/4558/4712
f 4551/4551/4713 4558/4558/4713 4548/4548/4713
f 4558/4558/4714 4551/4551/4714 4559/4559/4714
f 4552/4552/4715 4559/4559/4715 4551/4551/4715
f 4559/4559/4716 4552/4552/4716 4560/4560/4716
f 4554/4554/4717 4560/4560/4717 4552/4552/4717
f 4560/4560/4718 4554/4554/4718 4561/4561/4718
f 4561/4561/4719 4554/4554/4719 4562/4562/4719
f 4555/4555/4720 4562/4562/4720 4554/4554/4720
f 4563/4563/4721 4562/4562/4721 4555/4555/4721
f 4564/4564/4722 4565/4565/4722 4566/4566/4722
f 4567/4567/4723 4566/4566/4723 4565/4565/4723
f 4565/4565/4724 4564/4564/4724 4568/4568/4724
f 4569/4569/4725 4568/4568/4725 4564/4564/4725
f 4568/4568/4726 4569/4569/4726 4570/4570/4726
f 4571/4571/4727 4570/4570/4727 4569/4569/4727
f 4570/4570/4728 4571/4571/4728 4572/4572/4728
f 4573/4573/4729 4572/4572/4729 4571/4571/4729
f 4572/4572/4730 4573/4573/4730 4574/4574/4730
f 4575/4575/4731 4574/4574/4731 4573/4573/4731
f 4574/4574/4732 4575/4575/4732 4576/4576/4732
f 4577/4577/4733 4576/4576/4733 4575/4575/4733
f 4578/4578/4734 4576/4576/4734 4577/4577/4734
f 4576/4576/4735 4578/4578/4735 4579/4579/4735
f 4566/4566/4736 4580/4580/4736 4564/4564/4736
f 4581/4581/4737 4564/4564/4737 4580/4580/4737
f 4564/4564/4738 4581/4581/4738 4569/4569/4738
f 4582/4582/4739 4569/4569/4739 4581/4581/4739
f 4569/4569/4740 4582/4582/4740 4571/4571/4740
f 4583/4583/4741 4571/4571/4741 4582/4582/4741
f 4571/4571/4742 4583/4583/4742 4573/4573/4742
f 4584/4584/4743 4573/4573/4743 4583/4583/4743
f 4573/4573/4744 4584/4584/4744 4575/4575/4744
f 4585/4585/4745 4575/4575/4745 4584/4584/4745
f 4575/4575/4746 4585/4585/4746 4577/4577/4746
f 4586/4586/4747 4577/4577/4747 4585/4585/4747
f 4577/4577/4748 4586/4586/4748 4578/4578/4748
f 4587/4587/4749 4578/4578/4749 4586/4586/4749
f 4588/4588/4750 4589/4589/4750 4590/4590/4750
f 4591/4591/4751 4590/4590/4751 4589/4589/4751
f 4590/4590/4752 4592/4592/4752 4588/4588/4752
f 4593/4593/4753 4588/4588/4753 4592/4592/4753
f 4588/4588/4754 4593/4593/4754 4594/4594/4754
f 4595/4595/4755 4594/4594/4755 4593/4593/4755
f 4594/4594/4756 4595/4595/4756 4596/4596/4756
f 4597/4597/4757 4596/4596/4757 4595/4595/4757
f 4598/4598/4758 4596/4596/4758 4597/4597/4758
f 4596/4596/4759 4598/4598/4759 4599/4599/4759
f 4600/4600/4760 4599/4599/4760 4598/4598/4760
f 4599/4599/4761 4600/4600/4761 4601/4601/4761
f 4601/4601/4762 4600/4600/4762 4602/4602/4762
f 4603/4603/4763 4602/4602/4763 4600/4600/4763
f 4594/4594/4764 4589/4589/4764 4588/4588/4764
f 4589/4589/4765 4594/4594/4765 4604/4604/4765
f 4596/4596/4766 4604/4604/4766 4594/4594/4766
f 4604/4604/4767 4596/4596/4767 4605/4605/4767
f 4599/4599/4768 4605/4605/4768 4596/4596/4768
f 4605/4605/4769 4599/4599/4769 4606/4606/4769
f 4606/4606/4770 4599/4599/4770 4607/4607/4770
f 4601/4601/4771 4607/4607/4771 4599/4599/4771
f 4607/4607/4772 4601/4601/4772 4608/4608/4772
f 4602/4602/4773 4608/4608/4773 4601/4601/4773
f 4608/4608/4774 4602/4602/4774 4609/4609/4774
f 4609/4609/4775 4602/4602/4775 4610/4610/4775
f 4603/4603/4776 4610/4610/4776 4602/4602/4776
f 4611/4611/4777 4610/4610/4777 4603/4603/4777
f 4612/4612/4778 4613/4613/4778 4614/4614/4778
f 4615/4615/4779 4614/4614/4779 4613/4613/4779
f 4613/4613/4780 4612/4612/4780 4616/4616/4780
f 4617/4617/4781 4616/4616/4781 4612/4612/4781
f 4616/4616/4782 4617/4617/4782 4618/4618/4782
f 4619/4619/4783 4618/4618/4783 4617/4617/4783
f 4618/4618/4784 4619/4619/4785 4620/4620/4786
f 4621/4621/4787 4620/4620/4786 4619/4619/4785
f 4620/4620/4788 4621/4621/4788 4622/4622/4788
f 4623/4623/4789 4622/4622/4789 4621/4621/4789
f 4622/4622/4790 4623/4623/4790 4624/4624/4790
f 4625/4625/4791 4624/4624/4791 4623/4623/4791
f 4626/4626/4792 4624/4624/4792 4625/4625/4792
f 4624/4624/4793 4626/4626/4793 4627/4627/4793
f 4614/4614/4794 4628/4628/4794 4612/4612/4794
f 4629/4629/4795 4612/4612/4795 4628/4628/4795
f 4612/4612/4796 4629/4629/4796 4617/4617/4796
f 4630/4630/4797 4617/4617/4797 4629/4629/4797
f 4617/4617/4798 4630/4630/4798 4619/4619/4798
f 4631/4631/4799 4619/4619/4799 4630/4630/4799
f 4619/4619/4800 4631/4631/4800 4621/4621/4800
f 4632/4632/4801 4621/4621/4801 4631/4631/4801
f 4621/4621/4802 4632/4632/4802 4623/4623/4802
f 4633/4633/4803 4623/4623/4803 4632/4632/4803
f 4623/4623/4804 4633/4633/4804 4625/4625/4804
f 4634/4634/4805 4625/4625/4805 4633/4633/4805
f 4625/4625/4806 4634/4634/4806 4626/4626/4806
f 4635/4635/4807 4626/4626/4807 4634/4634/4807
f 4636/4636/4808 4637/4637/4808 4638/4638/4808
f 4639/4639/4809 4638/4638/4809 4637/4637/4809
f 4636/4636/4810 4640/4640/4810 4637/4637/4810
f 4640/4640/4811 4636/4636/4811 4641/4641/4811
f 4642/4642/4812 4641/4641/4812 4636/4636/4812
f 4641/4641/4813 4642/4642/4813 4643/4643/4813
f 4644/4644/4814 4643/4643/4814 4642/4642/4814
f 4643/4643/4815 4644/4644/4815 4645/4645/4815
f 4645/4645/4816 4644/4644/4816 4646/4646/4816
f 4647/4647/4817 4646/4646/4818 4644/4644/4819
f 4648/4648/4820 4646/4646/4818 4647/4647/4817
f 4646/4646/4821 4648/4648/4821 4649/4649/4821
f 4650/4650/4822 4649/4649/4822 4648/4648/4822
f 4651/4651/4823 4649/4649/4823 4650/4650/4823
f 4652/4652/4824 4636/4636/4824 4638/4638/4824
f 4636/4636/4825 4652/4652/4825 4642/4642/4825
f 4653/4653/4826 4642/4642/4826 4652/4652/4826
f 4642/4642/4827 4653/4653/4827 4644/4644/4827
f 4654/4654/4828 4644/4644/4828 4653/4653/4828
f 4644/4644/4829 4654/4654/4829 4647/4647/4829
f 4655/4655/4830 4647/4647/4830 4654/4654/4830
f 4647/4647/4831 4655/4655/4831 4648/4648/4831
f 4656/4656/4832 4648/4648/4832 4655/4655/4832
f 4648/4648/4833 4656/4656/4833 4650/4650/4833
f 4657/4657/4834 4650/4650/4834 4656/4656/4834
f 4658/4658/4835 4650/4650/4835 4657/4657/4835
f 4650/4650/4836 4658/4658/4836 4651/4651/4836
f 4659/4659/4837 4651/4651/4837 4658/4658/4837
f 4660/4660/4838 4661/4661/4838 4662/4662/4838
f 4663/4663/4839 4662/4662/4839 4661/4661/4839
f 4661/4661/4840 4660/4660/4840 4664/4664/4840
f 4665/4665/4841 4664/4664/4841 4660/4660/4841
f 4664/4664/4842 4665/4665/4842 4666/4666/4842
f 4667/4667/4843 4666/4666/4843 4665/4665/4843
f 4666/4666/4844 4667/4667/4844 4668/4668/4844
f 4669/4669/4845 4668/4668/4845 4667/4667/4845
f 4670/4670/4846 4668/4668/4846 4669/4669/4846
f 4668/4668/4847 4670/4670/4847 4671/4671/4847
f 4672/4672/4848 4671/4671/4848 4670/4670/4848
f 4671/4671/4849 4672/4672/4849 4673/4673/4849
f 4674/4674/4850 4673/4673/4850 4672/4672/4850
f 4673/4673/4851 4674/4674/4851 4675/4675/4851
f 4662/4662/4852 4676/4676/4852 4660/4660/4852
f 4677/4677/4853 4660/4660/4853 4676/4676/4853
f 4660/4660/4854 4677/4677/4854 4665/4665/4854
f 4678/4678/4855 4665/4665/4855 4677/4677/4855
f 4665/4665/4856 4678/4678/4856 4667/4667/4856
f 4679/4679/4857 4667/4667/4857 4678/4678/4857
f 4667/4667/4858 4679/4679/4858 4669/4669/4858
f 4680/4680/4859 4669/4669/4859 4679/4679/4859
f 4669/4669/4860 4680/4680/4860 4670/4670/4860
f 4681/4681/4861 4670/4670/4861 4680/4680/4861
f 4670/4670/4862 4681/4681/4862 4672/4672/4862
f 4682/4682/4863 4672/4672/4863 4681/4681/4863
f 4672/4672/4864 4682/4682/4864 4674/4674/4864
f 4683/4683/4865 4674/4674/4865 4682/4682/4865
f 4684/4684/4866 4685/4685/4866 4686/4686/4866
f 4687/4687/4867 4686/4686/4867 4685/4685/4867
f 4688/4688/4868 4686/4686/4868 4689/4689/4868
f 4687/4687/4869 4689/4689/4869 4686/4686/4869
f 4689/4689/4870 4687/4687/4870 4690/4690/4870
f 4690/4690/4871 4687/4687/4871 4691/4691/4871
f 4691/4691/4872 4687/4687/4872 4692/4692/4872
f 4685/4685/4873 4692/4692/4873 4687/4687/4873
f 4692/4692/4874 4685/4685/4874 4693/4693/4874
f 4693/4693/4875 4685/4685/4875 4694/4694/4875
f 4684/4684/4876 4694/4694/4876 4685/4685/4876
f 4694/4694/4877 4684/4684/4877 4695/4695/4877
f 4696/4696/4878 4697/4697/4878 4698/4698/4878
f 4699/4699/4879 4698/4698/4879 4697/4697/4879
f 4700/4700/4880 4699/4699/4880 4701/4701/4880
f 4697/4697/4881 4701/4701/4881 4699/4699/4881
f 4701/4701/4882 4697/4697/4882 4702/4702/4882
f 4702/4702/4883 4697/4697/4883 4703/4703/4883
f 4696/4696/4884 4703/4703/4884 4697/4697/4884
f 4703/4703/4885 4696/4696/4885 4704/4704/4885
f 4705/4705/4886 4704/4704/4886 4696/4696/4886
f 4704/4704/4887 4705/4705/4887 4706/4706/4887
f 4706/4706/4888 4705/4705/4888 4707/4707/4888
f 4707/4707/4889 4705/4705/4889 4708/4708/4889
f 4708/4708/4890 4705/4705/4890 4709/4709/4890
f 4709/4709/4891 4705/4705/4891 4710/4710/4891
f 4696/4696/4892 4710/4710/4892 4705/4705/4892
f 4710/4710/4893 4696/4696/4893 4698/4698/4893
f 4709/4709/4894 4711/4711/4894 4708/4708/4894
f 4712/4712/4895 4708/4708/4895 4711/4711/4895
f 4708/4708/4896 4712/4712/4896 4707/4707/4896
f 4707/4707/4897 4712/4712/4897 4713/4713/4897
f 4714/4714/4898 4713/4713/4898 4712/4712/4898
f 4713/4713/4899 4714/4714/4899 4715/4715/4899
f 4716/4716/4900 4715/4715/4900 4714/4714/4900
f 4715/4715/4901 4716/4716/4901 4717/4717/4901
f 4718/4718/4902 4716/4716/4902 4719/4719/4902
f 4714/4714/4903 4719/4719/4903 4716/4716/4903
f 4712/4712/4904 4719/4719/4904 4714/4714/4904
f 4719/4719/4905 4712/4712/4905 4711/4711/4905
f 4720/4720/4906 4721/4721/4906 4722/4722/4906
f 4722/4722/4907 4721/4721/4907 4723/4723/4907
f 4724/4724/4908 4723/4723/4908 4721/4721/4908
f 4723/4723/4909 4724/4724/4909 4725/4725/4909
f 4726/4726/4910 4727/4727/4910 4728/4728/4910
f 4729/4729/4911 4728/4728/4911 4727/4727/4911
f 4728/4728/4912 4729/4729/4912 4730/4730/4912
f 4731/4731/4913 4730/4730/4913 4729/4729/4913
f 4732/4732/4914 4733/4733/4914 4734/4734/4914
f 4734/4734/4915 4733/4733/4915 4735/4735/4915
f 4736/4736/4916 4735/4735/4916 4733/4733/4916
f 4735/4735/4917 4736/4736/4917 4737/4737/4917
f 4738/4738/4918 4736/4736/4918 4733/4733/4918
f 4736/4736/4919 4738/4738/4919 4739/4739/4919
f 4739/4739/4920 4738/4738/4920 4740/4740/4920
f 4741/4741/4921 4740/4740/4921 4738/4738/4921
f 4740/4740/4922 4741/4741/4922 4742/4742/4922
f 4743/4743/4923 4742/4742/4923 4741/4741/4923
f 4744/4744/4924 4742/4742/4924 4743/4743/4924
f 4742/4742/4925 4744/4744/4926 4745/4745/4926
f 4746/4746/4927 4745/4745/4926 4744/4744/4926
f 4747/4747/4928 4745/4745/4928 4746/4746/4928
f 4733/4733/4929 4732/4732/4929 4738/4738/4929
f 4748/4748/4930 4738/4738/4930 4732/4732/4930
f 4738/4738/4931 4748/4748/4931 4741/4741/4931
f 4749/4749/4932 4741/4741/4932 4748/4748/4932
f 4741/4741/4933 4749/4749/4933 4743/4743/4933
f 4750/4750/4934 4743/4743/4934 4749/4749/4934
f 4751/4751/4935 4743/4743/4935 4750/4750/4935
f 4743/4743/4936 4751/4751/4936 4744/4744/4936
f 4752/4752/4937 4744/4744/4937 4751/4751/4937
f 4744/4744/4938 4752/4752/4938 4746/4746/4938
f 4753/4753/4939 4746/4746/4939 4752/4752/4939
f 4754/4754/4940 4746/4746/4940 4753/4753/4940
f 4746/4746/4941 4754/4754/4941 4747/4747/4941
f 4755/4755/4942 4747/4747/4942 4754/4754/4942
f 4756/4756/4943 4757/4757/4944 4758/4758/4945
f 4758/4758/4946 4757/4757/4946 4759/4759/4946
f 4760/4760/4947 4759/4759/4947 4757/4757/4947
f 4759/4759/4948 4760/4760/4948 4761/4761/4948
f 4760/4760/4949 4757/4757/4949 4762/4762/4949
f 4763/4763/4950 4762/4762/4950 4757/4757/4950
f 4764/4764/4951 4762/4762/4951 4763/4763/4951
f 4762/4762/4952 4764/4764/4952 4765/4765/4952
f 4766/4766/4953 4765/4765/4953 4764/4764/4953
f 4765/4765/4954 4766/4766/4954 4767/4767/4954
f 4768/4768/4955 4767/4767/4955 4766/4766/4955
f 4767/4767/4956 4768/4768/4956 4769/4769/4956
f 4770/4770/4957 4769/4769/4957 4768/4768/4957
f 4769/4769/4958 4770/4770/4958 4771/4771/4958
f 4772/4772/4959 4757/4757/4944 4756/4756/4943
f 4757/4757/4960 4772/4772/4960 4763/4763/4960
f 4773/4773/4961 4763/4763/4961 4772/4772/4961
f 4763/4763/4962 4773/4773/4962 4764/4764/4962
f 4774/4774/4963 4764/4764/4963 4773/4773/4963
f 4764/4764/4964 4774/4774/4964 4766/4766/4964
f 4775/4775/4965 4766/4766/4965 4774/4774/4965
f 4766/4766/4966 4775/4775/4966 4768/4768/4966
f 4776/4776/4967 4768/4768/4967 4775/4775/4967
f 4768/4768/4968 4776/4776/4968 4770/4770/4968
f 4777/4777/4969 4770/4770/4969 4776/4776/4969
f 4778/4778/4970 4770/4770/4970 4777/4777/4970
f 4770/4770/4971 4778/4778/4971 4771/4771/4971
f 4779/4779/4972 4771/4771/4972 4778/4778/4972
f 4780/4780/4973 4781/4781/4973 4782/4782/4973
f 4782/4782/4974 4781/4781/4974 4783/4783/4974
f 4784/4784/4975 4783/4783/4975 4781/4781/4975
f 4783/4783/4976 4784/4784/4976 4785/4785/4976
f 4784/4784/4977 4781/4781/4977 4786/4786/4977
f 4787/4787/4978 4786/4786/4978 4781/4781/4978
f 4786/4786/4979 4787/4787/4979 4788/4788/4979
f 4789/4789/4980 4788/4788/4980 4787/4787/4980
f 4790/4790/4981 4788/4788/4981 4789/4789/4981
f 4788/4788/4982 4790/4790/4982 4791/4791/4982
f 4792/4792/4983 4791/4791/4983 4790/4790/4983
f 4791/4791/4984 4792/4792/4984 4793/4793/4984
f 4794/4794/4985 4793/4793/4985 4792/4792/4985
f 4793/4793/4986 4794/4794/4987 4795/4795/4988
f 4781/4781/4989 4780/4780/4989 4787/4787/4989
f 4796/4796/4990 4787/4787/4990 4780/4780/4990
f 4787/4787/4991 4796/4796/4991 4789/4789/4991
f 4797/4797/4992 4789/4789/4992 4796/4796/4992
f 4789/4789/4993 4797/4797/4993 4790/4790/4993
f 4798/4798/4994 4790/4790/4994 4797/4797/4994
f 4799/4799/4995 4790/4790/4995 4798/4798/4995
f 4790/4790/4996 4799/4799/4996 4792/4792/4996
f 4800/4800/4997 4792/4792/4997 4799/4799/4997
f 4792/4792/4998 4800/4800/4998 4794/4794/4998
f 4801/4801/4999 4794/4794/4999 4800/4800/4999
f 4802/4802/5000 4794/4794/5000 4801/4801/5000
f 4794/4794/4987 4802/4802/5001 4795/4795/4988
f 4803/4803/5002 4795/4795/5002 4802/4802/5002
f 4804/4804/5003 4805/4805/5003 4806/4806/5003
f 4806/4806/5004 4805/4805/5004 4807/4807/5004
f 4808/4808/5005 4807/4807/5005 4805/4805/5005
f 4807/4807/5006 4808/4808/5006 4809/4809/5006
f 4808/4808/5007 4805/4805/5007 4810/4810/5007
f 4811/4811/5008 4810/4810/5008 4805/4805/5008
f 4810/4810/5009 4811/4811/5009 4812/4812/5009
f 4813/4813/5010 4812/4812/5010 4811/4811/5010
f 4812/4812/5011 4813/4813/5011 4814/4814/5011
f 4815/4815/5012 4814/4814/5012 4813/4813/5012
f 4816/4816/5013 4814/4814/5013 4815/4815/5013
f 4814/4814/5014 4816/4816/5014 4817/4817/5014
f 4818/4818/5015 4817/4817/5015 4816/4816/5015
f 4817/4817/5016 4818/4818/5016 4819/4819/5016
f 4805/4805/5017 4804/4804/5017 4811/4811/5017
f 4820/4820/5018 4811/4811/5018 4804/4804/5018
f 4811/4811/5019 4820/4820/5019 4813/4813/5019
f 4821/4821/5020 4813/4813/5020 4820/4820/5020
f 4822/4822/5021 4813/4813/5021 4821/4821/5021
f 4813/4813/5022 4822/4822/5022 4815/4815/5022
f 4823/4823/5023 4815/4815/5023 4822/4822/5023
f 4815/4815/5024 4823/4823/5024 4816/4816/5024
f 4824/4824/5025 4816/4816/5025 4823/4823/5025
f 4816/4816/5026 4824/4824/5026 4818/4818/5026
f 4825/4825/5027 4818/4818/5027 4824/4824/5027
f 4826/4826/5028 4818/4818/5028 4825/4825/5028
f 4818/4818/5029 4826/4826/5029 4819/4819/5029
f 4827/4827/5030 4819/4819/5030 4826/4826/5030
f 4828/4828/5031 4829/4829/5031 4830/4830/5031
f 4831/4831/5032 4830/4830/5032 4829/4829/5032
f 4832/4832/5033 4830/4830/5033 4831/4831/5033
f 4830/4830/5034 4832/4832/5034 4833/4833/5034
f 4834/4834/5035 4832/4832/5035 4835/4835/5035
f 4831/4831/5036 4835/4835/5036 4832/4832/5036
f 4829/4829/5037 4835/4835/5037 4831/4831/5037
f 4835/4835/5038 4829/4829/5038 4836/4836/5038
f 4837/4837/5039 4838/4838/5039 4839/4839/5039
f 4839/4839/5040 4838/4838/5040 4840/4840/5040
f 4840/4840/5041 4838/4838/5041 4841/4841/5041
f 4842/4842/5042 4841/4841/5042 4838/4838/5042
f 4841/4841/5043 4843/4843/5043 4840/4840/5043
f 4844/4844/5044 4840/4840/5044 4843/4843/5044
f 4840/4840/5045 4844/4844/5045 4839/4839/5045
f 4839/4839/5046 4844/4844/5046 4845/4845/5046
f 4846/4846/5047 4845/4845/5047 4844/4844/5047
f 4845/4845/5048 4846/4846/5048 4847/4847/5048
f 4847/4847/5049 4846/4846/5049 4848/4848/5049
f 4849/4849/5050 4848/4848/5050 4846/4846/5050
f 4848/4848/5051 4849/4849/5051 4850/4850/5051
f 4851/4851/5052 4850/4850/5052 4849/4849/5052
f 4850/4850/5053 4851/4851/5053 4852/4852/5053
f 4852/4852/5054 4851/4851/5054 4853/4853/5054
f 4854/4854/5055 4853/4853/5055 4851/4851/5055
f 4853/4853/5056 4854/4854/5056 4855/4855/5056
f 4856/4856/5057 4844/4844/5057 4843/4843/5057
f 4844/4844/5058 4856/4856/5058 4846/4846/5058
f 4846/4846/5059 4856/4856/5059 4849/4849/5059
f 4857/4857/5060 4849/4849/5060 4856/4856/5060
f 4849/4849/5061 4857/4857/5061 4851/4851/5061
f 4854/4854/5062 4851/4851/5062 4857/4857/5062
f 4858/4858/5063 4859/4859/5063 4860/4860/5063
f 4860/4860/5064 4859/4859/5064 4861/4861/5064
f 4862/4862/5065 4861/4861/5065 4859/4859/5065
f 4861/4861/5066 4862/4862/5066 4863/4863/5066
f 4862/4862/5067 4859/4859/5067 4864/4864/5067
f 4865/4865/5068 4864/4864/5068 4859/4859/5068
f 4864/4864/5069 4865/4865/5069 4866/4866/5069
f 4867/4867/5070 4866/4866/5070 4865/4865/5070
f 4868/4868/5071 4866/4866/5071 4867/4867/5071
f 4866/4866/5072 4868/4868/5072 4869/4869/5072
f 4870/4870/5073 4869/4869/5073 4868/4868/5073
f 4869/4869/5074 4870/4870/5075 4871/4871/5076
f 4872/4872/5077 4871/4871/5076 4870/4870/5075
f 4871/4871/5078 4872/4872/5078 4873/4873/5078
f 4859/4859/5079 4858/4858/5079 4865/4865/5079
f 4874/4874/5080 4865/4865/5080 4858/4858/5080
f 4865/4865/5081 4874/4874/5082 4867/4867/5083
f 4875/4875/5084 4867/4867/5083 4874/4874/5082
f 4876/4876/5085 4867/4867/5085 4875/4875/5085
f 4867/4867/5086 4876/4876/5086 4868/4868/5086
f 4877/4877/5087 4868/4868/5087 4876/4876/5087
f 4868/4868/5088 4877/4877/5088 4870/4870/5088
f 4878/4878/5089 4870/4870/5089 4877/4877/5089
f 4870/4870/5090 4878/4878/5090 4872/4872/5090
f 4879/4879/5091 4872/4872/5091 4878/4878/5091
f 4880/4880/5092 4872/4872/5092 4879/4879/5092
f 4872/4872/5093 4880/4880/5093 4873/4873/5093
f 4881/4881/5094 4873/4873/5094 4880/4880/5094
f 4882/4882/5095 4883/4883/5095 4884/4884/5095
f 4885/4885/5096 4884/4884/5096 4883/4883/5096
f 4884/4884/5097 4885/4885/5097 4886/4886/5097
f 4887/4887/5098 4886/4886/5098 4885/4885/5098
f 4888/4888/5099 4889/4889/5099 4882/4882/5099
f 4882/4882/5100 4889/4889/5100 4883/4883/5100
f 4890/4890/5101 4883/4883/5101 4889/4889/5101
f 4891/4891/5102 4883/4883/5102 4890/4890/5102
f 4883/4883/5103 4891/4891/5103 4885/4885/5103
f 4892/4892/5104 4885/4885/5104 4891/4891/5104
f 4885/4885/5105 4892/4892/5105 4887/4887/5105
f 4893/4893/5106 4887/4887/5106 4892/4892/5106
f 4894/4894/5107 4895/4895/5107 4896/4896/5107
f 4897/4897/5108 4896/4896/5108 4895/4895/5108
f 4896/4896/5109 4897/4897/5109 4898/4898/5109
f 4899/4899/5110 4898/4898/5110 4897/4897/5110
f 4898/4898/5111 4899/4899/5111 4900/4900/5111
f 4895/4895/5112 4894/4894/5112 4901/4901/5112
f 4902/4902/5113 4901/4901/5113 4894/4894/5113
f 4903/4903/5114 4901/4901/5114 4902/4902/5114
f 4904/4904/5115 4901/4901/5115 4903/4903/5115
f 4905/4905/5116 4901/4901/5116 4904/4904/5116
f 4901/4901/5117 4905/4905/5117 4895/4895/5117
f 4906/4906/5118 4895/4895/5118 4905/4905/5118
f 4895/4895/5119 4906/4906/5119 4897/4897/5119
f 4907/4907/5120 4897/4897/5120 4906/4906/5120
f 4897/4897/5121 4907/4907/5121 4899/4899/5121
f 4908/4908/5122 4899/4899/5122 4907/4907/5122
f 4909/4909/5123 4899/4899/5123 4908/4908/5123
f 4899/4899/5124 4909/4909/5124 4900/4900/5124
f 4910/4910/5125 4900/4900/5125 4909/4909/5125
f 4911/4911/5126 4903/4903/5126 4902/4902/5126
f 4903/4903/5127 4911/4911/5127 4912/4912/5127
f 4912/4912/5128 4911/4911/5128 4913/4913/5128
f 4913/4913/5129 4911/4911/5129 4914/4914/5129
f 4914/4914/5130 4911/4911/5130 4915/4915/5130
f 4915/4915/5131 4911/4911/5131 4916/4916/5131
f 4902/4902/5132 4916/4916/5132 4911/4911/5132
f 4916/4916/5133 4902/4902/5133 4917/4917/5133
f 4894/4894/5134 4917/4917/5134 4902/4902/5134
f 4918/4918/5135 4919/4919/5135 4920/4920/5135
f 4920/4920/5136 4919/4919/5136 4921/4921/5136
f 4922/4922/5137 4921/4921/5137 4919/4919/5137
f 4921/4921/5138 4922/4922/5138 4923/4923/5138
f 4924/4924/5139 4923/4923/5139 4922/4922/5139
f 4923/4923/5140 4924/4924/5140 4925/4925/5140
f 4918/4918/5141 4926/4926/5141 4919/4919/5141
f 4927/4927/5142 4919/4919/5142 4926/4926/5142
f 4928/4928/5143 4919/4919/5143 4927/4927/5143
f 4919/4919/5144 4928/4928/5144 4922/4922/5144
f 4929/4929/5145 4922/4922/5145 4928/4928/5145
f 4922/4922/5146 4929/4929/5146 4924/4924/5146
f 4930/4930/5147 4924/4924/5147 4929/4929/5147
f 4931/4931/5148 4924/4924/5148 4930/4930/5148
f 4932/4932/5149 4924/4924/5149 4931/4931/5149
f 4924/4924/5150 4932/4932/5150 4925/4925/5150
f 4925/4925/5151 4932/4932/5151 4933/4933/5151
f 4933/4933/5152 4932/4932/5152 4934/4934/5152
f 4931/4931/5153 4934/4934/5153 4932/4932/5153
f 4935/4935/5154 4934/4934/5154 4931/4931/5154
f 4936/4936/5155 4937/4937/5155 4938/4938/5155
f 4938/4938/5156 4937/4937/5156 4939/4939/5156
f 4940/4940/5157 4939/4939/5157 4937/4937/5157
f 4941/4941/5158 4939/4939/5158 4940/4940/5158
f 4933/4933/5159 4939/4939/5159 4941/4941/5159
f 4934/4934/5160 4939/4939/5160 4933/4933/5160
f 4935/4935/5161 4939/4939/5161 4934/4934/5161
f 4939/4939/5162 4935/4935/5162 4938/4938/5162
f 4942/4942/5163 4943/4943/5163 4944/4944/5163
f 4944/4944/5164 4943/4943/5164 4945/4945/5164
f 4946/4946/5165 4945/4945/5165 4943/4943/5165
f 4945/4945/5166 4946/4946/5166 4947/4947/5166
f 4947/4947/5167 4946/4946/5167 4948/4948/5167
f 4949/4949/5168 4948/4948/5168 4946/4946/5168
f 4944/4944/5169 4950/4950/5169 4942/4942/5169
f 4950/4950/5170 4944/4944/5170 4951/4951/5170
f 4951/4951/5171 4944/4944/5171 4952/4952/5171
f 4952/4952/5172 4944/4944/5172 4953/4953/5172
f 4945/4945/5173 4953/4953/5173 4944/4944/5173
f 4953/4953/5174 4945/4945/5174 4954/4954/5174
f 4947/4947/5175 4954/4954/5175 4945/4945/5175
f 4954/4954/5176 4947/4947/5176 4955/4955/5176
f 4955/4955/5177 4947/4947/5177 4956/4956/5177
f 4948/4948/5178 4956/4956/5178 4947/4947/5178
f 4956/4956/5179 4948/4948/5179 4957/4957/5179
f 4957/4957/5180 4948/4948/5180 4958/4958/5180
f 4949/4949/5181 4958/4958/5181 4948/4948/5181
f 4959/4959/5182 4958/4958/5182 4949/4949/5182
f 4951/4951/5183 4960/4960/5183 4950/4950/5183
f 4960/4960/5184 4951/4951/5184 4961/4961/5184
f 4952/4952/5185 4961/4961/5185 4951/4951/5185
f 4962/4962/5186 4961/4961/5186 4952/4952/5186
f 4963/4963/5187 4961/4961/5187 4962/4962/5187
f 4964/4964/5188 4961/4961/5188 4963/4963/5188
f 4961/4961/5189 4964/4964/5189 4960/4960/5189
f 4965/4965/5190 4960/4960/5190 4964/4964/5190
f 4966/4966/5191 4967/4967/5191 4968/4968/5191
f 4969/4969/5192 4968/4968/5192 4967/4967/5192
f 4968/4968/5193 4969/4969/5193 4970/4970/5193
f 4970/4970/5194 4969/4969/5194 4971/4971/5194
f 4971/4971/5195 4969/4969/5195 4972/4972/5195
f 4972/4972/5196 4969/4969/5196 4973/4973/5196
f 4967/4967/5197 4973/4973/5197 4969/4969/5197
f 4973/4973/5198 4967/4967/5198 4974/4974/5198
f 4975/4975/5199 4976/4976/5199 4977/4977/5199
f 4978/4978/5200 4977/4977/5200 4976/4976/5200
f 4977/4977/5201 4978/4978/5201 4979/4979/5201
f 4979/4979/5202 4978/4978/5202 4980/4980/5202
f 4980/4980/5203 4978/4978/5203 4981/4981/5203
f 4982/4982/5204 4981/4981/5204 4978/4978/5204
f 4981/4981/5205 4982/4982/5205 4983/4983/5205
f 4983/4983/5206 4982/4982/5206 4984/4984/5206
f 4984/4984/5207 4982/4982/5207 4985/4985/5207
f 4985/4985/5208 4982/4982/5208 4986/4986/5208
f 4978/4978/5209 4986/4986/5209 4982/4982/5209
f 4986/4986/5210 4978/4978/5210 4976/4976/5210
f 4987/4987/5211 4988/4988/5211 4989/4989/5211
f 4990/4990/5212 4989/4989/5212 4988/4988/5212
f 4989/4989/5213 4990/4990/5213 4991/4991/5213
f 4991/4991/5214 4990/4990/5214 4992/4992/5214
f 4993/4993/5215 4992/4992/5215 4990/4990/5215
f 4992/4992/5216 4993/4993/5217 4994/4994/5218
f 4994/4994/5218 4993/4993/5217 4995/4995/5219
f 4995/4995/5220 4993/4993/5220 4996/4996/5220
f 4996/4996/5221 4993/4993/5221 4997/4997/5221
f 4997/4997/5222 4993/4993/5222 4998/4998/5222
f 4990/4990/5223 4998/4998/5223 4993/4993/5223
f 4998/4998/5224 4990/4990/5224 4988/4988/5224
f 4999/4999/5225 5000/5000/5225 5001/5001/5225
f 5001/5001/5226 5000/5000/5226 5002/5002/5226
f 5003/5003/5227 5002/5002/5227 5000/5000/5227
f 5004/5004/5228 5002/5002/5228 5003/5003/5228
f 5002/5002/5229 5004/5004/5229 5005/5005/5229
f 5006/5006/5230 5005/5005/5230 5004/5004/5230
f 5007/5007/5231 5005/5005/5231 5006/5006/5231
f 5008/5008/5232 5005/5005/5232 5007/5007/5232
f 5009/5009/5233 5005/5005/5233 5008/5008/5233
f 5010/5010/5234 5005/5005/5234 5009/5009/5234
f 5005/5005/5235 5010/5010/5235 5002/5002/5235
f 5001/5001/5236 5002/5002/5236 5010/5010/5236
f 5009/5009/5237 5008/5008/5237 5011/5011/5237
f 5011/5011/5238 5008/5008/5238 5012/5012/5238
f 5007/5007/5239 5012/5012/5239 5008/5008/5239
f 5013/5013/5240 5012/5012/5240 5007/5007/5240
f 5012/5012/5241 5013/5013/5241 5014/5014/5242
f 5015/5015/5243 5014/5014/5242 5013/5013/5241
f 5016/5016/5244 5014/5014/5244 5015/5015/5244
f 5017/5017/5245 5014/5014/5246 5016/5016/5247
f 5018/5018/5248 5014/5014/5246 5017/5017/5245
f 5019/5019/5249 5014/5014/5249 5018/5018/5249
f 5014/5014/5250 5019/5019/5250 5012/5012/5250
f 5011/5011/5251 5012/5012/5251 5019/5019/5251
f 5020/5020/5252 5021/5021/5252 5022/5022/5252
f 5023/5023/5253 5022/5022/5253 5021/5021/5253
f 5022/5022/5254 5023/5023/5254 5024/5024/5254
f 5024/5024/5255 5023/5023/5255 5025/5025/5255
f 5025/5025/5256 5023/5023/5256 5026/5026/5256
f 5027/5027/5257 5026/5026/5257 5023/5023/5257
f 5026/5026/5258 5027/5027/5259 5028/5028/5260
f 5029/5029/5261 5028/5028/5260 5027/5027/5259
f 5030/5030/5262 5028/5028/5262 5029/5029/5262
f 5028/5028/5263 5030/5030/5263 5031/5031/5263
f 5032/5032/5264 5031/5031/5264 5030/5030/5264
f 5031/5031/5265 5032/5032/5265 5033/5033/5265
f 5034/5034/5266 5033/5033/5266 5032/5032/5266
f 5033/5033/5267 5034/5034/5267 5035/5035/5267
f 5036/5036/5268 5023/5023/5268 5021/5021/5268
f 5023/5023/5269 5036/5036/5269 5027/5027/5269
f 5037/5037/5270 5027/5027/5270 5036/5036/5270
f 5027/5027/5271 5037/5037/5271 5029/5029/5271
f 5029/5029/5272 5037/5037/5272 5030/5030/5272
f 5038/5038/5273 5030/5030/5273 5037/5037/5273
f 5039/5039/5274 5030/5030/5274 5038/5038/5274
f 5030/5030/5275 5039/5039/5275 5032/5032/5275
f 5040/5040/5276 5032/5032/5276 5039/5039/5276
f 5032/5032/5277 5040/5040/5277 5034/5034/5277
f 5041/5041/5278 5034/5034/5279 5040/5040/5280
f 5042/5042/5281 5034/5034/5279 5041/5041/5278
f 5043/5043/5282 5034/5034/5282 5042/5042/5282
f 5035/5035/5283 5034/5034/5283 5043/5043/5283
f 5044/5044/5284 5045/5045/5284 5046/5046/5284
f 5047/5047/5285 5048/5048/5285 5044/5044/5285
f 5049/5049/5286 5044/5044/5286 5048/5048/5286
f 5044/5044/5287 5049/5049/5287 5050/5050/5287
f 5051/5051/5288 5052/5052/5288 5053/5053/5288
f 5053/5053/5289 5052/5052/5290 5048/5048/5291
f 5054/5054/5292 5048/5048/5291 5052/5052/5290
f 5048/5048/5291 5054/5054/5292 5049/5049/5293
f 5055/5055/5294 5056/5056/5294 5057/5057/5294
f 5058/5058/5295 5059/5059/5295 5060/5060/5295
f 5061/5061/5296 5058/5058/5296 5062/5062/5296
f 5063/5063/5297 5062/5062/5297 5058/5058/5297
f 5064/5064/5298 5062/5062/5298 5065/5065/5298
f 5063/5063/5299 5065/5065/5299 5062/5062/5299
f 5065/5065/5300 5063/5063/5300 5066/5066/5300
f 5066/5066/5301 5063/5063/5301 5060/5060/5301
f 5067/5067/5302 5060/5060/5302 5063/5063/5302
f 5068/5068/5303 5069/5069/5303 5070/5070/5303
f 5071/5071/5304 5072/5072/5305 5073/5073/5306
f 5069/5069/5307 5073/5073/5306 5072/5072/5305
f 5073/5073/5308 5069/5069/5308 5074/5074/5308
f 5075/5075/5309 5072/5072/5309 5076/5076/5309
f 5071/5071/5310 5076/5076/5310 5072/5072/5310
f 5076/5076/5311 5071/5071/5311 5077/5077/5311
f 5077/5077/5312 5071/5071/5312 5078/5078/5312
f 5073/5073/5313 5078/5078/5313 5071/5071/5313
f 5078/5078/5314 5073/5073/5314 5079/5079/5314
f 5080/5080/5315 5081/5081/5315 5082/5082/5315
f 5083/5083/5316 5084/5084/5316 5081/5081/5316
f 5085/5085/5317 5081/5081/5317 5084/5084/5317
f 5081/5081/5318 5085/5085/5318 5086/5086/5318
f 5087/5087/5319 5086/5086/5319 5085/5085/5319
f 5086/5086/5320 5087/5087/5321 5088/5088/5322
f 5089/5089/5323 5088/5088/5322 5087/5087/5321
f 5088/5088/5322 5089/5089/5323 5090/5090/5324
f 5080/5080/5325 5091/5091/5325 5084/5084/5325
f 5092/5092/5326 5084/5084/5326 5091/5091/5326
f 5093/5093/5327 5084/5084/5327 5092/5092/5327
f 5084/5084/5328 5093/5093/5328 5085/5085/5328
f 5094/5094/5329 5085/5085/5329 5093/5093/5329
f 5085/5085/5330 5094/5094/5330 5087/5087/5330
f 5095/5095/5331 5087/5087/5331 5094/5094/5331
f 5087/5087/5332 5095/5095/5332 5089/5089/5332
f 5096/5096/5333 5097/5097/5333 5098/5098/5333
f 5099/5099/5334 5098/5098/5334 5097/5097/5334
f 5100/5100/5335 5099/5099/5335 5101/5101/5335
f 5097/5097/5336 5101/5101/5336 5099/5099/5336
f 5101/5101/5337 5097/5097/5337 5102/5102/5337
f 5102/5102/5338 5097/5097/5338 5103/5103/5338
f 5096/5096/5339 5103/5103/5339 5097/5097/5339
f 5103/5103/5340 5096/5096/5340 5104/5104/5340
f 5105/5105/5341 5106/5106/5341 5107/5107/5341
f 5108/5108/5342 5107/5107/5342 5106/5106/5342
f 5109/5109/5343 5108/5108/5343 5110/5110/5343
f 5106/5106/5344 5110/5110/5344 5108/5108/5344
f 5110/5110/5345 5106/5106/5345 5111/5111/5345
f 5111/5111/5346 5106/5106/5346 5112/5112/5346
f 5105/5105/5347 5112/5112/5347 5106/5106/5347
f 5112/5112/5348 5105/5105/5348 5113/5113/5348
f 5114/5114/5349 5115/5115/5349 5116/5116/5349
f 5117/5117/5350 5116/5116/5350 5115/5115/5350
f 5118/5118/5351 5117/5117/5351 5119/5119/5351
f 5115/5115/5352 5119/5119/5352 5117/5117/5352
f 5119/5119/5353 5115/5115/5353 5120/5120/5353
f 5120/5120/5354 5115/5115/5354 5121/5121/5354
f 5114/5114/5355 5121/5121/5355 5115/5115/5355
f 5121/5121/5356 5114/5114/5356 5122/5122/5356
f 5123/5123/5357 5124/5124/5357 5125/5125/5357
f 5126/5126/5358 5125/5125/5358 5124/5124/5358
f 5125/5125/5359 5126/5126/5359 5127/5127/5359
f 5128/5128/5360 5129/5129/5360 5130/5130/5360
f 5131/5131/5361 5130/5130/5361 5129/5129/5361
f 5132/5132/5362 5131/5131/5362 5133/5133/5362
f 5129/5129/5363 5133/5133/5363 5131/5131/5363
f 5133/5133/5364 5129/5129/5364 5134/5134/5364
f 5134/5134/5365 5129/5129/5365 5135/5135/5365
f 5128/5128/5366 5135/5135/5366 5129/5129/5366
f 5135/5135/5367 5128/5128/5367 5136/5136/5367
f 5137/5137/5368 5138/5138/5368 5139/5139/5368
f 5140/5140/5369 5139/5139/5369 5138/5138/5369
f 5141/5141/5370 5140/5140/5370 5142/5142/5370
f 5138/5138/5371 5142/5142/5371 5140/5140/5371
f 5142/5142/5372 5138/5138/5373 5143/5143/5374
f 5143/5143/5374 5138/5138/5373 5144/5144/5375
f 5144/5144/5376 5138/5138/5376 5145/5145/5376
f 5137/5137/5377 5145/5145/5377 5138/5138/5377
f 5145/5145/5378 5137/5137/5378 5146/5146/5378
f 5147/5147/5379 5146/5146/5379 5137/5137/5379
f 5146/5146/5380 5147/5147/5380 5148/5148/5380
f 5148/5148/5381 5147/5147/5381 5149/5149/5381
f 5149/5149/5382 5147/5147/5382 5150/5150/5382
f 5150/5150/5383 5147/5147/5384 5151/5151/5385
f 5137/5137/5386 5151/5151/5385 5147/5147/5384
f 5151/5151/5387 5137/5137/5387 5139/5139/5387
f 5152/5152/5388 5153/5153/5388 5154/5154/5388
f 5155/5155/5389 5154/5154/5389 5153/5153/5389
f 5153/5153/5390 5152/5152/5390 5156/5156/5390
f 5157/5157/5391 5156/5156/5391 5152/5152/5391
f 5156/5156/5392 5157/5157/5392 5158/5158/5392
f 5158/5158/5393 5157/5157/5393 5159/5159/5393
f 5159/5159/5394 5157/5157/5394 5160/5160/5394
f 5160/5160/5395 5157/5157/5395 5161/5161/5395
f 5161/5161/5396 5157/5157/5396 5162/5162/5396
f 5152/5152/5397 5162/5162/5397 5157/5157/5397
f 5162/5162/5398 5152/5152/5398 5163/5163/5398
f 5154/5154/5399 5163/5163/5399 5152/5152/5399
f 5163/5163/5400 5154/5154/5400 5164/5164/5400
f 5164/5164/5401 5154/5154/5401 5165/5165/5401
f 5155/5155/5402 5165/5165/5402 5154/5154/5402
f 5166/5166/5403 5165/5165/5403 5155/5155/5403
f 5167/5167/5404 5168/5168/5404 5169/5169/5404
f 5169/5169/5405 5168/5168/5405 5170/5170/5405
f 5171/5171/5406 5170/5170/5406 5168/5168/5406
f 5170/5170/5407 5171/5171/5407 5172/5172/5407
f 5173/5173/5408 5174/5174/5408 5175/5175/5408
f 5175/5175/5409 5174/5174/5409 5176/5176/5409
f 5177/5177/5410 5176/5176/5410 5174/5174/5410
f 5176/5176/5411 5177/5177/5411 5178/5178/5411
f 5179/5179/5412 5180/5180/5412 5181/5181/5412
f 5182/5182/5413 5181/5181/5413 5180/5180/5413
f 5181/5181/5414 5182/5182/5414 5183/5183/5414
f 5184/5184/5415 5183/5183/5415 5182/5182/5415
f 5185/5185/5416 5186/5186/5416 5179/5179/5416
f 5179/5179/5417 5186/5186/5417 5180/5180/5417
f 5187/5187/5418 5180/5180/5418 5186/5186/5418
f 5188/5188/5419 5180/5180/5419 5187/5187/5419
f 5180/5180/5420 5188/5188/5420 5182/5182/5420
f 5189/5189/5421 5182/5182/5421 5188/5188/5421
f 5182/5182/5422 5189/5189/5422 5184/5184/5422
f 5190/5190/5423 5184/5184/5423 5189/5189/5423
f 5191/5191/5424 5192/5192/5424 5193/5193/5424
f 5193/5193/5425 5192/5192/5425 5194/5194/5425
f 5195/5195/5426 5194/5194/5426 5192/5192/5426
f 5194/5194/5427 5195/5195/5428 5196/5196/5429
f 5197/5197/5430 5196/5196/5429 5198/5198/5431
f 5195/5195/5428 5198/5198/5431 5196/5196/5429
f 5198/5198/5432 5195/5195/5432 5199/5199/5432
f 5199/5199/5433 5195/5195/5433 5200/5200/5433
f 5192/5192/5434 5200/5200/5434 5195/5195/5434
f 5200/5200/5435 5192/5192/5435 5201/5201/5435
f 5191/5191/5436 5201/5201/5436 5192/5192/5436
f 5201/5201/5437 5191/5191/5437 5202/5202/5437
f 5202/5202/5438 5191/5191/5438 5203/5203/5438
f 5203/5203/5439 5191/5191/5439 5204/5204/5439
f 5193/5193/5440 5204/5204/5440 5191/5191/5440
f 5204/5204/5441 5193/5193/5441 5205/5205/5441
f 5206/5206/5442 5207/5207/5442 5208/5208/5442
f 5209/5209/5443 5208/5208/5443 5207/5207/5443
f 5208/5208/5444 5209/5209/5444 5210/5210/5444
f 5211/5211/5445 5210/5210/5445 5209/5209/5445
f 5212/5212/5446 5213/5213/5446 5206/5206/5446
f 5206/5206/5447 5213/5213/5447 5207/5207/5447
f 5214/5214/5448 5207/5207/5448 5213/5213/5448
f 5215/5215/5449 5207/5207/5449 5214/5214/5449
f 5207/5207/5450 5215/5215/5450 5209/5209/5450
f 5216/5216/5451 5209/5209/5451 5215/5215/5451
f 5209/5209/5452 5216/5216/5452 5211/5211/5452
f 5217/5217/5453 5211/5211/5453 5216/5216/5453
f 5218/5218/5454 5211/5211/5454 5217/5217/5454
f 5219/5219/5455 5211/5211/5455 5218/5218/5455
f 5211/5211/5456 5219/5219/5456 5210/5210/5456
f 5220/5220/5457 5210/5210/5457 5219/5219/5457
f 5221/5221/5458 5222/5222/5458 5223/5223/5458
f 5224/5224/5459 5223/5223/5459 5222/5222/5459
f 5223/5223/5460 5224/5224/5460 5225/5225/5460
f 5226/5226/5461 5225/5225/5461 5224/5224/5461
f 5225/5225/5462 5226/5226/5462 5227/5227/5462
f 5228/5228/5463 5227/5227/5463 5226/5226/5463
f 5229/5229/5464 5222/5222/5464 5230/5230/5464
f 5221/5221/5465 5230/5230/5465 5222/5222/5465
f 5230/5230/5466 5221/5221/5466 5231/5231/5466
f 5231/5231/5467 5221/5221/5467 5232/5232/5467
f 5223/5223/5468 5232/5232/5468 5221/5221/5468
f 5232/5232/5469 5223/5223/5469 5233/5233/5469
f 5233/5233/5470 5223/5223/5470 5234/5234/5470
f 5225/5225/5471 5234/5234/5471 5223/5223/5471
f 5234/5234/5472 5225/5225/5472 5235/5235/5472
f 5227/5227/5473 5235/5235/5473 5225/5225/5473
f 5235/5235/5474 5227/5227/5474 5236/5236/5474
f 5236/5236/5475 5227/5227/5475 5237/5237/5475
f 5228/5228/5476 5237/5237/5476 5227/5227/5476
f 5237/5237/5477 5228/5228/5477 5238/5238/5477
f 5239/5239/5478 5240/5240/5478 5241/5241/5478
f 5242/5242/5479 5241/5241/5479 5240/5240/5479
f 5241/5241/5480 5242/5242/5480 5243/5243/5480
f 5243/5243/5481 5242/5242/5481 5244/5244/5481
f 5244/5244/5482 5242/5242/5482 5245/5245/5482
f 5245/5245/5483 5242/5242/5483 5246/5246/5483
f 5246/5246/5484 5242/5242/5484 5247/5247/5484
f 5240/5240/5485 5247/5247/5485 5242/5242/5485
f 5248/5248/5486 5249/5249/5486 5250/5250/5486
f 5251/5251/5487 5250/5250/5487 5249/5249/5487
f 5250/5250/5488 5251/5251/5488 5252/5252/5488
f 5252/5252/5489 5251/5251/5489 5253/5253/5489
f 5253/5253/5490 5251/5251/5490 5254/5254/5490
f 5254/5254/5491 5251/5251/5491 5255/5255/5491
f 5249/5249/5492 5255/5255/5492 5251/5251/5492
f 5255/5255/5493 5249/5249/5493 5256/5256/5493
f 5257/5257/5494 5258/5258/5494 5259/5259/5494
f 5260/5260/5495 5259/5259/5495 5258/5258/5495
f 5259/5259/5496 5260/5260/5496 5261/5261/5496
f 5261/5261/5497 5260/5260/5497 5262/5262/5497
f 5262/5262/5498 5260/5260/5498 5263/5263/5498
f 5263/5263/5499 5260/5260/5499 5264/5264/5499
f 5258/5258/5500 5264/5264/5500 5260/5260/5500
f 5264/5264/5501 5258/5258/5501 5265/5265/5501
f 5266/5266/5502 5267/5267/5502 5268/5268/5502
f 5269/5269/5503 5268/5268/5503 5267/5267/5503
f 5268/5268/5504 5269/5269/5504 5270/5270/5504
f 5270/5270/5505 5269/5269/5505 5271/5271/5505
f 5271/5271/5506 5269/5269/5506 5272/5272/5506
f 5272/5272/5507 5269/5269/5507 5273/5273/5507
f 5273/5273/5508 5269/5269/5508 5274/5274/5508
f 5267/5267/5509 5274/5274/5509 5269/5269/5509
f 5275/5275/5510 5276/5276/5510 5277/5277/5510
f 5278/5278/5511 5279/5279/5511 5280/5280/5511
f 5281/5281/5512 5282/5282/5512 5283/5283/5512
f 5284/5284/5513 5281/5281/5513 5285/5285/5513
f 5286/5286/5514 5285/5285/5514 5281/5281/5514
f 5282/5282/5515 5287/5287/5515 5286/5286/5515
f 5288/5288/5516 5286/5286/5516 5287/5287/5516
f 5286/5286/5517 5288/5288/5517 5289/5289/5517
f 5290/5290/5518 5291/5291/5518 5288/5288/5518
f 5292/5292/5519 5288/5288/5519 5291/5291/5519
f 5288/5288/5520 5292/5292/5520 5285/5285/5520
f 5293/5293/5521 5290/5290/5521 5294/5294/5521
f 5288/5288/5522 5294/5294/5522 5290/5290/5522
f 5294/5294/5523 5288/5288/5523 5287/5287/5523
f 5295/5295/5524 5296/5296/5524 5297/5297/5524
f 5298/5298/5525 5299/5299/5525 5295/5295/5525
f 5295/5295/5526 5299/5299/5526 5296/5296/5526
f 5300/5300/5527 5296/5296/5527 5299/5299/5527
f 5301/5301/5528 5296/5296/5528 5300/5300/5528
f 5296/5296/5529 5301/5301/5529 5302/5302/5529
f 5303/5303/5530 5302/5302/5530 5301/5301/5530
f 5302/5302/5531 5303/5303/5531 5304/5304/5531
f 5305/5305/5532 5304/5304/5532 5303/5303/5532
f 5306/5306/5533 5304/5304/5533 5305/5305/5533
f 5307/5307/5534 5304/5304/5534 5306/5306/5534
f 5308/5308/5535 5304/5304/5535 5307/5307/5535
f 5304/5304/5536 5308/5308/5536 5302/5302/5536
f 5297/5297/5537 5302/5302/5537 5308/5308/5537
f 5302/5302/5538 5297/5297/5538 5296/5296/5538
f 5309/5309/5539 5310/5310/5539 5311/5311/5539
f 5312/5312/5540 5311/5311/5540 5310/5310/5540
f 5311/5311/5541 5312/5312/5542 5306/5306/5543
f 5307/5307/5544 5306/5306/5543 5312/5312/5542
f 5308/5308/5545 5307/5307/5545 5313/5313/5545
f 5312/5312/5546 5313/5313/5546 5307/5307/5546
f 5313/5313/5547 5312/5312/5547 5314/5314/5547
f 5314/5314/5548 5312/5312/5548 5315/5315/5548
f 5310/5310/5549 5315/5315/5549 5312/5312/5549
f 5315/5315/5550 5310/5310/5550 5316/5316/5550
f 5316/5316/5551 5310/5310/5551 5317/5317/5551
f 5309/5309/5552 5317/5317/5552 5310/5310/5552
f 5317/5317/5553 5309/5309/5553 5318/5318/5553
f 5319/5319/5554 5320/5320/5554 5321/5321/5554
f 5322/5322/5555 5321/5321/5555 5320/5320/5555
f 5323/5323/5556 5319/5319/5556 5324/5324/5556
f 5325/5325/5557 5324/5324/5557 5319/5319/5557
f 5324/5324/5558 5325/5325/5558 5326/5326/5558
f 5326/5326/5559 5325/5325/5559 5327/5327/5559
f 5327/5327/5560 5325/5325/5560 5328/5328/5560
f 5328/5328/5561 5325/5325/5561 5329/5329/5561
f 5319/5319/5562 5329/5329/5562 5325/5325/5562
f 5329/5329/5563 5319/5319/5563 5330/5330/5563
f 5321/5321/5564 5330/5330/5564 5319/5319/5564
f 5330/5330/5565 5321/5321/5565 5331/5331/5565
f 5332/5332/5566 5333/5333/5566 5334/5334/5566
f 5335/5335/5567 5334/5334/5567 5333/5333/5567
f 5336/5336/5568 5337/5337/5568 5334/5334/5568
f 5334/5334/5569 5337/5337/5569 5332/5332/5569
f 5338/5338/5570 5332/5332/5570 5337/5337/5570
f 5332/5332/5571 5338/5338/5571 5339/5339/5571
f 5340/5340/5572 5339/5339/5572 5338/5338/5572
f 5339/5339/5573 5340/5340/5573 5341/5341/5573
f 5342/5342/5574 5341/5341/5574 5340/5340/5574
f 5343/5343/5575 5341/5341/5575 5342/5342/5575
f 5344/5344/5576 5341/5341/5576 5343/5343/5576
f 5345/5345/5577 5341/5341/5577 5344/5344/5577
f 5341/5341/5578 5345/5345/5578 5339/5339/5578
f 5346/5346/5579 5339/5339/5579 5345/5345/5579
f 5333/5333/5580 5339/5339/5580 5346/5346/5580
f 5339/5339/5581 5333/5333/5581 5332/5332/5581
f 5347/5347/5582 5348/5348/5582 5349/5349/5582
f 5350/5350/5583 5349/5349/5583 5348/5348/5583
f 5351/5351/5584 5347/5347/5584 5352/5352/5584
f 5349/5349/5585 5352/5352/5585 5347/5347/5585
f 5352/5352/5586 5349/5349/5586 5353/5353/5586
f 5353/5353/5587 5349/5349/5587 5354/5354/5587
f 5350/5350/5588 5354/5354/5588 5349/5349/5588
f 5354/5354/5589 5350/5350/5589 5355/5355/5589
f 5355/5355/5590 5350/5350/5590 5356/5356/5590
f 5356/5356/5591 5350/5350/5591 5357/5357/5591
f 5348/5348/5592 5357/5357/5592 5350/5350/5592
f 5357/5357/5593 5348/5348/5593 5358/5358/5593
f 5359/5359/5594 5360/5360/5594 5361/5361/5594
f 5362/5362/5595 5361/5361/5595 5360/5360/5595
f 5363/5363/5596 5360/5360/5596 5364/5364/5596
f 5359/5359/5597 5364/5364/5597 5360/5360/5597
f 5364/5364/5598 5359/5359/5598 5365/5365/5598
f 5365/5365/5599 5359/5359/5599 5366/5366/5599
f 5361/5361/5600 5366/5366/5600 5359/5359/5600
f 5366/5366/5601 5361/5361/5601 5367/5367/5601
f 5367/5367/5602 5361/5361/5602 5368/5368/5602
f 5368/5368/5603 5361/5361/5603 5369/5369/5603
f 5362/5362/5604 5369/5369/5604 5361/5361/5604
f 5369/5369/5605 5362/5362/5605 5370/5370/5605
f 5371/5371/5606 5372/5372/5607 5373/5373/5608
f 5374/5374/5609 5373/5373/5609 5372/5372/5609
f 5375/5375/5610 5374/5374/5610 5376/5376/5610
f 5372/5372/5611 5376/5376/5611 5374/5374/5611
f 5376/5376/5612 5372/5372/5612 5377/5377/5612
f 5377/5377/5613 5372/5372/5613 5378/5378/5613
f 5371/5371/5614 5378/5378/5614 5372/5372/5614
f 5378/5378/5615 5371/5371/5615 5379/5379/5615
f 5380/5380/5616 5379/5379/5616 5371/5371/5616
f 5379/5379/5617 5380/5380/5617 5381/5381/5617
f 5381/5381/5618 5380/5380/5618 5382/5382/5618
f 5382/5382/5619 5380/5380/5619 5383/5383/5619
f 5383/5383/5620 5380/5380/5620 5384/5384/5620
f 5384/5384/5621 5380/5380/5621 5385/5385/5621
f 5371/5371/5622 5385/5385/5622 5380/5380/5622
f 5385/5385/5623 5371/5371/5606 5373/5373/5608
f 5386/5386/5624 5387/5387/5624 5388/5388/5624
f 5389/5389/5625 5388/5388/5625 5387/5387/5625
f 5386/5386/5626 5388/5388/5626 5390/5390/5626
f 5391/5391/5627 5390/5390/5627 5388/5388/5627
f 5390/5390/5628 5391/5391/5628 5392/5392/5628
f 5392/5392/5629 5391/5391/5629 5393/5393/5629
f 5393/5393/5630 5391/5391/5630 5394/5394/5630
f 5394/5394/5631 5391/5391/5631 5395/5395/5631
f 5388/5388/5632 5395/5395/5632 5391/5391/5632
f 5395/5395/5633 5388/5388/5633 5396/5396/5633
f 5396/5396/5634 5388/5388/5634 5397/5397/5634
f 5389/5389/5635 5397/5397/5635 5388/5388/5635
f 5397/5397/5636 5389/5389/5637 5398/5398/5638
f 5398/5398/5638 5389/5389/5637 5399/5399/5639
f 5387/5387/5640 5399/5399/5640 5389/5389/5640
f 5400/5400/5641 5399/5399/5641 5387/5387/5641
f 5401/5401/5642 5402/5402/5642 5403/5403/5642
f 5404/5404/5643 5403/5403/5643 5402/5402/5643
f 5405/5405/5644 5401/5401/5644 5403/5403/5644
f 5401/5401/5645 5405/5405/5645 5406/5406/5645
f 5406/5406/5646 5405/5405/5646 5407/5407/5646
f 5407/5407/5647 5405/5405/5648 5408/5408/5649
f 5408/5408/5649 5405/5405/5648 5409/5409/5650
f 5409/5409/5651 5405/5405/5651 5410/5410/5651
f 5403/5403/5652 5410/5410/5652 5405/5405/5652
f 5410/5410/5653 5403/5403/5653 5411/5411/5653
f 5411/5411/5654 5403/5403/5654 5412/5412/5654
f 5404/5404/5655 5412/5412/5655 5403/5403/5655
f 5412/5412/5656 5404/5404/5657 5413/5413/5658
f 5413/5413/5658 5404/5404/5657 5414/5414/5659
f 5402/5402/5660 5414/5414/5660 5404/5404/5660
f 5415/5415/5661 5414/5414/5661 5402/5402/5661
f 5416/5416/5662 5417/5417/5662 5418/5418/5662
f 5419/5419/5663 5418/5418/5663 5417/5417/5663
f 5420/5420/5664 5418/5418/5664 5419/5419/5664
f 5418/5418/5665 5420/5420/5665 5421/5421/5665
f 5422/5422/5666 5423/5423/5666 5424/5424/5666
f 5424/5424/5667 5423/5423/5667 5425/5425/5667
f 5426/5426/5668 5425/5425/5668 5423/5423/5668
f 5425/5425/5669 5426/5426/5669 5427/5427/5669
f 5428/5428/5670 5429/5429/5670 5430/5430/5670
f 5430/5430/5671 5429/5429/5671 5431/5431/5671
f 5432/5432/5672 5431/5431/5672 5429/5429/5672
f 5431/5431/5673 5432/5432/5673 5433/5433/5673
f 5434/5434/5674 5435/5435/5674 5436/5436/5674
f 5437/5437/5675 5436/5436/5675 5435/5435/5675
f 5436/5436/5676 5437/5437/5676 5438/5438/5676
f 5439/5439/5677 5438/5438/5677 5437/5437/5677
f 5440/5440/5678 5441/5441/5678 5442/5442/5678
f 5443/5443/5679 5442/5442/5679 5441/5441/5679
f 5442/5442/5680 5443/5443/5680 5444/5444/5680
f 5445/5445/5681 5444/5444/5681 5443/5443/5681
f 5446/5446/5682 5447/5447/5682 5440/5440/5682
f 5440/5440/5683 5447/5447/5683 5441/5441/5683
f 5448/5448/5684 5441/5441/5684 5447/5447/5684
f 5449/5449/5685 5441/5441/5685 5448/5448/5685
f 5441/5441/5686 5449/5449/5686 5443/5443/5686
f 5450/5450/5687 5443/5443/5687 5449/5449/5687
f 5443/5443/5688 5450/5450/5688 5445/5445/5688
f 5451/5451/5689 5445/5445/5689 5450/5450/5689
f 5452/5452/5690 5453/5453/5690 5454/5454/5690
f 5455/5455/5691 5454/5454/5691 5453/5453/5691
f 5454/5454/5692 5455/5455/5692 5456/5456/5692
f 5457/5457/5693 5456/5456/5693 5455/5455/5693
f 5458/5458/5694 5459/5459/5694 5460/5460/5694
f 5461/5461/5695 5460/5460/5695 5459/5459/5695
f 5460/5460/5696 5461/5461/5696 5462/5462/5696
f 5462/5462/5697 5461/5461/5697 5463/5463/5697
f 5463/5463/5698 5461/5461/5698 5452/5452/5698
f 5452/5452/5699 5461/5461/5699 5453/5453/5699
f 5459/5459/5700 5453/5453/5700 5461/5461/5700
f 5464/5464/5701 5453/5453/5701 5459/5459/5701
f 5453/5453/5702 5464/5464/5702 5455/5455/5702
f 5465/5465/5703 5455/5455/5703 5464/5464/5703
f 5455/5455/5704 5465/5465/5704 5457/5457/5704
f 5466/5466/5705 5457/5457/5705 5465/5465/5705
f 5467/5467/5706 5468/5468/5706 5469/5469/5706
f 5470/5470/5707 5469/5469/5707 5468/5468/5707
f 5469/5469/5708 5470/5470/5708 5471/5471/5708
f 5472/5472/5709 5471/5471/5709 5470/5470/5709
f 5471/5471/5710 5472/5472/5710 5473/5473/5710
f 5474/5474/5711 5472/5472/5711 5475/5475/5711
f 5470/5470/5712 5475/5475/5712 5472/5472/5712
f 5475/5475/5713 5470/5470/5713 5476/5476/5713
f 5468/5468/5714 5476/5476/5714 5470/5470/5714
f 5476/5476/5715 5468/5468/5715 5477/5477/5715
f 5477/5477/5716 5468/5468/5716 5478/5478/5716
f 5467/5467/5717 5478/5478/5717 5468/5468/5717
f 5478/5478/5718 5467/5467/5718 5479/5479/5718
f 5480/5480/5719 5481/5481/5719 5482/5482/5719
f 5483/5483/5720 5482/5482/5720 5481/5481/5720
f 5482/5482/5721 5483/5483/5721 5484/5484/5721
f 5485/5485/5722 5484/5484/5722 5483/5483/5722
f 5484/5484/5723 5485/5485/5723 5486/5486/5723
f 5487/5487/5724 5481/5481/5724 5480/5480/5724
f 5481/5481/5725 5487/5487/5725 5488/5488/5725
f 5488/5488/5726 5487/5487/5726 5489/5489/5726
f 5489/5489/5727 5487/5487/5727 5490/5490/5727
f 5490/5490/5728 5487/5487/5728 5491/5491/5728
f 5480/5480/5729 5491/5491/5729 5487/5487/5729
f 5491/5491/5730 5480/5480/5730 5492/5492/5730
f 5492/5492/5731 5480/5480/5731 5493/5493/5731
f 5482/5482/5732 5493/5493/5732 5480/5480/5732
f 5493/5493/5733 5482/5482/5733 5494/5494/5733
f 5484/5484/5734 5494/5494/5734 5482/5482/5734
f 5494/5494/5735 5484/5484/5735 5495/5495/5735
f 5495/5495/5736 5484/5484/5736 5496/5496/5736
f 5486/5486/5737 5496/5496/5737 5484/5484/5737
f 5488/5488/5738 5489/5489/5738 5497/5497/5738
f 5497/5497/5739 5489/5489/5739 5498/5498/5739
f 5499/5499/5740 5498/5498/5741 5489/5489/5742
f 5498/5498/5743 5499/5499/5743 5500/5500/5743
f 5500/5500/5744 5499/5499/5744 5501/5501/5744
f 5501/5501/5745 5499/5499/5745 5502/5502/5745
f 5502/5502/5746 5499/5499/5746 5490/5490/5746
f 5489/5489/5742 5490/5490/5747 5499/5499/5740
f 5503/5503/5748 5504/5504/5748 5505/5505/5748
f 5505/5505/5749 5504/5504/5749 5506/5506/5749
f 5506/5506/5750 5504/5504/5750 5507/5507/5750
f 5508/5508/5751 5507/5507/5751 5504/5504/5751
f 5507/5507/5752 5508/5508/5752 5509/5509/5752
f 5510/5510/5753 5503/5503/5753 5505/5505/5753
f 5503/5503/5754 5510/5510/5754 5511/5511/5754
f 5511/5511/5755 5510/5510/5755 5512/5512/5755
f 5512/5512/5756 5510/5510/5756 5513/5513/5756
f 5513/5513/5757 5510/5510/5757 5514/5514/5757
f 5514/5514/5758 5510/5510/5758 5515/5515/5758
f 5505/5505/5759 5515/5515/5759 5510/5510/5759
f 5515/5515/5760 5505/5505/5760 5516/5516/5760
f 5506/5506/5761 5516/5516/5761 5505/5505/5761
f 5516/5516/5762 5506/5506/5762 5517/5517/5762
f 5517/5517/5763 5506/5506/5763 5518/5518/5763
f 5507/5507/5764 5518/5518/5764 5506/5506/5764
f 5518/5518/5765 5507/5507/5765 5519/5519/5765
f 5509/5509/5766 5519/5519/5766 5507/5507/5766
f 5520/5520/5767 5521/5521/5767 5522/5522/5767
f 5523/5523/5768 5522/5522/5768 5521/5521/5768
f 5524/5524/5769 5522/5522/5769 5523/5523/5769
f 5522/5522/5770 5524/5524/5770 5525/5525/5770
f 5526/5526/5771 5525/5525/5771 5524/5524/5771
f 5525/5525/5772 5526/5526/5772 5527/5527/5772
f 5521/5521/5773 5520/5520/5773 5528/5528/5773
f 5529/5529/5774 5528/5528/5774 5520/5520/5774
f 5530/5530/5775 5528/5528/5775 5529/5529/5775
f 5531/5531/5776 5528/5528/5776 5530/5530/5776
f 5532/5532/5777 5528/5528/5777 5531/5531/5777
f 5533/5533/5778 5528/5528/5778 5532/5532/5778
f 5528/5528/5779 5533/5533/5779 5521/5521/5779
f 5534/5534/5780 5521/5521/5780 5533/5533/5780
f 5521/5521/5781 5534/5534/5781 5523/5523/5781
f 5535/5535/5782 5523/5523/5782 5534/5534/5782
f 5523/5523/5783 5535/5535/5783 5524/5524/5783
f 5536/5536/5784 5524/5524/5784 5535/5535/5784
f 5524/5524/5785 5536/5536/5785 5526/5526/5785
f 5537/5537/5786 5526/5526/5786 5536/5536/5786
f 5538/5538/5787 5539/5539/5787 5540/5540/5787
f 5541/5541/5788 5540/5540/5788 5539/5539/5788
f 5540/5540/5789 5541/5541/5789 5542/5542/5789
f 5543/5543/5790 5542/5542/5790 5541/5541/5790
f 5542/5542/5791 5543/5543/5791 5544/5544/5791
f 5545/5545/5792 5544/5544/5792 5543/5543/5792
f 5546/5546/5793 5538/5538/5793 5547/5547/5793
f 5540/5540/5794 5547/5547/5794 5538/5538/5794
f 5547/5547/5795 5540/5540/5795 5548/5548/5795
f 5542/5542/5796 5548/5548/5796 5540/5540/5796
f 5548/5548/5797 5542/5542/5797 5549/5549/5797
f 5544/5544/5798 5549/5549/5798 5542/5542/5798
f 5549/5549/5799 5544/5544/5799 5550/5550/5799
f 5550/5550/5800 5544/5544/5800 5551/5551/5800
f 5545/5545/5801 5551/5551/5801 5544/5544/5801
f 5552/5552/5802 5551/5551/5802 5545/5545/5802
f 5553/5553/5803 5551/5551/5803 5552/5552/5803
f 5554/5554/5804 5551/5551/5804 5553/5553/5804
f 5551/5551/5805 5554/5554/5805 5550/5550/5805
f 5555/5555/5806 5550/5550/5806 5554/5554/5806
f 5556/5556/5807 5557/5557/5807 5558/5558/5807
f 5558/5558/5808 5557/5557/5808 5559/5559/5808
f 5560/5560/5809 5559/5559/5809 5557/5557/5809
f 5559/5559/5810 5560/5560/5810 5561/5561/5810
f 5562/5562/5811 5561/5561/5811 5560/5560/5811
f 5561/5561/5812 5562/5562/5812 5563/5563/5812
f 5564/5564/5813 5563/5563/5813 5565/5565/5813
f 5562/5562/5814 5565/5565/5814 5563/5563/5814
f 5565/5565/5815 5562/5562/5815 5566/5566/5815
f 5566/5566/5816 5562/5562/5816 5567/5567/5816
f 5560/5560/5817 5567/5567/5817 5562/5562/5817
f 5567/5567/5818 5560/5560/5818 5568/5568/5818
f 5557/5557/5819 5568/5568/5819 5560/5560/5819
f 5568/5568/5820 5557/5557/5820 5569/5569/5820
f 5556/5556/5821 5569/5569/5821 5557/5557/5821
f 5569/5569/5822 5556/5556/5822 5570/5570/5822
f 5571/5571/5823 5572/5572/5823 5573/5573/5823
f 5574/5574/5824 5573/5573/5824 5572/5572/5824
f 5575/5575/5825 5573/5573/5825 5574/5574/5825
f 5573/5573/5826 5575/5575/5826 5576/5576/5826
f 5577/5577/5827 5576/5576/5827 5575/5575/5827
f 5576/5576/5828 5577/5577/5828 5578/5578/5828
f 5579/5579/5829 5578/5578/5829 5580/5580/5829
f 5577/5577/5830 5580/5580/5830 5578/5578/5830
f 5580/5580/5831 5577/5577/5831 5581/5581/5831
f 5581/5581/5832 5577/5577/5832 5582/5582/5832
f 5575/5575/5833 5582/5582/5833 5577/5577/5833
f 5582/5582/5834 5575/5575/5834 5583/5583/5834
f 5574/5574/5835 5583/5583/5835 5575/5575/5835
f 5583/5583/5836 5574/5574/5836 5584/5584/5836
f 5572/5572/5837 5584/5584/5837 5574/5574/5837
f 5584/5584/5838 5572/5572/5838 5585/5585/5838
f 5586/5586/5839 5587/5587/5839 5588/5588/5839
f 5588/5588/5840 5587/5587/5840 5589/5589/5840
f 5590/5590/5841 5589/5589/5841 5587/5587/5841
f 5589/5589/5842 5590/5590/5842 5591/5591/5842
f 5592/5592/5843 5591/5591/5843 5590/5590/5843
f 5591/5591/5844 5592/5592/5844 5593/5593/5844
f 5594/5594/5845 5593/5593/5845 5595/5595/5845
f 5592/5592/5846 5595/5595/5846 5593/5593/5846
f 5595/5595/5847 5592/5592/5847 5596/5596/5847
f 5596/5596/5848 5592/5592/5849 5597/5597/5850
f 5590/5590/5851 5597/5597/5850 5592/5592/5849
f 5597/5597/5852 5590/5590/5852 5598/5598/5852
f 5587/5587/5853 5598/5598/5853 5590/5590/5853
f 5598/5598/5854 5587/5587/5854 5599/5599/5854
f 5586/5586/5855 5599/5599/5855 5587/5587/5855
f 5599/5599/5856 5586/5586/5856 5600/5600/5856
f 5601/5601/5857 5602/5602/5857 5603/5603/5857
f 5604/5604/5858 5603/5603/5858 5602/5602/5858
f 5603/5603/5859 5604/5604/5859 5605/5605/5859
f 5606/5606/5860 5605/5605/5860 5604/5604/5860
f 5605/5605/5861 5606/5606/5861 5607/5607/5861
f 5608/5608/5862 5607/5607/5862 5606/5606/5862
f 5609/5609/5863 5610/5610/5863 5601/5601/5863
f 5601/5601/5864 5610/5610/5864 5602/5602/5864
f 5611/5611/5865 5602/5602/5865 5610/5610/5865
f 5612/5612/5866 5602/5602/5866 5611/5611/5866
f 5602/5602/5867 5612/5612/5867 5604/5604/5867
f 5613/5613/5868 5604/5604/5868 5612/5612/5868
f 5604/5604/5869 5613/5613/5869 5606/5606/5869
f 5614/5614/5870 5606/5606/5870 5613/5613/5870
f 5606/5606/5871 5614/5614/5871 5608/5608/5871
f 5615/5615/5872 5608/5608/5872 5614/5614/5872
f 5616/5616/5873 5617/5617/5874 5618/5618/5875
f 5619/5619/5876 5618/5618/5875 5617/5617/5874
f 5620/5620/5877 5618/5618/5877 5619/5619/5877
f 5618/5618/5878 5620/5620/5878 5621/5621/5878
f 5622/5622/5879 5621/5621/5879 5620/5620/5879
f 5623/5623/5880 5621/5621/5881 5622/5622/5882
f 5624/5624/5883 5621/5621/5881 5623/5623/5880
f 5625/5625/5884 5621/5621/5884 5624/5624/5884
f 5621/5621/5885 5625/5625/5885 5618/5618/5885
f 5626/5626/5886 5618/5618/5886 5625/5625/5886
f 5627/5627/5887 5618/5618/5887 5626/5626/5887
f 5618/5618/5888 5627/5627/5888 5616/5616/5888
f 5628/5628/5889 5629/5629/5889 5630/5630/5889
f 5631/5631/5890 5632/5632/5890 5633/5633/5890
f 5633/5633/5891 5632/5632/5891 5634/5634/5891
f 5635/5635/5892 5634/5634/5892 5632/5632/5892
f 5636/5636/5893 5634/5634/5893 5635/5635/5893
f 5634/5634/5894 5636/5636/5894 5637/5637/5894
f 5638/5638/5895 5637/5637/5895 5636/5636/5895
f 5639/5639/5896 5637/5637/5896 5638/5638/5896
f 5630/5630/5897 5637/5637/5897 5639/5639/5897
f 5628/5628/5898 5637/5637/5898 5630/5630/5898
f 5633/5633/5899 5637/5637/5899 5628/5628/5899
f 5637/5637/5900 5633/5633/5900 5634/5634/5900
f 5640/5640/5901 5641/5641/5901 5642/5642/5901
f 5643/5643/5902 5644/5644/5902 5641/5641/5902
f 5641/5641/5903 5644/5644/5903 5642/5642/5903
f 5645/5645/5904 5642/5642/5904 5644/5644/5904
f 5646/5646/5905 5642/5642/5905 5645/5645/5905
f 5642/5642/5906 5646/5646/5906 5647/5647/5906
f 5648/5648/5907 5647/5647/5907 5646/5646/5907
f 5649/5649/5908 5647/5647/5908 5648/5648/5908
f 5647/5647/5909 5649/5649/5909 5650/5650/5909
f 5651/5651/5910 5650/5650/5910 5649/5649/5910
f 5652/5652/5911 5650/5650/5911 5651/5651/5911
f 5653/5653/5912 5650/5650/5912 5652/5652/5912
f 5650/5650/5913 5653/5653/5913 5647/5647/5913
f 5640/5640/5914 5647/5647/5914 5653/5653/5914
f 5647/5647/5915 5640/5640/5915 5642/5642/5915
f 5654/5654/5916 5655/5655/5916 5656/5656/5916
f 5657/5657/5917 5656/5656/5917 5655/5655/5917
f 5656/5656/5918 5658/5658/5918 5659/5659/5918
f 5659/5659/5919 5658/5658/5919 5660/5660/5919
f 5661/5661/5920 5660/5660/5920 5658/5658/5920
f 5660/5660/5921 5661/5661/5921 5662/5662/5921
f 5655/5655/5922 5659/5659/5922 5663/5663/5922
f 5663/5663/5923 5659/5659/5923 5664/5664/5923
f 5660/5660/5924 5664/5664/5924 5659/5659/5924
f 5664/5664/5925 5660/5660/5925 5665/5665/5925
f 5662/5662/5926 5665/5665/5926 5660/5660/5926
f 5665/5665/5927 5662/5662/5927 5666/5666/5927
f 5667/5667/5928 5668/5668/5928 5669/5669/5928
f 5670/5670/5929 5669/5669/5929 5668/5668/5929
f 5671/5671/5930 5670/5670/5930 5672/5672/5930
f 5668/5668/5931 5672/5672/5931 5670/5670/5931
f 5672/5672/5932 5668/5668/5932 5673/5673/5932
f 5673/5673/5933 5668/5668/5933 5674/5674/5933
f 5667/5667/5934 5674/5674/5934 5668/5668/5934
f 5674/5674/5935 5667/5667/5935 5675/5675/5935
f 5676/5676/5936 5677/5677/5936 5678/5678/5936
f 5679/5679/5937 5678/5678/5937 5677/5677/5937
f 5680/5680/5938 5677/5677/5938 5681/5681/5938
f 5676/5676/5939 5681/5681/5939 5677/5677/5939
f 5681/5681/5940 5676/5676/5940 5682/5682/5940
f 5682/5682/5941 5676/5676/5941 5683/5683/5941
f 5678/5678/5942 5683/5683/5942 5676/5676/5942
f 5683/5683/5943 5678/5678/5943 5684/5684/5943
f 5685/5685/5944 5686/5686/5944 5687/5687/5944
f 5688/5688/5945 5687/5687/5945 5686/5686/5945
f 5689/5689/5946 5685/5685/5946 5690/5690/5946
f 5687/5687/5947 5690/5690/5947 5685/5685/5947
f 5690/5690/5948 5687/5687/5948 5691/5691/5948
f 5691/5691/5949 5687/5687/5949 5692/5692/5949
f 5692/5692/5950 5687/5687/5950 5693/5693/5950
f 5688/5688/5951 5693/5693/5951 5687/5687/5951
f 5693/5693/5952 5688/5688/5952 5694/5694/5952
f 5694/5694/5953 5688/5688/5953 5695/5695/5953
f 5686/5686/5954 5695/5695/5954 5688/5688/5954
f 5695/5695/5955 5686/5686/5955 5696/5696/5955
f 5697/5697/5956 5698/5698/5956 5699/5699/5956
f 5700/5700/5957 5699/5699/5957 5698/5698/5957
f 5701/5701/5958 5702/5702/5958 5703/5703/5958
f 5704/5704/5959 5703/5703/5959 5702/5702/5959
f 5703/5703/5960 5704/5704/5960 5698/5698/5960
f 5698/5698/5961 5704/5704/5961 5700/5700/5961
f 5705/5705/5962 5700/5700/5962 5704/5704/5962
f 5706/5706/5963 5700/5700/5963 5705/5705/5963
f 5707/5707/5964 5700/5700/5964 5706/5706/5964
f 5700/5700/5965 5707/5707/5965 5699/5699/5965
f 5708/5708/5966 5699/5699/5966 5707/5707/5966
f 5709/5709/5967 5699/5699/5967 5708/5708/5967
f 5699/5699/5968 5709/5709/5968 5697/5697/5968
f 5710/5710/5969 5697/5697/5969 5709/5709/5969
f 5711/5711/5970 5712/5712/5970 5713/5713/5970
f 5714/5714/5971 5713/5713/5971 5712/5712/5971
f 5715/5715/5972 5713/5713/5972 5714/5714/5972
f 5713/5713/5973 5715/5715/5973 5716/5716/5973
f 5717/5717/5974 5718/5718/5974 5719/5719/5974
f 5719/5719/5975 5718/5718/5975 5720/5720/5975
f 5721/5721/5976 5720/5720/5976 5718/5718/5976
f 5720/5720/5977 5721/5721/5977 5722/5722/5977
f 5723/5723/5978 5724/5724/5978 5725/5725/5978
f 5725/5725/5979 5724/5724/5979 5726/5726/5979
f 5727/5727/5980 5726/5726/5980 5724/5724/5980
f 5726/5726/5981 5727/5727/5981 5728/5728/5981
f 5729/5729/5982 5730/5730/5982 5731/5731/5982
f 5732/5732/5983 5731/5731/5983 5730/5730/5983
f 5733/5733/5984 5731/5731/5984 5732/5732/5984
f 5731/5731/5985 5733/5733/5985 5734/5734/5985
f 5735/5735/5986 5736/5736/5986 5737/5737/5986
f 5737/5737/5987 5736/5736/5987 5738/5738/5987
f 5739/5739/5988 5738/5738/5988 5736/5736/5988
f 5738/5738/5989 5739/5739/5989 5740/5740/5989
f 5741/5741/5990 5742/5742/5990 5743/5743/5990
f 5744/5744/5991 5743/5743/5991 5742/5742/5991
f 5745/5745/5992 5743/5743/5992 5744/5744/5992
f 5743/5743/5993 5745/5745/5993 5746/5746/5993
f 5747/5747/5994 5748/5748/5994 5749/5749/5994
f 5750/5750/5995 5749/5749/5995 5748/5748/5995
f 5749/5749/5996 5750/5750/5996 5751/5751/5996
f 5751/5751/5997 5750/5750/5997 5752/5752/5997
f 5753/5753/5998 5752/5752/5998 5750/5750/5998
f 5754/5754/5999 5755/5755/5999 5756/5756/5999
f 5757/5757/6000 5756/5756/6000 5755/5755/6000
f 5756/5756/6001 5757/5757/6001 5758/5758/6001
f 5759/5759/6002 5758/5758/6002 5757/5757/6002
f 5760/5760/6003 5761/5761/6003 5754/5754/6003
f 5754/5754/6004 5761/5761/6004 5755/5755/6004
f 5762/5762/6005 5755/5755/6005 5761/5761/6005
f 5763/5763/6006 5755/5755/6006 5762/5762/6006
f 5755/5755/6007 5763/5763/6007 5757/5757/6007
f 5764/5764/6008 5757/5757/6008 5763/5763/6008
f 5757/5757/6009 5764/5764/6009 5759/5759/6009
f 5765/5765/6010 5759/5759/6010 5764/5764/6010
f 5766/5766/6011 5767/5767/6011 5768/5768/6011
f 5768/5768/6012 5767/5767/6012 5769/5769/6012
f 5770/5770/6013 5769/5769/6013 5767/5767/6013
f 5769/5769/6014 5770/5770/6014 5771/5771/6014
f 5772/5772/6015 5771/5771/6015 5773/5773/6015
f 5770/5770/6016 5773/5773/6016 5771/5771/6016
f 5773/5773/6017 5770/5770/6017 5774/5774/6017
f 5774/5774/6018 5770/5770/6018 5775/5775/6018
f 5767/5767/6019 5775/5775/6019 5770/5770/6019
f 5775/5775/6020 5767/5767/6020 5776/5776/6020
f 5766/5766/6021 5776/5776/6021 5767/5767/6021
f 5776/5776/6022 5766/5766/6022 5777/5777/6022
f 5777/5777/6023 5766/5766/6023 5778/5778/6023
f 5779/5779/6024 5778/5778/6024 5766/5766/6024
f 5780/5780/6025 5778/5778/6025 5779/5779/6025
f 5778/5778/6026 5780/5780/6026 5781/5781/6026
f 5782/5782/6027 5781/5781/6027 5780/5780/6027
f 5781/5781/6028 5782/5782/6028 5783/5783/6028
f 5783/5783/6029 5784/5784/6029 5781/5781/6029
f 5785/5785/6030 5781/5781/6030 5784/5784/6030
f 5786/5786/6031 5781/5781/6031 5785/5785/6031
f 5781/5781/6032 5786/5786/6032 5778/5778/6032
f 5777/5777/6033 5778/5778/6033 5786/5786/6033
f 5787/5787/6034 5788/5788/6034 5789/5789/6034
f 5790/5790/6035 5789/5789/6035 5788/5788/6035
f 5791/5791/6036 5789/5789/6036 5790/5790/6036
f 5789/5789/6037 5791/5791/6037 5792/5792/6037
f 5793/5793/6038 5792/5792/6038 5794/5794/6038
f 5791/5791/6039 5794/5794/6039 5792/5792/6039
f 5794/5794/6040 5791/5791/6040 5795/5795/6040
f 5795/5795/6041 5791/5791/6041 5796/5796/6041
f 5790/5790/6042 5796/5796/6042 5791/5791/6042
f 5796/5796/6043 5790/5790/6043 5797/5797/6043
f 5797/5797/6044 5790/5790/6044 5798/5798/6044
f 5788/5788/6045 5798/5798/6045 5790/5790/6045
f 5798/5798/6046 5788/5788/6046 5799/5799/6046
f 5799/5799/6047 5788/5788/6047 5800/5800/6047
f 5787/5787/6048 5800/5800/6048 5788/5788/6048
f 5800/5800/6049 5787/5787/6049 5801/5801/6049
f 5802/5802/6050 5803/5803/6050 5804/5804/6050
f 5805/5805/6051 5804/5804/6051 5803/5803/6051
f 5806/5806/6052 5804/5804/6052 5805/5805/6052
f 5804/5804/6053 5806/5806/6053 5807/5807/6053
f 5808/5808/6054 5807/5807/6054 5806/5806/6054
f 5807/5807/6055 5808/5808/6055 5809/5809/6055
f 5810/5810/6056 5808/5808/6056 5811/5811/6056
f 5806/5806/6057 5811/5811/6057 5808/5808/6057
f 5811/5811/6058 5806/5806/6058 5812/5812/6058
f 5805/5805/6059 5812/5812/6059 5806/5806/6059
f 5803/5803/6060 5812/5812/6060 5805/5805/6060
f 5812/5812/6061 5803/5803/6061 5813/5813/6061
f 5814/5814/6062 5815/5815/6062 5816/5816/6062
f 5816/5816/6063 5815/5815/6063 5817/5817/6063
f 5818/5818/6064 5817/5817/6064 5815/5815/6064
f 5817/5817/6065 5818/5818/6065 5819/5819/6065
f 5819/5819/6066 5818/5818/6066 5820/5820/6066
f 5821/5821/6067 5820/5820/6067 5818/5818/6067
f 5814/5814/6068 5816/5816/6068 5822/5822/6068
f 5823/5823/6069 5822/5822/6069 5816/5816/6069
f 5822/5822/6070 5823/5823/6070 5824/5824/6070
f 5824/5824/6071 5823/5823/6071 5825/5825/6071
f 5825/5825/6072 5823/5823/6072 5826/5826/6072
f 5826/5826/6073 5823/5823/6073 5827/5827/6073
f 5816/5816/6074 5827/5827/6074 5823/5823/6074
f 5827/5827/6075 5816/5816/6075 5828/5828/6075
f 5817/5817/6076 5828/5828/6076 5816/5816/6076
f 5828/5828/6077 5817/5817/6077 5829/5829/6077
f 5819/5819/6078 5829/5829/6078 5817/5817/6078
f 5829/5829/6079 5819/5819/6079 5830/5830/6079
f 5820/5820/6080 5830/5830/6080 5819/5819/6080
f 5831/5831/6081 5830/5830/6081 5820/5820/6081
f 5832/5832/6082 5833/5833/6082 5834/5834/6082
f 5834/5834/6083 5833/5833/6083 5835/5835/6083
f 5836/5836/6084 5835/5835/6084 5833/5833/6084
f 5835/5835/6085 5836/5836/6085 5837/5837/6085
f 5838/5838/6086 5837/5837/6086 5836/5836/6086
f 5837/5837/6087 5838/5838/6087 5839/5839/6087
f 5834/5834/6088 5840/5840/6088 5832/5832/6088
f 5841/5841/6089 5832/5832/6089 5840/5840/6089
f 5842/5842/6090 5832/5832/6090 5841/5841/6090
f 5843/5843/6091 5832/5832/6091 5842/5842/6091
f 5832/5832/6092 5843/5843/6092 5833/5833/6092
f 5844/5844/6093 5833/5833/6093 5843/5843/6093
f 5833/5833/6094 5844/5844/6094 5836/5836/6094
f 5845/5845/6095 5836/5836/6095 5844/5844/6095
f 5846/5846/6096 5836/5836/6096 5845/5845/6096
f 5836/5836/6097 5846/5846/6098 5838/5838/6099
f 5847/5847/6100 5838/5838/6099 5846/5846/6098
f 5848/5848/6101 5838/5838/6101 5847/5847/6101
f 5838/5838/6102 5848/5848/6102 5839/5839/6102
f 5849/5849/6103 5839/5839/6103 5848/5848/6103
f 5850/5850/6104 5851/5851/6104 5852/5852/6104
f 5853/5853/6105 5852/5852/6105 5851/5851/6105
f 5852/5852/6106 5853/5853/6106 5854/5854/6106
f 5854/5854/6107 5853/5853/6107 5855/5855/6107
f 5855/5855/6108 5853/5853/6108 5856/5856/6108
f 5856/5856/6109 5853/5853/6109 5857/5857/6109
f 5857/5857/6110 5853/5853/6110 5858/5858/6110
f 5851/5851/6111 5858/5858/6111 5853/5853/6111
f 5859/5859/6112 5860/5860/6112 5861/5861/6112
f 5862/5862/6113 5861/5861/6113 5860/5860/6113
f 5861/5861/6114 5862/5862/6114 5863/5863/6114
f 5863/5863/6115 5862/5862/6115 5864/5864/6115
f 5864/5864/6116 5862/5862/6116 5865/5865/6116
f 5865/5865/6117 5862/5862/6117 5866/5866/6117
f 5860/5860/6118 5866/5866/6118 5862/5862/6118
f 5866/5866/6119 5860/5860/6119 5867/5867/6119
f 5868/5868/6120 5869/5869/6120 5870/5870/6120
f 5871/5871/6121 5870/5870/6121 5869/5869/6121
f 5870/5870/6122 5871/5871/6122 5872/5872/6122
f 5873/5873/6123 5872/5872/6123 5871/5871/6123
f 5872/5872/6124 5873/5873/6124 5874/5874/6124
f 5875/5875/6125 5874/5874/6125 5873/5873/6125
f 5876/5876/6126 5874/5874/6126 5875/5875/6126
f 5874/5874/6127 5876/5876/6127 5877/5877/6127
f 5877/5877/6128 5876/5876/6128 5878/5878/6128
f 5879/5879/6129 5878/5878/6129 5876/5876/6129
f 5870/5870/6130 5880/5880/6130 5868/5868/6130
f 5880/5880/6131 5870/5870/6131 5881/5881/6131
f 5881/5881/6132 5870/5870/6133 5882/5882/6134
f 5872/5872/6135 5882/5882/6134 5870/5870/6133
f 5882/5882/6136 5872/5872/6136 5883/5883/6136
f 5874/5874/6137 5883/5883/6137 5872/5872/6137
f 5883/5883/6138 5874/5874/6138 5884/5884/6138
f 5877/5877/6139 5884/5884/6139 5874/5874/6139
f 5884/5884/6140 5877/5877/6140 5885/5885/6140
f 5878/5878/6141 5885/5885/6141 5877/5877/6141
f 5885/5885/6142 5878/5878/6142 5886/5886/6142
f 5886/5886/6143 5878/5878/6143 5887/5887/6143
f 5879/5879/6144 5887/5887/6144 5878/5878/6144
f 5888/5888/6145 5887/5887/6145 5879/5879/6145
f 5889/5889/6146 5890/5890/6146 5891/5891/6146
f 5891/5891/6147 5890/5890/6147 5892/5892/6147
f 5893/5893/6148 5892/5892/6148 5890/5890/6148
f 5894/5894/6149 5892/5892/6149 5893/5893/6149
f 5892/5892/6150 5894/5894/6150 5895/5895/6150
f 5896/5896/6151 5895/5895/6151 5894/5894/6151
f 5897/5897/6152 5895/5895/6152 5896/5896/6152
f 5898/5898/6153 5895/5895/6153 5897/5897/6153
f 5899/5899/6154 5895/5895/6154 5898/5898/6154
f 5900/5900/6155 5895/5895/6155 5899/5899/6155
f 5895/5895/6156 5900/5900/6156 5892/5892/6156
f 5891/5891/6157 5892/5892/6157 5900/5900/6157
o rg_1_0.007
v -0.056590 1.258898 -0.045723
v -0.059581 1.282156 -0.046456
v -0.062878 1.280813 -0.046883
v -0.059581 1.282156 -0.046456
v -0.053782 1.273243 -0.070081
v -0.057017 1.272145 -0.070997
v -0.056773 1.253037 -0.070814
v -0.060070 1.259691 -0.046578
v -0.053538 1.252121 -0.069715
v -0.044014 1.246810 -0.093095
v -0.046517 1.247848 -0.095171
v -0.045602 1.264941 -0.095781
v -0.026372 1.245040 -0.109028
v -0.025029 1.244124 -0.105976
v -0.024968 1.261889 -0.109639
v 0.000000 1.243086 -0.116232
v 0.000000 1.242110 -0.112935
v 0.026433 1.245040 -0.109028
v 0.025029 1.244124 -0.105976
v 0.046578 1.247848 -0.095171
v 0.044075 1.246810 -0.093095
v 0.056834 1.253037 -0.070814
v 0.053599 1.252121 -0.069715
v 0.060558 1.259752 -0.046578
v 0.056651 1.258898 -0.045723
v 0.000000 1.260241 -0.116232
v 0.025029 1.261889 -0.109639
v 0.045663 1.264941 -0.095781
v 0.057078 1.272145 -0.070997
v 0.062878 1.280752 -0.046883
v 0.000000 1.261095 -0.112935
v 0.023625 1.262743 -0.106587
v 0.043160 1.265735 -0.093706
v 0.053843 1.273243 -0.070081
v -0.046517 1.247848 -0.095171
v -0.025029 1.244124 -0.105976
v -0.044014 1.246810 -0.093095
v -0.056773 1.253037 -0.070814
v -0.053538 1.252121 -0.069715
v -0.026372 1.245040 -0.109028
v 0.000000 1.242110 -0.112935
v -0.062878 1.280813 -0.046883
v -0.060070 1.259691 -0.046578
v -0.056590 1.258898 -0.045723
v -0.024968 1.261889 -0.109639
v -0.045602 1.264941 -0.095781
v -0.043099 1.265735 -0.093706
v -0.057017 1.272145 -0.070997
v -0.053782 1.273243 -0.070081
v 0.000000 1.260241 -0.116232
v -0.023625 1.262743 -0.106587
v -0.024968 1.261889 -0.109639
v -0.043099 1.265735 -0.093706
v -0.023625 1.262743 -0.106587
v 0.000000 1.260241 -0.116232
v 0.000000 1.261095 -0.112935
v -0.045602 1.264941 -0.095781
v -0.053782 1.273243 -0.070081
v -0.043099 1.265735 -0.093706
v 0.062878 1.280752 -0.046883
v 0.057078 1.272145 -0.070997
v 0.053843 1.273243 -0.070081
v 0.053843 1.273243 -0.070081
v 0.059581 1.282156 -0.046456
v 0.024724 1.303583 0.072767
v 0.000061 1.302301 0.079910
v 0.000000 1.302362 0.074660
v -0.019840 1.326415 0.077712
v 0.000183 1.325316 0.080459
v 0.000000 1.325255 0.075331
v -0.019901 1.325865 0.077895
v -0.019840 1.326415 0.077712
v 0.000061 1.302912 0.080093
v 0.000183 1.324705 0.080642
v -0.025578 1.304743 0.078323
v -0.039375 1.306269 0.070936
v -0.032965 1.326903 0.071363
v -0.043831 1.327941 0.063122
v -0.050546 1.307735 0.062695
v -0.039436 1.305659 0.070753
v -0.052011 1.328673 0.054026
v -0.059093 1.308833 0.050730
v -0.056834 1.329467 0.045541
v -0.063732 1.309871 0.039558
v -0.048227 1.328307 0.050302
v -0.052561 1.329223 0.042305
v -0.051706 1.329162 0.053965
v -0.056529 1.329955 0.045297
v -0.052011 1.328673 0.054026
v -0.043526 1.328429 0.063000
v -0.040779 1.327330 0.058910
v -0.030828 1.326537 0.066297
v -0.032721 1.327392 0.071180
v -0.018863 1.325743 0.072340
v 0.000000 1.325255 0.075331
v 0.000183 1.325316 0.080459
v 0.019901 1.326293 0.077712
v -0.052561 1.329223 0.042305
v -0.063793 1.309383 0.039009
v -0.059581 1.308650 0.036018
v 0.052134 1.329101 0.054026
v 0.043587 1.328307 0.063000
v 0.043892 1.327819 0.063122
v 0.032782 1.327086 0.071180
v 0.033026 1.326537 0.071363
v 0.019901 1.326293 0.077712
v 0.019962 1.325682 0.077895
v 0.018924 1.325621 0.072340
v 0.030889 1.326842 0.066297
v 0.040840 1.327330 0.058910
v 0.048654 1.328307 0.050302
v 0.053293 1.329223 0.042305
v 0.057261 1.329833 0.045358
v 0.057506 1.329284 0.045541
v 0.052439 1.328551 0.054087
v 0.039436 1.306208 0.070936
v 0.025578 1.304743 0.078323
v 0.000183 1.324705 0.080642
v 0.000061 1.302912 0.080093
v 0.063732 1.309749 0.039558
v 0.059093 1.308711 0.050791
v 0.050607 1.307612 0.062756
v 0.039497 1.305659 0.070753
v 0.063793 1.309200 0.039070
v 0.053293 1.329223 0.042305
v 0.059581 1.308650 0.036018
v 0.000061 1.302301 0.079910
v 0.024724 1.303583 0.072767
v 0.025823 1.304194 0.078140
v 0.037421 1.304804 0.065869
v 0.050607 1.307063 0.062573
v 0.047677 1.306086 0.058483
v 0.059154 1.308162 0.050547
v 0.055430 1.307368 0.046823
v 0.059581 1.308650 0.036018
v 0.057261 1.329833 0.045358
v 0.057506 1.329284 0.045541
v 0.000061 1.302301 0.079910
v -0.024724 1.303583 0.072767
v 0.000000 1.302362 0.074660
v 0.063732 1.309749 0.039558
v 0.063793 1.309200 0.039070
v 0.057506 1.329284 0.045541
v 0.059093 1.308711 0.050791
v 0.059154 1.308162 0.050547
v 0.063793 1.309200 0.039070
v 0.050607 1.307612 0.062756
v 0.050607 1.307063 0.062573
v 0.059093 1.308711 0.050791
v 0.063793 1.309200 0.039070
v 0.063732 1.309749 0.039558
v 0.050607 1.307063 0.062573
v 0.059154 1.308162 0.050547
v 0.043892 1.327819 0.063122
v 0.052439 1.328551 0.054087
v 0.039497 1.305659 0.070753
v 0.039436 1.306208 0.070936
v 0.025578 1.304743 0.078323
v 0.050607 1.307612 0.062756
v 0.039497 1.305659 0.070753
v 0.050607 1.307063 0.062573
v 0.000061 1.302912 0.080093
v 0.000061 1.302301 0.079910
v 0.025823 1.304194 0.078140
v 0.000183 1.325316 0.080459
v 0.000183 1.324705 0.080642
v 0.019962 1.325682 0.077895
v -0.025578 1.304743 0.078323
v -0.039375 1.306269 0.070936
v -0.039436 1.305659 0.070753
v -0.050546 1.307735 0.062695
v -0.050607 1.307185 0.062573
v -0.032965 1.326903 0.071363
v -0.019901 1.325865 0.077895
v -0.019840 1.326415 0.077712
v -0.043831 1.327941 0.063122
v -0.032721 1.327392 0.071180
v -0.032965 1.326903 0.071363
v -0.019840 1.326415 0.077712
v -0.032721 1.327392 0.071180
v -0.043831 1.327941 0.063122
v -0.043526 1.328429 0.063000
v -0.056834 1.329467 0.045541
v -0.056529 1.329955 0.045297
v -0.063793 1.309383 0.039009
v -0.056834 1.329467 0.045541
v -0.063793 1.309383 0.039009
v -0.063732 1.309871 0.039558
v -0.063793 1.309383 0.039009
v -0.059093 1.308284 0.050547
v -0.059093 1.308833 0.050730
v -0.050607 1.307185 0.062573
v -0.050546 1.307735 0.062695
v -0.063732 1.309871 0.039558
v -0.063793 1.309383 0.039009
v -0.059093 1.308833 0.050730
v -0.059093 1.308284 0.050547
v -0.050607 1.307185 0.062573
v -0.025762 1.304194 0.078140
v 0.000061 1.302301 0.079910
v 0.000061 1.302912 0.080093
v -0.019901 1.325865 0.077895
v 0.000183 1.324705 0.080642
v 0.000183 1.325316 0.080459
v 0.056651 1.258898 -0.045723
v 0.060558 1.259752 -0.046578
v 0.059581 1.282156 -0.046456
v 0.062878 1.280752 -0.046883
v 0.039497 1.305659 0.070753
v 0.025578 1.304743 0.078323
v 0.025823 1.304194 0.078140
v 0.000061 1.302912 0.080093
v -0.039436 1.305659 0.070753
v -0.025762 1.304194 0.078140
v -0.025578 1.304743 0.078323
v 0.000061 1.302912 0.080093
v -0.059581 1.308650 0.036018
v -0.059093 1.308284 0.050547
v -0.055430 1.307368 0.046823
v -0.047677 1.306086 0.058483
v -0.050607 1.307185 0.062573
v -0.037360 1.304804 0.065869
v -0.025762 1.304194 0.078140
v -0.024724 1.303583 0.072767
v 0.000061 1.302301 0.079910
v 0.168122 0.805079 -0.021671
v 0.167816 0.801477 -0.024724
v 0.167145 0.804591 -0.026311
v 0.167145 0.804591 -0.026311
v 0.166473 0.807887 -0.025151
v 0.165924 0.799585 -0.025945
v 0.164886 0.803980 -0.028142
v 0.167816 0.801477 -0.024724
v 0.163909 0.808620 -0.026494
v 0.163604 0.810756 -0.021977
v 0.166229 0.809413 -0.021915
v 0.168122 0.805079 -0.021671
v 0.166534 0.808254 -0.018619
v 0.164092 0.809169 -0.017276
v 0.165069 0.804774 -0.015078
v 0.167939 0.801905 -0.018192
v 0.168122 0.805079 -0.021671
v 0.167267 0.805140 -0.017032
v 0.166046 0.800134 -0.016727
v 0.167939 0.801905 -0.018192
v 0.166351 0.797998 -0.021244
v 0.168183 0.800379 -0.021427
v 0.165924 0.799585 -0.025945
v 0.167816 0.801477 -0.024724
v 0.168122 0.805079 -0.021671
v 0.168183 0.800379 -0.021427
v 0.168122 0.805079 -0.021671
v 0.167816 0.801477 -0.024724
v 0.077346 1.168427 0.001099
v 0.082779 1.168305 0.006654
v 0.076857 1.153776 0.002686
v 0.080703 1.153715 0.006654
v 0.077346 1.168427 0.012270
v 0.076857 1.153776 0.010622
v 0.077346 1.168427 0.012270
v 0.071974 1.168549 0.006654
v 0.076857 1.153776 0.010622
v 0.073011 1.153898 0.006654
v 0.077346 1.168427 0.001099
v 0.076857 1.153776 0.002686
v 0.076857 1.153776 0.002686
v 0.080703 1.153715 0.006654
v 0.076857 1.153776 0.006654
v 0.076857 1.153776 0.010622
v 0.073011 1.153898 0.006654
v 0.082779 1.168305 0.006654
v 0.077346 1.168427 0.001099
v 0.077346 1.168427 0.006654
v 0.071974 1.168549 0.006654
v 0.077346 1.168427 0.012270
v -0.016666 0.768695 0.073988
v -0.011843 0.785544 0.069715
v -0.025273 0.773946 0.082352
v -0.016299 0.791771 0.076735
v 0.000000 0.807826 0.069166
v -0.004578 0.811123 0.073622
v -0.003174 0.827727 0.072340
v -0.007753 0.811855 0.068128
v -0.020023 0.793114 0.067762
v -0.033331 0.773946 0.072645
v -0.037727 0.750809 0.078567
v -0.017459 0.753861 0.077773
v -0.026799 0.753922 0.087480
v -0.021488 0.740004 0.091020
v -0.030523 0.732434 0.083267
v -0.010744 0.732617 0.092913
v -0.016788 0.722056 0.085892
v 0.000672 0.730664 0.093401
v 0.000855 0.740370 0.081253
v -0.004945 0.741896 0.080825
v -0.012392 0.745681 0.079910
v -0.017459 0.753861 0.077773
v 0.000549 0.719858 0.086442
v 0.017215 0.722361 0.085831
v 0.012637 0.732617 0.092913
v 0.007997 0.741591 0.080948
v 0.021732 0.738539 0.091386
v 0.013613 0.744704 0.080093
v 0.027654 0.753129 0.087663
v 0.017337 0.753800 0.077773
v 0.028142 0.771748 0.082962
v 0.019230 0.766620 0.074538
v 0.019840 0.790245 0.077102
v 0.013858 0.784384 0.070020
v 0.000000 0.808131 0.069105
v 0.029852 0.730664 0.083695
v 0.037788 0.749344 0.078933
v 0.036506 0.771931 0.073195
v 0.024541 0.790977 0.068311
v 0.005250 0.810634 0.073744
v 0.008180 0.810573 0.068494
v 0.005616 0.827239 0.072401
v 0.006471 1.113424 0.029180
v 0.000000 1.114767 0.028143
v 0.000000 1.112692 0.031317
v 0.005250 1.111715 0.031988
v 0.006471 1.113424 0.029180
v 0.000000 1.112692 0.031317
v 0.000000 1.086808 0.048959
v 0.008730 1.088700 0.047494
v 0.007509 1.091142 0.047311
v 0.000000 1.086808 0.048959
v 0.007509 1.091142 0.047311
v 0.000000 1.089250 0.048715
v 0.011477 1.109517 0.032050
v 0.006471 1.113424 0.029180
v 0.005250 1.111715 0.031988
v 0.011477 1.109517 0.032050
v 0.005250 1.111715 0.031988
v 0.009462 1.108540 0.034369
v 0.000000 1.114767 0.028143
v 0.006471 1.113424 0.029180
v 0.006471 1.110433 0.025090
v 0.000000 1.111776 0.024052
v 0.000000 1.114767 0.028143
v 0.006471 1.110433 0.025090
v 0.006471 1.113424 0.029180
v 0.011477 1.109517 0.032050
v 0.011477 1.106526 0.027959
v 0.006471 1.110433 0.025090
v 0.006471 1.113424 0.029180
v 0.011477 1.106526 0.027959
v 0.013796 1.093950 0.043648
v 0.008730 1.088700 0.047494
v 0.008730 1.085709 0.043465
v 0.013796 1.090959 0.039558
v 0.013796 1.093950 0.043648
v 0.008730 1.085709 0.043465
v 0.014773 1.101032 0.038398
v 0.013796 1.093950 0.043648
v 0.013796 1.090959 0.039558
v 0.014773 1.098040 0.034308
v 0.014773 1.101032 0.038398
v 0.013796 1.090959 0.039558
v 0.011477 1.109517 0.032050
v 0.014773 1.101032 0.038398
v 0.014773 1.098040 0.034308
v 0.011477 1.106526 0.027959
v 0.011477 1.109517 0.032050
v 0.014773 1.098040 0.034308
v 0.015506 1.068128 0.062817
v 0.008974 1.066540 0.064038
v 0.008974 1.063549 0.059948
v 0.015506 1.065136 0.058727
v 0.015506 1.068128 0.062817
v 0.008974 1.063549 0.059948
v 0.009890 1.069776 0.061596
v 0.015506 1.068128 0.062817
v 0.015506 1.065136 0.058727
v 0.009890 1.066785 0.057506
v 0.009890 1.069776 0.061596
v 0.015506 1.065136 0.058727
v 0.007631 1.076247 0.056773
v 0.009890 1.069776 0.061596
v 0.009890 1.066785 0.057506
v 0.007631 1.073256 0.052683
v 0.007631 1.076247 0.056773
v 0.009890 1.066785 0.057506
v 0.008974 1.081497 0.052866
v 0.007631 1.076247 0.056773
v 0.007631 1.073256 0.052683
v 0.008974 1.078506 0.048776
v 0.008974 1.081497 0.052866
v 0.007631 1.073256 0.052683
v 0.019352 1.085282 0.050058
v 0.008974 1.081497 0.052866
v 0.008974 1.078506 0.048776
v 0.019352 1.082290 0.045968
v 0.019352 1.085282 0.050058
v 0.008974 1.078506 0.048776
v 0.020512 1.090349 0.046273
v 0.019352 1.085282 0.050058
v 0.019352 1.082290 0.045968
v 0.020512 1.087357 0.042244
v 0.020512 1.090349 0.046273
v 0.019352 1.082290 0.045968
v 0.020023 1.092546 0.044686
v 0.020512 1.090349 0.046273
v 0.020512 1.087357 0.042244
v 0.020023 1.089555 0.040596
v 0.020023 1.092546 0.044686
v 0.020512 1.087357 0.042244
v 0.016666 1.084671 0.044259
v 0.016666 1.087663 0.048288
v 0.020023 1.092546 0.044686
v 0.016666 1.084671 0.044259
v 0.020023 1.092546 0.044686
v 0.020023 1.089555 0.040596
v 0.009462 1.083023 0.045419
v 0.009462 1.086014 0.049509
v 0.016666 1.087663 0.048288
v 0.009462 1.083023 0.045419
v 0.016666 1.087663 0.048288
v 0.016666 1.084671 0.044259
v 0.008730 1.088700 0.047494
v 0.009462 1.086014 0.049509
v 0.009462 1.083023 0.045419
v 0.008730 1.085709 0.043465
v 0.008730 1.088700 0.047494
v 0.009462 1.083023 0.045419
v -0.006410 1.110433 0.025090
v -0.006410 1.113424 0.029180
v 0.000000 1.114767 0.028143
v -0.006410 1.110433 0.025090
v 0.000000 1.114767 0.028143
v 0.000000 1.111776 0.024052
v 0.000000 1.114767 0.028143
v 0.000000 1.112692 0.031317
v 0.000000 1.109700 0.027227
v 0.000000 1.111776 0.024052
v 0.000000 1.114767 0.028143
v 0.000000 1.109700 0.027227
v 0.000000 1.086258 0.044625
v 0.000000 1.089250 0.048715
v 0.000000 1.086808 0.048959
v 0.000000 1.083817 0.044869
v 0.000000 1.066968 0.057384
v 0.000000 1.086258 0.044625
v 0.000000 1.086808 0.048959
v 0.000000 1.083817 0.044869
v 0.000000 1.069959 0.061474
v 0.000000 1.066968 0.057384
v -0.011416 1.106526 0.027959
v -0.011416 1.109517 0.032050
v -0.006410 1.113424 0.029180
v -0.011416 1.106526 0.027959
v -0.006410 1.113424 0.029180
v -0.006410 1.110433 0.025090
v -0.008669 1.085709 0.043465
v -0.008669 1.088700 0.047494
v -0.013735 1.093950 0.043648
v -0.008669 1.085709 0.043465
v -0.013735 1.093950 0.043648
v -0.013735 1.090959 0.039558
v -0.016605 1.087663 0.048288
v -0.009401 1.086014 0.049509
v -0.009401 1.083023 0.045419
v -0.016605 1.084671 0.044259
v -0.016605 1.087663 0.048288
v -0.009401 1.083023 0.045419
v -0.019962 1.092546 0.044686
v -0.016605 1.087663 0.048288
v -0.016605 1.084671 0.044259
v -0.019962 1.089555 0.040596
v -0.019962 1.092546 0.044686
v -0.016605 1.084671 0.044259
v -0.008913 1.078506 0.048776
v -0.008913 1.081497 0.052866
v -0.019291 1.085282 0.050058
v -0.008913 1.078506 0.048776
v -0.019291 1.085282 0.050058
v -0.019291 1.082290 0.045968
v -0.008913 1.063549 0.059948
v -0.008913 1.066540 0.064038
v -0.015445 1.068128 0.062817
v -0.008913 1.063549 0.059948
v -0.015445 1.068128 0.062817
v -0.015445 1.065136 0.058727
v -0.003541 1.068128 0.062817
v -0.008913 1.066540 0.064038
v -0.008913 1.063549 0.059948
v -0.003541 1.065136 0.058727
v -0.003541 1.068128 0.062817
v -0.008913 1.063549 0.059948
v 0.000000 1.069959 0.061474
v -0.003541 1.068128 0.062817
v -0.003541 1.065136 0.058727
v 0.000000 1.066968 0.057384
v 0.000000 1.069959 0.061474
v -0.003541 1.065136 0.058727
v 0.028631 1.152982 -0.032171
v 0.028692 1.149258 -0.034796
v 0.025151 1.153165 -0.032354
v 0.028631 1.152982 -0.032171
v 0.032171 1.152799 -0.031988
v 0.028692 1.149258 -0.034796
v 0.028631 1.152982 -0.032171
v 0.028631 1.156706 -0.029546
v 0.032171 1.152799 -0.031988
v 0.028631 1.152982 -0.032171
v 0.025151 1.153165 -0.032354
v 0.028631 1.156706 -0.029546
v 0.008974 1.100910 0.031012
v 0.005860 1.101032 0.030890
v 0.008974 1.098163 0.029119
v 0.008974 1.100910 0.031012
v 0.008974 1.098163 0.029119
v 0.012087 1.100788 0.031134
v 0.008974 1.100910 0.031012
v 0.012087 1.100788 0.031134
v 0.008974 1.103657 0.032965
v 0.008974 1.100910 0.031012
v 0.008974 1.103657 0.032965
v 0.005860 1.101032 0.030890
v -0.028509 1.152982 -0.032171
v -0.028509 1.149258 -0.034796
v -0.025334 1.153165 -0.032354
v -0.028509 1.152982 -0.032171
v -0.031622 1.152799 -0.031988
v -0.028509 1.149258 -0.034796
v -0.028509 1.152982 -0.032171
v -0.028448 1.156706 -0.029546
v -0.028509 1.152982 -0.032171
v -0.025334 1.153165 -0.032354
v -0.028448 1.156706 -0.029546
v -0.008913 1.100910 0.031012
v -0.005799 1.101032 0.030890
v -0.008913 1.098163 0.029119
v -0.008913 1.100910 0.031012
v -0.008913 1.098163 0.029119
v -0.012026 1.100788 0.031134
v -0.008913 1.100910 0.031012
v -0.012026 1.100788 0.031134
v -0.008913 1.103657 0.032965
v -0.008913 1.100910 0.031012
v -0.008913 1.103657 0.032965
v -0.005799 1.101032 0.030890
v 0.008730 1.088700 0.047494
v 0.013796 1.093950 0.043648
v 0.007509 1.091142 0.047311
v 0.011171 1.095599 0.044015
v 0.013796 1.093950 0.043648
v 0.014773 1.101032 0.038398
v 0.011171 1.095599 0.044015
v 0.011904 1.101520 0.039619
v 0.011477 1.109517 0.032050
v 0.009462 1.108540 0.034369
v 0.014773 1.101032 0.038398
v 0.011904 1.101520 0.039619
v 0.000000 1.114767 0.028143
v -0.006410 1.113424 0.029180
v 0.000000 1.112692 0.031317
v -0.005189 1.111715 0.031988
v 0.000000 1.086808 0.048959
v 0.000000 1.089250 0.048715
v -0.008669 1.088700 0.047494
v -0.007448 1.091142 0.047311
v -0.006410 1.113424 0.029180
v -0.011416 1.109517 0.032050
v -0.005189 1.111715 0.031988
v -0.009401 1.108540 0.034369
v -0.019291 1.085282 0.050058
v -0.020451 1.090349 0.046273
v -0.019291 1.082290 0.045968
v -0.020451 1.087357 0.042244
v -0.009401 1.086014 0.049509
v -0.008669 1.088700 0.047494
v -0.009401 1.083023 0.045419
v -0.008669 1.085709 0.043465
v -0.008669 1.088700 0.047494
v -0.007448 1.091142 0.047311
v -0.013735 1.093950 0.043648
v -0.011110 1.095599 0.044015
v -0.013735 1.093950 0.043648
v -0.011110 1.095599 0.044015
v -0.014712 1.101032 0.038398
v -0.011843 1.101520 0.039619
v -0.011416 1.109517 0.032050
v -0.014712 1.101032 0.038398
v -0.009401 1.108540 0.034369
v -0.011843 1.101520 0.039619
v 0.000000 1.112692 0.031317
v 0.000000 1.114767 0.028143
v 0.000000 1.109700 0.027227
v 0.000000 1.111776 0.024052
v 0.003602 1.068128 0.062817
v 0.000000 1.069959 0.061474
v 0.003602 1.065136 0.058727
v 0.000000 1.066968 0.057384
v 0.008974 1.066540 0.064038
v 0.003602 1.068128 0.062817
v 0.008974 1.063549 0.059948
v 0.003602 1.065136 0.058727
v -0.013735 1.093950 0.043648
v -0.014712 1.101032 0.038398
v -0.013735 1.090959 0.039558
v -0.014712 1.098040 0.034308
v -0.014712 1.101032 0.038398
v -0.011416 1.109517 0.032050
v -0.014712 1.098040 0.034308
v -0.011416 1.106526 0.027959
v -0.020451 1.090349 0.046273
v -0.019962 1.092546 0.044686
v -0.020451 1.087357 0.042244
v -0.019962 1.089555 0.040596
v -0.007570 1.076247 0.056773
v -0.008913 1.081497 0.052866
v -0.007570 1.073256 0.052683
v -0.008913 1.078506 0.048776
v -0.009828 1.069776 0.061596
v -0.007570 1.076247 0.056773
v -0.009828 1.066785 0.057506
v -0.007570 1.073256 0.052683
v -0.015445 1.068128 0.062817
v -0.009828 1.069776 0.061596
v -0.015445 1.065136 0.058727
v -0.009828 1.066785 0.057506
v -0.008669 1.088700 0.047494
v -0.009401 1.086014 0.049509
v 0.000000 1.086808 0.048959
v 0.000000 1.069959 0.061474
v -0.015445 1.068128 0.062817
v -0.008913 1.066540 0.064038
v -0.009828 1.069776 0.061596
v -0.003541 1.068128 0.062817
v -0.007570 1.076247 0.056773
v -0.008913 1.081497 0.052866
v -0.016605 1.087663 0.048288
v -0.019291 1.085282 0.050058
v -0.020451 1.090349 0.046273
v -0.019962 1.092546 0.044686
v 0.000000 1.089250 0.048715
v 0.000000 1.086258 0.044625
v 0.000000 1.086808 0.048959
v 0.000000 1.083817 0.044869
v 0.000000 1.066968 0.057384
v 0.000000 1.069959 0.061474
v 0.009462 1.086014 0.049509
v 0.008974 1.081497 0.052866
v 0.016666 1.087663 0.048288
v 0.019352 1.085282 0.050058
v 0.020512 1.090349 0.046273
v 0.020023 1.092546 0.044686
v 0.008730 1.088700 0.047494
v 0.000000 1.086808 0.048959
v 0.000000 1.069959 0.061474
v 0.007631 1.076247 0.056773
v 0.003602 1.068128 0.062817
v 0.009890 1.069776 0.061596
v 0.008974 1.066540 0.064038
v 0.015506 1.068128 0.062817
v 0.005860 1.101032 0.030890
v 0.025151 1.153165 -0.032354
v 0.008974 1.098163 0.029119
v 0.028692 1.149258 -0.034796
v 0.012087 1.100788 0.031134
v 0.032171 1.152799 -0.031988
v 0.028631 1.156706 -0.029546
v 0.008974 1.103657 0.032965
v 0.025151 1.153165 -0.032354
v 0.005860 1.101032 0.030890
v -0.005799 1.101032 0.030890
v -0.025334 1.153165 -0.032354
v -0.008913 1.103657 0.032965
v -0.028448 1.156706 -0.029546
v -0.012026 1.100788 0.031134
v -0.031622 1.152799 -0.031988
v -0.028509 1.149258 -0.034796
v -0.008913 1.098163 0.029119
v -0.025334 1.153165 -0.032354
v -0.005799 1.101032 0.030890
v -0.168366 1.081619 -0.058543
v -0.167145 1.070264 -0.045235
v -0.169159 1.073133 -0.043099
v -0.168366 1.081619 -0.058543
v -0.170197 1.083145 -0.054819
v -0.168366 1.081619 -0.058543
v -0.166351 1.081985 -0.058543
v -0.165130 1.070631 -0.045235
v -0.163787 1.074110 -0.043099
v -0.164886 1.084183 -0.054819
v -0.166351 1.097857 -0.059093
v -0.168000 1.097552 -0.063427
v -0.170014 1.097125 -0.063427
v -0.169648 1.113058 -0.058543
v -0.171662 1.112692 -0.058543
v -0.170869 1.124412 -0.045235
v -0.172883 1.124046 -0.045235
v -0.173372 1.128197 -0.027104
v -0.171357 1.128564 -0.027104
v -0.170869 1.124412 -0.008974
v -0.172883 1.124046 -0.008974
v -0.171662 1.112692 0.004273
v -0.169648 1.113058 0.004273
v -0.170014 1.097125 0.009157
v -0.167816 1.111532 -0.054819
v -0.168915 1.121543 -0.043099
v -0.169281 1.125206 -0.027104
v -0.168915 1.121543 -0.011110
v -0.167816 1.111532 0.000550
v -0.166351 1.097857 0.004823
v -0.168000 1.097552 0.009157
v -0.168366 1.081619 0.004273
v -0.165130 1.070631 -0.008974
v -0.164886 1.084183 0.000550
v -0.166351 1.081985 0.004273
v -0.167145 1.070264 -0.008974
v -0.164642 1.066479 -0.027104
v -0.166656 1.066113 -0.027104
v -0.163787 1.074110 -0.011110
v -0.163421 1.070447 -0.027104
v -0.163787 1.074110 -0.043099
v -0.165130 1.070631 -0.045235
v -0.167145 1.070264 -0.045235
v -0.169159 1.073133 -0.043099
v -0.168732 1.069471 -0.027104
v -0.169159 1.073133 -0.011110
v -0.170197 1.083145 0.000550
v -0.171662 1.096820 0.004823
v -0.173127 1.110555 0.000550
v -0.174226 1.120566 -0.011110
v -0.174592 1.124229 -0.027104
v -0.174226 1.120566 -0.043099
v -0.173127 1.110555 -0.054819
v -0.171662 1.096820 -0.059093
v -0.170197 1.083145 -0.054819
v -0.170014 1.097125 -0.063427
v -0.168366 1.081619 -0.058543
v -0.170197 1.083145 -0.054819
v -0.174226 1.120566 -0.043099
v -0.173127 1.110555 -0.054819
v -0.172761 1.110189 -0.054148
v -0.157194 1.114462 -0.054942
v -0.158354 1.125267 -0.043099
v -0.158415 1.124473 -0.042732
v -0.157316 1.113973 -0.054270
v -0.157194 1.114462 -0.054942
v -0.158415 1.124473 -0.042732
v -0.174592 1.124229 -0.027104
v -0.174226 1.120566 -0.043099
v -0.173738 1.119956 -0.042732
v -0.174104 1.123497 -0.027104
v -0.174592 1.124229 -0.027104
v -0.158354 1.125267 -0.043099
v -0.158781 1.129174 -0.026982
v -0.158781 1.128319 -0.026982
v -0.158415 1.124473 -0.042732
v -0.158354 1.125267 -0.043099
v -0.158781 1.128319 -0.026982
v -0.173738 1.119956 -0.011477
v -0.174226 1.120566 -0.011110
v -0.174592 1.124229 -0.027104
v -0.173738 1.119956 -0.011477
v -0.174592 1.124229 -0.027104
v -0.174104 1.123497 -0.027104
v -0.158781 1.128319 -0.026982
v -0.158415 1.124473 -0.011171
v -0.174104 1.123497 -0.027104
v -0.158781 1.128319 -0.026982
v -0.158781 1.129174 -0.026982
v -0.158354 1.125267 -0.010805
v -0.158781 1.128319 -0.026982
v -0.158354 1.125267 -0.010805
v -0.158415 1.124473 -0.011171
v -0.172761 1.110189 -0.000061
v -0.173127 1.110555 0.000550
v -0.174226 1.120566 -0.011110
v -0.158415 1.124473 -0.011171
v -0.157316 1.113973 0.000244
v -0.173738 1.119956 -0.011477
v -0.172761 1.110189 -0.000061
v -0.174226 1.120566 -0.011110
v -0.173738 1.119956 -0.011477
v -0.158415 1.124473 -0.011171
v -0.158354 1.125267 -0.010805
v -0.157194 1.114462 0.000977
v -0.158415 1.124473 -0.011171
v -0.157194 1.114462 0.000977
v -0.157316 1.113973 0.000244
v -0.171357 1.096881 0.004029
v -0.171662 1.096820 0.004823
v -0.173127 1.110555 0.000550
v -0.157316 1.113973 0.000244
v -0.155790 1.099689 0.004457
v -0.172761 1.110189 -0.000061
v -0.171357 1.096881 0.004029
v -0.173127 1.110555 0.000550
v -0.172761 1.110189 -0.000061
v -0.169953 1.083633 -0.000061
v -0.170197 1.083145 0.000550
v -0.171662 1.096820 0.004823
v -0.169953 1.083633 -0.000061
v -0.171662 1.096820 0.004823
v -0.171357 1.096881 0.004029
v -0.155790 1.099689 0.004457
v -0.154264 1.085404 0.000244
v -0.171357 1.096881 0.004029
v -0.155790 1.099689 0.004457
v -0.155546 1.099750 0.005250
v -0.153959 1.084977 0.000977
v -0.155790 1.099689 0.004457
v -0.153959 1.084977 0.000977
v -0.154264 1.085404 0.000244
v -0.169159 1.073133 -0.011110
v -0.170197 1.083145 0.000550
v -0.169953 1.083633 -0.000061
v -0.153959 1.084977 0.000977
v -0.152799 1.074232 -0.010805
v -0.153104 1.074904 -0.011171
v -0.154264 1.085404 0.000244
v -0.153959 1.084977 0.000977
v -0.153104 1.074904 -0.011171
v -0.168732 1.069471 -0.027104
v -0.169159 1.073133 -0.011110
v -0.168915 1.073866 -0.011477
v -0.152799 1.074232 -0.010805
v -0.152372 1.070264 -0.026982
v -0.152677 1.071058 -0.026982
v -0.153104 1.074904 -0.011171
v -0.152799 1.074232 -0.010805
v -0.152677 1.071058 -0.026982
v -0.168915 1.073866 -0.042732
v -0.169159 1.073133 -0.043099
v -0.168732 1.069471 -0.027104
v -0.168915 1.073866 -0.042732
v -0.168732 1.069471 -0.027104
v -0.168488 1.070325 -0.027104
v -0.168488 1.070325 -0.027104
v -0.153165 1.074904 -0.042732
v -0.152677 1.071058 -0.026982
v -0.169953 1.083633 -0.054148
v -0.170197 1.083145 -0.054819
v -0.169159 1.073133 -0.043099
v -0.153165 1.074904 -0.042732
v -0.154264 1.085404 -0.054270
v -0.168915 1.073866 -0.042732
v -0.169953 1.083633 -0.054148
v -0.169159 1.073133 -0.043099
v -0.168915 1.073866 -0.042732
v -0.171662 1.096820 -0.059093
v -0.170197 1.083145 -0.054819
v -0.169953 1.083633 -0.054148
v -0.153959 1.084977 -0.054942
v -0.155546 1.099750 -0.059276
v -0.155851 1.099689 -0.058482
v -0.154264 1.085404 -0.054270
v -0.155851 1.099689 -0.058482
v -0.171662 1.096820 -0.059093
v -0.169953 1.083633 -0.054148
v -0.171357 1.096881 -0.058299
v -0.154264 1.085404 -0.054270
v -0.173127 1.110555 -0.054819
v -0.171662 1.096820 -0.059093
v -0.171357 1.096881 -0.058299
v -0.172761 1.110189 -0.054148
v -0.173127 1.110555 -0.054819
v -0.171357 1.096881 -0.058299
v -0.155546 1.099750 -0.059276
v -0.157194 1.114462 -0.054942
v -0.157316 1.113973 -0.054270
v -0.155851 1.099689 -0.058482
v -0.155546 1.099750 -0.059276
v -0.157316 1.113973 -0.054270
v -0.156523 1.070020 -0.045296
v -0.158720 1.073133 -0.043099
v -0.159880 1.083939 -0.054942
v -0.154264 1.070447 -0.045296
v -0.155607 1.082657 -0.058726
v -0.157866 1.082290 -0.058726
v -0.157439 1.099383 -0.063610
v -0.159636 1.099017 -0.063610
v -0.159209 1.116110 -0.058726
v -0.161468 1.115683 -0.058726
v -0.160552 1.128380 -0.045296
v -0.162811 1.127953 -0.045296
v -0.163116 1.113363 -0.054942
v -0.161529 1.098651 -0.059276
v -0.152799 1.074232 -0.043099
v -0.153959 1.084977 -0.054942
v -0.155546 1.099750 -0.059276
v -0.157194 1.114462 -0.054942
v -0.158354 1.125267 -0.043099
v -0.158781 1.129174 -0.026982
v -0.161040 1.132837 -0.026982
v -0.160552 1.128380 -0.008607
v -0.158354 1.125267 -0.010805
v -0.159209 1.116110 0.004701
v -0.157194 1.114462 0.000977
v -0.163299 1.132409 -0.026982
v -0.162811 1.127953 -0.008607
v -0.161468 1.115683 0.004701
v -0.163116 1.113363 0.000977
v -0.161529 1.098651 0.005250
v -0.159636 1.099017 0.009645
v -0.157866 1.082290 0.004701
v -0.159880 1.083939 0.000977
v -0.156523 1.070020 -0.008607
v -0.158720 1.073133 -0.010805
v -0.157439 1.099383 0.009645
v -0.155607 1.082657 0.004701
v -0.154264 1.070447 -0.008607
v -0.153776 1.065930 -0.026982
v -0.156034 1.065564 -0.026982
v -0.158293 1.069165 -0.026982
v -0.158720 1.073133 -0.043099
v -0.156523 1.070020 -0.045296
v -0.154264 1.070447 -0.045296
v -0.155546 1.099750 0.005250
v -0.153959 1.084977 0.000977
v -0.152799 1.074232 -0.010805
v -0.152372 1.070264 -0.026982
v -0.152799 1.074232 -0.043099
v -0.157194 1.114462 0.000977
v -0.155546 1.099750 0.005250
v -0.157316 1.113973 0.000244
v -0.155790 1.099689 0.004457
v -0.159880 1.083939 0.000977
v -0.161529 1.098651 0.005250
v -0.164886 1.084183 0.000550
v -0.166351 1.097857 0.004823
v -0.164276 1.124168 -0.010805
v -0.168915 1.121543 -0.011110
v -0.163116 1.113363 0.000977
v -0.167816 1.111532 0.000550
v -0.164703 1.128136 -0.026982
v -0.169281 1.125206 -0.027104
v -0.164276 1.124168 -0.010805
v -0.168915 1.121543 -0.011110
v -0.164703 1.128136 -0.026982
v -0.164276 1.124168 -0.043099
v -0.169281 1.125206 -0.027104
v -0.168915 1.121543 -0.043099
v -0.164276 1.124168 -0.043099
v -0.163116 1.113363 -0.054942
v -0.168915 1.121543 -0.043099
v -0.167816 1.111532 -0.054819
v -0.163116 1.113363 -0.054942
v -0.161529 1.098651 -0.059276
v -0.167816 1.111532 -0.054819
v -0.166351 1.097857 -0.059093
v -0.152372 1.070264 -0.026982
v -0.152799 1.074232 -0.043099
v -0.152677 1.071058 -0.026982
v -0.153165 1.074904 -0.042732
v -0.152799 1.074232 -0.043099
v -0.153959 1.084977 -0.054942
v -0.153165 1.074904 -0.042732
v -0.154264 1.085404 -0.054270
v -0.158720 1.073133 -0.043099
v -0.163787 1.074110 -0.043099
v -0.159880 1.083939 -0.054942
v -0.164886 1.084183 -0.054819
v -0.158720 1.073133 -0.010805
v -0.159880 1.083939 0.000977
v -0.163787 1.074110 -0.011110
v -0.164886 1.084183 0.000550
v -0.158293 1.069165 -0.026982
v -0.163421 1.070447 -0.027104
v -0.158720 1.073133 -0.043099
v -0.163787 1.074110 -0.043099
v -0.173738 1.119956 -0.042732
v -0.158415 1.124473 -0.042732
v -0.174104 1.123497 -0.027104
v -0.158781 1.128319 -0.026982
v -0.157316 1.113973 -0.054270
v -0.172761 1.110189 -0.054148
v -0.155851 1.099689 -0.058482
v -0.171357 1.096881 -0.058299
v -0.163116 1.113363 0.000977
v -0.167816 1.111532 0.000550
v -0.161529 1.098651 0.005250
v -0.166351 1.097857 0.004823
v -0.159880 1.083939 -0.054942
v -0.164886 1.084183 -0.054819
v -0.161529 1.098651 -0.059276
v -0.166351 1.097857 -0.059093
v -0.158293 1.069165 -0.026982
v -0.158720 1.073133 -0.010805
v -0.163421 1.070447 -0.027104
v -0.163787 1.074110 -0.011110
v -0.169159 1.073133 -0.011110
v -0.169953 1.083633 -0.000061
v -0.168915 1.073866 -0.011477
v -0.154264 1.085404 0.000244
v -0.153104 1.074904 -0.011171
v -0.168732 1.069471 -0.027104
v -0.168915 1.073866 -0.011477
v -0.168488 1.070325 -0.027104
v -0.153104 1.074904 -0.011171
v -0.152677 1.071058 -0.026982
v -0.174226 1.120566 -0.043099
v -0.172761 1.110189 -0.054148
v -0.173738 1.119956 -0.042732
v -0.157316 1.113973 -0.054270
v -0.158415 1.124473 -0.042732
v -0.164276 1.124168 -0.010805
v -0.164703 1.128136 -0.026982
v -0.164276 1.124168 -0.043099
v 0.088517 1.001892 -0.020389
v 0.086136 1.001099 -0.021671
v 0.087296 1.005433 -0.023869
v 0.088517 1.001892 -0.020389
v 0.087296 1.005433 -0.023869
v 0.089311 1.004945 -0.021977
v 0.089311 1.004945 -0.021977
v 0.087296 1.005433 -0.023869
v 0.088456 1.009951 -0.022282
v 0.089311 1.004945 -0.021977
v 0.088456 1.009951 -0.022282
v 0.090165 1.008180 -0.020817
v 0.090165 1.008180 -0.020817
v 0.088456 1.009951 -0.022282
v 0.089006 1.012087 -0.017764
v 0.090226 1.004945 -0.017337
v 0.088517 1.001892 -0.020389
v 0.089311 1.004945 -0.021977
v 0.089311 1.004945 -0.021977
v 0.090165 1.008180 -0.020817
v 0.087479 1.006227 -0.010805
v 0.090288 1.008546 -0.014285
v 0.088578 1.010561 -0.013064
v 0.090532 1.009645 -0.017642
v 0.089006 1.012087 -0.017764
v 0.090226 1.004945 -0.017337
v 0.088517 1.001892 -0.020389
v 0.088212 1.000794 -0.017093
v 0.086136 1.001099 -0.021671
v 0.085709 0.999512 -0.016971
v 0.088639 1.002259 -0.013857
v 0.086258 1.001648 -0.012453
v 0.089433 1.005494 -0.012759
v 0.090226 1.004945 -0.017337
v 0.090226 1.004945 -0.017337
v 0.088212 1.000794 -0.017093
v 0.090226 1.004945 -0.017337
v 0.088517 1.001892 -0.020389
v 0.076125 0.952689 -0.015994
v 0.074232 0.949698 -0.019046
v 0.075209 0.952689 -0.020572
v 0.075209 0.952689 -0.020572
v 0.076186 0.955925 -0.019474
v 0.071668 0.948965 -0.020328
v 0.073072 0.953300 -0.022526
v 0.074232 0.949698 -0.019046
v 0.074477 0.957756 -0.020878
v 0.075148 0.959893 -0.016421
v 0.076674 0.957390 -0.016238
v 0.076125 0.952689 -0.015994
v 0.076308 0.956291 -0.012942
v 0.074599 0.958366 -0.011660
v 0.073256 0.954093 -0.009462
v 0.074354 0.950064 -0.012514
v 0.076125 0.952689 -0.015994
v 0.075331 0.953238 -0.011354
v 0.071852 0.949576 -0.011110
v 0.074354 0.950064 -0.012514
v 0.071180 0.947439 -0.015567
v 0.073866 0.948599 -0.015689
v 0.071668 0.948965 -0.020328
v 0.074232 0.949698 -0.019046
v 0.076125 0.952689 -0.015994
v 0.073866 0.948599 -0.015689
v 0.076125 0.952689 -0.015994
v 0.074232 0.949698 -0.019046
v -0.075148 0.952689 -0.020572
v -0.074171 0.949698 -0.019046
v -0.076064 0.952689 -0.015994
v -0.076125 0.955925 -0.019474
v -0.075148 0.952689 -0.020572
v -0.071607 0.948965 -0.020328
v -0.074171 0.949698 -0.019046
v -0.073011 0.953300 -0.022526
v -0.074415 0.957756 -0.020878
v -0.075087 0.959893 -0.016421
v -0.074538 0.958366 -0.011660
v -0.076613 0.957390 -0.016238
v -0.076064 0.952689 -0.015994
v -0.076247 0.956291 -0.012942
v -0.073195 0.954093 -0.009462
v -0.075270 0.953238 -0.011354
v -0.071790 0.949576 -0.011110
v -0.074293 0.950064 -0.012514
v -0.071119 0.947439 -0.015567
v -0.073805 0.948599 -0.015689
v -0.071607 0.948965 -0.020328
v -0.074171 0.949698 -0.019046
v -0.075270 0.953238 -0.011354
v -0.076064 0.952689 -0.015994
v -0.073805 0.948599 -0.015689
v -0.076064 0.952689 -0.015994
v -0.074171 0.949698 -0.019046
v -0.076064 0.952689 -0.015994
v -0.074293 0.950064 -0.012514
v -0.075270 0.953238 -0.011354
v -0.076064 0.952689 -0.015994
v -0.089250 1.004945 -0.021977
v -0.088456 1.001892 -0.020389
v -0.090165 1.004945 -0.017337
v -0.090104 1.008180 -0.020817
v -0.089250 1.004945 -0.021977
v -0.086075 1.001099 -0.021671
v -0.088456 1.001892 -0.020389
v -0.087235 1.005433 -0.023869
v -0.088395 1.009951 -0.022282
v -0.088945 1.012087 -0.017764
v -0.090471 1.009645 -0.017642
v -0.090165 1.004945 -0.017337
v -0.090288 1.008546 -0.014285
v -0.088517 1.010561 -0.013064
v -0.087418 1.006227 -0.010805
v -0.088456 1.001892 -0.020389
v -0.086075 1.001099 -0.021671
v -0.088151 1.000794 -0.017093
v -0.085648 0.999512 -0.016971
v -0.088578 1.002259 -0.013857
v -0.086197 1.001648 -0.012453
v -0.089372 1.005494 -0.012759
v -0.090165 1.004945 -0.017337
v -0.088151 1.000794 -0.017093
v -0.090165 1.004945 -0.017337
v -0.088456 1.001892 -0.020389
v -0.090165 1.004945 -0.017337
v 0.176790 0.771198 -0.021061
v 0.176607 0.766681 -0.025945
v 0.175875 0.771320 -0.027654
v 0.175875 0.771320 -0.027654
v 0.174898 0.775716 -0.025578
v 0.173982 0.764361 -0.028142
v 0.172944 0.770832 -0.030584
v 0.176607 0.766681 -0.025945
v 0.171601 0.777120 -0.027593
v 0.170685 0.779378 -0.021061
v 0.174287 0.777303 -0.020939
v 0.176790 0.771198 -0.021061
v 0.174348 0.775227 -0.016421
v 0.170808 0.776387 -0.014651
v 0.171784 0.769916 -0.012270
v 0.176058 0.766193 -0.016788
v 0.176790 0.771198 -0.021061
v 0.175081 0.770588 -0.014712
v 0.173188 0.763690 -0.015200
v 0.176058 0.766193 -0.016788
v 0.174043 0.761370 -0.021793
v 0.176668 0.764605 -0.021427
v 0.173982 0.764361 -0.028142
v 0.176607 0.766681 -0.025945
v 0.176790 0.771198 -0.021061
v 0.176668 0.764605 -0.021427
v 0.176790 0.771198 -0.021061
v 0.176607 0.766681 -0.025945
v 0.178438 0.731823 -0.021610
v 0.175936 0.731640 -0.021366
v 0.176180 0.730053 -0.018070
v 0.178194 0.734998 -0.021610
v 0.175630 0.735059 -0.021366
v 0.178683 0.730297 -0.018497
v 0.179171 0.725719 -0.017276
v 0.178377 0.730236 -0.029607
v 0.179293 0.722300 -0.021854
v 0.179110 0.722850 -0.028020
v 0.177767 0.737745 -0.027776
v 0.178194 0.734998 -0.021610
v 0.178011 0.737562 -0.018436
v 0.177462 0.743667 -0.018924
v 0.178011 0.740553 -0.009584
v 0.178316 0.735852 -0.014224
v 0.178866 0.730542 -0.011904
v 0.178988 0.731152 -0.005128
v 0.179415 0.724254 -0.012575
v 0.179843 0.720957 -0.007020
v 0.179781 0.719309 -0.016238
v 0.180331 0.714120 -0.013003
v 0.179720 0.717172 -0.024174
v 0.180331 0.710518 -0.024418
v 0.179720 0.713449 -0.036261
v 0.179354 0.719065 -0.031744
v 0.178560 0.724193 -0.042671
v 0.178560 0.725658 -0.036628
v 0.177706 0.735181 -0.036994
v 0.177523 0.735608 -0.043099
v 0.177034 0.744094 -0.032171
v 0.176546 0.747696 -0.037543
v 0.176973 0.747207 -0.025700
v 0.176546 0.751358 -0.026616
v 0.177095 0.748428 -0.017581
v 0.176912 0.750870 -0.016482
v 0.177645 0.745986 -0.006105
v 0.177889 0.712655 -0.012087
v 0.177889 0.708809 -0.024418
v 0.177462 0.720042 -0.005738
v 0.176485 0.730908 -0.003724
v 0.179843 0.720957 -0.007020
v 0.175447 0.740980 -0.008424
v 0.178988 0.731152 -0.005128
v 0.176912 0.750870 -0.016482
v 0.175020 0.746780 -0.004700
v 0.175020 0.746780 -0.004700
v 0.174470 0.749466 -0.017032
v 0.176912 0.750870 -0.016482
v 0.174226 0.752091 -0.015872
v 0.176546 0.751358 -0.026616
v 0.173860 0.752640 -0.026738
v 0.175020 0.746780 -0.004700
v 0.174470 0.749466 -0.017032
v 0.173860 0.752640 -0.026738
v 0.174348 0.748123 -0.025700
v 0.173921 0.748611 -0.038398
v 0.174409 0.744765 -0.032660
v 0.174898 0.735730 -0.044381
v 0.176973 0.723521 -0.011660
v 0.177340 0.718210 -0.015567
v 0.177462 0.720042 -0.005738
v 0.177889 0.712655 -0.012087
v 0.177279 0.716012 -0.024052
v 0.177889 0.708809 -0.024418
v 0.176851 0.718027 -0.032232
v 0.177279 0.711983 -0.037055
v 0.176058 0.725108 -0.037482
v 0.175997 0.723460 -0.043892
v 0.175142 0.735303 -0.037849
v 0.177034 0.744094 -0.032171
v 0.176485 0.730908 -0.003724
v 0.176363 0.730297 -0.010988
v 0.175447 0.740980 -0.008424
v 0.175752 0.735975 -0.013430
v 0.174898 0.744338 -0.018497
v 0.175508 0.737806 -0.017947
v 0.175142 0.737989 -0.027959
v 0.175813 0.729931 -0.029913
v 0.175936 0.731640 -0.021366
v 0.176607 0.722056 -0.028264
v 0.176851 0.721446 -0.021610
v 0.176180 0.730053 -0.018070
v 0.176668 0.725108 -0.016727
v 0.178438 0.731823 -0.021610
v 0.178683 0.730297 -0.018497
v 0.177462 0.743667 -0.018924
v 0.178011 0.740553 -0.009584
v 0.177767 0.737745 -0.027776
v 0.175813 0.729931 -0.029913
v 0.178377 0.730236 -0.029607
v 0.179110 0.722850 -0.028020
v 0.176607 0.722056 -0.028264
v 0.179293 0.722300 -0.021854
v 0.178194 0.734998 -0.021610
v 0.175936 0.731640 -0.021366
v 0.175630 0.735059 -0.021366
v 0.176180 0.730053 -0.018070
v 0.176668 0.725108 -0.016727
v 0.179171 0.725719 -0.017276
v 0.176851 0.721446 -0.021610
v 0.178683 0.730297 -0.018497
v 0.176180 0.730053 -0.018070
v 0.179171 0.725719 -0.017276
v 0.179171 0.725719 -0.017276
v 0.176668 0.725108 -0.016727
v 0.176851 0.721446 -0.021610
v 0.179293 0.722300 -0.021854
v 0.176607 0.722056 -0.028264
v 0.175142 0.737989 -0.027959
v 0.174898 0.744338 -0.018497
v 0.177462 0.743667 -0.018924
v 0.175447 0.740980 -0.008424
v 0.178011 0.740553 -0.009584
v 0.175447 0.740980 -0.008424
v 0.178988 0.731152 -0.005128
v 0.176485 0.730908 -0.003724
v 0.179843 0.720957 -0.007020
v 0.179843 0.720957 -0.007020
v 0.177462 0.720042 -0.005738
v 0.180331 0.714120 -0.013003
v 0.177889 0.712655 -0.012087
v 0.180331 0.710518 -0.024418
v 0.177889 0.708809 -0.024418
v 0.177279 0.711983 -0.037055
v 0.176546 0.747696 -0.037543
v 0.173860 0.752640 -0.026738
v 0.176546 0.751358 -0.026616
v 0.173860 0.752640 -0.026738
v 0.174226 0.752091 -0.015872
v 0.176912 0.750870 -0.016482
v 0.177645 0.745986 -0.006105
v 0.175020 0.746780 -0.004700
v 0.177095 0.748428 -0.017581
v 0.174470 0.749466 -0.017032
v 0.174348 0.748123 -0.025700
v 0.176973 0.747207 -0.025700
v 0.174409 0.744765 -0.032660
v 0.177095 0.748428 -0.017581
v 0.174348 0.748123 -0.025700
v 0.174409 0.744765 -0.032660
v 0.177034 0.744094 -0.032171
v 0.175142 0.735303 -0.037849
v 0.177706 0.735181 -0.036994
v 0.176058 0.725108 -0.037482
v 0.178560 0.725658 -0.036628
v 0.176851 0.718027 -0.032232
v 0.179354 0.719065 -0.031744
v 0.177279 0.716012 -0.024052
v 0.177706 0.735181 -0.036994
v 0.175142 0.735303 -0.037849
v 0.178560 0.725658 -0.036628
v 0.176058 0.725108 -0.037482
v 0.176851 0.718027 -0.032232
v 0.177279 0.716012 -0.024052
v 0.179720 0.717172 -0.024174
v 0.177340 0.718210 -0.015567
v 0.179781 0.719309 -0.016238
v 0.179720 0.717172 -0.024174
v 0.179781 0.719309 -0.016238
v 0.178316 0.735852 -0.014224
v 0.178866 0.730542 -0.011904
v 0.175752 0.735975 -0.013430
v 0.176363 0.730297 -0.010988
v 0.176973 0.723521 -0.011660
v 0.179415 0.724254 -0.012575
v 0.175508 0.737806 -0.017947
v 0.178011 0.737562 -0.018436
v 0.178316 0.735852 -0.014224
v 0.175752 0.735975 -0.013430
v 0.175508 0.737806 -0.017947
v 0.178011 0.737562 -0.018436
v 0.175508 0.737806 -0.017947
v 0.175630 0.735059 -0.021366
v 0.000672 1.144253 -0.003541
v 0.004212 1.142299 0.000916
v 0.000183 1.136927 0.000122
v 0.000122 1.174776 0.001648
v 0.004151 1.169098 0.001954
v 0.000672 1.171052 -0.002503
v 0.005860 1.155607 0.001648
v 0.000916 1.158354 -0.004639
v 0.000672 1.144253 -0.003541
v 0.000183 1.136927 0.000122
v -0.000305 1.140712 0.004334
v -0.000549 1.153348 0.006532
v -0.000366 1.167511 0.005433
v 0.000122 1.174776 0.001648
v 0.000122 1.174776 0.001648
v -0.003846 1.169465 0.000916
v -0.005494 1.156096 0.000183
v -0.003785 1.142665 -0.000122
v 0.000183 1.136927 0.000122
v 0.000122 1.174776 0.001648
v 0.000672 1.171052 -0.002503
v 0.000916 1.158354 -0.004639
v 0.000672 1.144253 -0.003541
v 0.000183 1.136927 0.000122
v -0.011233 1.154936 0.003175
v -0.012392 1.159880 -0.000183
v -0.031622 1.165375 -0.021122
v -0.012026 1.151639 -0.001038
v -0.036384 1.159453 -0.018253
v -0.031622 1.165375 -0.021122
v -0.031134 1.170747 -0.046639
v -0.035834 1.165680 -0.047555
v -0.012392 1.174531 -0.064343
v -0.014285 1.169953 -0.067944
v 0.013613 1.174409 -0.063854
v 0.015628 1.169892 -0.067456
v 0.013613 1.163787 -0.063854
v -0.012392 1.163848 -0.064343
v -0.031134 1.160125 -0.046639
v -0.031622 1.154691 -0.021122
v -0.012026 1.151639 -0.001038
v -0.006837 1.156462 -0.003479
v -0.026860 1.160186 -0.021915
v -0.026494 1.164825 -0.043587
v -0.010561 1.168000 -0.058665
v 0.011538 1.167938 -0.058238
v 0.011538 1.167938 -0.058238
v -0.010561 1.168000 -0.058665
v -0.031134 1.170747 -0.046639
v -0.026494 1.164825 -0.043587
v -0.031622 1.165375 -0.021122
v -0.026860 1.160186 -0.021915
v -0.012392 1.159880 -0.000183
v -0.006837 1.156462 -0.003479
v 0.011294 1.154936 0.004640
v 0.031256 1.165130 -0.019962
v 0.012453 1.159880 -0.000183
v 0.031683 1.170563 -0.045479
v 0.031256 1.165130 -0.019962
v 0.035895 1.159148 -0.016971
v 0.012087 1.151639 -0.001038
v 0.031256 1.154447 -0.019962
v 0.006898 1.156462 -0.003479
v 0.026555 1.160002 -0.020939
v 0.031683 1.170563 -0.045479
v 0.036445 1.165375 -0.046334
v 0.031683 1.159880 -0.045479
v 0.026921 1.164581 -0.042671
v 0.006898 1.156462 -0.003479
v 0.012453 1.159880 -0.000183
v 0.026555 1.160002 -0.020939
v 0.026921 1.164581 -0.042671
v 0.011538 1.167938 -0.058238
v 0.013613 1.174409 -0.063854
v 0.015628 1.169892 -0.067456
v 0.013613 1.163787 -0.063854
v 0.011538 1.167938 -0.058238
v -0.036384 1.170075 -0.018253
v -0.011233 1.165619 0.003175
v -0.012392 1.170502 -0.000183
v 0.012453 1.170502 -0.000183
v 0.011294 1.165619 0.004640
v 0.035895 1.169831 -0.016971
v 0.026921 1.175264 -0.042671
v 0.031683 1.170563 -0.045479
v 0.026555 1.170686 -0.020939
v 0.031256 1.165130 -0.019962
v 0.006898 1.167145 -0.003479
v 0.012087 1.162322 -0.001038
v 0.036445 1.176058 -0.046334
v 0.035895 1.169831 -0.016971
v 0.031683 1.180819 -0.043465
v 0.013613 1.184665 -0.061840
v 0.015628 1.180514 -0.067456
v 0.013613 1.174409 -0.063854
v 0.011538 1.178560 -0.058238
v 0.011294 1.165619 0.004640
v 0.011538 1.178560 -0.058238
v 0.026921 1.175264 -0.042671
v 0.031256 1.175386 -0.017947
v 0.012453 1.170502 -0.000183
v 0.026555 1.170686 -0.020939
v 0.006898 1.167145 -0.003479
v -0.012026 1.162322 -0.001038
v -0.011233 1.165619 0.003175
v -0.036384 1.170075 -0.018253
v -0.012026 1.162322 -0.001038
v -0.031622 1.165375 -0.021122
v -0.035834 1.176302 -0.047555
v -0.031134 1.181002 -0.044564
v -0.012392 1.184787 -0.062267
v -0.031134 1.170747 -0.046639
v -0.014285 1.180636 -0.067944
v -0.012392 1.174531 -0.064343
v 0.015628 1.180514 -0.067456
v 0.013613 1.174409 -0.063854
v -0.006837 1.167145 -0.003479
v -0.026860 1.170869 -0.021915
v -0.026494 1.175508 -0.043587
v -0.010561 1.178683 -0.058665
v 0.011538 1.178560 -0.058238
v -0.012392 1.184787 -0.062267
v 0.013613 1.184665 -0.061840
v -0.031134 1.181002 -0.044564
v -0.031622 1.175630 -0.019046
v -0.012392 1.170502 -0.000183
v -0.006837 1.167145 -0.003479
v -0.026860 1.170869 -0.021915
v -0.026494 1.175508 -0.043587
v -0.010561 1.178683 -0.058665
v 0.011538 1.178560 -0.058238
v -0.011233 1.144741 0.003175
v -0.012392 1.149625 -0.000183
v -0.031622 1.154691 -0.021122
v -0.012392 1.163848 -0.064343
v -0.035834 1.155424 -0.047555
v -0.031134 1.160125 -0.046639
v -0.036384 1.149197 -0.018253
v -0.031622 1.154691 -0.021122
v -0.012026 1.141444 -0.001038
v -0.012026 1.141444 -0.001038
v -0.031622 1.144497 -0.021122
v -0.031134 1.149869 -0.046639
v -0.026860 1.149991 -0.021915
v -0.026494 1.154569 -0.043587
v -0.006837 1.146267 -0.003479
v -0.010561 1.157805 -0.058665
v -0.012392 1.153654 -0.064343
v -0.014285 1.159758 -0.067944
v -0.012392 1.163848 -0.064343
v 0.011538 1.157683 -0.058238
v 0.013613 1.153532 -0.063854
v 0.015628 1.159636 -0.067456
v 0.013613 1.163787 -0.063854
v 0.011538 1.157683 -0.058238
v -0.010561 1.157805 -0.058665
v -0.031134 1.160125 -0.046639
v -0.026494 1.154569 -0.043587
v -0.031622 1.154691 -0.021122
v -0.026860 1.149991 -0.021915
v -0.012392 1.149625 -0.000183
v -0.006837 1.146267 -0.003479
v 0.011294 1.144741 0.004640
v 0.031256 1.154447 -0.019962
v 0.012453 1.149625 -0.000183
v 0.031683 1.159880 -0.045479
v 0.031256 1.154447 -0.019962
v 0.035895 1.148953 -0.016971
v 0.012087 1.141444 -0.001038
v 0.031256 1.144253 -0.019962
v 0.006898 1.146267 -0.003479
v 0.026555 1.149808 -0.020939
v 0.031683 1.159880 -0.045479
v 0.036445 1.155180 -0.046334
v 0.031683 1.149625 -0.045479
v 0.026921 1.154386 -0.042671
v 0.006898 1.146267 -0.003479
v 0.012453 1.149625 -0.000183
v 0.026555 1.149808 -0.020939
v 0.026921 1.154386 -0.042671
v 0.011538 1.157683 -0.058238
v 0.013613 1.163787 -0.063854
v 0.015628 1.159636 -0.067456
v 0.013613 1.153532 -0.063854
v 0.011538 1.157683 -0.058238
v 0.000610 1.145901 -0.008790
v 0.003846 1.144130 -0.004639
v 0.000183 1.139247 -0.005311
v 0.000122 1.173921 -0.003907
v 0.003785 1.168671 -0.003663
v 0.000610 1.170502 -0.007753
v 0.005372 1.156340 -0.003907
v 0.000855 1.158904 -0.009767
v 0.000610 1.145901 -0.008790
v 0.000183 1.139247 -0.005311
v -0.000305 1.142665 -0.001465
v -0.000488 1.154264 0.000489
v -0.000305 1.167206 -0.000488
v 0.000122 1.173921 -0.003907
v 0.000122 1.173921 -0.003907
v -0.003480 1.169037 -0.004639
v -0.005006 1.156828 -0.005311
v -0.003480 1.144436 -0.005616
v 0.000183 1.139247 -0.005311
v 0.000122 1.173921 -0.003907
v 0.000610 1.170502 -0.007753
v 0.000855 1.158904 -0.009767
v 0.000610 1.145901 -0.008790
v 0.000183 1.139247 -0.005311
v 0.032904 1.159575 -0.021061
v 0.010378 1.155729 -0.001160
v 0.011110 1.152738 -0.006471
v 0.014346 1.169404 -0.067334
v 0.012453 1.173616 -0.064098
v 0.033453 1.165313 -0.047982
v 0.029058 1.170014 -0.047250
v 0.012453 1.163848 -0.064098
v 0.029058 1.160247 -0.047250
v 0.028631 1.155302 -0.023808
v 0.032904 1.159575 -0.021061
v 0.028631 1.165069 -0.023808
v 0.011416 1.160247 -0.005677
v 0.010378 1.155729 -0.001160
v -0.033392 1.169648 -0.022221
v -0.010317 1.165497 -0.002564
v -0.011355 1.170014 -0.005677
v 0.012453 1.173616 -0.064098
v -0.011355 1.173677 -0.064526
v 0.014346 1.179171 -0.067334
v -0.013064 1.179293 -0.067822
v 0.012453 1.183017 -0.062206
v -0.011355 1.183078 -0.062633
v -0.032843 1.175325 -0.049142
v -0.028570 1.179659 -0.046334
v -0.033392 1.169648 -0.022221
v -0.028997 1.174715 -0.022953
v -0.010317 1.165497 -0.002564
v -0.011049 1.162505 -0.006471
v -0.028997 1.165252 -0.024846
v -0.028570 1.170258 -0.048287
v 0.032904 1.169404 -0.021061
v 0.010378 1.165497 -0.001160
v 0.011110 1.162505 -0.006471
v 0.033453 1.175081 -0.047982
v 0.029058 1.179415 -0.045357
v 0.014346 1.179171 -0.067334
v 0.012453 1.183017 -0.062206
v 0.012453 1.173616 -0.064098
v 0.029058 1.170014 -0.047250
v 0.028631 1.165069 -0.023808
v 0.032904 1.169404 -0.021061
v 0.028631 1.174470 -0.021915
v 0.011416 1.170014 -0.005677
v 0.010378 1.165497 -0.001160
v 0.032904 1.150235 -0.021061
v 0.010378 1.146328 -0.001160
v 0.011110 1.143337 -0.006471
v 0.014346 1.160064 -0.067334
v 0.012453 1.163848 -0.064098
v 0.033453 1.155912 -0.047982
v 0.029058 1.160247 -0.047250
v 0.012453 1.154447 -0.064098
v 0.029058 1.150846 -0.047250
v 0.028631 1.145901 -0.023808
v 0.032904 1.150235 -0.021061
v 0.028631 1.155302 -0.023808
v 0.011416 1.150846 -0.005677
v 0.010378 1.146328 -0.001160
v 0.010317 1.319028 0.081558
v 0.010317 1.319456 0.074355
v 0.007875 1.324339 0.074538
v 0.007875 1.323912 0.081741
v 0.004273 1.327636 0.074660
v 0.004273 1.327208 0.081863
v 0.000000 1.328796 0.074660
v 0.007753 1.323790 0.082046
v 0.010134 1.318967 0.081863
v 0.005738 1.321043 0.081924
v 0.007509 1.317502 0.081802
v 0.007448 1.317441 0.081497
v 0.005677 1.320982 0.081619
v 0.003113 1.323424 0.082046
v 0.003052 1.323301 0.081680
v 0.000000 1.324278 0.082046
v 0.000000 1.324156 0.081741
v -0.003052 1.323424 0.082046
v -0.002991 1.323301 0.081680
v 0.000000 1.328124 0.082230
v 0.004212 1.327025 0.082169
v -0.004151 1.327025 0.082169
v -0.005677 1.321043 0.081924
v -0.007692 1.323790 0.082046
v -0.010073 1.318967 0.081863
v -0.007448 1.317502 0.081802
v -0.008119 1.313229 0.081619
v -0.010927 1.313229 0.081619
v -0.010073 1.307551 0.081436
v -0.007387 1.309078 0.081192
v -0.007997 1.313229 0.081314
v -0.007448 1.309017 0.081497
v -0.007692 1.302729 0.081253
v -0.005677 1.305415 0.081314
v -0.004151 1.299493 0.081131
v -0.002991 1.303217 0.080948
v -0.005616 1.305537 0.081009
v -0.003052 1.303034 0.081253
v 0.000000 1.298333 0.081070
v 0.000000 1.298150 0.081070
v 0.004212 1.299493 0.081131
v 0.004273 1.299310 0.080765
v 0.007753 1.302729 0.081253
v 0.005738 1.305415 0.081314
v 0.003113 1.303034 0.081253
v 0.000000 1.302179 0.081192
v 0.000000 1.302362 0.080887
v -0.004212 1.299310 0.080765
v 0.000000 1.298578 0.073561
v -0.004212 1.299737 0.073561
v 0.007448 1.309078 0.081192
v 0.005677 1.305537 0.081009
v 0.007509 1.309017 0.081497
v 0.010134 1.307551 0.081436
v 0.008180 1.313229 0.081619
v 0.010988 1.313229 0.081619
v 0.010317 1.307490 0.081131
v 0.007448 1.317441 0.081497
v 0.008058 1.313229 0.081314
v 0.007509 1.317502 0.081802
v 0.010134 1.318967 0.081863
v 0.011171 1.313229 0.081314
v -0.007814 1.302607 0.080948
v -0.007814 1.303034 0.073683
v 0.005677 1.305964 0.079849
v 0.003052 1.303644 0.079788
v 0.003052 1.303217 0.080948
v 0.000000 1.302790 0.079727
v 0.007448 1.309505 0.079971
v 0.008058 1.313717 0.080154
v 0.007448 1.317868 0.080337
v 0.011171 1.313717 0.074110
v 0.010317 1.319456 0.074355
v 0.010317 1.307918 0.073866
v 0.007875 1.302607 0.080948
v 0.007875 1.303034 0.073683
v 0.007875 1.302607 0.080948
v 0.004273 1.299737 0.073561
v 0.000000 1.298150 0.081070
v 0.000000 1.298578 0.073561
v 0.007875 1.323912 0.081741
v 0.010317 1.319028 0.081558
v 0.007875 1.324339 0.074538
v 0.004273 1.327208 0.081863
v 0.004273 1.327636 0.074660
v 0.000000 1.328368 0.081924
v 0.000000 1.328796 0.074660
v -0.004212 1.327208 0.081863
v -0.004212 1.327636 0.074660
v -0.007814 1.323912 0.081741
v -0.007814 1.324339 0.074538
v -0.010256 1.319028 0.081558
v -0.010256 1.319456 0.074355
v -0.011110 1.313229 0.081314
v -0.011110 1.313717 0.074110
v -0.010256 1.307490 0.081131
v -0.010256 1.307918 0.073866
v -0.007814 1.302607 0.080948
v -0.007814 1.303034 0.073683
v -0.004212 1.299310 0.080765
v -0.004212 1.299737 0.073561
v 0.003052 1.323729 0.080520
v 0.005677 1.321409 0.080459
v 0.000000 1.324583 0.080581
v 0.007448 1.317868 0.080337
v 0.005677 1.320982 0.081619
v 0.003052 1.323301 0.081680
v 0.005677 1.321409 0.080459
v 0.000000 1.324156 0.081741
v 0.003052 1.323729 0.080520
v -0.002991 1.323729 0.080520
v 0.000000 1.324583 0.080581
v -0.002991 1.323301 0.081680
v -0.005616 1.321409 0.080459
v -0.005616 1.320982 0.081619
v -0.007387 1.317868 0.080337
v -0.003052 1.323424 0.082046
v -0.007387 1.317441 0.081497
v -0.007997 1.313717 0.080154
v -0.005677 1.321043 0.081924
v -0.007997 1.313229 0.081314
v -0.007387 1.309505 0.079971
v -0.007448 1.317502 0.081802
v -0.007387 1.309078 0.081192
v -0.005616 1.305964 0.079849
v -0.005616 1.305537 0.081009
v -0.002991 1.303644 0.079788
v -0.007448 1.309017 0.081497
v -0.002991 1.303217 0.080948
v 0.000000 1.302790 0.079727
v 0.000000 1.302362 0.080887
v 0.003052 1.303217 0.080948
v 0.000000 1.302179 0.081192
v 0.003052 1.303217 0.080948
v 0.003052 1.303644 0.079788
v 0.005677 1.305537 0.081009
v 0.003113 1.303034 0.081253
v 0.007448 1.309078 0.081192
v 0.005677 1.305964 0.079849
v 0.007448 1.309505 0.079971
v 0.008058 1.313229 0.081314
v 0.007509 1.309017 0.081497
v 0.007448 1.317441 0.081497
v 0.008058 1.313717 0.080154
v -0.007387 1.309078 0.081192
v -0.005616 1.305537 0.081009
v -0.005616 1.305964 0.079849
v -0.002991 1.303217 0.080948
v -0.002991 1.303644 0.079788
v 0.000000 1.302362 0.080887
v 0.000000 1.302790 0.079727
v -0.007997 1.313229 0.081314
v -0.007387 1.309505 0.079971
v -0.007448 1.317502 0.081802
v -0.008119 1.313229 0.081619
v -0.005677 1.321043 0.081924
v -0.007387 1.317441 0.081497
v -0.007997 1.313717 0.080154
v -0.003052 1.323424 0.082046
v -0.005616 1.320982 0.081619
v -0.007387 1.317868 0.080337
v -0.002991 1.323301 0.081680
v -0.005616 1.321409 0.080459
v 0.000000 1.324156 0.081741
v -0.002991 1.323729 0.080520
v 0.007875 1.302607 0.080948
v 0.004273 1.299737 0.073561
v 0.007875 1.303034 0.073683
v 0.010317 1.307490 0.081131
v 0.010317 1.307918 0.073866
v 0.011171 1.313229 0.081314
v 0.011171 1.313717 0.074110
v 0.010317 1.319028 0.081558
v 0.010317 1.319456 0.074355
v 0.004273 1.299310 0.080765
v 0.000000 1.298578 0.073561
v 0.004212 1.299493 0.081131
v 0.000000 1.298150 0.081070
v 0.010317 1.319028 0.081558
v 0.007875 1.323912 0.081741
v 0.007753 1.323790 0.082046
v 0.004273 1.327208 0.081863
v 0.004212 1.327025 0.082169
v 0.000000 1.328368 0.081924
v 0.000000 1.328124 0.082230
v -0.004212 1.327208 0.081863
v -0.004151 1.327025 0.082169
v -0.007814 1.323912 0.081741
v -0.007692 1.323790 0.082046
v -0.010256 1.319028 0.081558
v -0.010073 1.318967 0.081863
v -0.011110 1.313229 0.081314
v -0.010927 1.313229 0.081619
v -0.010256 1.307490 0.081131
v -0.010073 1.307551 0.081436
v -0.007814 1.302607 0.080948
v -0.007692 1.302729 0.081253
v -0.004212 1.299310 0.080765
v -0.004151 1.299493 0.081131
v 0.007448 1.317441 0.081497
v 0.007448 1.317868 0.080337
v -0.007448 1.309017 0.081497
v -0.005677 1.305415 0.081314
v -0.007814 1.302607 0.080948
v -0.010256 1.307918 0.073866
v -0.010256 1.307490 0.081131
v -0.011110 1.313717 0.074110
v -0.011110 1.313229 0.081314
v -0.010256 1.319456 0.074355
v -0.010256 1.319028 0.081558
v -0.007814 1.324339 0.074538
v -0.007814 1.323912 0.081741
v -0.004212 1.327636 0.074660
v -0.004212 1.327208 0.081863
v 0.000000 1.328796 0.074660
v 0.000000 1.328368 0.081924
v 0.000000 1.302179 0.081192
v 0.003113 1.303034 0.081253
v 0.003052 1.303217 0.080948
v 0.005738 1.305415 0.081314
v 0.005677 1.305537 0.081009
v 0.004273 1.299310 0.080765
v 0.007875 1.302607 0.080948
v 0.007753 1.302729 0.081253
v 0.010317 1.307490 0.081131
v 0.010134 1.307551 0.081436
v 0.011171 1.313229 0.081314
v 0.010988 1.313229 0.081619
v 0.010317 1.319028 0.081558
v 0.010134 1.318967 0.081863
v 0.007509 1.309017 0.081497
v 0.008180 1.313229 0.081619
v 0.008058 1.313229 0.081314
v 0.008058 1.313717 0.080154
v 0.007448 1.317868 0.080337
v 0.000000 1.324583 0.080581
v 0.000000 1.302790 0.079727
v -0.002991 1.323729 0.080520
v 0.000000 1.302790 0.079727
v -0.002991 1.303644 0.079788
v -0.005616 1.321409 0.080459
v -0.005616 1.305964 0.079849
v -0.007387 1.317868 0.080337
v -0.007997 1.313717 0.080154
v -0.007387 1.309505 0.079971
v 0.003052 1.303644 0.079788
v 0.000000 1.324583 0.080581
v 0.005677 1.305964 0.079849
v 0.007448 1.309505 0.079971
v 0.008058 1.313717 0.080154
v 0.005677 1.321409 0.080459
v 0.003052 1.323729 0.080520
v 0.007448 1.317868 0.080337
v 0.000000 1.324583 0.080581
v 0.008241 0.903364 -0.103718
v 0.005128 0.881875 -0.103718
v 0.000000 0.903486 -0.110799
v -0.000733 0.881936 -0.108784
v -0.006593 0.882059 -0.103718
v -0.008180 0.903608 -0.103718
v 0.008241 0.903364 -0.103718
v 0.000000 0.903486 -0.096636
v 0.005128 0.881875 -0.103718
v -0.000733 0.881936 -0.098712
v -0.008180 0.903608 -0.103718
v -0.006593 0.882059 -0.103718
v 0.007875 1.323912 0.081741
v 0.008241 0.903364 -0.103718
v 0.000000 0.903486 -0.110799
v 0.000000 0.903486 -0.103718
v -0.008180 0.903608 -0.103718
v 0.000000 0.903486 -0.096636
v -0.000733 0.881936 -0.108784
v 0.005128 0.881875 -0.103718
v -0.000733 0.881936 -0.103718
v -0.000733 0.881936 -0.098712
v -0.006593 0.882059 -0.103718
v 0.180331 0.710518 -0.024418
v 0.177279 0.711983 -0.037055
v 0.179720 0.713449 -0.036261
v 0.175997 0.723460 -0.043892
v 0.178560 0.724193 -0.042671
v 0.174898 0.735730 -0.044381
v 0.177523 0.735608 -0.043099
v 0.176546 0.747696 -0.037543
v 0.173921 0.748611 -0.038398
v -0.010317 1.155729 -0.002564
v -0.033392 1.159819 -0.022221
v -0.011049 1.152738 -0.006471
v -0.028997 1.155485 -0.024846
v -0.032843 1.165558 -0.049142
v -0.028570 1.160491 -0.048287
v -0.013064 1.169526 -0.067822
v -0.011355 1.163909 -0.064526
v 0.014346 1.169404 -0.067334
v 0.012453 1.163848 -0.064098
v -0.010317 1.155729 -0.002564
v -0.011355 1.160247 -0.005677
v -0.028997 1.165252 -0.024846
v -0.028570 1.170258 -0.048287
v -0.011355 1.173677 -0.064526
v 0.012453 1.173616 -0.064098
v -0.010317 1.146328 -0.002564
v -0.011355 1.150846 -0.005677
v -0.033392 1.150479 -0.022221
v -0.028997 1.155485 -0.024846
v -0.028570 1.160491 -0.048287
v -0.032843 1.156157 -0.049142
v -0.011355 1.163909 -0.064526
v -0.013064 1.160125 -0.067822
v 0.012453 1.163848 -0.064098
v 0.014346 1.160064 -0.067334
v -0.010317 1.146328 -0.002564
v -0.011049 1.143337 -0.006471
v -0.028997 1.146145 -0.024846
v -0.028570 1.151090 -0.048287
v -0.011355 1.154508 -0.064526
v 0.012453 1.154447 -0.064098
vt 2.527832 0.000000
vt 2.478516 1.000000
vt 2.478516 1.000000
vt 2.478516 1.000000
vt 1.943359 1.000000
vt 1.943359 1.000000
vt 1.994019 0.000000
vt 2.527832 0.000000
vt 1.994019 0.000000
vt 1.460327 0.000000
vt 1.460327 0.000000
vt 1.408203 1.000000
vt 0.989868 0.000000
vt 0.989868 0.000000
vt 0.963867 1.000000
vt 0.519409 0.000000
vt 0.519409 0.000000
vt 0.060913 0.000000
vt 0.060913 0.000000
vt -0.397461 0.000000
vt -0.397461 0.000000
vt -0.907471 0.000000
vt -0.907471 0.000000
vt -1.417480 0.000000
vt -1.417480 0.000000
vt 0.519409 1.000000
vt 0.086914 1.000000
vt -0.345337 1.000000
vt -0.846680 1.000000
vt -1.347900 1.000000
vt 0.519409 1.000000
vt 0.086914 1.000000
vt -0.345337 1.000000
vt -0.846680 1.000000
vt 1.460327 0.000000
vt 0.989868 0.000000
vt 1.460327 0.000000
vt 1.994019 0.000000
vt 1.994019 0.000000
vt 0.989868 0.000000
vt 0.519409 0.000000
vt 2.478516 1.000000
vt 2.527832 0.000000
vt 2.527832 0.000000
vt 0.963867 1.000000
vt 1.408203 1.000000
vt 1.408203 1.000000
vt 1.943359 1.000000
vt 1.943359 1.000000
vt 0.519409 1.000000
vt 0.963867 1.000000
vt 0.963867 1.000000
vt 1.408203 1.000000
vt 0.963867 1.000000
vt 0.519409 1.000000
vt 0.519409 1.000000
vt 1.408203 1.000000
vt 1.943359 1.000000
vt 1.408203 1.000000
vt -1.347900 1.000000
vt -0.846680 1.000000
vt -0.846680 1.000000
vt -0.846680 1.000000
vt -1.347900 1.000000
vt 1.655396 0.000000
vt 0.715820 0.012207
vt 0.500366 0.000000
vt -0.358154 0.985107
vt 0.311523 0.985107
vt 0.501831 1.000000
vt -0.358154 0.985107
vt -0.358154 0.985107
vt 0.293213 0.012207
vt 0.311523 0.985107
vt -0.515381 0.012207
vt -0.832886 0.012207
vt -0.741333 0.985107
vt -1.124634 0.985107
vt -1.150391 0.012207
vt -0.832886 0.012207
vt -1.309570 0.985107
vt -1.359985 0.012207
vt -1.494507 0.985107
vt -1.569702 0.012207
vt -1.399902 1.000000
vt -1.572388 1.000000
vt -1.309570 0.985107
vt -1.494507 0.985107
vt -1.309570 0.985107
vt -1.124634 0.985107
vt -1.227539 1.000000
vt -0.863769 1.000000
vt -0.741333 0.985107
vt -0.500000 1.000000
vt 0.501831 1.000000
vt 0.707764 0.985107
vt 1.359985 0.985107
vt -1.572388 1.000000
vt -1.569702 0.012207
vt -1.641846 0.000000
vt 2.307617 0.985107
vt 2.124390 0.985107
vt 2.124390 0.985107
vt 1.742188 0.985107
vt 1.742188 0.985107
vt 1.359985 0.985107
vt 1.359985 0.985107
vt 1.501587 1.000000
vt 1.864624 1.000000
vt 2.227661 1.000000
vt 2.397949 1.000000
vt 2.568237 1.000000
vt 2.490845 0.985107
vt 2.490845 0.985107
vt 2.307617 0.985107
vt 1.833008 0.012207
vt 1.515869 0.012207
vt 0.707764 0.985107
vt 0.715820 0.012207
vt 2.569214 0.012207
vt 2.359619 0.012207
vt 2.150146 0.012207
vt 1.833008 0.012207
vt 2.569214 0.012207
vt 2.568237 1.000000
vt 2.641968 0.000000
vt 0.715820 0.012207
vt 1.655396 0.000000
vt 1.515869 0.012207
vt 1.947632 0.000000
vt 2.150146 0.012207
vt 2.239746 0.000000
vt 2.359619 0.012207
vt 2.440796 0.000000
vt 2.641968 0.000000
vt 2.490845 0.985107
vt 2.490845 0.985107
vt 0.293213 0.012207
vt -0.655151 0.000000
vt 0.500366 0.000000
vt 2.569214 0.012207
vt 2.569214 0.012207
vt 2.490845 0.985107
vt 2.359619 0.012207
vt 2.359619 0.012207
vt 2.569214 0.012207
vt 2.150146 0.012207
vt 2.150146 0.012207
vt 2.359619 0.012207
vt 2.569214 0.012207
vt 2.569214 0.012207
vt 2.150146 0.012207
vt 2.359619 0.012207
vt 2.124390 0.985107
vt 2.307617 0.985107
vt 1.833008 0.012207
vt 1.833008 0.012207
vt 1.515869 0.012207
vt 2.150146 0.012207
vt 1.833008 0.012207
vt 2.150146 0.012207
vt 0.715820 0.012207
vt 0.715820 0.012207
vt 1.515869 0.012207
vt 0.707764 0.985107
vt 0.707764 0.985107
vt 1.359985 0.985107
vt -0.515381 0.012207
vt -0.832886 0.012207
vt -0.832886 0.012207
vt -1.150391 0.012207
vt -1.150391 0.012207
vt -0.741333 0.985107
vt -0.358154 0.985107
vt -0.358154 0.985107
vt -1.124634 0.985107
vt -0.741333 0.985107
vt -0.741333 0.985107
vt -0.358154 0.985107
vt -0.741333 0.985107
vt -1.124634 0.985107
vt -1.124634 0.985107
vt -1.494507 0.985107
vt -1.494507 0.985107
vt -1.569702 0.012207
vt -1.494507 0.985107
vt -1.569702 0.012207
vt -1.569702 0.012207
vt -1.569702 0.012207
vt -1.359985 0.012207
vt -1.359985 0.012207
vt -1.150391 0.012207
vt -1.150391 0.012207
vt -1.569702 0.012207
vt -1.569702 0.012207
vt -1.359985 0.012207
vt -1.359985 0.012207
vt -1.150391 0.012207
vt -0.515381 0.012207
vt 0.293213 0.012207
vt 0.293213 0.012207
vt -0.358154 0.985107
vt 0.311523 0.985107
vt 0.311523 0.985107
vt -1.417480 0.000000
vt -1.417480 0.000000
vt -1.347900 1.000000
vt -1.347900 1.000000
vt 1.833008 0.012207
vt 1.515869 0.012207
vt 1.515869 0.012207
vt 0.715820 0.012207
vt -0.832886 0.012207
vt -0.515381 0.012207
vt -0.515381 0.012207
vt 0.293213 0.012207
vt -1.641846 0.000000
vt -1.359985 0.012207
vt -1.440796 0.000000
vt -1.239624 0.000000
vt -1.150391 0.012207
vt -0.947388 0.000000
vt -0.515381 0.012207
vt -0.655151 0.000000
vt 0.293213 0.012207
vt 0.500000 1.000000
vt 0.000000 0.750000
vt 0.125000 0.750000
vt 0.125000 0.750000
vt 0.250000 0.750000
vt 0.000000 0.500000
vt 0.125000 0.500000
vt 0.000000 0.750000
vt 0.250000 0.500000
vt 0.375000 0.500000
vt 0.375000 0.750000
vt 0.500000 1.000000
vt 0.500000 0.750000
vt 0.500000 0.500000
vt 0.625000 0.500000
vt 0.750000 0.750000
vt 0.500000 1.000000
vt 0.625000 0.750000
vt 0.750000 0.500000
vt 0.750000 0.750000
vt 0.875000 0.500000
vt 0.875000 0.750000
vt 1.000000 0.500000
vt 1.000000 0.750000
vt 0.500000 1.000000
vt 0.875000 0.750000
vt 0.500000 1.000000
vt 1.000000 0.750000
vt 0.666138 0.297729
vt 0.528565 0.296753
vt 0.626831 0.197876
vt 0.528687 0.197266
vt 0.390991 0.297729
vt 0.430664 0.197876
vt 0.390991 0.297729
vt 0.528565 0.298584
vt 0.430664 0.197876
vt 0.528687 0.198608
vt 0.666138 0.297729
vt 0.626831 0.197876
vt 0.626831 0.197876
vt 0.528687 0.197266
vt 0.528687 0.197876
vt 0.430664 0.197876
vt 0.528687 0.198608
vt 0.528565 0.296753
vt 0.666138 0.297729
vt 0.528565 0.297729
vt 0.528565 0.298584
vt 0.390991 0.297729
vt 0.390503 0.190063
vt 0.231689 0.326050
vt 0.364258 0.158691
vt 0.221680 0.304321
vt 0.118896 0.381714
vt 0.106812 0.359619
vt 0.000000 0.337524
vt 0.094727 0.337524
vt 0.213745 0.286865
vt 0.338013 0.127197
vt 0.520630 0.000000
vt 0.561157 0.131592
vt 0.543579 0.074341
vt 0.707153 0.092285
vt 0.724487 0.005371
vt 0.825806 0.170288
vt 0.892822 0.113892
vt 0.884033 0.254150
vt 0.808106 0.291016
vt 0.758789 0.226685
vt 0.689697 0.179321
vt 0.561157 0.131592
vt 0.959961 0.217407
vt 1.000000 0.364990
vt 0.922119 0.384766
vt 0.844360 0.404663
vt 0.913208 0.507446
vt 0.843140 0.488159
vt 0.826660 0.620117
vt 0.793823 0.570068
vt 0.609131 0.709961
vt 0.594360 0.669312
vt 0.447876 0.715210
vt 0.433105 0.687988
vt 0.311768 0.759399
vt 0.983154 0.526611
vt 0.859497 0.670288
vt 0.623779 0.750610
vt 0.458740 0.735352
vt 0.327393 0.771973
vt 0.343018 0.784546
vt 0.264648 0.871826
vt 0.095703 0.000000
vt 0.000000 0.000000
vt 0.015869 0.061279
vt 0.093750 0.058472
vt 0.095703 0.000000
vt 0.015869 0.061279
vt 0.157227 0.603271
vt 0.292603 0.531494
vt 0.261719 0.500854
vt 0.157227 0.603271
vt 0.261719 0.500854
vt 0.147705 0.566650
vt 0.220459 0.063232
vt 0.095703 0.000000
vt 0.093750 0.058472
vt 0.220459 0.063232
vt 0.093750 0.058472
vt 0.196167 0.110107
vt 0.000000 0.000000
vt 0.095703 0.000000
vt 0.095703 0.000000
vt 0.000000 0.000000
vt 0.000000 0.000000
vt 0.095703 0.000000
vt 0.095703 0.000000
vt 0.220459 0.063232
vt 0.220459 0.063232
vt 0.095703 0.000000
vt 0.095703 0.000000
vt 0.220459 0.063232
vt 0.353638 0.382324
vt 0.292603 0.531494
vt 0.292603 0.531494
vt 0.353638 0.382324
vt 0.353638 0.382324
vt 0.292603 0.531494
vt 0.318848 0.233276
vt 0.353638 0.382324
vt 0.353638 0.382324
vt 0.318848 0.233276
vt 0.318848 0.233276
vt 0.353638 0.382324
vt 0.220459 0.063232
vt 0.318848 0.233276
vt 0.318848 0.233276
vt 0.220459 0.063232
vt 0.220459 0.063232
vt 0.318848 0.233276
vt 0.531250 0.935547
vt 0.427368 1.000000
vt 0.427368 1.000000
vt 0.531250 0.935547
vt 0.531250 0.935547
vt 0.427368 1.000000
vt 0.424560 0.925781
vt 0.531250 0.935547
vt 0.531250 0.935547
vt 0.424560 0.925781
vt 0.424560 0.925781
vt 0.531250 0.935547
vt 0.348999 0.795654
vt 0.424560 0.925781
vt 0.424560 0.925781
vt 0.348999 0.795654
vt 0.348999 0.795654
vt 0.424560 0.925781
vt 0.342896 0.676514
vt 0.348999 0.795654
vt 0.348999 0.795654
vt 0.342896 0.676514
vt 0.342896 0.676514
vt 0.348999 0.795654
vt 0.500854 0.547974
vt 0.342896 0.676514
vt 0.342896 0.676514
vt 0.500854 0.547974
vt 0.500854 0.547974
vt 0.342896 0.676514
vt 0.491943 0.433716
vt 0.500854 0.547974
vt 0.500854 0.547974
vt 0.491943 0.433716
vt 0.491943 0.433716
vt 0.500854 0.547974
vt 0.471924 0.389038
vt 0.491943 0.433716
vt 0.491943 0.433716
vt 0.471924 0.389038
vt 0.471924 0.389038
vt 0.491943 0.433716
vt 0.440918 0.509521
vt 0.440918 0.509521
vt 0.471924 0.389038
vt 0.440918 0.509521
vt 0.471924 0.389038
vt 0.471924 0.389038
vt 0.325317 0.577026
vt 0.325317 0.577026
vt 0.440918 0.509521
vt 0.325317 0.577026
vt 0.440918 0.509521
vt 0.440918 0.509521
vt 0.292603 0.531494
vt 0.325317 0.577026
vt 0.325317 0.577026
vt 0.292603 0.531494
vt 0.292603 0.531494
vt 0.325317 0.577026
vt 0.095703 0.000000
vt 0.095703 0.000000
vt 0.000000 0.000000
vt 0.095703 0.000000
vt 0.000000 0.000000
vt 0.000000 0.000000
vt 0.000000 0.000000
vt 0.015869 0.061279
vt 0.015869 0.061279
vt 0.000000 0.000000
vt 0.000000 0.000000
vt 0.015869 0.061279
vt 0.147705 0.566650
vt 0.147705 0.566650
vt 0.157227 0.603271
vt 0.157227 0.603271
vt 0.252075 0.966675
vt 0.147705 0.566650
vt 0.157227 0.603271
vt 0.157227 0.603271
vt 0.252075 0.966675
vt 0.252075 0.966675
vt 0.220459 0.063232
vt 0.220459 0.063232
vt 0.095703 0.000000
vt 0.220459 0.063232
vt 0.095703 0.000000
vt 0.095703 0.000000
vt 0.292603 0.531494
vt 0.292603 0.531494
vt 0.353638 0.382324
vt 0.292603 0.531494
vt 0.353638 0.382324
vt 0.353638 0.382324
vt 0.440918 0.509521
vt 0.325317 0.577026
vt 0.325317 0.577026
vt 0.440918 0.509521
vt 0.440918 0.509521
vt 0.325317 0.577026
vt 0.471924 0.389038
vt 0.440918 0.509521
vt 0.440918 0.509521
vt 0.471924 0.389038
vt 0.471924 0.389038
vt 0.440918 0.509521
vt 0.342896 0.676514
vt 0.342896 0.676514
vt 0.500854 0.547974
vt 0.342896 0.676514
vt 0.500854 0.547974
vt 0.500854 0.547974
vt 0.427368 1.000000
vt 0.427368 1.000000
vt 0.531250 0.935547
vt 0.427368 1.000000
vt 0.531250 0.935547
vt 0.531250 0.935547
vt 0.324585 0.989380
vt 0.427368 1.000000
vt 0.427368 1.000000
vt 0.324585 0.989380
vt 0.324585 0.989380
vt 0.427368 1.000000
vt 0.252075 0.966675
vt 0.324585 0.989380
vt 0.324585 0.989380
vt 0.252075 0.966675
vt 0.252075 0.966675
vt 0.324585 0.989380
vt 0.500000 0.000000
vt 0.250000 0.159180
vt 0.000000 0.159180
vt 0.500000 0.000000
vt 0.500000 0.159180
vt 0.250000 0.159180
vt 0.500000 0.000000
vt 0.750000 0.159180
vt 0.500000 0.159180
vt 0.500000 0.000000
vt 1.000000 0.159180
vt 0.750000 0.159180
vt 0.500000 0.636719
vt 0.000000 0.477539
vt 0.250000 0.477539
vt 0.500000 0.636719
vt 0.250000 0.477539
vt 0.500000 0.477539
vt 0.500000 0.636719
vt 0.500000 0.477539
vt 0.750000 0.477539
vt 0.500000 0.636719
vt 0.750000 0.477539
vt 1.000000 0.477539
vt 0.500000 0.000000
vt 0.250000 0.159180
vt 0.000000 0.159180
vt 0.500000 0.000000
vt 0.500000 0.159180
vt 0.250000 0.159180
vt 0.500000 0.000000
vt 0.750000 0.159180
vt 0.500000 0.000000
vt 1.000000 0.159180
vt 0.750000 0.159180
vt 0.500000 0.636719
vt 0.000000 0.477539
vt 0.250000 0.477539
vt 0.500000 0.636719
vt 0.250000 0.477539
vt 0.500000 0.477539
vt 0.500000 0.636719
vt 0.500000 0.477539
vt 0.750000 0.477539
vt 0.500000 0.636719
vt 0.750000 0.477539
vt 1.000000 0.477539
vt 0.292603 0.531494
vt 0.353638 0.382324
vt 0.261719 0.500854
vt 0.310791 0.373169
vt 0.353638 0.382324
vt 0.318848 0.233276
vt 0.310791 0.373169
vt 0.270142 0.252319
vt 0.220459 0.063232
vt 0.196167 0.110107
vt 0.318848 0.233276
vt 0.270142 0.252319
vt 0.000000 0.000000
vt 0.095703 0.000000
vt 0.015869 0.061279
vt 0.093750 0.058472
vt 0.157227 0.603271
vt 0.147705 0.566650
vt 0.292603 0.531494
vt 0.261719 0.500854
vt 0.095703 0.000000
vt 0.220459 0.063232
vt 0.093750 0.058472
vt 0.196167 0.110107
vt 0.500854 0.547974
vt 0.491943 0.433716
vt 0.500854 0.547974
vt 0.491943 0.433716
vt 0.325317 0.577026
vt 0.292603 0.531494
vt 0.325317 0.577026
vt 0.292603 0.531494
vt 0.292603 0.531494
vt 0.261719 0.500854
vt 0.353638 0.382324
vt 0.310791 0.373169
vt 0.353638 0.382324
vt 0.310791 0.373169
vt 0.318848 0.233276
vt 0.270142 0.252319
vt 0.220459 0.063232
vt 0.318848 0.233276
vt 0.196167 0.110107
vt 0.270142 0.252319
vt 0.015869 0.061279
vt 0.000000 0.000000
vt 0.015869 0.061279
vt 0.000000 0.000000
vt 0.324585 0.989380
vt 0.252075 0.966675
vt 0.324585 0.989380
vt 0.252075 0.966675
vt 0.427368 1.000000
vt 0.324585 0.989380
vt 0.427368 1.000000
vt 0.324585 0.989380
vt 0.353638 0.382324
vt 0.318848 0.233276
vt 0.353638 0.382324
vt 0.318848 0.233276
vt 0.318848 0.233276
vt 0.220459 0.063232
vt 0.318848 0.233276
vt 0.220459 0.063232
vt 0.491943 0.433716
vt 0.471924 0.389038
vt 0.491943 0.433716
vt 0.471924 0.389038
vt 0.348999 0.795654
vt 0.342896 0.676514
vt 0.348999 0.795654
vt 0.342896 0.676514
vt 0.424560 0.925781
vt 0.348999 0.795654
vt 0.424560 0.925781
vt 0.348999 0.795654
vt 0.531250 0.935547
vt 0.424560 0.925781
vt 0.531250 0.935547
vt 0.424560 0.925781
vt 0.292603 0.531494
vt 0.325317 0.577026
vt 0.157227 0.603271
vt 0.252075 0.966675
vt 0.531250 0.935547
vt 0.427368 1.000000
vt 0.424560 0.925781
vt 0.324585 0.989380
vt 0.348999 0.795654
vt 0.342896 0.676514
vt 0.440918 0.509521
vt 0.500854 0.547974
vt 0.491943 0.433716
vt 0.471924 0.389038
vt 0.147705 0.566650
vt 0.147705 0.566650
vt 0.157227 0.603271
vt 0.157227 0.603271
vt 0.252075 0.966675
vt 0.252075 0.966675
vt 0.325317 0.577026
vt 0.342896 0.676514
vt 0.440918 0.509521
vt 0.500854 0.547974
vt 0.491943 0.433716
vt 0.471924 0.389038
vt 0.292603 0.531494
vt 0.157227 0.603271
vt 0.252075 0.966675
vt 0.348999 0.795654
vt 0.324585 0.989380
vt 0.424560 0.925781
vt 0.427368 1.000000
vt 0.531250 0.935547
vt 0.000000 0.477539
vt 0.000000 0.159180
vt 0.250000 0.477539
vt 0.250000 0.159180
vt 0.500000 0.477539
vt 0.500000 0.159180
vt 0.750000 0.159180
vt 0.750000 0.477539
vt 1.000000 0.159180
vt 1.000000 0.477539
vt 1.000000 0.477539
vt 1.000000 0.159180
vt 0.750000 0.477539
vt 0.750000 0.159180
vt 0.500000 0.477539
vt 0.500000 0.159180
vt 0.250000 0.159180
vt 0.250000 0.477539
vt 0.000000 0.159180
vt 0.000000 0.477539
vt 0.083252 0.238770
vt 0.000000 0.238770
vt 0.000000 0.159180
vt 0.083252 0.238770
vt 0.083252 0.159180
vt 0.083252 0.238770
vt 0.083252 0.318359
vt 0.000000 0.318359
vt 0.000000 0.397949
vt 0.083252 0.397949
vt 0.166626 0.397949
vt 0.166626 0.318359
vt 0.166626 0.238770
vt 0.250000 0.318359
vt 0.250000 0.238770
vt 0.333252 0.318359
vt 0.333252 0.238770
vt 0.416626 0.238770
vt 0.416626 0.318359
vt 0.500000 0.318359
vt 0.500000 0.238770
vt 0.583252 0.238770
vt 0.583252 0.318359
vt 0.666626 0.238770
vt 0.250000 0.397949
vt 0.333252 0.397949
vt 0.416626 0.397949
vt 0.500000 0.397949
vt 0.583252 0.397949
vt 0.666626 0.397949
vt 0.666626 0.318359
vt 0.749878 0.238770
vt 0.833252 0.318359
vt 0.749878 0.397949
vt 0.749878 0.318359
vt 0.833252 0.238770
vt 0.916626 0.318359
vt 0.916626 0.238770
vt 0.833252 0.397949
vt 0.916626 0.397949
vt 0.999878 0.397949
vt 0.999878 0.318359
vt 0.999878 0.238770
vt 0.999878 0.159180
vt 0.916626 0.159180
vt 0.833252 0.159180
vt 0.749878 0.159180
vt 0.666626 0.159180
vt 0.583252 0.159180
vt 0.500000 0.159180
vt 0.416626 0.159180
vt 0.333252 0.159180
vt 0.250000 0.159180
vt 0.166626 0.159180
vt 0.083252 0.159180
vt 0.166626 0.238770
vt 0.083252 0.238770
vt 0.083252 0.159180
vt 0.111328 0.000000
vt 1.000000 0.000000
vt 1.000000 0.000000
vt 0.922485 0.943237
vt 0.000000 0.946777
vt 0.000000 0.946777
vt 0.922485 0.943237
vt 0.922485 0.943237
vt 0.000000 0.946777
vt 0.050659 0.000000
vt 0.999878 0.000000
vt 0.999878 0.000000
vt 0.050659 0.000000
vt 0.050659 0.000000
vt 0.961670 0.957520
vt 0.000000 0.959961
vt 0.000000 0.959961
vt 0.961670 0.957520
vt 0.961670 0.957520
vt 0.000000 0.959961
vt 0.000000 0.000000
vt 0.000000 0.000000
vt 0.965332 0.000000
vt 0.000000 0.000000
vt 0.965332 0.000000
vt 0.965332 0.000000
vt 0.999878 0.976929
vt 0.021851 0.974487
vt 0.965332 0.000000
vt 0.999878 0.976929
vt 0.999878 0.976929
vt 0.021851 0.974487
vt 0.999878 0.976929
vt 0.021851 0.974487
vt 0.021851 0.974487
vt 0.000000 0.000000
vt 0.000000 0.000000
vt 0.900146 0.000000
vt 0.999878 0.960449
vt 0.065308 0.957275
vt 0.900146 0.000000
vt 0.000000 0.000000
vt 0.900146 0.000000
vt 0.900146 0.000000
vt 0.999878 0.960449
vt 0.999878 0.960449
vt 0.065308 0.957275
vt 0.999878 0.960449
vt 0.065308 0.957275
vt 0.065308 0.957275
vt 0.000000 0.000000
vt 0.000000 0.000000
vt 0.879150 0.000000
vt 0.999878 0.996826
vt 0.058472 0.996704
vt 0.879150 0.000000
vt 0.000000 0.000000
vt 0.879150 0.000000
vt 0.879150 0.000000
vt 0.000000 0.000000
vt 0.000000 0.000000
vt 0.882324 0.000000
vt 0.000000 0.000000
vt 0.882324 0.000000
vt 0.882324 0.000000
vt 0.957764 0.999023
vt 0.012939 1.000000
vt 0.882324 0.000000
vt 0.957764 0.999023
vt 0.957764 0.999023
vt 0.012939 1.000000
vt 0.957764 0.999023
vt 0.012939 1.000000
vt 0.012939 1.000000
vt 0.013062 0.000000
vt 0.957519 0.000000
vt 0.957519 0.000000
vt 0.980591 0.998169
vt 0.000000 1.000000
vt 0.000000 1.000000
vt 0.980591 0.998169
vt 0.980591 0.998169
vt 0.000000 1.000000
vt 0.004272 0.000000
vt 0.991333 0.000000
vt 0.991333 0.000000
vt 0.999878 0.983398
vt 0.000000 0.984497
vt 0.000000 0.984497
vt 0.999878 0.983398
vt 0.999878 0.983398
vt 0.000000 0.984497
vt 0.000000 0.000000
vt 0.000000 0.000000
vt 0.978394 0.000000
vt 0.000000 0.000000
vt 0.978394 0.000000
vt 0.978394 0.000000
vt 0.978394 0.000000
vt 0.008667 0.974731
vt 1.000000 0.975586
vt 0.009277 0.000000
vt 0.009277 0.000000
vt 0.954590 0.000000
vt 0.981445 1.000000
vt 0.000000 0.999512
vt 0.954590 0.000000
vt 0.009277 0.000000
vt 0.954590 0.000000
vt 0.954590 0.000000
vt 0.070068 0.000000
vt 0.952759 0.000000
vt 0.952759 0.000000
vt 0.945190 1.000000
vt 0.000000 0.999634
vt 0.000000 0.999634
vt 0.945190 1.000000
vt 0.000000 0.999634
vt 0.070068 0.000000
vt 0.952759 0.000000
vt 0.070068 0.000000
vt 0.945190 1.000000
vt 0.125488 0.000000
vt 1.000000 0.000000
vt 1.000000 0.000000
vt 0.125488 0.000000
vt 0.125488 0.000000
vt 1.000000 0.000000
vt 0.936401 0.990479
vt 0.000000 0.990601
vt 0.000000 0.990601
vt 0.936401 0.990479
vt 0.936401 0.990479
vt 0.000000 0.990601
vt 0.000000 0.238770
vt 0.000000 0.159180
vt 0.083252 0.159180
vt 0.000000 0.318359
vt 0.083252 0.318359
vt 0.083252 0.238770
vt 0.166626 0.318359
vt 0.166626 0.238770
vt 0.250000 0.318359
vt 0.250000 0.238770
vt 0.333252 0.318359
vt 0.333252 0.238770
vt 0.250000 0.159180
vt 0.166626 0.159180
vt 0.000000 0.397949
vt 0.083252 0.397949
vt 0.166626 0.397949
vt 0.250000 0.397949
vt 0.333252 0.397949
vt 0.416626 0.397949
vt 0.416626 0.318359
vt 0.500000 0.318359
vt 0.500000 0.397949
vt 0.583252 0.318359
vt 0.583252 0.397949
vt 0.416626 0.238770
vt 0.500000 0.238770
vt 0.583252 0.238770
vt 0.583252 0.159180
vt 0.666626 0.159180
vt 0.666626 0.238770
vt 0.749878 0.238770
vt 0.749878 0.159180
vt 0.833252 0.238770
vt 0.833252 0.159180
vt 0.666626 0.318359
vt 0.749878 0.318359
vt 0.833252 0.318359
vt 0.916626 0.318359
vt 0.916626 0.238770
vt 0.916626 0.159180
vt 0.999878 0.159180
vt 0.999878 0.238770
vt 0.999878 0.318359
vt 0.666626 0.397949
vt 0.749878 0.397949
vt 0.833252 0.397949
vt 0.916626 0.397949
vt 0.999878 0.397949
vt 0.999878 0.996826
vt 0.058472 0.996704
vt 0.999878 0.996826
vt 0.058472 0.996704
vt 1.000000 1.000000
vt 0.000000 1.000000
vt 1.000000 0.000000
vt 0.000000 0.000000
vt 0.000000 1.000000
vt 0.000000 0.000000
vt 1.000000 1.000000
vt 1.000000 0.000000
vt 0.000000 1.000000
vt 0.000000 0.000000
vt 1.000000 1.000000
vt 1.000000 0.000000
vt 1.000000 1.000000
vt 0.000000 1.000000
vt 1.000000 0.000000
vt 0.000000 0.000000
vt 1.000000 1.000000
vt 0.000000 1.000000
vt 1.000000 0.000000
vt 0.000000 0.000000
vt 1.000000 1.000000
vt 0.000000 1.000000
vt 1.000000 0.000000
vt 0.000000 0.000000
vt 1.000000 0.975586
vt 0.008667 0.974731
vt 1.000000 0.975586
vt 0.008667 0.974731
vt 0.981445 1.000000
vt 0.000000 0.999512
vt 0.981445 1.000000
vt 0.000000 0.999512
vt 0.000000 1.000000
vt 0.000000 0.000000
vt 1.000000 1.000000
vt 1.000000 0.000000
vt 1.000000 1.000000
vt 0.000000 1.000000
vt 1.000000 0.000000
vt 0.000000 0.000000
vt 0.000000 1.000000
vt 0.000000 0.000000
vt 1.000000 1.000000
vt 1.000000 0.000000
vt 0.999878 0.000000
vt 0.961670 0.957520
vt 0.050659 0.000000
vt 0.000000 0.959961
vt 0.000000 0.990601
vt 0.125488 0.000000
vt 0.936401 0.990479
vt 1.000000 0.000000
vt 0.000000 1.000000
vt 0.000000 0.000000
vt 1.000000 1.000000
vt 1.000000 0.000000
vt 0.000000 1.000000
vt 0.000000 0.000000
vt 1.000000 1.000000
vt 1.000000 0.000000
vt 1.000000 1.000000
vt 0.000000 1.000000
vt 1.000000 0.000000
vt 0.000000 0.000000
vt 0.013062 0.000000
vt 0.957519 0.000000
vt 0.013062 0.000000
vt 0.980591 0.998169
vt 0.000000 1.000000
vt 0.004272 0.000000
vt 0.991333 0.000000
vt 0.004272 0.000000
vt 0.999878 0.983398
vt 0.000000 0.984497
vt 0.111328 0.000000
vt 1.000000 0.000000
vt 0.111328 0.000000
vt 0.922485 0.943237
vt 0.000000 0.946777
vt 0.500000 0.159180
vt 0.416626 0.159180
vt 0.333252 0.159180
vt 0.000000 0.750000
vt 0.000000 0.500000
vt 0.125000 0.500000
vt 0.000000 0.750000
vt 0.125000 0.500000
vt 0.125000 0.750000
vt 0.125000 0.750000
vt 0.125000 0.500000
vt 0.250000 0.500000
vt 0.125000 0.750000
vt 0.250000 0.500000
vt 0.250000 0.750000
vt 0.250000 0.750000
vt 0.250000 0.500000
vt 0.375000 0.500000
vt 0.500000 1.000000
vt 0.000000 0.750000
vt 0.125000 0.750000
vt 0.125000 0.750000
vt 0.250000 0.750000
vt 0.625000 0.500000
vt 0.500000 0.750000
vt 0.500000 0.500000
vt 0.375000 0.750000
vt 0.375000 0.500000
vt 0.500000 1.000000
vt 1.000000 0.750000
vt 0.875000 0.750000
vt 1.000000 0.500000
vt 0.875000 0.500000
vt 0.750000 0.750000
vt 0.750000 0.500000
vt 0.625000 0.750000
vt 0.500000 1.000000
vt 0.500000 1.000000
vt 0.875000 0.750000
vt 0.500000 1.000000
vt 1.000000 0.750000
vt 0.500000 1.000000
vt 0.000000 0.750000
vt 0.125000 0.750000
vt 0.125000 0.750000
vt 0.250000 0.750000
vt 0.000000 0.500000
vt 0.125000 0.500000
vt 0.000000 0.750000
vt 0.250000 0.500000
vt 0.375000 0.500000
vt 0.375000 0.750000
vt 0.500000 1.000000
vt 0.500000 0.750000
vt 0.500000 0.500000
vt 0.625000 0.500000
vt 0.750000 0.750000
vt 0.500000 1.000000
vt 0.625000 0.750000
vt 0.750000 0.500000
vt 0.750000 0.750000
vt 0.875000 0.500000
vt 0.875000 0.750000
vt 1.000000 0.500000
vt 1.000000 0.750000
vt 0.500000 1.000000
vt 0.875000 0.750000
vt 0.500000 1.000000
vt 1.000000 0.750000
vt 0.125000 0.750000
vt 0.000000 0.750000
vt 0.500000 1.000000
vt 0.250000 0.750000
vt 0.125000 0.750000
vt 0.000000 0.500000
vt 0.000000 0.750000
vt 0.125000 0.500000
vt 0.250000 0.500000
vt 0.375000 0.500000
vt 0.500000 0.500000
vt 0.375000 0.750000
vt 0.500000 1.000000
vt 0.500000 0.750000
vt 0.625000 0.500000
vt 0.625000 0.750000
vt 0.750000 0.500000
vt 0.750000 0.750000
vt 0.875000 0.500000
vt 0.875000 0.750000
vt 1.000000 0.500000
vt 1.000000 0.750000
vt 0.625000 0.750000
vt 0.500000 1.000000
vt 0.875000 0.750000
vt 0.500000 1.000000
vt 1.000000 0.750000
vt 0.500000 1.000000
vt 0.750000 0.750000
vt 0.625000 0.750000
vt 0.500000 1.000000
vt 0.125000 0.750000
vt 0.000000 0.750000
vt 0.500000 1.000000
vt 0.250000 0.750000
vt 0.125000 0.750000
vt 0.000000 0.500000
vt 0.000000 0.750000
vt 0.125000 0.500000
vt 0.250000 0.500000
vt 0.375000 0.500000
vt 0.375000 0.750000
vt 0.500000 1.000000
vt 0.500000 0.750000
vt 0.500000 0.500000
vt 0.625000 0.500000
vt 1.000000 0.750000
vt 1.000000 0.500000
vt 0.875000 0.750000
vt 0.875000 0.500000
vt 0.750000 0.750000
vt 0.750000 0.500000
vt 0.625000 0.750000
vt 0.500000 1.000000
vt 0.875000 0.750000
vt 0.500000 1.000000
vt 1.000000 0.750000
vt 0.500000 1.000000
vt 0.500000 1.000000
vt 0.000000 0.750000
vt 0.125000 0.750000
vt 0.125000 0.750000
vt 0.250000 0.750000
vt 0.000000 0.500000
vt 0.125000 0.500000
vt 0.000000 0.750000
vt 0.250000 0.500000
vt 0.375000 0.500000
vt 0.375000 0.750000
vt 0.500000 1.000000
vt 0.500000 0.750000
vt 0.500000 0.500000
vt 0.625000 0.500000
vt 0.750000 0.750000
vt 0.500000 1.000000
vt 0.625000 0.750000
vt 0.750000 0.500000
vt 0.750000 0.750000
vt 0.875000 0.500000
vt 0.875000 0.750000
vt 1.000000 0.500000
vt 1.000000 0.750000
vt 0.500000 1.000000
vt 0.875000 0.750000
vt 0.500000 1.000000
vt 1.000000 0.750000
vt 0.456177 0.518188
vt 0.456177 0.518188
vt 0.509521 0.518188
vt 0.394409 0.469116
vt 0.394409 0.469116
vt 0.509521 0.518188
vt 0.558594 0.573608
vt 0.355957 0.594971
vt 0.518066 0.652466
vt 0.428467 0.686646
vt 0.302734 0.467041
vt 0.394409 0.469116
vt 0.428467 0.398804
vt 0.415772 0.287964
vt 0.596924 0.266602
vt 0.539429 0.354004
vt 0.690796 0.454224
vt 0.795288 0.396606
vt 0.727051 0.558716
vt 0.844238 0.580078
vt 0.733398 0.688721
vt 0.818726 0.742065
vt 0.532959 0.874268
vt 0.577759 0.963867
vt 0.366699 1.000000
vt 0.377319 0.893433
vt 0.189697 0.869995
vt 0.268555 0.814575
vt 0.110840 0.562988
vt 0.004150 0.605591
vt 0.110840 0.371094
vt 0.000000 0.330566
vt 0.185425 0.243164
vt 0.144898 0.162109
vt 0.349609 0.113037
vt 0.347534 0.055542
vt 0.575684 0.000000
vt 0.818726 0.742065
vt 0.577759 0.963867
vt 0.844238 0.580078
vt 0.795288 0.396606
vt 0.844238 0.580078
vt 0.596924 0.266602
vt 0.795288 0.396606
vt 0.347534 0.055542
vt 0.575684 0.000000
vt 0.575684 0.000000
vt 0.349609 0.113037
vt 0.347534 0.055542
vt 0.347534 0.055542
vt 0.144898 0.162109
vt 0.144898 0.162109
vt 0.575684 0.000000
vt 0.349609 0.113037
vt 0.144898 0.162109
vt 0.185425 0.243164
vt 0.000000 0.330566
vt 0.110840 0.371094
vt 0.004150 0.605591
vt 0.727051 0.558716
vt 0.733398 0.688721
vt 0.844238 0.580078
vt 0.818726 0.742065
vt 0.532959 0.874268
vt 0.577759 0.963867
vt 0.377319 0.893433
vt 0.366699 1.000000
vt 0.268555 0.814575
vt 0.189697 0.869995
vt 0.110840 0.562988
vt 0.110840 0.371094
vt 0.795288 0.396606
vt 0.690796 0.454224
vt 0.596924 0.266602
vt 0.539429 0.354004
vt 0.415772 0.287964
vt 0.428467 0.398804
vt 0.302734 0.467041
vt 0.355957 0.594971
vt 0.456177 0.518188
vt 0.428467 0.686646
vt 0.518066 0.652466
vt 0.509521 0.518188
vt 0.558594 0.573608
vt 0.456177 0.518188
vt 0.509521 0.518188
vt 0.415772 0.287964
vt 0.596924 0.266602
vt 0.302734 0.467041
vt 0.355957 0.594971
vt 0.355957 0.594971
vt 0.428467 0.686646
vt 0.428467 0.686646
vt 0.518066 0.652466
vt 0.394409 0.469116
vt 0.456177 0.518188
vt 0.394409 0.469116
vt 0.509521 0.518188
vt 0.558594 0.573608
vt 0.558594 0.573608
vt 0.518066 0.652466
vt 0.509521 0.518188
vt 0.509521 0.518188
vt 0.558594 0.573608
vt 0.558594 0.573608
vt 0.558594 0.573608
vt 0.518066 0.652466
vt 0.518066 0.652466
vt 0.428467 0.686646
vt 0.302734 0.467041
vt 0.415772 0.287964
vt 0.415772 0.287964
vt 0.596924 0.266602
vt 0.596924 0.266602
vt 0.596924 0.266602
vt 0.795288 0.396606
vt 0.795288 0.396606
vt 0.844238 0.580078
vt 0.844238 0.580078
vt 0.844238 0.580078
vt 0.818726 0.742065
vt 0.818726 0.742065
vt 0.577759 0.963867
vt 0.577759 0.963867
vt 0.366699 1.000000
vt 0.000000 0.330566
vt 0.144898 0.162109
vt 0.144898 0.162109
vt 0.144898 0.162109
vt 0.347534 0.055542
vt 0.347534 0.055542
vt 0.575684 0.000000
vt 0.575684 0.000000
vt 0.349609 0.113037
vt 0.349609 0.113037
vt 0.185425 0.243164
vt 0.185425 0.243164
vt 0.110840 0.371094
vt 0.349609 0.113037
vt 0.185425 0.243164
vt 0.110840 0.371094
vt 0.110840 0.371094
vt 0.110840 0.562988
vt 0.110840 0.562988
vt 0.268555 0.814575
vt 0.268555 0.814575
vt 0.377319 0.893433
vt 0.377319 0.893433
vt 0.532959 0.874268
vt 0.110840 0.562988
vt 0.110840 0.562988
vt 0.268555 0.814575
vt 0.268555 0.814575
vt 0.377319 0.893433
vt 0.532959 0.874268
vt 0.532959 0.874268
vt 0.733398 0.688721
vt 0.733398 0.688721
vt 0.532959 0.874268
vt 0.733398 0.688721
vt 0.539429 0.354004
vt 0.690796 0.454224
vt 0.539429 0.354004
vt 0.690796 0.454224
vt 0.727051 0.558716
vt 0.727051 0.558716
vt 0.428467 0.398804
vt 0.428467 0.398804
vt 0.539429 0.354004
vt 0.539429 0.354004
vt 0.428467 0.398804
vt 0.428467 0.398804
vt 0.428467 0.398804
vt 0.394409 0.469116
vt 0.000000 0.250000
vt 0.250000 0.250000
vt 0.500000 0.000000
vt 0.500000 1.000000
vt 0.250000 0.750000
vt 0.000000 0.750000
vt 0.250000 0.500000
vt 0.000000 0.500000
vt 0.000000 0.250000
vt 0.500000 0.000000
vt 0.500000 0.250000
vt 0.500000 0.500000
vt 0.500000 0.750000
vt 0.500000 1.000000
vt 0.500000 1.000000
vt 0.750000 0.750000
vt 0.750000 0.500000
vt 0.750000 0.250000
vt 0.500000 0.000000
vt 0.500000 1.000000
vt 1.000000 0.750000
vt 1.000000 0.500000
vt 1.000000 0.250000
vt 0.500000 0.000000
vt 0.500000 0.500000
vt 0.500000 0.750000
vt 0.375000 0.750000
vt 0.500000 0.250000
vt 0.375000 0.500000
vt 0.375000 0.750000
vt 0.250000 0.750000
vt 0.250000 0.500000
vt 0.125000 0.750000
vt 0.125000 0.500000
vt 0.000000 0.750000
vt 0.000000 0.500000
vt 0.000000 0.250000
vt 0.125000 0.250000
vt 0.250000 0.250000
vt 0.375000 0.250000
vt 0.500000 0.250000
vt 0.500000 0.000000
vt 0.375000 0.000000
vt 0.250000 0.000000
vt 0.125000 0.000000
vt 0.000000 0.000000
vt 0.000000 1.000000
vt 0.125000 1.000000
vt 0.250000 0.750000
vt 0.250000 1.000000
vt 0.375000 0.750000
vt 0.375000 1.000000
vt 0.500000 0.750000
vt 0.500000 1.000000
vt 0.625000 0.500000
vt 0.750000 0.750000
vt 0.625000 0.750000
vt 0.875000 0.750000
vt 0.750000 0.750000
vt 0.750000 0.500000
vt 0.625000 0.250000
vt 0.750000 0.250000
vt 0.625000 0.000000
vt 0.750000 0.000000
vt 0.875000 0.750000
vt 0.875000 0.500000
vt 0.875000 0.250000
vt 0.875000 0.000000
vt 0.625000 1.000000
vt 0.625000 0.750000
vt 0.750000 1.000000
vt 0.875000 1.000000
vt 1.000000 1.000000
vt 1.000000 0.750000
vt 1.000000 0.500000
vt 1.000000 0.250000
vt 1.000000 0.000000
vt 0.375000 0.500000
vt 0.500000 0.500000
vt 0.500000 0.750000
vt 0.625000 0.750000
vt 0.625000 0.500000
vt 0.750000 0.500000
vt 0.875000 0.000000
vt 0.875000 0.250000
vt 0.750000 0.000000
vt 0.750000 0.250000
vt 0.625000 0.000000
vt 0.625000 0.250000
vt 0.875000 0.500000
vt 0.750000 0.500000
vt 0.875000 0.750000
vt 1.000000 0.750000
vt 1.000000 0.500000
vt 1.000000 0.250000
vt 1.000000 0.000000
vt 0.625000 0.500000
vt 1.000000 1.000000
vt 0.875000 1.000000
vt 0.750000 0.750000
vt 0.625000 0.750000
vt 0.750000 1.000000
vt 0.625000 1.000000
vt 0.500000 0.250000
vt 0.500000 0.500000
vt 0.375000 0.500000
vt 0.500000 0.250000
vt 0.375000 0.250000
vt 0.250000 0.500000
vt 0.250000 0.750000
vt 0.125000 0.750000
vt 0.250000 0.250000
vt 0.125000 0.500000
vt 0.125000 0.250000
vt 0.000000 0.500000
vt 0.000000 0.250000
vt 0.500000 0.000000
vt 0.375000 0.000000
vt 0.250000 0.000000
vt 0.125000 0.000000
vt 0.000000 0.000000
vt 0.125000 0.750000
vt 0.000000 0.750000
vt 0.250000 0.750000
vt 0.375000 0.750000
vt 0.500000 0.750000
vt 0.500000 1.000000
vt 0.375000 1.000000
vt 0.250000 1.000000
vt 0.125000 1.000000
vt 0.000000 1.000000
vt 0.500000 0.500000
vt 0.500000 0.750000
vt 0.375000 0.750000
vt 0.125000 0.750000
vt 0.250000 0.500000
vt 0.250000 0.750000
vt 0.375000 0.500000
vt 0.375000 0.750000
vt 0.500000 0.250000
vt 0.500000 0.250000
vt 0.375000 0.250000
vt 0.250000 0.250000
vt 0.375000 0.000000
vt 0.250000 0.000000
vt 0.500000 0.000000
vt 0.125000 0.000000
vt 0.125000 0.250000
vt 0.125000 0.500000
vt 0.125000 0.750000
vt 0.000000 0.000000
vt 0.000000 0.250000
vt 0.000000 0.500000
vt 0.000000 0.750000
vt 0.000000 1.000000
vt 0.125000 1.000000
vt 0.250000 0.750000
vt 0.250000 1.000000
vt 0.375000 0.750000
vt 0.375000 1.000000
vt 0.500000 0.750000
vt 0.500000 1.000000
vt 0.625000 0.500000
vt 0.750000 0.750000
vt 0.625000 0.750000
vt 0.875000 0.750000
vt 0.750000 0.750000
vt 0.750000 0.500000
vt 0.625000 0.250000
vt 0.750000 0.250000
vt 0.625000 0.000000
vt 0.750000 0.000000
vt 0.875000 0.750000
vt 0.875000 0.500000
vt 0.875000 0.250000
vt 0.875000 0.000000
vt 0.625000 1.000000
vt 0.625000 0.750000
vt 0.750000 1.000000
vt 0.875000 1.000000
vt 1.000000 1.000000
vt 1.000000 0.750000
vt 1.000000 0.500000
vt 1.000000 0.250000
vt 1.000000 0.000000
vt 0.000000 0.250000
vt 0.250000 0.250000
vt 0.500000 0.000000
vt 0.500000 1.000000
vt 0.250000 0.750000
vt 0.000000 0.750000
vt 0.250000 0.500000
vt 0.000000 0.500000
vt 0.000000 0.250000
vt 0.500000 0.000000
vt 0.500000 0.250000
vt 0.500000 0.500000
vt 0.500000 0.750000
vt 0.500000 1.000000
vt 0.500000 1.000000
vt 0.750000 0.750000
vt 0.750000 0.500000
vt 0.750000 0.250000
vt 0.500000 0.000000
vt 0.500000 1.000000
vt 1.000000 0.750000
vt 1.000000 0.500000
vt 1.000000 0.250000
vt 0.500000 0.000000
vt 0.750000 0.500000
vt 0.625000 0.500000
vt 0.625000 0.250000
vt 1.000000 0.500000
vt 1.000000 0.750000
vt 0.875000 0.500000
vt 0.875000 0.750000
vt 1.000000 0.250000
vt 0.875000 0.250000
vt 0.750000 0.250000
vt 0.750000 0.500000
vt 0.750000 0.750000
vt 0.625000 0.750000
vt 0.625000 0.500000
vt 0.375000 0.500000
vt 0.500000 0.500000
vt 0.500000 0.750000
vt 0.000000 0.250000
vt 0.125000 0.250000
vt 0.000000 0.500000
vt 0.125000 0.500000
vt 0.000000 0.750000
vt 0.125000 0.750000
vt 0.250000 0.500000
vt 0.250000 0.750000
vt 0.375000 0.500000
vt 0.375000 0.750000
vt 0.500000 0.500000
vt 0.500000 0.250000
vt 0.375000 0.250000
vt 0.250000 0.250000
vt 0.750000 0.500000
vt 0.625000 0.500000
vt 0.625000 0.250000
vt 0.875000 0.500000
vt 0.875000 0.750000
vt 1.000000 0.500000
vt 1.000000 0.750000
vt 1.000000 0.250000
vt 0.875000 0.250000
vt 0.750000 0.250000
vt 0.750000 0.500000
vt 0.750000 0.750000
vt 0.625000 0.750000
vt 0.625000 0.500000
vt 0.750000 0.500000
vt 0.625000 0.500000
vt 0.625000 0.250000
vt 1.000000 0.500000
vt 1.000000 0.750000
vt 0.875000 0.500000
vt 0.875000 0.750000
vt 1.000000 0.250000
vt 0.875000 0.250000
vt 0.750000 0.250000
vt 0.750000 0.500000
vt 0.750000 0.750000
vt 0.625000 0.750000
vt 0.625000 0.500000
vt 0.000000 0.500000
vt 0.000000 0.500000
vt 0.062500 0.500000
vt 0.062500 0.500000
vt 0.125000 0.500000
vt 0.125000 0.500000
vt 0.187500 0.500000
vt 0.062500 0.500000
vt 0.000000 0.500000
vt 0.062500 0.666748
vt 0.000000 0.666748
vt 0.000000 0.666748
vt 0.062500 0.666748
vt 0.125000 0.666748
vt 0.125000 0.666748
vt 0.187500 0.666748
vt 0.187500 0.666748
vt 0.250000 0.666748
vt 0.250000 0.666748
vt 0.187500 0.500000
vt 0.125000 0.500000
vt 0.250000 0.500000
vt 0.312500 0.666748
vt 0.312500 0.500000
vt 0.375000 0.500000
vt 0.375000 0.666748
vt 0.437500 0.666748
vt 0.437500 0.500000
vt 0.500000 0.500000
vt 0.500000 0.666748
vt 0.437500 0.666748
vt 0.500000 0.666748
vt 0.562500 0.500000
vt 0.562500 0.666748
vt 0.625000 0.500000
vt 0.625000 0.666748
vt 0.562500 0.666748
vt 0.625000 0.666748
vt 0.687500 0.500000
vt 0.687500 0.500000
vt 0.750000 0.500000
vt 0.750000 0.500000
vt 0.812500 0.500000
vt 0.812500 0.666748
vt 0.750000 0.666748
vt 0.687500 0.666748
vt 0.687500 0.666748
vt 0.625000 0.500000
vt 0.687500 0.500000
vt 0.625000 0.500000
vt 0.875000 0.666748
vt 0.812500 0.666748
vt 0.875000 0.666748
vt 0.875000 0.500000
vt 0.937500 0.666748
vt 0.937500 0.500000
vt 0.875000 0.500000
vt 1.000000 0.666748
vt 0.937500 0.666748
vt 1.000000 0.666748
vt 1.000000 0.500000
vt 0.937500 0.500000
vt 0.562500 0.500000
vt 0.562500 0.500000
vt 0.812500 0.666748
vt 0.750000 0.666748
vt 0.750000 0.666748
vt 0.687500 0.666748
vt 0.875000 0.666748
vt 0.937500 0.666748
vt 1.000000 0.666748
vt 0.937500 0.500000
vt 1.000000 0.500000
vt 0.875000 0.500000
vt 0.812500 0.500000
vt 0.812500 0.500000
vt 0.812500 0.500000
vt 0.750000 0.500000
vt 0.687500 0.500000
vt 0.687500 0.500000
vt 0.062500 0.500000
vt 0.000000 0.500000
vt 0.062500 0.500000
vt 0.125000 0.500000
vt 0.125000 0.500000
vt 0.187500 0.500000
vt 0.187500 0.500000
vt 0.250000 0.500000
vt 0.250000 0.500000
vt 0.312500 0.500000
vt 0.312500 0.500000
vt 0.375000 0.500000
vt 0.375000 0.500000
vt 0.437500 0.500000
vt 0.437500 0.500000
vt 0.500000 0.500000
vt 0.500000 0.500000
vt 0.562500 0.500000
vt 0.562500 0.500000
vt 0.625000 0.500000
vt 0.625000 0.500000
vt 0.125000 0.666748
vt 0.062500 0.666748
vt 0.187500 0.666748
vt 0.000000 0.666748
vt 0.062500 0.666748
vt 0.125000 0.666748
vt 0.062500 0.666748
vt 0.187500 0.666748
vt 0.125000 0.666748
vt 0.250000 0.666748
vt 0.187500 0.666748
vt 0.250000 0.666748
vt 0.312500 0.666748
vt 0.312500 0.666748
vt 0.375000 0.666748
vt 0.250000 0.666748
vt 0.375000 0.666748
vt 0.437500 0.666748
vt 0.312500 0.666748
vt 0.437500 0.666748
vt 0.500000 0.666748
vt 0.375000 0.666748
vt 0.500000 0.666748
vt 0.562500 0.666748
vt 0.562500 0.666748
vt 0.625000 0.666748
vt 0.500000 0.666748
vt 0.625000 0.666748
vt 0.687500 0.666748
vt 0.687500 0.666748
vt 0.750000 0.666748
vt 0.687500 0.666748
vt 0.750000 0.666748
vt 0.750000 0.666748
vt 0.812500 0.666748
vt 0.750000 0.666748
vt 0.875000 0.666748
vt 0.812500 0.666748
vt 0.875000 0.666748
vt 0.937500 0.666748
vt 0.875000 0.666748
vt 1.000000 0.666748
vt 0.937500 0.666748
vt 0.500000 0.666748
vt 0.562500 0.666748
vt 0.562500 0.666748
vt 0.625000 0.666748
vt 0.625000 0.666748
vt 0.687500 0.666748
vt 0.687500 0.666748
vt 0.437500 0.666748
vt 0.500000 0.666748
vt 0.375000 0.666748
vt 0.437500 0.666748
vt 0.312500 0.666748
vt 0.375000 0.666748
vt 0.437500 0.666748
vt 0.250000 0.666748
vt 0.312500 0.666748
vt 0.375000 0.666748
vt 0.250000 0.666748
vt 0.312500 0.666748
vt 0.187500 0.666748
vt 0.250000 0.666748
vt 0.812500 0.500000
vt 0.750000 0.500000
vt 0.812500 0.500000
vt 0.875000 0.500000
vt 0.875000 0.500000
vt 0.937500 0.500000
vt 0.937500 0.500000
vt 1.000000 0.500000
vt 1.000000 0.500000
vt 0.750000 0.500000
vt 0.687500 0.500000
vt 0.750000 0.500000
vt 0.687500 0.500000
vt 0.000000 0.500000
vt 0.062500 0.500000
vt 0.062500 0.500000
vt 0.125000 0.500000
vt 0.125000 0.500000
vt 0.187500 0.500000
vt 0.187500 0.500000
vt 0.250000 0.500000
vt 0.250000 0.500000
vt 0.312500 0.500000
vt 0.312500 0.500000
vt 0.375000 0.500000
vt 0.375000 0.500000
vt 0.437500 0.500000
vt 0.437500 0.500000
vt 0.500000 0.500000
vt 0.500000 0.500000
vt 0.562500 0.500000
vt 0.562500 0.500000
vt 0.625000 0.500000
vt 0.625000 0.500000
vt 0.000000 0.666748
vt 0.000000 0.666748
vt 0.500000 0.666748
vt 0.562500 0.666748
vt 0.562500 0.500000
vt 0.500000 0.500000
vt 0.500000 0.500000
vt 0.437500 0.500000
vt 0.437500 0.500000
vt 0.375000 0.500000
vt 0.375000 0.500000
vt 0.312500 0.500000
vt 0.312500 0.500000
vt 0.250000 0.500000
vt 0.250000 0.500000
vt 0.187500 0.500000
vt 0.187500 0.500000
vt 0.687500 0.666748
vt 0.750000 0.666748
vt 0.750000 0.666748
vt 0.812500 0.666748
vt 0.812500 0.666748
vt 0.750000 0.500000
vt 0.812500 0.500000
vt 0.812500 0.500000
vt 0.875000 0.500000
vt 0.875000 0.500000
vt 0.937500 0.500000
vt 0.937500 0.500000
vt 1.000000 0.500000
vt 1.000000 0.500000
vt 0.875000 0.666748
vt 0.937500 0.666748
vt 0.937500 0.666748
vt 0.937500 0.666748
vt 0.000000 0.666748
vt 0.187500 0.666748
vt 0.687500 0.666748
vt 0.250000 0.666748
vt 0.687500 0.666748
vt 0.625000 0.666748
vt 0.312500 0.666748
vt 0.562500 0.666748
vt 0.375000 0.666748
vt 0.437500 0.666748
vt 0.500000 0.666748
vt 0.750000 0.666748
vt 0.187500 0.666748
vt 0.812500 0.666748
vt 0.875000 0.666748
vt 0.937500 0.666748
vt 0.062500 0.666748
vt 0.125000 0.666748
vt 0.000000 0.666748
vt 0.187500 0.666748
vt 0.613403 0.177124
vt 0.570190 0.113159
vt 0.500122 0.177490
vt 0.489502 0.113403
vt 0.408814 0.113770
vt 0.387085 0.177856
vt 0.613403 0.177124
vt 0.500244 0.177490
vt 0.570190 0.113159
vt 0.489502 0.113403
vt 0.387085 0.177856
vt 0.408814 0.113770
vt 0.062500 0.500000
vt 0.613403 0.177124
vt 0.500122 0.177490
vt 0.500244 0.177490
vt 0.387085 0.177856
vt 0.500244 0.177490
vt 0.489502 0.113403
vt 0.570190 0.113159
vt 0.489502 0.113403
vt 0.489502 0.113403
vt 0.408814 0.113770
vt 0.577759 0.963867
vt 0.366699 1.000000
vt 0.366699 1.000000
vt 0.189697 0.869995
vt 0.189697 0.869995
vt 0.004150 0.605591
vt 0.004150 0.605591
vt 0.000000 0.330566
vt 0.000000 0.330566
vt 0.500000 0.500000
vt 0.375000 0.500000
vt 0.500000 0.250000
vt 0.375000 0.250000
vt 0.250000 0.500000
vt 0.250000 0.250000
vt 0.125000 0.500000
vt 0.125000 0.250000
vt 0.000000 0.500000
vt 0.000000 0.250000
vt 0.500000 0.500000
vt 0.500000 0.750000
vt 0.375000 0.750000
vt 0.250000 0.750000
vt 0.125000 0.750000
vt 0.000000 0.750000
vt 0.500000 0.500000
vt 0.500000 0.750000
vt 0.375000 0.500000
vt 0.375000 0.750000
vt 0.250000 0.750000
vt 0.250000 0.500000
vt 0.125000 0.750000
vt 0.125000 0.500000
vt 0.000000 0.750000
vt 0.000000 0.500000
vt 0.500000 0.500000
vt 0.500000 0.250000
vt 0.375000 0.250000
vt 0.250000 0.250000
vt 0.125000 0.250000
vt 0.000000 0.250000
vn -0.1340 0.0140 0.9909
vn -0.3007 0.8656 -0.4004
vn -0.2012 0.9052 -0.3743
vn -0.9728 -0.0146 -0.2312
vn -0.9863 -0.1325 -0.0978
vn -0.3312 -0.9204 0.2077
vn -0.4013 -0.9156 0.0261
vn -0.9227 -0.0155 -0.3852
vn -0.9041 0.0332 -0.4261
vn -0.5666 0.0009 -0.8240
vn -0.2527 -0.9517 -0.1745
vn -0.5558 0.0162 -0.8311
vn -0.2644 -0.0129 -0.9643
vn -0.1470 -0.9485 -0.2807
vn 0.1466 -0.9485 -0.2807
vn 0.1401 -0.9642 -0.2249
vn 0.2504 -0.9530 -0.1708
vn 0.2514 -0.9523 -0.1731
vn 0.4013 -0.9156 0.0261
vn 0.3005 -0.9492 0.0932
vn 0.3304 -0.9214 0.2045
vn 0.2560 -0.9383 0.2325
vn -0.2553 0.0000 -0.9669
vn 0.2547 0.0000 -0.9670
vn 0.2638 -0.0130 -0.9645
vn 0.5558 0.0162 -0.8311
vn 0.5666 0.0009 -0.8240
vn 0.9041 0.0332 -0.4261
vn 0.9227 -0.0155 -0.3852
vn 0.9733 -0.0146 -0.2289
vn 0.9865 -0.1107 -0.1209
vn -0.0001 0.9681 -0.2508
vn 0.0068 0.9638 -0.2666
vn 0.0232 0.9655 -0.2595
vn 0.0575 0.9536 -0.2956
vn 0.0371 0.9474 -0.3179
vn 0.2069 0.9098 -0.3598
vn -0.2518 -0.9523 -0.1726
vn -0.3005 -0.9492 0.0932
vn -0.1407 -0.9636 -0.2273
vn -0.2425 -0.0182 0.9700
vn -0.2696 -0.9351 0.2299
vn -0.0575 0.9536 -0.2956
vn -0.2069 0.9098 -0.3598
vn -0.0068 0.9638 -0.2667
vn -0.0235 0.9654 -0.2598
vn 0.0001 0.9681 -0.2508
vn -0.0371 0.9474 -0.3179
vn 0.2021 0.9060 -0.3720
vn 0.3145 0.8604 -0.4010
vn 0.0484 -0.9988 -0.0122
vn 0.0567 0.9983 -0.0139
vn -0.1110 0.3247 0.9393
vn -0.0706 -0.0247 0.9972
vn -0.1322 0.0556 0.9897
vn -0.4553 0.1402 0.8793
vn -0.4367 0.1172 0.8920
vn -0.5859 0.1656 0.7933
vn -0.5700 0.1725 0.8033
vn -0.5992 -0.1744 0.7814
vn -0.7157 0.2239 0.6616
vn -0.7914 0.1857 0.5824
vn -0.8398 0.2171 0.4977
vn -0.8989 0.1969 0.3915
vn 0.2271 0.9738 -0.0116
vn 0.1758 0.9844 -0.0077
vn -0.6577 0.6233 0.4229
vn -0.7263 0.5105 0.4602
vn -0.6358 0.4726 0.6102
vn -0.6077 0.5286 0.5927
vn 0.1667 0.9834 -0.0712
vn 0.2402 0.9658 -0.0982
vn 0.1813 0.9734 -0.1398
vn 0.1730 0.9794 -0.1044
vn 0.1274 0.9842 -0.1230
vn 0.1259 0.9869 -0.1006
vn 0.0441 0.9923 -0.1161
vn -0.0509 0.9987 -0.0101
vn -0.4998 0.4097 -0.7631
vn -0.4825 0.4024 -0.7780
vn 0.5933 0.5237 0.6113
vn 0.4909 0.4879 0.7218
vn 0.4993 0.4656 0.7307
vn 0.3842 0.4411 0.8111
vn 0.4109 0.2989 0.8613
vn 0.1175 0.2958 0.9480
vn -0.0377 0.9924 -0.1173
vn -0.1131 0.9882 -0.1031
vn -0.1058 0.9943 -0.0087
vn -0.1109 0.9938 -0.0067
vn -0.1108 0.9938 -0.0067
vn -0.1158 0.9933 -0.0048
vn -0.1480 0.9798 -0.1346
vn -0.1966 0.9753 -0.1009
vn -0.1744 0.9836 -0.0467
vn -0.2115 0.9773 -0.0107
vn -0.1486 0.9889 -0.0044
vn 0.7340 0.4850 0.4754
vn 0.7433 0.4655 0.4805
vn 0.5832 0.1672 0.7949
vn 0.4378 0.1193 0.8911
vn 0.4542 0.1398 0.8798
vn 0.1346 0.0563 0.9893
vn 0.0710 -0.0255 0.9971
vn 0.9053 0.1692 0.3895
vn 0.8362 0.1953 0.5125
vn 0.7963 0.1706 0.5804
vn 0.6996 0.2202 0.6797
vn 0.5675 0.1740 0.8048
vn 0.5953 -0.1942 0.7797
vn 0.5211 0.3955 -0.7563
vn 0.5064 0.3898 -0.7691
vn 0.0795 -0.9921 0.0965
vn 0.1402 -0.9866 0.0835
vn 0.1610 -0.9815 0.1034
vn 0.1901 -0.9776 0.0904
vn 0.1911 -0.9770 0.0950
vn 0.1904 -0.9774 0.0915
vn 0.1914 -0.9768 0.0963
vn 0.2249 -0.9718 0.0710
vn 0.1905 -0.9815 0.0187
vn 0.2331 -0.9721 -0.0258
vn 0.1499 -0.9883 -0.0288
vn 0.9194 0.3473 -0.1845
vn -0.0485 -0.9988 -0.0111
vn 0.8737 0.3738 -0.3112
vn 0.9273 -0.0611 0.3693
vn 0.8096 -0.1857 0.5569
vn 0.9094 -0.2151 0.3559
vn 0.8114 -0.1596 0.5623
vn 0.6399 0.4259 0.6397
vn 0.4769 -0.2302 0.8483
vn 0.5940 -0.2544 0.7632
vn 0.0867 -0.2862 0.9542
vn 0.1180 0.2848 0.9513
vn -0.4796 -0.2079 0.8525
vn -0.5969 -0.1101 0.7947
vn -0.4013 0.3290 0.8548
vn -0.4886 0.5089 0.7087
vn -0.3672 0.4817 0.7957
vn -0.4961 0.4894 0.7172
vn -0.8697 0.3968 -0.2936
vn -0.8884 0.3878 -0.2459
vn -0.9233 -0.1215 0.3645
vn -0.8147 -0.0380 0.5786
vn -0.8961 -0.2776 0.3463
vn -0.8108 -0.1851 0.5552
vn -0.0864 -0.2858 0.9544
vn -0.1137 0.2851 0.9517
vn 0.2130 0.0040 0.9771
vn 0.1285 0.0002 0.9917
vn 0.4803 -0.0772 0.8737
vn 0.0865 -0.2804 0.9560
vn -0.4821 -0.1286 0.8666
vn -0.0865 -0.2889 0.9535
vn -0.1842 -0.9827 -0.0186
vn -0.2575 -0.9661 -0.0157
vn -0.2109 -0.9769 0.0328
vn -0.2446 -0.9659 0.0843
vn -0.2035 -0.9722 0.1155
vn -0.1972 -0.9765 0.0871
vn -0.1610 -0.9815 0.1034
vn -0.1416 -0.9863 0.0848
vn -0.0794 -0.9921 0.0975
vn 0.9715 0.0997 -0.2150
vn 0.9360 0.2702 -0.2255
vn 0.6656 -0.2019 -0.7185
vn 0.6496 -0.2294 -0.7249
vn 0.5182 0.3811 -0.7657
vn 0.5120 0.3762 -0.7722
vn 0.4265 0.8283 -0.3634
vn 0.4315 0.8279 -0.3583
vn 0.9126 0.3921 -0.1161
vn 0.9139 0.4020 0.0569
vn 0.4599 0.8501 0.2565
vn 0.4368 0.8651 0.2467
vn 0.5540 0.4676 0.6888
vn 0.9743 0.1386 0.1777
vn 0.9368 0.3065 0.1686
vn 0.5369 0.4800 0.6938
vn 0.6707 -0.1190 0.7322
vn 0.6756 -0.1205 0.7274
vn 0.7670 -0.5585 0.3159
vn 0.7620 -0.5616 0.3224
vn 0.7527 -0.6000 -0.2709
vn 0.7631 -0.5830 -0.2791
vn 0.9976 0.0165 0.0675
vn 0.9941 0.0073 -0.1082
vn 0.7103 -0.0992 -0.6969
vn 0.7136 -0.1015 -0.6932
vn 0.7139 -0.1016 0.6928
vn 0.7135 -0.1018 0.6932
vn -0.7222 -0.0535 0.6896
vn -0.7179 -0.0508 0.6943
vn -0.7185 -0.0509 -0.6937
vn -0.7179 -0.0512 -0.6943
vn -0.0159 -0.9999 0.0000
vn -0.0317 -0.9995 0.0000
vn 0.0224 0.9997 0.0000
vn 0.0226 0.9997 0.0000
vn 0.0227 0.9997 0.0000
vn 0.6921 -0.0151 0.7217
vn 0.7516 -0.1782 0.6351
vn 0.6419 -0.3241 0.6949
vn 0.5879 -0.2314 0.7752
vn 0.6962 -0.0034 0.7178
vn -0.8539 0.1115 0.5083
vn -0.7348 0.4716 0.4875
vn -0.7574 0.5219 0.3924
vn -0.7102 0.5907 0.3831
vn -0.6631 0.5073 0.5504
vn -0.7350 0.2958 0.6101
vn 0.7310 0.1318 0.6695
vn 0.7156 0.1216 0.6878
vn -0.6537 0.2341 0.7197
vn -0.6247 -0.0400 0.7799
vn -0.6260 -0.0435 0.7786
vn -0.6250 -0.0407 0.7795
vn -0.6274 -0.0472 0.7772
vn -0.4038 -0.3734 0.8352
vn -0.4114 -0.3295 0.8498
vn -0.1222 -0.5000 0.8573
vn 0.1062 0.7761 0.6217
vn 0.1492 0.7485 0.6462
vn 0.3370 0.6618 0.6697
vn 0.2957 0.7306 0.6154
vn 0.5958 0.4039 0.6942
vn 0.6119 0.5319 0.5854
vn -0.0948 -0.5382 0.8374
vn 0.1116 -0.5389 0.8349
vn 0.1204 -0.5272 0.8412
vn -0.1017 0.7780 0.6200
vn -0.1060 0.7753 0.6226
vn -0.3379 0.6853 0.6451
vn -0.3077 0.7245 0.6168
vn -0.6128 0.4196 0.6696
vn -0.6131 0.4214 0.6682
vn -0.6716 0.1979 0.7140
vn -0.7386 0.2654 0.6197
vn -0.6660 -0.0635 0.7432
vn -0.7405 -0.0536 0.6699
vn -0.5832 -0.3114 0.7503
vn 0.3988 -0.3939 0.8282
vn 0.3977 -0.3975 0.8269
vn 0.6438 -0.0795 0.7611
vn 0.6378 -0.0630 0.7676
vn 0.6782 0.1631 0.7165
vn 0.7416 0.2044 0.6389
vn 0.6620 0.4796 0.5759
vn 0.7122 0.5570 0.4272
vn 0.7024 0.5723 0.4232
vn 0.7090 0.5883 0.3888
vn 0.8731 0.0201 0.4871
vn -0.6799 0.0740 0.7295
vn -0.5608 -0.2726 0.7818
vn 0.0857 0.8339 0.5452
vn 0.0856 0.8341 0.5449
vn 0.1342 0.1406 0.9809
vn 0.1589 0.0982 0.9824
vn 0.2653 0.7681 0.5828
vn 0.2700 0.7807 0.5635
vn 0.2536 0.7808 -0.5710
vn 0.2536 0.7809 -0.5709
vn 0.6957 0.5799 -0.4240
vn 0.6956 0.5799 -0.4241
vn 0.7891 -0.4932 0.3662
vn 0.7907 -0.4941 0.3613
vn 0.9939 -0.0889 0.0650
vn 0.9549 0.2397 -0.1754
vn 0.9549 0.2397 -0.1753
vn 0.2931 -0.7718 0.5643
vn 0.2930 -0.7717 0.5645
vn 0.3430 0.7581 -0.5546
vn 0.3432 0.7581 -0.5545
vn 0.9630 0.2176 -0.1591
vn 0.9796 -0.1623 0.1187
vn 0.4135 -0.7349 0.5375
vn 0.4134 -0.7349 0.5376
vn 0.9836 -0.1456 0.1065
vn 0.9834 -0.1456 0.1081
vn 0.9842 0.1423 -0.1056
vn 0.9845 0.1415 -0.1034
vn -0.8750 0.3887 -0.2886
vn -0.8762 0.3890 -0.2844
vn -0.2739 0.7763 -0.5677
vn -0.2693 0.7732 -0.5741
vn 0.9770 0.1719 -0.1257
vn 0.9766 0.1728 -0.1283
vn -0.2558 0.7803 -0.5707
vn -0.2559 0.7804 -0.5705
vn 1.0000 0.0000 0.0000
vn -0.6957 0.5799 -0.4240
vn -0.6956 0.5799 -0.4240
vn -0.7891 -0.4932 0.3662
vn -0.7907 -0.4941 0.3613
vn 0.2739 0.7763 -0.5677
vn 0.2693 0.7732 -0.5742
vn 0.8750 0.3887 -0.2886
vn 0.8762 0.3890 -0.2844
vn -0.4135 -0.7349 0.5375
vn -0.4134 -0.7349 0.5376
vn -0.2931 -0.7718 0.5643
vn -0.2930 -0.7717 0.5645
vn 0.3493 -0.7564 0.5531
vn 0.3492 -0.7563 0.5533
vn 0.5398 -0.6794 0.4970
vn 0.5399 -0.6794 0.4969
vn 0.0731 0.5754 -0.8146
vn 0.0719 0.5755 -0.8147
vn 0.0718 0.5746 -0.8153
vn 0.0731 0.5746 -0.8152
vn -0.0544 -0.5666 0.8222
vn -0.0546 -0.5786 0.8138
vn 0.0801 -0.5743 0.8147
vn 0.0816 -0.5742 0.8146
vn 0.0817 -0.5751 0.8140
vn 0.0801 -0.5752 0.8141
vn -0.0544 0.5666 -0.8222
vn -0.0546 0.5789 -0.8135
vn -0.0546 0.5786 -0.8138
vn 0.3951 0.2635 0.8801
vn 0.3458 0.3574 0.8676
vn 0.4205 0.5022 0.7556
vn 0.4087 0.5109 0.7563
vn 0.4236 0.6424 0.6387
vn 0.3915 0.6345 0.6664
vn -0.0865 0.8339 0.5451
vn -0.1449 0.0987 0.9845
vn -0.1471 0.1468 0.9782
vn -0.2653 0.7681 0.5828
vn -0.2700 0.7807 0.5635
vn -0.9836 -0.1456 0.1065
vn -0.9836 -0.1455 0.1070
vn -0.9835 -0.1456 0.1072
vn -0.9834 -0.1456 0.1081
vn -0.9770 0.1719 -0.1257
vn -0.9766 0.1730 -0.1279
vn -0.9769 0.1726 -0.1260
vn -0.9766 0.1728 -0.1283
vn -0.3951 0.2635 0.8801
vn -0.3458 0.3574 0.8676
vn -0.4210 0.5020 0.7555
vn -0.4087 0.5109 0.7563
vn -0.4236 0.6424 0.6387
vn -0.3915 0.6345 0.6664
vn -1.0000 0.0000 0.0000
vn -0.5333 -0.6828 0.4994
vn -0.5333 -0.6827 0.4994
vn -0.5334 -0.6827 0.4994
vn -0.5334 -0.6827 0.4993
vn -0.3493 -0.7564 0.5531
vn -0.3492 -0.7563 0.5532
vn -0.3492 -0.7563 0.5533
vn -0.9939 -0.0889 0.0650
vn -0.9549 0.2397 -0.1754
vn -0.9549 0.2397 -0.1753
vn -0.9842 0.1423 -0.1056
vn -0.9845 0.1414 -0.1038
vn -0.9843 0.1420 -0.1052
vn -0.9845 0.1415 -0.1034
vn -0.9796 -0.1623 0.1187
vn -0.9630 0.2175 -0.1590
vn -0.9630 0.2175 -0.1591
vn -0.3430 0.7581 -0.5546
vn -0.3431 0.7581 -0.5545
vn -0.3431 0.7582 -0.5545
vn -0.0040 0.6008 0.7994
vn -0.0049 0.5972 0.8021
vn -0.0039 0.5997 0.8002
vn -0.0032 0.5964 0.8027
vn -0.0030 0.6018 0.7986
vn -0.0026 0.6019 0.7986
vn 0.0020 0.6031 0.7977
vn 0.0025 0.6009 0.7993
vn -0.0002 0.5966 0.8025
vn -0.0009 0.5967 0.8025
vn 0.0005 0.5965 0.8026
vn 0.0003 0.5964 0.8027
vn -0.0009 0.5973 0.8020
vn -0.0016 0.5982 0.8014
vn -0.0021 0.5982 0.8014
vn -0.0136 0.5875 0.8091
vn 0.0049 0.5971 0.8021
vn 0.0004 0.5965 0.8026
vn -0.0008 0.5967 0.8025
vn 0.0015 0.5981 0.8014
vn 0.0021 0.5981 0.8014
vn 0.0136 0.5875 0.8091
vn 0.0039 0.6008 0.7994
vn 0.0039 0.5998 0.8002
vn 0.0035 0.5961 0.8029
vn 0.0002 0.5967 0.8025
vn -0.0025 0.6009 0.7993
vn -0.0020 0.6030 0.7977
vn 0.0026 0.6019 0.7986
vn 0.0030 0.6018 0.7986
vn -0.7096 -0.4219 -0.5643
vn -0.7668 -0.3648 -0.5282
vn 0.7190 -0.6339 -0.2849
vn 0.7794 -0.5821 -0.2316
vn 0.7643 0.3568 0.5372
vn 0.7123 0.4086 0.5707
vn -0.7811 0.5753 0.2426
vn -0.7230 0.6249 0.2946
vn 0.7228 0.6260 0.2928
vn 0.8108 0.5463 0.2102
vn -0.7125 0.4093 0.5700
vn -0.7943 0.3242 0.5137
vn -0.8095 -0.5510 -0.2027
vn -0.7191 -0.6334 -0.2858
vn 0.7960 -0.3296 -0.5076
vn 0.7092 -0.4206 -0.5658
vn -0.8710 -0.4103 -0.2702
vn -0.8761 -0.4022 -0.2660
vn 0.1358 -0.7475 -0.6503
vn 0.1363 -0.7475 -0.6501
vn 0.1361 -0.7475 -0.6502
vn 0.1362 -0.7475 -0.6502
vn 0.9433 -0.2028 -0.2628
vn 0.9463 -0.1978 -0.2556
vn 0.9330 -0.0125 -0.3597
vn 0.9345 -0.0124 -0.3558
vn 0.9334 -0.0125 -0.3585
vn 0.9349 -0.0123 -0.3548
vn 0.0599 -0.2938 -0.9540
vn 0.0557 -0.2938 -0.9542
vn 0.0534 -0.2938 -0.9544
vn 0.0623 -0.2938 -0.9538
vn -0.0623 0.2938 -0.9538
vn -0.0558 0.2938 -0.9542
vn -0.0599 0.2938 -0.9540
vn -0.0534 0.2938 -0.9544
vn -0.1358 0.7475 -0.6502
vn -0.1746 0.9588 -0.2243
vn -0.1742 0.9588 -0.2242
vn -0.1746 0.9587 0.2243
vn -0.1746 0.9588 0.2243
vn -0.1743 0.9588 0.2242
vn -0.1742 0.9588 0.2242
vn -0.1356 0.7461 0.6519
vn -0.0558 0.2938 0.9542
vn -0.0599 0.2938 0.9540
vn -0.0534 0.2938 0.9544
vn 0.9088 0.2101 -0.3606
vn 0.9086 0.2101 -0.3609
vn 0.8753 0.4046 -0.2648
vn 0.8772 0.4026 -0.2617
vn 0.8541 0.5116 -0.0942
vn 0.8463 0.5232 -0.1005
vn 0.8463 0.5232 0.1005
vn 0.8541 0.5116 0.0942
vn 0.8772 0.4020 0.2625
vn 0.8761 0.4032 0.2644
vn 0.8768 0.4024 0.2632
vn 0.8755 0.4037 0.2654
vn 0.9086 0.2101 0.3610
vn 0.9088 0.2101 0.3604
vn 0.9087 0.2101 0.3606
vn 0.9088 0.2101 0.3606
vn -0.0623 0.2938 0.9538
vn 0.0599 -0.2938 0.9540
vn 0.0557 -0.2938 0.9542
vn 0.0623 -0.2938 0.9538
vn 0.9464 -0.1970 0.2561
vn 0.9330 -0.0125 0.3598
vn 0.9349 -0.0123 0.3548
vn 0.0534 -0.2938 0.9544
vn 0.1359 -0.7460 0.6519
vn 0.1355 -0.7460 0.6520
vn 0.1746 -0.9588 0.2243
vn 0.1743 -0.9588 0.2242
vn 0.1742 -0.9588 0.2242
vn 0.9432 -0.2023 0.2636
vn 0.9470 -0.3068 0.0957
vn 0.9520 -0.2929 0.0889
vn 0.9520 -0.2929 -0.0889
vn 0.9470 -0.3068 -0.0957
vn 0.1746 -0.9588 -0.2242
vn 0.1743 -0.9588 -0.2242
vn 0.1742 -0.9588 -0.2242
vn -0.8471 -0.5226 -0.0968
vn -0.8468 -0.5230 -0.0970
vn -0.8470 -0.5227 -0.0968
vn -0.8466 -0.5234 -0.0972
vn -0.8466 -0.5234 0.0972
vn -0.8466 -0.5232 0.0972
vn -0.8470 -0.5227 0.0968
vn -0.8471 -0.5226 0.0968
vn -0.8710 -0.4097 0.2709
vn -0.8763 -0.4012 0.2665
vn -0.9087 -0.2102 0.3607
vn -0.9089 -0.2100 0.3604
vn -0.9349 0.0123 0.3546
vn -0.9329 0.0125 0.3599
vn -0.9455 0.1991 0.2578
vn -0.9433 0.2027 0.2629
vn -0.9470 0.3067 0.0958
vn -0.9521 0.2927 0.0888
vn -0.9521 0.2927 -0.0888
vn -0.9470 0.3067 -0.0958
vn -0.9434 0.2032 -0.2621
vn -0.9450 0.2007 -0.2584
vn -0.9439 0.2024 -0.2609
vn -0.9455 0.1998 -0.2573
vn -0.9329 0.0125 -0.3598
vn -0.9345 0.0124 -0.3558
vn -0.9334 0.0125 -0.3586
vn -0.9349 0.0123 -0.3546
vn -0.9089 -0.2100 -0.3604
vn -0.9087 -0.2102 -0.3607
vn -0.8783 -0.4011 0.2602
vn 0.9928 -0.0220 0.1173
vn 0.9886 -0.0521 0.1415
vn -0.8078 -0.5783 0.1139
vn -0.8274 -0.5517 0.1056
vn 0.9996 0.0000 0.0265
vn 0.9975 -0.0592 0.0376
vn -0.8081 -0.5779 -0.1139
vn -0.8272 -0.5519 -0.1057
vn 0.2936 -0.9272 -0.2323
vn 0.2799 -0.9349 -0.2184
vn 0.9997 0.0000 -0.0264
vn 0.9975 -0.0594 -0.0375
vn -0.8686 -0.4135 -0.2732
vn 0.2218 -0.7069 -0.6716
vn 0.1934 -0.7373 -0.6473
vn -0.8241 -0.4633 -0.3258
vn 0.9928 -0.0220 -0.1179
vn 0.9898 -0.0437 -0.1355
vn -0.9069 -0.2103 -0.3650
vn 0.0859 -0.2734 -0.9581
vn 0.0777 -0.2854 -0.9553
vn -0.8890 -0.2176 -0.4029
vn -0.9320 0.0134 -0.3623
vn -0.9336 0.0116 -0.3582
vn -0.0242 0.2804 -0.9596
vn -0.0146 0.2935 -0.9558
vn 0.9347 0.1882 -0.3014
vn 0.9409 0.1843 -0.2842
vn -0.9546 0.1788 -0.2385
vn 0.9287 0.3149 -0.1957
vn 0.9264 0.3192 -0.1995
vn -0.9575 0.2744 -0.0884
vn 0.9315 0.3583 -0.0632
vn 0.9217 0.3819 -0.0679
vn -0.9575 0.2744 0.0884
vn -0.9578 0.2737 0.0882
vn -0.0641 0.9729 0.2222
vn -0.0468 0.9701 0.2383
vn -0.9594 0.1669 0.2275
vn -0.0485 0.7364 0.6748
vn -0.0800 0.7538 0.6522
vn -0.9493 0.1909 0.2497
vn -0.9410 0.0050 0.3385
vn 0.9084 0.2046 0.3647
vn 0.9338 0.1926 0.3015
vn -0.9338 0.0131 0.3577
vn -0.0260 0.2964 0.9547
vn -0.0391 0.2786 0.9596
vn -0.9069 -0.2103 0.3651
vn -0.9019 -0.2125 0.3760
vn 0.9763 0.0471 0.2114
vn 0.9337 -0.0098 0.3579
vn -0.8663 -0.4083 -0.2877
vn 0.1372 -0.7260 -0.6738
vn 0.1181 -0.7272 -0.6762
vn 0.0447 -0.2755 -0.9603
vn 0.0448 -0.2755 -0.9603
vn 0.0451 -0.2755 -0.9602
vn 0.0459 -0.2755 -0.9602
vn -0.0459 0.2755 -0.9602
vn -0.0504 0.2756 -0.9600
vn -0.0476 0.2755 -0.9601
vn -0.0521 0.2756 -0.9599
vn -0.1369 0.7245 -0.6756
vn -0.9376 0.2052 -0.2808
vn -0.9371 0.2059 -0.2819
vn -0.9387 0.2035 -0.2782
vn -0.9202 0.0159 -0.3910
vn -0.9176 0.0161 -0.3972
vn -0.9194 0.0160 -0.3929
vn -0.9168 0.0162 -0.3991
vn -0.8889 -0.2125 -0.4057
vn -0.8979 -0.2140 -0.3847
vn -0.8680 -0.4067 -0.2848
vn 0.9393 -0.2032 -0.2763
vn 0.9371 -0.2065 -0.2815
vn 0.9202 -0.0159 -0.3910
vn 0.9176 -0.0161 -0.3972
vn 0.9194 -0.0159 -0.3930
vn 0.9168 -0.0161 -0.3991
vn 0.8872 0.2190 -0.4061
vn 0.8980 0.2082 -0.3875
vn 0.8681 0.4061 -0.2854
vn 0.8666 0.4084 -0.2866
vn 0.8677 0.4068 -0.2857
vn 0.8662 0.4090 -0.2871
vn 0.8457 0.5234 -0.1045
vn 0.8463 0.5224 -0.1044
vn 0.8462 0.5225 -0.1044
vn 0.8465 0.5220 -0.1045
vn 0.8465 0.5220 0.1041
vn 0.8456 0.5236 0.1041
vn 0.8662 0.4078 0.2886
vn 0.8664 0.4076 0.2885
vn -0.1808 0.9545 -0.2371
vn -0.1804 0.9546 -0.2371
vn -0.1809 0.9545 -0.2371
vn -0.1809 0.9547 0.2364
vn -0.1805 0.9548 0.2363
vn -0.1804 0.9548 0.2363
vn -0.1364 0.7214 0.6789
vn -0.1363 0.7214 0.6789
vn -0.9359 0.2069 0.2852
vn -0.9180 0.0161 0.3962
vn -0.9188 0.0160 0.3944
vn -0.8908 -0.2129 0.4014
vn -0.8945 -0.2134 0.3928
vn -0.8920 -0.2130 0.3988
vn -0.8958 -0.2136 0.3899
vn -0.8665 -0.4075 0.2882
vn -0.8663 -0.4077 0.2887
vn -0.8664 -0.4076 0.2885
vn -0.8663 -0.4077 0.2886
vn -0.0510 0.2787 0.9590
vn -0.0481 0.2787 0.9592
vn -0.0527 0.2787 0.9589
vn -0.0464 0.2786 0.9593
vn 0.0454 -0.2786 0.9593
vn 0.0455 -0.2787 0.9593
vn 0.0464 -0.2786 0.9593
vn 0.0453 -0.2786 0.9593
vn 0.1176 -0.7241 0.6795
vn 0.1367 -0.7230 0.6772
vn 0.1803 -0.9540 0.2393
vn 0.1554 -0.9591 0.2367
vn -0.8431 -0.5271 0.1066
vn -0.8449 -0.5245 0.1050
vn -0.8458 -0.5232 0.1044
vn -0.8422 -0.5283 0.1074
vn -0.8431 -0.5270 -0.1069
vn -0.8449 -0.5244 -0.1054
vn -0.8422 -0.5283 -0.1078
vn -0.8458 -0.5231 -0.1047
vn 0.1554 -0.9589 -0.2375
vn 0.1803 -0.9539 -0.2401
vn 0.8958 0.2105 0.3915
vn 0.8900 0.2163 0.4014
vn 0.9188 -0.0159 0.3944
vn 0.9180 -0.0160 0.3963
vn 0.9358 -0.2075 0.2849
vn 0.9392 -0.2026 0.2772
vn 0.9461 -0.3078 0.1005
vn 0.9464 -0.3069 0.1005
vn 0.9462 -0.3075 0.1005
vn 0.9465 -0.3066 0.1005
vn 0.9465 -0.3066 -0.1008
vn 0.9461 -0.3077 -0.1008
vn 0.9789 0.0522 -0.1977
vn 0.9553 0.0150 -0.2951
vn -0.0953 -0.2875 0.9530
vn -0.0347 -0.3015 0.9528
vn -0.4106 0.6515 0.6379
vn -0.3304 0.7005 0.6326
vn -0.5305 0.8199 0.2151
vn -0.4922 0.8460 0.2050
vn -0.5221 0.8248 -0.2169
vn -0.4819 0.8517 -0.2060
vn -0.3767 0.6657 -0.6442
vn -0.2944 0.7129 -0.6365
vn -0.1292 0.2674 -0.9549
vn -0.0838 0.2891 -0.9536
vn 0.9315 0.3581 0.0635
vn 0.8929 0.4429 0.0805
vn 0.9014 0.3609 0.2392
vn 0.9212 0.3273 0.2101
vn -0.1423 -0.7381 -0.6595
vn -0.0530 -0.7598 -0.6480
vn -0.1809 -0.7336 0.6550
vn -0.0920 -0.7578 0.6460
vn -0.2311 -0.9461 -0.2268
vn -0.1849 -0.9589 -0.2154
vn 0.2759 -0.9360 0.2185
vn 0.2902 -0.9281 0.2334
vn 0.0749 -0.2750 0.9585
vn 0.0640 -0.2910 0.9546
vn -0.1858 0.2555 0.9488
vn -0.1307 0.2829 0.9502
vn -0.0375 -0.2862 -0.9574
vn 0.0127 -0.2971 -0.9548
vn -0.2413 -0.9440 0.2252
vn -0.1974 -0.9566 0.2146
vn -0.9493 0.1909 -0.2497
vn -0.0725 0.7546 -0.6522
vn -0.0350 0.7338 -0.6785
vn -0.9578 0.2737 -0.0882
vn -0.0596 0.9732 -0.2222
vn -0.0432 0.9705 -0.2372
vn -0.8241 -0.4633 0.3258
vn 0.1861 -0.7386 0.6479
vn 0.2102 -0.7130 0.6689
vn -0.9391 0.2021 0.2778
vn -0.9461 0.3082 0.0999
vn -0.9452 0.3106 0.1011
vn -0.9451 0.3106 -0.1015
vn -0.9459 0.3086 -0.1005
vn -0.9454 0.3099 -0.1012
vn -0.9461 0.3080 -0.1002
vn -0.9392 0.2028 -0.2770
vn 0.5341 -0.4917 -0.6877
vn 0.5275 -0.4960 -0.6897
vn 0.6921 0.0745 -0.7179
vn 0.6921 0.0741 -0.7180
vn 0.8008 0.4979 -0.3328
vn 0.9243 -0.3352 -0.1823
vn 0.9638 -0.1865 -0.1903
vn 0.7033 0.1801 0.6877
vn 0.8068 0.5417 0.2360
vn 0.8169 0.5227 0.2441
vn 0.8105 0.4905 -0.3200
vn 0.9941 -0.0701 -0.0826
vn 0.9967 -0.0615 0.0523
vn 0.4246 -0.8700 -0.2505
vn 0.4312 -0.8660 -0.2532
vn 0.4442 -0.8368 0.3202
vn 0.4194 -0.8394 0.3459
vn 0.5400 -0.3863 0.7477
vn 0.9345 -0.2964 0.1974
vn 0.9661 -0.1764 0.1885
vn 0.7255 0.1343 0.6750
vn 0.5642 -0.4086 0.7175
vn 0.8988 -0.4316 0.0768
vn 0.8964 -0.4387 -0.0631
vn 0.9039 -0.3875 -0.1809
vn 0.9557 -0.2237 -0.1912
vn 0.4966 -0.5151 -0.6987
vn 0.4919 -0.5178 -0.6999
vn 0.6822 0.0545 -0.7291
vn 0.6662 0.0513 -0.7440
vn 0.8035 0.4805 -0.3514
vn 0.8147 0.4721 -0.3366
vn 0.9882 -0.1203 -0.0946
vn 0.9910 -0.1120 0.0727
vn 0.8181 0.5122 0.2616
vn 0.8160 0.5165 0.2597
vn 0.6982 0.1415 0.7018
vn 0.9141 -0.3538 0.1983
vn 0.9595 -0.2088 0.1889
vn 0.6982 0.1416 0.7017
vn 0.5051 -0.4300 0.7483
vn 0.5042 -0.4291 0.7494
vn 0.3676 -0.8590 0.3564
vn 0.3862 -0.8587 0.3368
vn 0.3746 -0.8934 -0.2480
vn 0.3797 -0.8906 -0.2502
vn 0.8750 -0.4767 0.0850
vn 0.8715 -0.4861 -0.0641
vn -0.9039 -0.3875 -0.1809
vn -0.9557 -0.2237 -0.1912
vn -0.4966 -0.5151 -0.6987
vn -0.4927 -0.5173 -0.6998
vn -0.4962 -0.5150 -0.6990
vn -0.4919 -0.5178 -0.6999
vn -0.6822 0.0547 -0.7291
vn -0.6663 0.0515 -0.7439
vn -0.8033 0.4807 -0.3516
vn -0.8161 0.5162 0.2597
vn -0.8160 0.5165 0.2597
vn -0.8178 0.5128 0.2613
vn -0.8147 0.4721 -0.3366
vn -0.9882 -0.1203 -0.0946
vn -0.9910 -0.1120 0.0727
vn -0.8181 0.5122 0.2616
vn -0.6982 0.1415 0.7018
vn -0.6982 0.1416 0.7018
vn -0.5051 -0.4301 0.7483
vn -0.5046 -0.4290 0.7492
vn -0.5053 -0.4293 0.7486
vn -0.5041 -0.4291 0.7495
vn -0.3679 -0.8589 0.3563
vn -0.3861 -0.8587 0.3369
vn -0.3746 -0.8934 -0.2480
vn -0.3788 -0.8911 -0.2499
vn -0.3749 -0.8932 -0.2482
vn -0.3793 -0.8908 -0.2501
vn -0.9595 -0.2088 0.1889
vn -0.8748 -0.4768 0.0855
vn -0.8715 -0.4861 -0.0641
vn -0.9141 -0.3538 0.1983
vn -0.9244 -0.3350 -0.1826
vn -0.9638 -0.1866 -0.1905
vn -0.5341 -0.4917 -0.6877
vn -0.5288 -0.4952 -0.6893
vn -0.5336 -0.4922 -0.6878
vn -0.5275 -0.4960 -0.6897
vn -0.6921 0.0745 -0.7179
vn -0.6922 0.0745 -0.7178
vn -0.6924 0.0740 -0.7177
vn -0.6924 0.0745 -0.7176
vn -0.8010 0.4977 -0.3328
vn -0.8105 0.4905 -0.3200
vn -0.9941 -0.0701 -0.0826
vn -0.9975 -0.0627 0.0338
vn -0.7956 0.5616 0.2272
vn -0.8169 0.5226 0.2441
vn -0.6930 0.1872 0.6963
vn -0.4246 -0.8700 -0.2505
vn -0.4311 -0.8662 -0.2526
vn -0.4257 -0.8694 -0.2507
vn -0.4312 -0.8660 -0.2532
vn -0.4442 -0.8368 0.3202
vn -0.4194 -0.8394 0.3459
vn -0.5401 -0.3863 0.7477
vn -0.9345 -0.2964 0.1974
vn -0.9625 -0.1939 0.1900
vn -0.7244 0.1219 0.6786
vn -0.5642 -0.4086 0.7174
vn -0.8988 -0.4316 0.0768
vn -0.8964 -0.4386 -0.0631
vn 0.9852 0.1058 -0.1348
vn 0.9538 0.2721 -0.1273
vn 0.7080 -0.1471 -0.6907
vn 0.7116 -0.1413 -0.6883
vn 0.5948 0.4454 -0.6692
vn 0.5973 0.4472 -0.6658
vn 0.4935 0.8410 -0.2215
vn 0.4923 0.8414 -0.2230
vn 0.9252 0.3795 -0.0080
vn 0.9147 0.3718 0.1585
vn 0.4505 0.8136 0.3677
vn 0.4544 0.8105 0.3695
vn 0.5092 0.3638 0.7800
vn 0.9598 0.0874 0.2667
vn 0.9293 0.2478 0.2739
vn 0.5040 0.3676 0.7816
vn 0.6092 -0.2210 0.7616
vn 0.6130 -0.2219 0.7583
vn 0.7167 -0.6236 0.3124
vn 0.7217 -0.6203 0.3072
vn 0.7602 -0.5849 -0.2828
vn 0.7568 -0.5899 -0.2813
vn 0.9899 -0.0260 0.1391
vn 0.9996 -0.0173 -0.0214
vn -0.0234 0.9001 0.4351
vn 0.0949 0.0085 0.9954
vn 0.9947 0.0982 -0.0299
vn 0.9957 0.0889 -0.0253
vn 0.9946 0.1000 -0.0274
vn 0.9948 0.0980 -0.0271
vn 0.9961 0.0815 -0.0343
vn 0.9953 0.0942 -0.0211
vn 0.9959 0.0870 -0.0249
vn 0.9965 0.0766 -0.0349
vn 0.9946 0.1007 -0.0240
vn 0.9947 0.0995 -0.0240
vn 0.9947 0.0983 -0.0285
vn 0.9957 0.0892 -0.0252
vn 0.9950 0.0950 -0.0306
vn 0.9951 0.0941 -0.0299
vn 0.9955 0.0907 -0.0264
vn 0.9958 0.0886 -0.0250
vn 0.9957 0.0891 -0.0257
vn 0.9956 0.0907 -0.0226
vn 0.9956 0.0907 -0.0227
vn 0.9955 0.0893 -0.0310
vn 0.9958 0.0870 -0.0287
vn 0.9953 0.0924 -0.0288
vn 0.9953 0.0922 -0.0286
vn 0.9959 0.0863 -0.0266
vn 0.9955 0.0893 -0.0304
vn 0.9945 0.1015 -0.0246
vn 0.9950 0.0962 -0.0282
vn 0.9958 0.0888 -0.0219
vn 0.9958 0.0888 -0.0226
vn 0.9954 0.0916 -0.0269
vn 0.9956 0.0898 -0.0250
vn 0.9952 0.0913 -0.0338
vn 0.9954 0.0898 -0.0321
vn 0.9953 0.0912 -0.0312
vn 0.9952 0.0933 -0.0295
vn 0.9955 0.0890 -0.0314
vn 0.9957 0.0877 -0.0291
vn 0.5555 -0.7938 0.2476
vn 0.5561 -0.5230 0.6459
vn 0.5044 -0.1133 0.8560
vn 0.4126 0.4198 0.8084
vn 0.4402 0.8240 0.3567
vn -0.3939 -0.9016 -0.1788
vn 0.4525 0.8174 0.3564
vn 0.4295 0.9026 0.0279
vn -0.9945 -0.1022 0.0221
vn -0.9941 -0.1053 0.0275
vn -0.9945 -0.1005 0.0287
vn -0.9942 -0.1032 0.0288
vn -0.9945 -0.1006 0.0296
vn -0.9962 -0.0811 0.0304
vn -0.9962 -0.0823 0.0297
vn -0.9954 -0.0911 0.0293
vn -0.9955 -0.0910 0.0266
vn -0.9954 -0.0926 0.0249
vn -0.9958 -0.0873 0.0286
vn -0.9960 -0.0842 0.0284
vn -0.9961 -0.0845 0.0272
vn -0.9962 -0.0824 0.0276
vn -0.9955 -0.0902 0.0276
vn -0.9957 -0.0876 0.0290
vn -0.9953 -0.0915 0.0309
vn -0.9954 -0.0915 0.0286
vn -0.9955 -0.0886 0.0323
vn -0.9956 -0.0883 0.0322
vn -0.9956 -0.0879 0.0314
vn -0.9956 -0.0886 0.0315
vn -0.2775 -0.4784 0.8331
vn -0.9953 -0.0938 0.0258
vn -0.9953 -0.0925 0.0297
vn -0.9952 -0.0929 0.0321
vn -0.9951 -0.0931 0.0325
vn -0.9959 -0.0862 0.0255
vn -0.9957 -0.0916 0.0167
vn -0.9953 -0.0900 0.0347
vn -0.9956 -0.0875 0.0348
vn -0.9955 -0.0883 0.0346
vn -0.9954 -0.0902 0.0325
vn -0.9954 -0.0898 0.0325
vn -0.9953 -0.0920 0.0295
vn -0.9951 -0.0934 0.0325
vn -0.9955 -0.0901 0.0302
vn -0.9955 -0.0901 0.0303
vn -0.9955 -0.0900 0.0302
vn -0.0123 0.8975 0.4409
vn 0.2870 0.9137 0.2878
vn 0.1152 0.8274 -0.5496
vn 0.0898 0.2418 -0.9662
vn 0.0870 0.2424 -0.9663
vn 0.0892 0.2418 -0.9662
vn 0.0860 0.2427 -0.9663
vn 0.1391 -0.1948 -0.9709
vn 0.1541 -0.1876 -0.9701
vn 0.3093 -0.9463 -0.0936
vn 0.0965 0.0074 0.9953
vn 0.0414 -0.7761 0.6293
vn 0.1422 0.2725 0.9516
vn 0.3211 -0.7547 0.5722
vn 0.1364 0.2688 0.9535
vn 0.3109 -0.7547 0.5777
vn 0.3198 -0.9424 -0.0981
vn 0.1250 0.8254 -0.5506
vn 0.2832 0.9144 0.2894
vn 0.4311 0.4227 0.7972
vn 0.4945 -0.1183 0.8611
vn 0.5509 -0.5270 0.6471
vn 0.5651 -0.7868 0.2483
vn 0.5584 -0.7978 -0.2274
vn 0.4231 0.8591 -0.2879
vn 0.4196 0.9072 0.0317
vn -0.3702 -0.9120 -0.1763
vn -0.3366 -0.9298 0.1488
vn -0.3002 -0.8602 0.4124
vn -0.3260 -0.9341 0.1454
vn -0.2969 -0.8616 0.4117
vn -0.2991 -0.4715 0.8296
vn -0.3240 0.0049 0.9460
vn -0.3673 0.5247 0.7680
vn -0.4113 0.8798 0.2383
vn -0.3160 0.0081 0.9487
vn -0.3760 0.5243 0.7640
vn -0.4069 0.8814 0.2401
vn -0.4502 0.8652 -0.2209
vn -0.4269 0.8740 -0.2321
vn -0.2878 -0.4083 -0.8663
vn -0.2791 -0.4046 -0.8709
vn -0.3483 0.0614 -0.9354
vn -0.3676 0.0669 -0.9276
vn -0.4320 0.5159 -0.7397
vn -0.4347 0.5140 -0.7395
vn -0.1601 -0.9186 -0.3613
vn -0.1567 -0.9182 -0.3637
vn 0.0466 -0.7779 0.6267
vn 0.6367 -0.3782 -0.6720
vn 0.7673 0.5246 -0.3690
vn 0.8069 0.1154 -0.5793
vn 0.8045 0.1135 -0.5830
vn 0.7715 -0.0607 -0.6333
vn 0.7679 -0.0629 -0.6375
vn 0.6188 -0.5474 0.5635
vn 0.6260 -0.1202 0.7705
vn 0.6280 -0.1214 0.7687
vn 0.6255 -0.1199 0.7710
vn 0.6284 -0.1215 0.7684
vn 0.5929 0.0567 0.8032
vn 0.5964 0.0549 0.8008
vn 0.5924 0.0568 0.8036
vn 0.5972 0.0544 0.8002
vn 0.4765 0.3808 0.7924
vn -0.6414 0.3880 0.6619
vn -0.7784 0.0586 0.6250
vn -0.7750 0.0609 0.6290
vn -0.7778 0.0591 0.6258
vn -0.7745 0.0610 0.6296
vn -0.8073 -0.1162 0.5785
vn -0.8070 -0.1159 0.5791
vn -0.8070 -0.1160 0.5790
vn -0.8068 -0.1158 0.5793
vn -0.7699 -0.5165 0.3749
vn -0.6200 0.5415 -0.5679
vn -0.6254 0.1194 -0.7711
vn -0.6236 0.1183 -0.7728
vn -0.6250 0.1192 -0.7715
vn -0.6232 0.1181 -0.7731
vn -0.5874 -0.0564 -0.8073
vn -0.5945 -0.0529 -0.8023
vn -0.5885 -0.0559 -0.8065
vn -0.5961 -0.0521 -0.8012
vn -0.4807 -0.3663 -0.7967
vn -0.6577 0.3116 0.6858
vn -0.5857 -0.5811 0.5650
vn -0.4235 0.6475 0.6336
vn -0.7430 0.6577 0.1243
vn -0.7386 0.6621 0.1269
vn -0.5927 0.6385 -0.4910
vn -0.5938 0.6346 -0.4946
vn 0.0177 0.6136 -0.7894
vn 0.0140 0.6272 -0.7787
vn 0.0130 -0.5113 -0.8593
vn 0.0150 -0.5045 -0.8633
vn -0.5146 -0.5478 -0.6596
vn -0.5159 -0.5462 -0.6599
vn -0.5141 -0.5484 -0.6595
vn -0.5163 -0.5457 -0.6600
vn -0.7421 -0.6526 -0.1530
vn -0.7430 -0.6517 -0.1526
vn -0.7418 -0.6529 -0.1532
vn -0.7432 -0.6514 -0.1524
vn -0.5209 -0.7577 0.3931
vn 0.4297 -0.7308 -0.5304
vn 0.5131 -0.5408 -0.6665
vn 0.7406 -0.6600 -0.1264
vn 0.7459 -0.6537 -0.1273
vn 0.5177 -0.7628 0.3876
vn 0.5196 -0.7608 0.3888
vn -0.0130 -0.8051 0.5930
vn -0.0137 -0.8065 0.5911
vn -0.0127 0.6577 0.7532
vn -0.0112 0.6543 0.7562
vn 0.4445 0.6555 0.6106
vn 0.4429 0.6598 0.6070
vn 0.7383 0.6570 0.1524
vn 0.7396 0.6554 0.1528
vn 0.6377 0.6487 -0.4154
vn 0.3951 0.8838 -0.2506
vn 0.5495 0.5138 0.6588
vn 0.7431 0.6519 0.1512
vn 0.4360 0.6496 0.6229
vn 0.5387 -0.6937 0.4780
vn 0.5097 -0.7598 0.4036
vn -0.4242 -0.7286 -0.5378
vn -0.5011 -0.5426 -0.6742
vn 0.7405 0.6545 0.1527
vn 0.7408 -0.6595 -0.1275
vn 0.7436 -0.6567 -0.1258
vn 0.7448 -0.6554 -0.1250
vn 0.7395 -0.6608 -0.1283
vn -0.7389 -0.6566 -0.1511
vn -0.7405 -0.6547 -0.1515
vn -0.7412 -0.6539 -0.1516
vn -0.7381 -0.6575 -0.1510
vn -0.3897 0.8836 -0.2595
vn -0.6268 0.6550 -0.4220
vn -0.7431 0.6572 0.1260
vn -0.7456 0.6543 0.1264
vn -0.7439 0.6563 0.1260
vn -0.7463 0.6535 0.1267
vn -0.4647 0.6514 0.5997
vn -0.4617 0.6594 0.5934
vn -0.4638 0.6537 0.5979
vn -0.4610 0.6614 0.5917
vn 0.6114 0.6383 -0.4677
vn 0.6102 0.6422 -0.4640
vn 0.5285 -0.5576 -0.6401
vn 0.5319 -0.5536 -0.6408
vn -0.5360 -0.7611 0.3653
vn -0.5356 -0.7615 0.3650
vn -0.5624 0.3734 0.7377
vn 0.4978 0.5468 0.6732
vn -0.7407 -0.6546 -0.1515
vn -0.7413 -0.6539 -0.1516
vn -0.5011 -0.5425 -0.6742
vn 0.7431 0.6516 0.1521
vn 0.5366 0.7590 -0.3688
vn 0.5365 0.7591 -0.3686
vn 0.5292 -0.5580 -0.6392
vn 0.5330 -0.5535 -0.6400
vn -0.5350 -0.7611 0.3668
vn -0.5338 -0.7622 0.3662
vn -0.5308 0.5572 0.6386
vn -0.5328 0.5510 0.6423
vn -0.5313 0.5555 0.6396
vn -0.5334 0.5492 0.6434
vn -0.7433 0.6568 0.1271
vn -0.7440 0.6560 0.1272
vn -0.7413 0.6591 0.1267
vn 0.7456 0.6491 0.1507
vn 0.5011 0.5376 0.6782
vn -0.5365 0.7643 -0.3577
vn -0.7405 0.6601 0.1266
vn -0.3854 0.8871 -0.2540
vn -0.5847 -0.5818 0.5654
vn -0.5176 -0.7620 0.3892
vn -0.7414 -0.6536 -0.1521
vn -0.7394 -0.6556 -0.1532
vn -0.7400 -0.6550 -0.1529
vn -0.7405 0.6601 0.1264
vn -0.5182 0.7635 -0.3854
vn -0.7421 -0.6529 -0.1517
vn -0.5151 -0.5460 -0.6607
vn -0.5137 -0.5477 -0.6604
vn -0.5157 -0.5453 -0.6609
vn -0.5130 -0.5485 -0.6603
vn 0.0123 -0.5067 -0.8620
vn 0.0133 -0.5099 -0.8601
vn 0.0120 -0.5052 -0.8629
vn 0.0138 -0.5115 -0.8592
vn 0.5131 -0.5409 -0.6665
vn 0.7408 -0.6601 -0.1248
vn 0.7497 -0.6496 -0.1264
vn 0.5218 -0.7586 0.3902
vn -0.0149 -0.8048 0.5934
vn -0.0159 -0.8069 0.5905
vn -0.5182 0.7635 -0.3855
vn 0.0133 0.8053 -0.5927
vn 0.0130 0.8061 -0.5916
vn 0.0135 0.8050 -0.5931
vn 0.0129 0.8063 -0.5913
vn -0.7446 0.6560 0.1239
vn -0.5139 0.5362 0.6696
vn 0.4227 0.8861 -0.1901
vn 0.5132 0.7570 -0.4044
vn 0.7431 0.6517 0.1520
vn 0.7417 0.6534 0.1517
vn 0.5133 0.5506 0.6583
vn 0.5150 0.5450 0.6617
vn -0.0133 0.5065 0.8621
vn -0.0121 0.5098 0.8602
vn -0.0139 0.5051 0.8630
vn -0.0117 0.5111 0.8595
vn -0.6610 0.3120 0.6825
vn -0.5767 0.6682 -0.4700
vn -0.7137 0.6877 0.1328
vn -0.7136 0.6879 0.1328
vn -0.4061 0.6742 0.6169
vn -0.5847 -0.5817 0.5654
vn -0.7421 -0.6529 -0.1516
vn 0.7456 -0.6545 -0.1257
vn 0.5213 -0.7602 0.3877
vn 0.5187 -0.7628 0.3861
vn -0.5129 -0.5486 -0.6603
vn -0.5136 -0.5478 -0.6604
vn -0.5151 -0.5460 -0.6608
vn -0.5745 0.6743 -0.4639
vn -0.0149 -0.8049 0.5932
vn 0.0133 -0.5100 -0.8601
vn 0.0123 -0.5068 -0.8620
vn 0.0120 -0.5053 -0.8628
vn 0.0150 0.6595 -0.7516
vn 0.0152 0.6587 -0.7522
vn 0.0155 0.6575 -0.7533
vn 0.0157 0.6566 -0.7541
vn -0.0122 0.6793 0.7338
vn -0.0119 0.6800 0.7331
vn -0.0108 0.6822 0.7311
vn -0.0103 0.6830 0.7303
vn 0.4236 0.6851 0.5926
vn 0.4249 0.6819 0.5954
vn 0.7130 0.6829 0.1591
vn 0.7068 0.6896 0.1576
vn 0.6111 0.6858 -0.3953
vn 0.3908 0.8872 -0.2452
vn 0.5559 0.5136 0.6536
vn 0.7104 0.6858 0.1579
vn 0.4150 0.6797 0.6049
vn 0.5097 -0.7599 0.4035
vn 0.7078 0.6882 0.1592
vn 0.7438 -0.6565 -0.1257
vn 0.7445 -0.6558 -0.1253
vn 0.7448 -0.6555 -0.1251
vn 0.7435 -0.6568 -0.1258
vn -0.7419 -0.6535 -0.1502
vn -0.7418 -0.6536 -0.1501
vn -0.7415 -0.6539 -0.1501
vn -0.7419 -0.6535 -0.1501
vn -0.3855 0.8871 -0.2540
vn -0.5997 0.6923 -0.4013
vn -0.7100 0.6914 0.1337
vn -0.7129 0.6883 0.1342
vn -0.7110 0.6904 0.1339
vn -0.7138 0.6874 0.1344
vn -0.4431 0.6816 0.5823
vn -0.4423 0.6833 0.5809
vn -0.4428 0.6822 0.5818
vn -0.4421 0.6841 0.5802
vn 0.5909 0.6782 -0.4369
vn 0.5932 0.6723 -0.4428
vn 0.5314 -0.5542 -0.6407
vn 0.5318 -0.5537 -0.6408
vn -0.5391 -0.7570 0.3692
vn -0.5339 -0.7622 0.3661
vn 0.6392 -0.3881 -0.6639
vn 0.7713 0.5211 -0.3654
vn 0.8090 0.1155 -0.5763
vn 0.8107 0.1168 -0.5738
vn 0.7778 -0.0597 -0.6257
vn 0.7742 -0.0619 -0.6299
vn 0.6223 -0.5442 0.5626
vn 0.6289 -0.1240 0.7676
vn 0.6235 -0.1209 0.7724
vn 0.6301 -0.1247 0.7665
vn 0.6227 -0.1204 0.7732
vn 0.5855 0.0594 0.8085
vn 0.6008 0.0517 0.7978
vn 0.4819 0.3731 0.7929
vn -0.6473 0.3782 0.6619
vn -0.7804 0.0580 0.6225
vn -0.7746 0.0617 0.6294
vn -0.7793 0.0588 0.6238
vn -0.7739 0.0620 0.6303
vn -0.8072 -0.1104 0.5799
vn -0.8113 -0.1134 0.5736
vn -0.8077 -0.1107 0.5791
vn -0.8120 -0.1141 0.5724
vn -0.7702 -0.5221 0.3663
vn -0.6230 0.5437 -0.5624
vn -0.6284 0.1208 -0.7685
vn -0.6280 0.1206 -0.7688
vn -0.6275 0.1203 -0.7693
vn -0.5924 -0.0532 -0.8039
vn -0.5998 -0.0495 -0.7986
vn -0.5935 -0.0527 -0.8031
vn -0.6014 -0.0486 -0.7974
vn -0.4768 -0.3830 -0.7912
vn 0.5347 -0.7027 0.4694
vn 0.6121 0.6361 -0.4699
vn 0.6105 0.6409 -0.4653
vn 0.6117 0.6374 -0.4686
vn 0.6100 0.6425 -0.4638
vn 0.7335 0.6615 0.1560
vn 0.5305 -0.5543 -0.6413
vn 0.5312 -0.5535 -0.6415
vn 0.7403 -0.6604 -0.1258
vn 0.7407 -0.6600 -0.1256
vn 0.7404 -0.6603 -0.1257
vn 0.5070 -0.7638 0.3994
vn 0.7422 0.6529 0.1512
vn 0.4533 0.6549 0.6046
vn 0.4959 0.5544 0.6684
vn -0.5595 0.3793 0.7369
vn 0.0142 -0.5069 -0.8619
vn 0.0131 -0.5031 -0.8641
vn 0.0142 0.8024 -0.5966
vn 0.0139 0.8032 -0.5956
vn 0.0131 0.8050 -0.5931
vn 0.0127 0.8059 -0.5920
vn -0.5179 0.7633 -0.3862
vn -0.5184 0.7622 -0.3876
vn -0.7454 0.6552 0.1230
vn -0.7403 0.6603 0.1261
vn -0.5111 0.5399 0.6688
vn -0.5830 -0.5887 0.5600
vn -0.5207 -0.7567 0.3955
vn -0.7426 -0.6520 -0.1528
vn -0.5149 -0.5458 -0.6611
vn -0.5155 -0.5450 -0.6613
vn 0.5362 -0.7017 0.4692
vn 0.7388 0.6562 0.1535
vn 0.5336 0.7626 -0.3657
vn 0.5388 0.7573 -0.3691
vn 0.5307 -0.5543 -0.6411
vn 0.5310 -0.5535 -0.6416
vn 0.5309 -0.5537 -0.6416
vn 0.5311 -0.5533 -0.6417
vn 0.7404 -0.6603 -0.1258
vn 0.7437 -0.6570 -0.1236
vn 0.7414 -0.6593 -0.1251
vn 0.7447 -0.6560 -0.1231
vn 0.5106 -0.7591 0.4037
vn 0.7429 0.6521 0.1511
vn 0.5011 0.5371 0.6786
vn 0.4946 0.5551 0.6688
vn 0.5362 -0.7018 0.4691
vn 0.5930 0.6737 -0.4409
vn 0.5927 0.6745 -0.4402
vn 0.5929 0.6739 -0.4407
vn 0.5925 0.6750 -0.4397
vn 0.7066 0.6894 0.1598
vn 0.5330 -0.5500 -0.6429
vn 0.5305 -0.5530 -0.6424
vn 0.7436 -0.6571 -0.1238
vn 0.7414 -0.6593 -0.1252
vn 0.7446 -0.6560 -0.1232
vn 0.5105 -0.7592 0.4037
vn 0.7112 0.6851 0.1575
vn 0.4370 0.6847 0.5832
vn 0.4946 0.5550 0.6688
vn 0.8945 0.4463 0.0265
vn 0.6753 0.7362 0.0437
vn 0.2616 0.9635 0.0573
vn 0.7670 0.3585 0.5321
vn -0.0046 -0.0410 0.9991
vn -0.0053 -0.0405 0.9992
vn -0.0053 -0.0407 0.9992
vn -0.0031 -0.0360 0.9993
vn -0.8600 -0.4391 0.2599
vn -0.8601 -0.4391 0.2598
vn -0.6396 -0.7190 0.2719
vn -0.6179 -0.7085 0.3409
vn -0.2483 -0.9052 0.3450
vn -0.2450 -0.9002 0.3600
vn 0.2514 -0.8987 0.3594
vn 0.2514 -0.9042 0.3453
vn 0.2207 0.8163 0.5338
vn 0.0111 -0.0369 0.9993
vn 0.0052 -0.0351 0.9994
vn 0.0065 -0.0354 0.9994
vn -0.0131 -0.0478 0.9988
vn 0.0130 -0.0472 0.9988
vn -0.0052 -0.0357 0.9993
vn -0.0123 -0.0376 0.9992
vn 0.0053 -0.0407 0.9992
vn 0.0046 -0.0410 0.9991
vn 0.0035 -0.0418 0.9991
vn 0.0053 -0.0405 0.9992
vn 0.0031 -0.0360 0.9993
vn -0.0004 -0.0429 0.9991
vn 0.0027 -0.0363 0.9993
vn -0.0072 -0.0354 0.9993
vn 0.0000 -0.0374 0.9993
vn -0.0029 -0.0305 0.9995
vn 0.9660 0.1355 0.2203
vn 0.9199 0.1359 0.3679
vn -0.0023 -0.0376 0.9993
vn -0.0016 -0.0387 0.9992
vn 0.0226 -0.0396 0.9990
vn 0.0081 -0.0288 0.9996
vn 0.5794 0.6424 0.5015
vn 0.6222 0.6759 0.3950
vn -0.0062 -0.0325 0.9995
vn 0.0109 -0.0321 0.9994
vn 0.0047 -0.0359 0.9993
vn 0.0147 0.0000 0.9999
vn -0.0145 0.0000 0.9999
vn 0.5990 -0.6718 0.4358
vn -0.0081 -0.0288 0.9996
vn 0.0062 -0.0325 0.9995
vn -0.0046 -0.0359 0.9993
vn -0.0109 -0.0317 0.9994
vn 0.0111 -0.0317 0.9994
vn 0.2379 0.8110 0.5344
vn 0.2478 0.8312 0.4977
vn -0.2661 -0.8436 0.4664
vn -0.2614 -0.9637 -0.0550
vn -0.2644 -0.9627 -0.0569
vn -0.2621 -0.9635 -0.0554
vn -0.2649 -0.9626 -0.0571
vn -0.8693 0.4214 0.2582
vn -0.8532 0.4024 0.3320
vn -0.0226 -0.0396 0.9990
vn 0.0016 -0.0387 0.9992
vn 0.0065 -0.0300 0.9995
vn 0.0007 -0.0320 0.9995
vn 0.0072 -0.0354 0.9993
vn 0.8358 -0.1428 0.5301
vn -0.9634 -0.1492 0.2226
vn -0.9166 -0.1596 0.3666
vn 0.0006 -0.0427 0.9991
vn 0.0004 -0.0426 0.9991
vn 0.8528 0.1052 0.5116
vn -0.6753 -0.7362 -0.0433
vn -0.6420 0.7195 0.2648
vn -0.2602 0.9062 0.3333
vn -0.8861 0.4374 0.1531
vn -0.9883 0.1406 0.0591
vn -0.9883 -0.1429 -0.0526
vn 0.9891 0.1468 0.0099
vn 0.9893 -0.1453 -0.0086
vn 0.8945 -0.4463 -0.0262
vn 0.7797 -0.4077 0.4752
vn 0.6758 -0.7358 -0.0436
vn 0.2579 -0.9646 -0.0550
vn 0.6752 0.7363 0.0437
vn 0.2623 0.9633 0.0567
vn -0.2651 0.9625 0.0572
vn -0.6753 0.7362 0.0437
vn -0.8945 0.4463 0.0265
vn -0.9891 0.1468 0.0099
vn -0.9893 -0.1453 -0.0086
vn -0.8945 -0.4463 -0.0262
vn -0.6758 -0.7358 -0.0436
vn -0.6419 -0.7193 -0.2654
vn -0.2602 -0.9061 -0.3337
vn -0.8849 -0.4371 -0.1609
vn -0.6419 -0.7196 -0.2650
vn -0.2605 -0.9058 -0.3341
vn 0.2651 -0.9048 -0.3332
vn 0.6419 -0.7193 -0.2657
vn 0.8849 -0.4371 -0.1609
vn 0.6180 -0.7085 0.3409
vn 0.9883 -0.1429 -0.0526
vn 0.8602 -0.4390 0.2596
vn 0.9883 0.1406 0.0591
vn 0.9634 -0.1492 0.2226
vn 0.8859 0.4378 0.1531
vn 0.6420 0.7195 0.2648
vn 0.8693 0.4214 0.2582
vn 0.2651 0.9049 0.3330
vn -0.2604 0.9057 0.3345
vn -0.2429 0.8318 0.4990
vn -0.6420 0.7195 0.2647
vn -0.5795 0.6426 0.5013
vn -0.8861 0.4349 0.1601
vn -0.9883 0.1441 0.0503
vn -0.9660 0.1355 0.2203
vn -0.9882 -0.1410 -0.0594
vn 0.8861 0.4349 0.1601
vn 0.6420 0.7195 0.2647
vn 0.2654 0.9045 0.3338
vn 0.9883 0.1440 0.0505
vn 0.9166 -0.1596 0.3666
vn 0.8600 -0.4391 0.2599
vn 0.9883 -0.1406 -0.0591
vn 0.6396 -0.7191 0.2717
vn 0.8849 -0.4370 -0.1609
vn 0.6418 -0.7196 -0.2651
vn 0.2654 -0.9046 -0.3336
vn 0.6753 -0.7362 -0.0432
vn 0.8945 -0.4463 -0.0263
vn 0.9891 -0.1469 -0.0099
vn 0.9893 0.1453 0.0086
vn 0.2613 -0.9636 -0.0571
vn 0.2626 -0.8447 0.4663
vn 0.7960 0.3804 0.4708
vn 0.5946 0.6314 0.4978
vn 0.2159 0.7633 0.6089
vn -0.2237 0.8153 0.5341
vn -0.5964 0.6340 0.4923
vn -0.7671 0.3585 0.5320
vn -0.8528 0.1052 0.5116
vn -0.8359 -0.1428 0.5300
vn -0.7820 -0.4041 0.4745
vn -0.5989 -0.6717 0.4361
vn -0.8849 -0.4370 -0.1609
vn 0.8533 0.4025 0.3315
vn -0.5745 -0.6549 0.4910
vn -0.8945 -0.4463 -0.0263
vn -0.7506 -0.3952 0.5295
vn -0.9891 -0.1469 -0.0099
vn -0.8488 -0.1425 0.5092
vn -0.9893 0.1453 0.0086
vn -0.8439 0.1021 0.5268
vn -0.7961 0.3804 0.4707
vn -0.6752 0.7363 0.0437
vn -0.5945 0.6315 0.4977
vn -0.2658 0.9623 0.0567
vn -0.2188 0.7623 0.6091
vn -0.2336 0.8124 0.5343
vn -0.6222 0.6759 0.3950
vn 0.5744 -0.6548 0.4912
vn 0.7524 -0.3916 0.5297
vn 0.8488 -0.1425 0.5092
vn 0.8439 0.1021 0.5268
vn -0.9199 0.1359 0.3679
vn -0.0081 -0.0452 0.9989
vn -0.0092 -0.0392 0.9992
vn 0.0100 -0.0364 0.9993
vn 0.0096 -0.0364 0.9993
vn 0.0092 -0.0364 0.9993
vn 0.0090 -0.0364 0.9993
vn -0.0117 -0.0395 0.9992
vn 0.0101 -0.0395 0.9992
vn -0.0104 -0.0425 0.9990
vn -0.0253 -0.0470 0.9986
vn -0.0090 -0.0392 0.9992
vn 0.0066 -0.0372 0.9993
vn 0.0080 -0.0388 0.9992
vn 0.0091 -0.0365 0.9993
vn -0.0024 -0.0417 0.9991
vn 0.0062 -0.0386 0.9992
vn -0.0047 -0.0427 0.9991
vn -0.0129 -0.0409 0.9991
vn 0.0142 -0.0205 0.9997
vn 0.6480 -0.0939 -0.7558
vn 0.6484 -0.0938 -0.7555
vn 0.6501 -0.0929 -0.7541
vn 0.6506 -0.0926 -0.7538
vn -0.6538 -0.0484 -0.7551
vn -0.6541 -0.0482 -0.7548
vn 0.6481 -0.0939 0.7558
vn 0.6460 -0.0949 0.7574
vn -0.6541 -0.0505 0.7547
vn -0.6494 -0.0478 0.7590
vn 0.0123 -0.0376 0.9992
vn -0.0035 -0.0418 0.9991
vn 0.5965 0.6341 0.4920
vn 0.0148 0.9999 0.0000
vn 0.0149 0.9999 0.0000
vn -0.0157 -0.9999 0.0000
vn -0.0104 -0.9999 0.0000
vn -0.0210 -0.9998 0.0000
vn 0.5542 -0.8009 -0.2267
vn 0.4932 -0.4039 -0.7705
vn 0.4852 -0.4088 -0.7730
vn 0.4295 0.0025 -0.9031
vn 0.4391 0.0062 -0.8984
vn 0.4160 0.4073 -0.8130
vn 0.4103 0.4092 -0.8150
vn 0.4141 0.4079 -0.8137
vn 0.4085 0.4098 -0.8156
vn 0.3992 0.8672 -0.2976
vn -0.5818 -0.5895 0.5603
vn -0.5171 -0.7613 0.3912
vn -0.7390 -0.6556 -0.1548
vn -0.5156 -0.5449 -0.6613
vn 0.0131 -0.5031 -0.8642
vn 0.0142 -0.5068 -0.8619
vn -0.5603 0.3788 0.7366
vn -0.4596 0.6593 0.5951
vn -0.7401 0.6603 0.1275
vn -0.7453 0.6550 0.1244
vn -0.5948 0.6313 -0.4977
vn -0.5935 0.6360 -0.4933
vn 0.0167 0.6175 -0.7864
vn 0.0158 0.6136 -0.7894
vn -0.5596 0.3792 0.7369
vn -0.4423 0.6892 0.5739
vn -0.7084 0.6928 0.1350
vn -0.7188 0.6831 0.1294
vn -0.5786 0.6639 -0.4737
vn -0.5769 0.6689 -0.4688
vn 0.0152 0.6532 -0.7570
vn 0.0152 0.6530 -0.7572
vn 0.0153 0.6528 -0.7573
vn 0.0149 0.6541 -0.7562
vn -0.5829 -0.5888 0.5599
vn -0.5181 -0.7614 0.3897
vn -0.7388 -0.6562 -0.1535
vn -0.7430 -0.6520 -0.1511
vn 0.0143 -0.5028 -0.8643
vn 0.0142 -0.5027 -0.8643
usemtl texturefile_13
s 1
f 5901/5901/6158 5902/5902/6158 5903/5903/6158
f 5904/5904/6159 5905/5905/6159 5903/5903/6159
f 5906/5906/6160 5903/5903/6160 5905/5905/6160
f 5907/5907/6161 5903/5903/6161 5906/5906/6161
f 5903/5903/6162 5907/5907/6162 5908/5908/6162
f 5909/5909/6163 5908/5908/6163 5907/5907/6163
f 5910/5910/6164 5907/5907/6164 5911/5911/6164
f 5906/5906/6165 5911/5911/6165 5907/5907/6165
f 5912/5912/6166 5911/5911/6166 5906/5906/6166
f 5913/5913/6167 5911/5911/6167 5912/5912/6167
f 5911/5911/6168 5913/5913/6168 5914/5914/6168
f 5912/5912/6169 5915/5915/6169 5913/5913/6169
f 5916/5916/6170 5913/5913/6170 5915/5915/6170
f 5913/5913/6171 5916/5916/6171 5917/5917/6171
f 5918/5918/6172 5917/5917/6172 5916/5916/6172
f 5917/5917/6173 5918/5918/6173 5919/5919/6173
f 5920/5920/6174 5919/5919/6174 5918/5918/6174
f 5919/5919/6175 5920/5920/6175 5921/5921/6175
f 5922/5922/6176 5921/5921/6176 5920/5920/6176
f 5921/5921/6177 5922/5922/6177 5923/5923/6177
f 5924/5924/6178 5923/5923/6178 5922/5922/6178
f 5923/5923/6179 5924/5924/6179 5925/5925/6179
f 5915/5915/6180 5926/5926/6180 5916/5916/6180
f 5927/5927/6181 5916/5916/6181 5926/5926/6181
f 5916/5916/6182 5927/5927/6182 5918/5918/6182
f 5928/5928/6183 5918/5918/6183 5927/5927/6183
f 5918/5918/6184 5928/5928/6184 5920/5920/6184
f 5929/5929/6185 5920/5920/6185 5928/5928/6185
f 5920/5920/6186 5929/5929/6186 5922/5922/6186
f 5930/5930/6187 5922/5922/6187 5929/5929/6187
f 5922/5922/6188 5930/5930/6188 5924/5924/6188
f 5931/5931/6189 5932/5932/6189 5926/5926/6189
f 5926/5926/6190 5932/5932/6190 5927/5927/6190
f 5933/5933/6191 5927/5927/6191 5932/5932/6191
f 5927/5927/6192 5933/5933/6192 5928/5928/6192
f 5934/5934/6193 5928/5928/6193 5933/5933/6193
f 5928/5928/6194 5934/5934/6194 5929/5929/6194
f 5935/5935/6195 5936/5936/6195 5937/5937/6195
f 5938/5938/6196 5937/5937/6196 5939/5939/6196
f 5940/5940/6197 5941/5941/6197 5936/5936/6197
f 5942/5942/6198 5943/5943/6198 5944/5944/6198
f 5939/5939/6199 5944/5944/6199 5943/5943/6199
f 5945/5945/6200 5946/5946/6200 5947/5947/6200
f 5946/5946/6201 5948/5948/6201 5949/5949/6201
f 5950/5950/6202 5945/5945/6202 5951/5951/6202
f 5952/5952/6203 5953/5953/6203 5954/5954/6203
f 5955/5955/6204 5954/5954/6204 5956/5956/6204
f 5957/5957/6205 5958/5958/6205 5959/5959/6205
f 5960/5960/6206 5961/5961/6206 5962/5962/6206
f 5960/5960/6207 5963/5963/6207 5964/5964/6207
f 5965/5965/6208 5966/5966/6208 5967/5967/6208
f 5968/5968/6209 5969/5969/6209 5970/5970/6209
f 5971/5971/6210 5969/5969/6210 5972/5972/6210
f 5973/5973/6211 5974/5974/6211 5975/5975/6211
f 5971/5971/6212 5975/5975/6212 5974/5974/6212
f 5975/5975/6213 5971/5971/6213 5976/5976/6213
f 5977/5977/6214 5976/5976/6214 5971/5971/6214
f 5978/5978/6215 5976/5976/6215 5977/5977/6215
f 5979/5979/6216 5976/5976/6216 5978/5978/6216
f 5976/5976/6217 5979/5979/6217 5980/5980/6217
f 5978/5978/6218 5981/5981/6218 5979/5979/6218
f 5979/5979/6219 5981/5981/6219 5982/5982/6219
f 5983/5983/6220 5982/5982/6220 5981/5981/6220
f 5982/5982/6221 5983/5983/6221 5984/5984/6221
f 5985/5985/6222 5986/5986/6222 5987/5987/6222
f 5988/5988/6223 5987/5987/6223 5986/5986/6223
f 5983/5983/6224 5987/5987/6224 5988/5988/6224
f 5987/5987/6225 5983/5983/6225 5981/5981/6225
f 5989/5989/6226 5978/5978/6226 5987/5987/6226
f 5990/5990/6227 5987/5987/6227 5978/5978/6227
f 5987/5987/6228 5990/5990/6228 5985/5985/6228
f 5985/5985/6229 5990/5990/6229 5991/5991/6229
f 5991/5991/6230 5990/5990/6230 5992/5992/6230
f 5993/5993/6231 5992/5992/6231 5990/5990/6231
f 5992/5992/6232 5993/5993/6232 5994/5994/6232
f 5972/5972/6233 5994/5994/6233 5993/5993/6233
f 5995/5995/6234 5994/5994/6234 5972/5972/6234
f 5995/5995/6235 5996/5996/6235 5997/5997/6235
f 5988/5988/6236 5998/5998/6236 5999/5999/6236
f 6000/6000/6237 5999/5999/6237 5998/5998/6237
f 6001/6001/6238 6002/6002/6238 6003/6003/6238
f 6004/6004/6239 6003/6003/6239 6002/6002/6239
f 6003/6003/6240 6004/6004/6240 6005/6005/6240
f 6006/6006/6241 6005/6005/6241 6004/6004/6241
f 6005/6005/6242 6006/6006/6242 6007/6007/6242
f 5996/5996/6243 6007/6007/6243 6006/6006/6243
f 5970/5970/6244 6006/6006/6244 6008/6008/6244
f 6004/6004/6245 6008/6008/6245 6006/6006/6245
f 6008/6008/6246 6004/6004/6247 6009/6009/6248
f 6002/6002/6249 6009/6009/6248 6004/6004/6247
f 6009/6009/6250 6002/6002/6250 6010/6010/6250
f 6001/6001/6251 6010/6010/6251 6002/6002/6251
f 6010/6010/6252 6001/6001/6252 6011/6011/6252
f 6011/6011/6253 6001/6001/6253 6012/6012/6253
f 6012/6012/6254 6001/6001/6254 6013/6013/6254
f 6013/6013/6255 6001/6001/6255 6014/6014/6255
f 6015/6015/6256 6014/6014/6256 6001/6001/6256
f 6003/6003/6257 6005/6005/6257 6016/6016/6257
f 6007/6007/6258 6016/6016/6258 6005/6005/6258
f 6016/6016/6259 6007/6007/6259 6017/6017/6259
f 6018/6018/6260 6017/6017/6260 6007/6007/6260
f 6017/6017/6261 6018/6018/6261 6019/6019/6261
f 6020/6020/6262 6014/6014/6262 6021/6021/6262
f 6015/6015/6263 6021/6021/6263 6014/6014/6263
f 6021/6021/6264 6015/6015/6264 6022/6022/6264
f 6003/6003/6265 6022/6022/6265 6015/6015/6265
f 6016/6016/6266 6022/6022/6266 6003/6003/6266
f 6022/6022/6267 6016/6016/6267 6023/6023/6267
f 6013/6013/6268 6024/6024/6268 6025/6025/6268
f 6026/6026/6269 6025/6025/6269 6024/6024/6269
f 6027/6027/6270 6028/6028/6270 6029/6029/6270
f 6030/6030/6271 6029/6029/6271 6028/6028/6271
f 6029/6029/6272 6030/6030/6272 6023/6023/6272
f 6023/6023/6273 6030/6030/6274 6031/6031/6275
f 6032/6032/6276 6031/6031/6275 6030/6030/6274
f 6031/6031/6277 6032/6032/6277 6033/6033/6277
f 6034/6034/6278 6033/6033/6278 6032/6032/6278
f 6035/6035/6279 6033/6033/6279 6034/6034/6279
f 6033/6033/6280 6035/6035/6280 6024/6024/6280
f 6024/6024/6281 6036/6036/6281 6037/6037/6281
f 6038/6038/6282 6039/6039/6282 6040/6040/6282
f 6041/6041/6283 6042/6042/6283 6043/6043/6283
f 6044/6044/6284 6045/6045/6284 6046/6046/6284
f 6047/6047/6285 6048/6048/6285 6044/6044/6285
f 6049/6049/6286 6050/6050/6286 6051/6051/6286
f 6052/6052/6287 6053/6053/6287 6049/6049/6287
f 6054/6054/6288 6055/6055/6288 6001/6001/6288
f 6056/6056/6289 6057/6057/6289 6058/6058/6289
f 6059/6059/6290 6060/6060/6290 6061/6061/6290
f 6062/6062/6291 6063/6063/6291 6064/6064/6291
f 6065/6065/6292 6066/6066/6292 6067/6067/6292
f 6068/6068/6293 6069/6069/6293 6070/6070/6293
f 6071/6071/6294 6072/6072/6294 6070/6070/6294
f 6073/6073/6295 6074/6074/6295 6075/6075/6295
f 6076/6076/6296 6073/6073/6296 6077/6077/6296
f 6078/6078/6297 6079/6079/6297 6080/6080/6297
f 6081/6081/6298 6080/6080/6298 6082/6082/6298
f 6083/6083/6299 6084/6084/6299 6085/6085/6299
f 6086/6086/6300 6087/6087/6300 6088/6088/6300
f 6089/6089/6301 6090/6090/6301 6091/6091/6301
f 6091/6091/6302 6092/6092/6302 6093/6093/6302
f 6094/6094/6303 6095/6095/6303 6096/6096/6303
f 6096/6096/6304 6097/6097/6304 6098/6098/6304
f 6099/6099/6305 6100/6100/6305 6101/6101/6305
f 6102/6102/6306 6103/6103/6306 6104/6104/6306
f 6105/6105/6307 6106/6106/6307 6107/6107/6307
f 6108/6108/6308 6107/6107/6308 6106/6106/6308
f 6109/6109/6309 6110/6110/6309 6111/6111/6309
f 6112/6112/6310 6111/6111/6310 6110/6110/6310
f 6113/6113/6311 6114/6114/6311 6115/6115/6311
f 6116/6116/6312 6115/6115/6312 6114/6114/6312
f 5999/5999/6313 6117/6117/6313 6118/6118/6313
f 6119/6119/6314 6118/6118/6314 6117/6117/6314
f 6120/6120/6315 6118/6118/6315 6119/6119/6315
f 6118/6118/6316 6120/6120/6316 6121/6121/6316
f 6122/6122/6317 6121/6121/6317 6120/6120/6317
f 6121/6121/6318 6122/6122/6318 5980/5980/6318
f 5980/5980/6319 6122/6122/6319 6123/6123/6319
f 6124/6124/6320 6123/6123/6320 6122/6122/6320
f 6123/6123/6321 6124/6124/6321 6125/6125/6321
f 6126/6126/6322 6127/6127/6322 6128/6128/6322
f 6126/6126/6323 6129/6129/6323 6130/6130/6323
f 6131/6131/6324 6132/6132/6324 6133/6133/6324
f 6133/6133/6325 6132/6132/6325 6128/6128/6325
f 6134/6134/6326 6128/6128/6326 6132/6132/6326
f 6128/6128/6327 6134/6134/6327 6130/6130/6327
f 6135/6135/6328 6130/6130/6328 6134/6134/6328
f 6136/6136/6329 6130/6130/6329 6135/6135/6329
f 6130/6130/6330 6136/6136/6330 6137/6137/6330
f 6137/6137/6331 6136/6136/6331 6138/6138/6331
f 6138/6138/6332 6136/6136/6332 6139/6139/6332
f 6135/6135/6333 6139/6139/6333 6136/6136/6333
f 6138/6138/6334 6139/6139/6334 6140/6140/6334
f 6141/6141/6335 6142/6142/6335 6143/6143/6335
f 6138/6138/6336 6143/6143/6336 6142/6142/6336
f 6140/6140/6337 6143/6143/6337 6138/6138/6337
f 6144/6144/6338 6143/6143/6338 6140/6140/6338
f 6143/6143/6339 6144/6144/6339 6145/6145/6339
f 6146/6146/6340 6145/6145/6340 6144/6144/6340
f 6145/6145/6341 6146/6146/6341 6147/6147/6341
f 6148/6148/6342 6147/6147/6342 6146/6146/6342
f 6147/6147/6343 6148/6148/6343 6149/6149/6343
f 6150/6150/6344 6145/6145/6344 6151/6151/6344
f 6152/6152/6345 6147/6147/6345 6153/6153/6345
f 6154/6154/6346 6155/6155/6346 6156/6156/6346
f 6156/6156/6347 6155/6155/6347 6157/6157/6347
f 6158/6158/6348 6157/6157/6348 6155/6155/6348
f 6157/6157/6349 6158/6158/6349 6159/6159/6349
f 6160/6160/6350 6161/6161/6350 6162/6162/6350
f 6162/6162/6351 6161/6161/6351 6163/6163/6351
f 6164/6164/6352 6163/6163/6352 6161/6161/6352
f 6163/6163/6353 6164/6164/6353 6165/6165/6353
f 6166/6166/6354 6167/6167/6354 6168/6168/6354
f 6169/6169/6354 6168/6168/6354 6167/6167/6354
f 6170/6170/6355 6168/6168/6355 6169/6169/6355
f 6168/6168/6355 6170/6170/6355 6166/6166/6355
f 6171/6171/6356 6172/6172/6357 6173/6173/6357
f 6174/6174/6358 6173/6173/6357 6172/6172/6357
f 6175/6175/6357 6173/6173/6357 6174/6174/6358
f 6173/6173/6357 6175/6175/6357 6171/6171/6356
f 6176/6176/6359 6177/6177/6359 6178/6178/6359
f 6178/6178/6360 6177/6177/6360 6179/6179/6360
f 6180/6180/6361 6179/6179/6361 6177/6177/6361
f 6179/6179/6362 6180/6180/6362 6181/6181/6362
f 6182/6182/6363 6181/6181/6363 6180/6180/6363
f 6183/6183/6364 6181/6181/6364 6182/6182/6364
f 6184/6184/6365 6181/6181/6365 6183/6183/6365
f 6181/6181/6366 6184/6184/6366 6179/6179/6366
f 6185/6185/6367 6179/6179/6367 6184/6184/6367
f 6179/6179/6368 6185/6185/6368 6178/6178/6368
f 6186/6186/6369 6178/6178/6369 6185/6185/6369
f 6178/6178/6370 6187/6187/6370 6176/6176/6370
f 6187/6187/6371 6178/6178/6371 6188/6188/6371
f 6186/6186/6372 6188/6188/6372 6178/6178/6372
f 6188/6188/6373 6186/6186/6374 6189/6189/6375
f 6190/6190/6376 6189/6189/6375 6186/6186/6374
f 6189/6189/6377 6190/6190/6377 6191/6191/6377
f 6192/6192/6378 6191/6191/6378 6190/6190/6378
f 6193/6193/6379 6191/6191/6379 6192/6192/6379
f 6194/6194/6380 6191/6191/6380 6193/6193/6380
f 6195/6195/6381 6191/6191/6381 6194/6194/6381
f 6191/6191/6382 6195/6195/6382 6189/6189/6382
f 6196/6196/6383 6189/6189/6383 6195/6195/6383
f 6189/6189/6384 6196/6196/6384 6188/6188/6384
f 6197/6197/6385 6188/6188/6385 6196/6196/6385
f 6192/6192/6386 6198/6198/6386 6193/6193/6386
f 6199/6199/6387 6193/6193/6387 6198/6198/6387
f 6200/6200/6388 6193/6193/6388 6199/6199/6388
f 6193/6193/6389 6200/6200/6389 6194/6194/6389
f 6194/6194/6390 6200/6200/6390 6201/6201/6390
f 6202/6202/6391 6201/6201/6391 6200/6200/6391
f 6201/6201/6392 6202/6202/6392 6203/6203/6392
f 6204/6204/6393 6203/6203/6393 6202/6202/6393
f 6203/6203/6394 6204/6204/6394 6205/6205/6394
f 6206/6206/6395 6205/6205/6395 6204/6204/6395
f 6205/6205/6396 6206/6206/6396 6207/6207/6396
f 6208/6208/6397 6207/6207/6397 6206/6206/6397
f 6207/6207/6398 6208/6208/6398 6209/6209/6398
f 6210/6210/6399 6209/6209/6399 6208/6208/6399
f 6211/6211/6400 6200/6200/6400 6199/6199/6400
f 6200/6200/6401 6211/6211/6401 6202/6202/6401
f 6212/6212/6402 6202/6202/6402 6211/6211/6402
f 6202/6202/6403 6212/6212/6403 6204/6204/6403
f 6204/6204/6404 6212/6212/6404 6206/6206/6404
f 6213/6213/6405 6206/6206/6405 6212/6212/6405
f 6206/6206/6406 6213/6213/6406 6208/6208/6406
f 6214/6214/6407 6208/6208/6407 6213/6213/6407
f 6208/6208/6408 6214/6214/6408 6215/6215/6408
f 6216/6216/6409 6215/6215/6409 6214/6214/6409
f 6217/6217/6410 6215/6215/6410 6216/6216/6410
f 6210/6210/6411 6215/6215/6411 6217/6217/6411
f 6208/6208/6412 6215/6215/6412 6210/6210/6412
f 6218/6218/6413 6219/6219/6413 6220/6220/6413
f 6221/6221/6414 6222/6222/6414 6223/6223/6414
f 6224/6224/6415 6225/6225/6415 6226/6226/6415
f 6227/6227/6416 6228/6228/6416 6229/6229/6416
f 6230/6230/6417 6231/6231/6417 6232/6232/6417
f 6233/6233/6418 6234/6234/6418 6235/6235/6418
f 6236/6236/6419 6237/6237/6419 6238/6238/6419
f 6239/6239/6420 6240/6240/6420 6241/6241/6420
f 6242/6242/6421 6243/6243/6421 6244/6244/6421
f 6245/6245/6422 6246/6246/6422 6247/6247/6422
f 6248/6248/6423 6249/6249/6423 6250/6250/6423
f 6251/6251/6424 6252/6252/6424 6253/6253/6424
f 6254/6254/6425 6255/6255/6425 6256/6256/6425
f 6257/6257/6425 6258/6258/6425 6259/6259/6425
f 6260/6260/6426 6261/6261/6426 6262/6262/6426
f 6263/6263/6427 6264/6264/6427 6265/6265/6427
f 6266/6266/6428 6267/6267/6428 6268/6268/6428
f 6269/6269/6429 6270/6270/6429 6271/6271/6429
f 6272/6272/6430 6273/6273/6430 6274/6274/6430
f 6275/6275/6431 6276/6276/6431 6277/6277/6431
f 6278/6278/6432 6279/6279/6432 6280/6280/6432
f 6281/6281/6432 6282/6282/6432 6283/6283/6432
f 6284/6284/6433 6285/6285/6433 6286/6286/6433
f 6287/6287/6433 6288/6288/6433 6289/6289/6433
f 6290/6290/6434 6291/6291/6434 6292/6292/6434
f 6293/6293/6435 6294/6294/6435 6295/6295/6435
f 6296/6296/6436 6297/6297/6436 6298/6298/6436
f 6299/6299/6437 6300/6300/6437 6301/6301/6437
f 6302/6302/6438 6303/6303/6438 6304/6304/6438
f 6305/6305/6439 6306/6306/6439 6307/6307/6439
f 6308/6308/6440 6309/6309/6440 6310/6310/6440
f 6311/6311/6441 6312/6312/6441 6313/6313/6441
f 6314/6314/6442 6315/6315/6442 6316/6316/6442
f 6317/6317/6443 6318/6318/6443 6319/6319/6443
f 6320/6320/6444 6321/6321/6444 6322/6322/6444
f 6323/6323/6445 6324/6324/6445 6325/6325/6445
f 6326/6326/6446 6327/6327/6446 6328/6328/6446
f 6329/6329/6447 6330/6330/6447 6331/6331/6447
f 6332/6332/6448 6333/6333/6448 6334/6334/6448
f 6335/6335/6448 6336/6336/6448 6337/6337/6448
f 6338/6338/6448 6339/6339/6448 6340/6340/6448
f 6341/6341/6448 6340/6340/6448 6342/6342/6448
f 6343/6343/6448 6344/6344/6448 6345/6345/6448
f 6344/6344/6448 6346/6346/6448 6347/6347/6448
f 6348/6348/6449 6349/6349/6449 6350/6350/6449
f 6351/6351/6450 6352/6352/6450 6353/6353/6450
f 6354/6354/6451 6355/6355/6451 6356/6356/6451
f 6357/6357/6452 6358/6358/6452 6359/6359/6452
f 6360/6360/6453 6361/6361/6453 6362/6362/6453
f 6363/6363/6454 6364/6364/6454 6365/6365/6454
f 6366/6366/6455 6367/6367/6455 6368/6368/6455
f 6369/6369/6456 6370/6370/6456 6371/6371/6456
f 6372/6372/6457 6373/6373/6457 6374/6374/6457
f 6375/6375/6458 6376/6376/6458 6377/6377/6458
f 6378/6378/6459 6379/6379/6459 6380/6380/6459
f 6381/6381/6460 6382/6382/6460 6383/6383/6460
f 6384/6384/6461 6385/6385/6461 6386/6386/6461
f 6387/6387/6462 6388/6388/6462 6389/6389/6462
f 6390/6390/6463 6391/6391/6463 6392/6392/6463
f 6393/6393/6464 6394/6394/6464 6395/6395/6464
f 6396/6396/6465 6397/6397/6465 6398/6398/6465
f 6399/6399/6466 6400/6400/6466 6401/6401/6466
f 6402/6402/6467 6403/6403/6467 6404/6404/6467
f 6405/6405/6468 6406/6406/6468 6407/6407/6468
f 6408/6408/6469 6409/6409/6469 6410/6410/6469
f 6411/6411/6469 6412/6412/6469 6413/6413/6469
f 6414/6414/6470 6415/6415/6470 6416/6416/6470
f 6417/6417/6470 6418/6418/6470 6419/6419/6470
f 6420/6420/6471 6421/6421/6471 6422/6422/6471
f 6423/6423/6472 6424/6424/6472 6425/6425/6472
f 6426/6426/6473 6427/6427/6473 6424/6424/6473
f 6428/6428/6474 6429/6429/6474 6430/6430/6474
f 6431/6431/6475 6432/6432/6475 6433/6433/6475
f 6434/6434/6475 6435/6435/6475 6436/6436/6475
f 6437/6437/6476 6438/6438/6476 6439/6439/6476
f 6440/6440/6477 6441/6441/6477 6442/6442/6477
f 6443/6443/6478 6444/6444/6478 6445/6445/6478
f 6446/6446/6479 6445/6445/6479 6444/6444/6479
f 6447/6447/6480 6448/6448/6480 6449/6449/6480
f 6450/6450/6481 6449/6449/6481 6448/6448/6481
f 6451/6451/6482 6452/6452/6482 6453/6453/6482
f 6454/6454/6483 6453/6453/6483 6452/6452/6483
f 6455/6455/6484 6456/6456/6484 6457/6457/6484
f 6458/6458/6484 6457/6457/6484 6456/6456/6484
f 6459/6459/6485 6460/6460/6485 6461/6461/6485
f 6462/6462/6486 6461/6461/6486 6460/6460/6486
f 6463/6463/6487 6464/6464/6487 6465/6465/6487
f 6466/6466/6488 6465/6465/6488 6464/6464/6488
f 6467/6467/6489 6468/6468/6490 6469/6469/6491
f 6470/6470/6492 6469/6469/6491 6468/6468/6490
f 6471/6471/6493 6472/6472/6494 6473/6473/6495
f 6474/6474/6496 6473/6473/6495 6472/6472/6494
f 6475/6475/6497 6476/6476/6497 6477/6477/6497
f 6478/6478/6498 6477/6477/6498 6476/6476/6498
f 6479/6479/6499 6480/6480/6499 6481/6481/6499
f 6482/6482/6500 6481/6481/6500 6480/6480/6500
f 6483/6483/6501 6484/6484/6501 6485/6485/6501
f 6486/6486/6502 6485/6485/6502 6484/6484/6502
f 6487/6487/6503 6488/6488/6503 6489/6489/6503
f 6490/6490/6503 6489/6489/6503 6488/6488/6503
f 6491/6491/6504 6492/6492/6505 6493/6493/6506
f 6494/6494/6507 6493/6493/6506 6492/6492/6505
f 6495/6495/6508 6496/6496/6509 6497/6497/6509
f 6498/6498/6510 6497/6497/6509 6496/6496/6509
f 6499/6499/6511 6500/6500/6511 6501/6501/6511
f 6502/6502/6511 6501/6501/6511 6500/6500/6511
f 6503/6503/6512 6504/6504/6513 6505/6505/6513
f 6506/6506/6513 6505/6505/6513 6504/6504/6513
f 6507/6507/6514 6508/6508/6515 6509/6509/6516
f 6510/6510/6517 6509/6509/6516 6508/6508/6515
f 6511/6511/6518 6512/6512/6518 6513/6513/6518
f 6514/6514/6518 6513/6513/6518 6512/6512/6518
f 6515/6515/6519 6516/6516/6520 6517/6517/6519
f 6518/6518/6520 6517/6517/6519 6516/6516/6520
f 6519/6519/6521 6520/6520/6522 6521/6521/6521
f 6522/6522/6523 6521/6521/6521 6520/6520/6522
f 6523/6523/6524 6524/6524/6525 6525/6525/6526
f 6526/6526/6527 6525/6525/6526 6524/6524/6525
f 6527/6527/6528 6528/6528/6529 6529/6529/6530
f 6530/6530/6531 6529/6529/6530 6528/6528/6529
f 6529/6529/6530 6530/6530/6531 6531/6531/6532
f 6526/6526/6527 6531/6531/6532 6530/6530/6531
f 6531/6531/6532 6526/6526/6527 6532/6532/6533
f 6524/6524/6525 6532/6532/6533 6526/6526/6527
f 6533/6533/6534 6532/6532/6533 6524/6524/6525
f 6532/6532/6535 6533/6533/6536 6534/6534/6537
f 6534/6534/6537 6533/6533/6536 6535/6535/6538
f 6536/6536/6539 6535/6535/6539 6533/6533/6539
f 6537/6537/6503 6538/6538/6503 6539/6539/6503
f 6540/6540/6503 6539/6539/6503 6538/6538/6503
f 6541/6541/6503 6539/6539/6503 6540/6540/6503
f 6539/6539/6503 6541/6541/6503 6542/6542/6503
f 6543/6543/6540 6544/6544/6541 6545/6545/6542
f 6546/6546/6543 6545/6545/6542 6544/6544/6541
f 6547/6547/6544 6545/6545/6542 6546/6546/6543
f 6545/6545/6545 6547/6547/6545 6548/6548/6545
f 6549/6549/6546 6550/6550/6547 6543/6543/6540
f 6551/6551/6548 6543/6543/6540 6550/6550/6547
f 6543/6543/6540 6551/6551/6548 6544/6544/6541
f 6544/6544/6541 6551/6551/6548 6552/6552/6549
f 6553/6553/6550 6552/6552/6549 6551/6551/6548
f 6552/6552/6549 6553/6553/6550 6554/6554/6551
f 6555/6555/6552 6554/6554/6551 6553/6553/6550
f 6554/6554/6551 6555/6555/6552 6556/6556/6553
f 6557/6557/6554 6558/6558/6554 6559/6559/6554
f 6560/6560/6555 6559/6559/6555 6558/6558/6555
f 6559/6559/6556 6560/6560/6556 6561/6561/6556
f 6562/6562/6557 6561/6561/6557 6560/6560/6557
f 6563/6563/6558 6561/6561/6558 6562/6562/6558
f 6561/6561/6559 6563/6563/6559 6564/6564/6559
f 6565/6565/6560 6564/6564/6560 6563/6563/6560
f 6564/6564/6561 6565/6565/6561 6566/6566/6561
f 6567/6567/6562 6568/6568/6562 6569/6569/6562
f 6570/6570/6563 6569/6569/6563 6568/6568/6563
f 6569/6569/6564 6570/6570/6564 6571/6571/6564
f 6572/6572/6565 6571/6571/6565 6570/6570/6565
f 6573/6573/6566 6571/6571/6566 6572/6572/6566
f 6571/6571/6567 6573/6573/6567 6574/6574/6567
f 6575/6575/6568 6574/6574/6568 6573/6573/6568
f 6574/6574/6569 6575/6575/6569 6576/6576/6569
f 6577/6577/6570 6578/6578/6570 6579/6579/6570
f 6580/6580/6571 6579/6579/6571 6581/6581/6571
f 6582/6582/6572 6583/6583/6573 6578/6578/6574
f 6584/6584/6575 6578/6578/6574 6583/6583/6573
f 6585/6585/6576 6584/6584/6576 6586/6586/6576
f 6583/6583/6577 6586/6586/6577 6584/6584/6577
f 6586/6586/6578 6583/6583/6579 6587/6587/6580
f 6587/6587/6580 6583/6583/6579 6588/6588/6581
f 6582/6582/6582 6588/6588/6583 6583/6583/6584
f 6588/6588/6583 6582/6582/6582 6589/6589/6585
f 6588/6588/6586 6589/6589/6587 6590/6590/6588
f 6591/6591/6589 6590/6590/6588 6589/6589/6587
f 6590/6590/6590 6591/6591/6590 6592/6592/6590
f 6593/6593/6590 6592/6592/6590 6591/6591/6590
f 6594/6594/6591 6592/6592/6591 6593/6593/6592
f 6592/6592/6591 6594/6594/6591 6595/6595/6591
f 6595/6595/6593 6594/6594/6594 6596/6596/6595
f 6597/6597/6596 6596/6596/6595 6594/6594/6594
f 6598/6598/6597 6596/6596/6597 6597/6597/6597
f 6596/6596/6597 6598/6598/6597 6599/6599/6597
f 6600/6600/6598 6599/6599/6599 6598/6598/6600
f 6590/6590/6601 6587/6587/6601 6588/6588/6601
f 6587/6587/6602 6590/6590/6602 6601/6601/6602
f 6592/6592/6603 6601/6601/6603 6590/6590/6603
f 6601/6601/6604 6592/6592/6604 6602/6602/6604
f 6595/6595/6605 6602/6602/6605 6592/6592/6605
f 6602/6602/6606 6595/6595/6606 6603/6603/6606
f 6603/6603/6607 6595/6595/6607 6604/6604/6607
f 6596/6596/6608 6604/6604/6608 6595/6595/6608
f 6604/6604/6609 6596/6596/6610 6605/6605/6611
f 6599/6599/6612 6605/6605/6611 6596/6596/6610
f 6605/6605/6613 6599/6599/6614 6606/6606/6615
f 6606/6606/6615 6599/6599/6614 6607/6607/6616
f 6600/6600/6598 6607/6607/6617 6599/6599/6599
f 6608/6608/6618 6607/6607/6619 6600/6600/6620
f 6609/6609/6621 6610/6610/6621 6611/6611/6621
f 6606/6606/6622 6611/6611/6622 6610/6610/6622
f 6607/6607/6623 6611/6611/6623 6606/6606/6623
f 6608/6608/6618 6611/6611/6624 6607/6607/6619
f 6612/6612/6625 6611/6611/6626 6608/6608/6626
f 6611/6611/6626 6612/6612/6625 6609/6609/6625
f 6609/6609/6627 6612/6612/6627 6613/6613/6628
f 6614/6614/6629 6613/6613/6628 6612/6612/6627
f 6610/6610/6630 6609/6609/6630 6615/6615/6630
f 6613/6613/6631 6615/6615/6631 6609/6609/6631
f 6615/6615/6632 6613/6613/6632 6616/6616/6632
f 6616/6616/6633 6613/6613/6633 6617/6617/6633
f 6617/6617/6634 6613/6613/6634 6618/6618/6634
f 6618/6618/6635 6613/6613/6636 6619/6619/6635
f 6614/6614/6637 6619/6619/6635 6613/6613/6636
f 6619/6619/6638 6614/6614/6639 6620/6620/6640
f 6620/6620/6640 6614/6614/6639 6621/6621/6641
f 6621/6621/6642 6614/6614/6643 6622/6622/6644
f 6612/6612/6645 6622/6622/6644 6614/6614/6643
f 6608/6608/6646 6622/6622/6646 6612/6612/6646
f 6622/6622/6647 6608/6608/6647 6623/6623/6647
f 6600/6600/6648 6623/6623/6648 6608/6608/6648
f 6623/6623/6649 6600/6600/6649 6624/6624/6649
f 6598/6598/6650 6624/6624/6650 6600/6600/6650
f 6624/6624/6651 6598/6598/6651 6625/6625/6651
f 6597/6597/6652 6625/6625/6652 6598/6598/6652
f 6625/6625/6653 6597/6597/6653 6626/6626/6653
f 6594/6594/6654 6626/6626/6654 6597/6597/6654
f 6626/6626/6655 6594/6594/6655 6627/6627/6655
f 6627/6627/6656 6594/6594/6656 6628/6628/6656
f 6593/6593/6657 6628/6628/6657 6594/6594/6657
f 6628/6628/6658 6593/6593/6659 6629/6629/6660
f 6591/6591/6661 6629/6629/6660 6593/6593/6659
f 6629/6629/6662 6591/6591/6663 6630/6630/6664
f 6589/6589/6665 6630/6630/6664 6591/6591/6663
f 6631/6631/6666 6630/6630/6666 6589/6589/6666
f 6632/6632/6667 6633/6633/6667 6634/6634/6667
f 6635/6635/6668 6636/6636/6668 6637/6637/6668
f 6638/6638/6669 6639/6639/6669 6640/6640/6669
f 6641/6641/6670 6642/6642/6670 6643/6643/6670
f 6644/6644/6671 6645/6645/6671 6646/6646/6671
f 6647/6647/6672 6648/6648/6672 6646/6646/6672
f 6649/6649/6673 6650/6650/6673 6651/6651/6673
f 6652/6652/6674 6653/6653/6674 6654/6654/6674
f 6655/6655/6675 6656/6656/6675 6657/6657/6675
f 6658/6658/6676 6659/6659/6676 6660/6660/6676
f 6661/6661/6677 6662/6662/6677 6663/6663/6677
f 6658/6658/6678 6663/6663/6678 6662/6662/6678
f 6664/6664/6679 6665/6665/6679 6666/6666/6679
f 6667/6667/6680 6668/6668/6680 6669/6669/6680
f 6670/6670/6681 6671/6671/6681 6672/6672/6681
f 6673/6673/6682 6674/6674/6682 6675/6675/6682
f 6670/6670/6683 6675/6675/6683 6674/6674/6683
f 6676/6676/6684 6677/6677/6684 6678/6678/6684
f 6679/6679/6685 6680/6680/6685 6681/6681/6685
f 6682/6682/6686 6683/6683/6686 6684/6684/6686
f 6685/6685/6687 6686/6686/6687 6687/6687/6687
f 6688/6688/6688 6689/6689/6688 6690/6690/6688
f 6685/6685/6689 6690/6690/6689 6689/6689/6689
f 6691/6691/6690 6692/6692/6690 6693/6693/6690
f 6694/6694/6691 6695/6695/6691 6696/6696/6691
f 6697/6697/6692 6698/6698/6692 6699/6699/6692
f 6700/6700/6693 6701/6701/6693 6702/6702/6693
f 6697/6697/6694 6702/6702/6694 6701/6701/6694
f 6703/6703/6695 6704/6704/6695 6705/6705/6695
f 6706/6706/6696 6707/6707/6696 6708/6708/6696
f 6709/6709/6697 6710/6710/6697 6711/6711/6697
f 6712/6712/6698 6713/6713/6698 6714/6714/6698
f 6715/6715/6699 6716/6716/6699 6717/6717/6699
f 6718/6718/6700 6719/6719/6700 6720/6720/6700
f 6721/6721/6701 6722/6722/6701 6723/6723/6701
f 6724/6724/6702 6725/6725/6702 6726/6726/6702
f 6727/6727/6703 6728/6728/6703 6729/6729/6703
f 6730/6730/6704 6731/6731/6704 6732/6732/6704
f 6730/6730/6705 6733/6733/6705 6734/6734/6705
f 6735/6735/6706 6734/6734/6706 6733/6733/6706
f 6736/6736/6707 6737/6737/6707 6738/6738/6707
f 6739/6739/6708 6740/6740/6708 6741/6741/6708
f 6736/6736/6709 6741/6741/6709 6740/6740/6709
f 6742/6742/6710 6743/6743/6710 6744/6744/6710
f 6745/6745/6711 6746/6746/6711 6747/6747/6711
f 6748/6748/6712 6749/6749/6712 6750/6750/6712
f 6751/6751/6713 6748/6748/6713 6752/6752/6713
f 6753/6753/6714 6754/6754/6714 6755/6755/6714
f 6756/6756/6715 6755/6755/6715 6754/6754/6715
f 6755/6755/6716 6756/6756/6716 6752/6752/6716
f 6757/6757/6717 6758/6758/6717 6759/6759/6717
f 6760/6760/6718 6761/6761/6718 6762/6762/6718
f 6763/6763/6719 6764/6764/6719 6765/6765/6719
f 6766/6766/6720 6767/6767/6720 6768/6768/6720
f 6769/6769/6721 6770/6770/6721 6771/6771/6721
f 6772/6772/6722 6769/6769/6722 6773/6773/6722
f 6774/6774/6723 6773/6773/6723 6769/6769/6723
f 6773/6773/6724 6774/6774/6725 6775/6775/6726
f 6776/6776/6727 6775/6775/6726 6774/6774/6725
f 6775/6775/6728 6776/6776/6729 6777/6777/6730
f 6778/6778/6731 6777/6777/6730 6776/6776/6729
f 6777/6777/6732 6778/6778/6732 6779/6779/6732
f 6779/6779/6732 6778/6778/6732 6780/6780/6732
f 6780/6780/6733 6778/6778/6734 6781/6781/6735
f 6781/6781/6736 6778/6778/6737 6782/6782/6738
f 6776/6776/6739 6782/6782/6738 6778/6778/6737
f 6774/6774/6740 6782/6782/6740 6776/6776/6740
f 6782/6782/6741 6774/6774/6741 6771/6771/6741
f 6769/6769/6742 6771/6771/6742 6774/6774/6742
f 6783/6783/6743 6772/6772/6743 6784/6784/6743
f 6773/6773/6744 6784/6784/6744 6772/6772/6744
f 6784/6784/6745 6773/6773/6746 6785/6785/6747
f 6775/6775/6748 6785/6785/6747 6773/6773/6746
f 6785/6785/6749 6775/6775/6749 6786/6786/6749
f 6777/6777/6750 6786/6786/6750 6775/6775/6750
f 6786/6786/6751 6777/6777/6752 6787/6787/6753
f 6779/6779/6754 6787/6787/6753 6777/6777/6752
f 6787/6787/6755 6779/6779/6756 6788/6788/6757
f 6789/6789/6758 6788/6788/6757 6779/6779/6756
f 6790/6790/6759 6788/6788/6759 6789/6789/6759
f 6788/6788/6760 6790/6790/6760 6791/6791/6760
f 6792/6792/6761 6791/6791/6761 6790/6790/6761
f 6791/6791/6762 6792/6792/6762 6793/6793/6762
f 6794/6794/6763 6779/6779/6764 6780/6780/6764
f 6779/6779/6764 6794/6794/6763 6789/6789/6765
f 6789/6789/6766 6794/6794/6766 6790/6790/6767
f 6795/6795/6768 6790/6790/6767 6794/6794/6766
f 6792/6792/6769 6790/6790/6770 6796/6796/6769
f 6795/6795/6770 6796/6796/6769 6790/6790/6770
f 6797/6797/6771 6796/6796/6771 6795/6795/6771
f 6798/6798/6772 6796/6796/6772 6797/6797/6772
f 6796/6796/6773 6798/6798/6773 6799/6799/6773
f 6799/6799/6774 6798/6798/6775 6800/6800/6776
f 6801/6801/6777 6800/6800/6776 6798/6798/6775
f 6800/6800/6778 6801/6801/6779 6802/6802/6780
f 6803/6803/6781 6802/6802/6780 6801/6801/6779
f 6799/6799/6782 6792/6792/6783 6796/6796/6784
f 6792/6792/6783 6799/6799/6782 6804/6804/6785
f 6800/6800/6786 6804/6804/6787 6799/6799/6788
f 6804/6804/6787 6800/6800/6786 6805/6805/6789
f 6802/6802/6790 6805/6805/6790 6800/6800/6790
f 6805/6805/6791 6802/6802/6791 6806/6806/6791
f 6806/6806/6792 6802/6802/6792 6807/6807/6792
f 6807/6807/6793 6802/6802/6793 6808/6808/6793
f 6803/6803/6794 6808/6808/6795 6802/6802/6796
f 6809/6809/6797 6808/6808/6795 6803/6803/6794
f 6810/6810/6798 6808/6808/6799 6809/6809/6800
f 6811/6811/6801 6808/6808/6799 6810/6810/6798
f 6808/6808/6802 6811/6811/6802 6807/6807/6802
f 6812/6812/6803 6807/6807/6803 6811/6811/6803
f 6792/6792/6804 6804/6804/6804 6793/6793/6804
f 6793/6793/6805 6804/6804/6805 6813/6813/6805
f 6805/6805/6806 6813/6813/6806 6804/6804/6806
f 6813/6813/6807 6805/6805/6807 6814/6814/6807
f 6806/6806/6808 6814/6814/6808 6805/6805/6808
f 6814/6814/6809 6806/6806/6809 6815/6815/6809
f 6815/6815/6810 6806/6806/6811 6816/6816/6812
f 6807/6807/6813 6816/6816/6812 6806/6806/6811
f 6812/6812/6814 6816/6816/6814 6807/6807/6814
f 6816/6816/6815 6812/6812/6815 6817/6817/6815
f 6818/6818/6816 6819/6819/6816 6820/6820/6816
f 6821/6821/6817 6820/6820/6817 6819/6819/6817
f 6822/6822/6818 6823/6823/6818 6824/6824/6818
f 6825/6825/6819 6824/6824/6819 6823/6823/6819
f 6826/6826/6820 6827/6827/6820 6828/6828/6820
f 6829/6829/6821 6828/6828/6821 6827/6827/6821
f 6830/6830/6822 6831/6831/6822 6832/6832/6822
f 6833/6833/6823 6832/6832/6823 6831/6831/6823
f 6834/6834/6824 6835/6835/6824 6836/6836/6824
f 6837/6837/6825 6836/6836/6825 6835/6835/6825
f 6838/6838/6826 6839/6839/6826 6840/6840/6826
f 6841/6841/6827 6840/6840/6827 6839/6839/6827
f 6842/6842/6828 6843/6843/6828 6844/6844/6828
f 6845/6845/6829 6844/6844/6829 6843/6843/6829
f 6846/6846/6830 6847/6847/6830 6848/6848/6830
f 6849/6849/6831 6848/6848/6831 6847/6847/6831
f 6850/6850/6832 6851/6851/6832 6852/6852/6832
f 6853/6853/6833 6852/6852/6833 6851/6851/6833
f 6854/6854/6834 6855/6855/6834 6856/6856/6834
f 6857/6857/6835 6856/6856/6835 6855/6855/6835
f 6858/6858/6836 6859/6859/6836 6860/6860/6836
f 6861/6861/6837 6860/6860/6837 6859/6859/6837
f 6862/6862/6838 6863/6863/6838 6864/6864/6838
f 6865/6865/6839 6864/6864/6839 6863/6863/6839
f 6866/6866/6840 6867/6867/6840 6868/6868/6840
f 6869/6869/6841 6868/6868/6841 6867/6867/6841
f 6870/6870/6842 6871/6871/6842 6872/6872/6842
f 6873/6873/6843 6872/6872/6843 6871/6871/6843
f 6874/6874/6844 6875/6875/6844 6876/6876/6844
f 6877/6877/6845 6876/6876/6845 6875/6875/6845
f 6878/6878/6846 6879/6879/6846 6880/6880/6846
f 6881/6881/6847 6880/6880/6847 6879/6879/6847
f 6882/6882/6848 6883/6883/6848 6884/6884/6848
f 6885/6885/6849 6884/6884/6849 6883/6883/6849
f 6886/6886/6850 6887/6887/6850 6888/6888/6850
f 6889/6889/6851 6888/6888/6851 6887/6887/6851
f 6888/6888/6852 6889/6889/6852 6890/6890/6852
f 6891/6891/6853 6892/6892/6853 6893/6893/6853
f 6894/6894/6854 6893/6893/6854 6892/6892/6854
f 6893/6893/6855 6894/6894/6855 6895/6895/6855
f 6896/6896/6856 6897/6897/6856 6898/6898/6856
f 6899/6899/6857 6898/6898/6857 6897/6897/6857
f 6898/6898/6858 6899/6899/6858 6900/6900/6858
f 6797/6797/6859 6795/6795/6859 6901/6901/6859
f 6794/6794/6860 6901/6901/6860 6795/6795/6860
f 6901/6901/6861 6794/6794/6861 6902/6902/6861
f 6902/6902/6862 6794/6794/6863 6903/6903/6864
f 6780/6780/6865 6903/6903/6864 6794/6794/6863
f 6903/6903/6866 6780/6780/6733 6781/6781/6735
f 6904/6904/6867 6905/6905/6867 6906/6906/6867
f 6907/6907/6868 6908/6908/6868 6909/6909/6868
f 6910/6910/6869 6911/6911/6869 6912/6912/6869
f 6913/6913/6870 6914/6914/6870 6915/6915/6870
f 6916/6916/6871 6917/6917/6871 6918/6918/6871
f 6919/6919/6872 6920/6920/6872 6921/6921/6872
f 6919/6919/6873 6922/6922/6873 6923/6923/6873
f 6924/6924/6874 6925/6925/6874 6926/6926/6874
f 6927/6927/6875 6926/6926/6875 6925/6925/6875
f 6926/6926/6876 6927/6927/6876 6928/6928/6876
f 6928/6928/6877 6927/6927/6877 6923/6923/6877
f 6923/6923/6878 6927/6927/6878 6929/6929/6878
f 6925/6925/6879 6929/6929/6879 6927/6927/6879
f 6930/6930/6880 6931/6931/6880 6932/6932/6880
f 6932/6932/6881 6931/6931/6881 6933/6933/6881
f 6934/6934/6882 6933/6933/6882 6931/6931/6882
f 6933/6933/6883 6934/6934/6883 6935/6935/6883
f 6935/6935/6884 6934/6934/6884 6936/6936/6884
f 6937/6937/6885 6936/6936/6885 6934/6934/6885
f 6925/6925/6886 6936/6936/6886 6937/6937/6886
f 6924/6924/6887 6936/6936/6887 6925/6925/6887
f 6936/6936/6888 6924/6924/6888 6935/6935/6888
f 6938/6938/6889 6934/6934/6889 6939/6939/6889
f 6940/6940/6890 6931/6931/6890 6941/6941/6890
f 6942/6942/6891 6943/6943/6891 6944/6944/6891
f 6942/6942/6892 6945/6945/6892 6946/6946/6892
f 6947/6947/6893 6948/6948/6893 6949/6949/6893
f 6949/6949/6894 6948/6948/6894 6944/6944/6894
f 6950/6950/6895 6944/6944/6895 6948/6948/6895
f 6944/6944/6896 6950/6950/6896 6946/6946/6896
f 6951/6951/6897 6946/6946/6897 6950/6950/6897
f 6952/6952/6898 6946/6946/6898 6951/6951/6898
f 6946/6946/6899 6952/6952/6899 6953/6953/6899
f 6953/6953/6900 6952/6952/6900 6954/6954/6900
f 6954/6954/6901 6952/6952/6901 6955/6955/6901
f 6951/6951/6902 6955/6955/6902 6952/6952/6902
f 6954/6954/6903 6955/6955/6903 6956/6956/6903
f 6957/6957/6904 6958/6958/6904 6959/6959/6904
f 6954/6954/6905 6959/6959/6905 6958/6958/6905
f 6956/6956/6906 6959/6959/6906 6954/6954/6906
f 6960/6960/6907 6959/6959/6907 6956/6956/6907
f 6959/6959/6908 6960/6960/6908 6961/6961/6908
f 6962/6962/6909 6961/6961/6909 6960/6960/6909
f 6961/6961/6910 6962/6962/6910 6963/6963/6910
f 6964/6964/6911 6963/6963/6911 6962/6962/6911
f 6963/6963/6912 6964/6964/6912 6965/6965/6912
f 6966/6966/6913 6961/6961/6913 6967/6967/6913
f 6968/6968/6914 6963/6963/6914 6969/6969/6914
f 6970/6970/6915 6971/6971/6915 6972/6972/6915
f 6973/6973/6916 6974/6974/6916 6972/6972/6916
f 6975/6975/6917 6976/6976/6918 6977/6977/6919
f 6970/6970/6920 6977/6977/6919 6976/6976/6918
f 6977/6977/6921 6970/6970/6921 6978/6978/6921
f 6973/6973/6922 6978/6978/6922 6970/6970/6922
f 6978/6978/6923 6973/6973/6923 6979/6979/6923
f 6980/6980/6924 6979/6979/6925 6981/6981/6926
f 6973/6973/6927 6981/6981/6927 6979/6979/6927
f 6982/6982/6928 6981/6981/6928 6973/6973/6928
f 6983/6983/6929 6981/6981/6929 6982/6982/6929
f 6981/6981/6926 6983/6983/6930 6980/6980/6924
f 6980/6980/6931 6983/6983/6931 6984/6984/6932
f 6985/6985/6932 6984/6984/6932 6983/6983/6931
f 6984/6984/6933 6985/6985/6934 6986/6986/6935
f 6987/6987/6936 6986/6986/6935 6985/6985/6934
f 6986/6986/6937 6987/6987/6937 6988/6988/6937
f 6989/6989/6938 6988/6988/6938 6987/6987/6938
f 6988/6988/6939 6989/6989/6940 6990/6990/6941
f 6991/6991/6942 6990/6990/6941 6989/6989/6940
f 6992/6992/6943 6983/6983/6943 6993/6993/6943
f 6994/6994/6944 6987/6987/6944 6995/6995/6944
f 6996/6996/6945 6989/6989/6945 6997/6997/6945
f 6998/6998/6946 6999/6999/6946 7000/7000/6946
f 7001/7001/6947 7002/7002/6947 7003/7003/6947
f 7004/7004/6948 7005/7005/6948 7003/7003/6948
f 7006/7006/6949 7007/7007/6950 7008/7008/6951
f 7001/7001/6952 7008/7008/6951 7007/7007/6950
f 7008/7008/6953 7001/7001/6954 7009/7009/6955
f 7004/7004/6956 7009/7009/6955 7001/7001/6954
f 7009/7009/6957 7004/7004/6957 7010/7010/6957
f 7010/7010/6958 7004/7004/6958 7011/7011/6958
f 7012/7012/6959 7011/7011/6959 7004/7004/6959
f 7013/7013/6960 7011/7011/6960 7012/7012/6960
f 7014/7014/6961 7011/7011/6961 7013/7013/6961
f 7011/7011/6962 7014/7014/6962 7010/7010/6962
f 7015/7015/6963 7014/7014/6963 7013/7013/6963
f 7016/7016/6964 7017/7017/6965 7018/7018/6966
f 7019/7019/6967 7018/7018/6966 7017/7017/6965
f 7018/7018/6968 7019/7019/6968 7020/7020/6968
f 7021/7021/6969 7020/7020/6969 7019/7019/6969
f 7022/7022/6970 7020/7020/6970 7021/7021/6970
f 7020/7020/6971 7022/7022/6971 7023/7023/6971
f 7023/7023/6972 7022/7022/6972 7013/7013/6972
f 7013/7013/6973 7022/7022/6973 7015/7015/6973
f 7021/7021/6974 7015/7015/6974 7022/7022/6974
f 7024/7024/6975 7020/7020/6975 7025/7025/6975
f 7026/7026/6976 7018/7018/6976 7027/7027/6976
f 7028/7028/6977 7029/7029/6977 7030/7030/6977
f 7028/7028/6978 7031/7031/6978 7032/7032/6978
f 7033/7033/6979 7034/7034/6979 7035/7035/6979
f 7035/7035/6980 7034/7034/6980 7030/7030/6980
f 7036/7036/6981 7030/7030/6981 7034/7034/6981
f 7030/7030/6982 7036/7036/6982 7032/7032/6982
f 7037/7037/6983 7032/7032/6983 7036/7036/6983
f 7038/7038/6984 7032/7032/6984 7037/7037/6984
f 7032/7032/6985 7038/7038/6985 7039/7039/6985
f 7039/7039/6986 7038/7038/6986 7040/7040/6986
f 7040/7040/6987 7038/7038/6987 7041/7041/6987
f 7037/7037/6988 7041/7041/6988 7038/7038/6988
f 7040/7040/6989 7041/7041/6989 7042/7042/6989
f 7043/7043/6990 7044/7044/6990 7045/7045/6990
f 7040/7040/6991 7045/7045/6991 7044/7044/6991
f 7042/7042/6992 7045/7045/6992 7040/7040/6992
f 7046/7046/6993 7045/7045/6993 7042/7042/6993
f 7045/7045/6994 7046/7046/6994 7047/7047/6994
f 7048/7048/6995 7047/7047/6995 7046/7046/6995
f 7047/7047/6996 7048/7048/6996 7049/7049/6996
f 7050/7050/6997 7049/7049/6997 7048/7048/6997
f 7049/7049/6998 7050/7050/6998 7051/7051/6998
f 7052/7052/6999 7047/7047/6999 7053/7053/6999
f 7054/7054/7000 7049/7049/7000 7055/7055/7000
f 7056/7056/7001 7057/7057/7001 7058/7058/7001
f 7059/7059/7002 7060/7060/7002 7057/7057/7002
f 7061/7061/7003 7062/7062/7003 7056/7056/7003
f 7056/7056/7004 7062/7062/7005 7063/7063/7006
f 7064/7064/7007 7063/7063/7007 7062/7062/7007
f 7063/7063/7008 7064/7064/7008 7065/7065/7008
f 7063/7063/7006 7066/7066/7009 7056/7056/7004
f 7056/7056/7010 7066/7066/7010 7067/7067/7010
f 7067/7067/7011 7066/7066/7012 7068/7068/7013
f 7069/7069/7014 7068/7068/7013 7066/7066/7012
f 7070/7070/7015 7068/7068/7013 7069/7069/7014
f 7068/7068/7013 7070/7070/7015 7071/7071/7016
f 7071/7071/7016 7070/7070/7015 7072/7072/7017
f 7073/7073/7018 7072/7072/7017 7070/7070/7015
f 7072/7072/7017 7073/7073/7018 7074/7074/7019
f 7075/7075/7020 7074/7074/7019 7073/7073/7018
f 7074/7074/7019 7075/7075/7020 7076/7076/7021
f 7077/7077/7022 7076/7076/7021 7075/7075/7020
f 7076/7076/7021 7077/7077/7022 7078/7078/7023
f 7079/7079/7024 7078/7078/7023 7077/7077/7022
f 7079/7079/7024 7080/7080/7025 7078/7078/7023
f 7078/7078/7023 7080/7080/7025 7081/7081/7026
f 7082/7082/7027 7081/7081/7027 7080/7080/7027
f 7081/7081/7028 7082/7082/7029 7083/7083/7030
f 7083/7083/7030 7082/7082/7029 7084/7084/7031
f 7085/7085/7032 7084/7084/7031 7082/7082/7029
f 7084/7084/7031 7085/7085/7032 7086/7086/7033
f 7087/7087/7034 7086/7086/7033 7085/7085/7032
f 7086/7086/7033 7087/7087/7034 7088/7088/7035
f 7089/7089/7036 7088/7088/7035 7087/7087/7034
f 7088/7088/7035 7089/7089/7036 7090/7090/7037
f 7091/7091/7038 7090/7090/7037 7089/7089/7036
f 7090/7090/7037 7091/7091/7038 7092/7092/7039
f 7093/7093/7040 7094/7094/7040 7079/7079/7040
f 7095/7095/7041 7093/7093/7041 7077/7077/7041
f 7096/7096/7042 7095/7095/7042 7097/7097/7042
f 7098/7098/7043 7096/7096/7043 7099/7099/7043
f 7100/7100/7044 7101/7101/7044 7092/7092/7044
f 7102/7102/7045 7103/7103/7045 7090/7090/7045
f 7104/7104/7046 7105/7105/7046 7102/7102/7046
f 7106/7106/7047 7107/7107/7047 7104/7104/7047
f 7108/7108/7048 7105/7105/7049 7109/7109/7050
f 7110/7110/7051 7109/7109/7050 7105/7105/7049
f 7109/7109/7050 7110/7110/7051 7111/7111/7052
f 7112/7112/7052 7111/7111/7052 7110/7110/7051
f 7111/7111/7053 7112/7112/7054 7113/7113/7055
f 7114/7114/7056 7113/7113/7055 7112/7112/7054
f 7115/7115/7057 7116/7116/7058 7117/7117/7059
f 7117/7117/7059 7116/7116/7058 7118/7118/7060
f 7119/7119/7061 7118/7118/7060 7116/7116/7058
f 7118/7118/7060 7119/7119/7061 7120/7120/7062
f 7121/7121/7063 7120/7120/7062 7119/7119/7061
f 7120/7120/7062 7121/7121/7063 7122/7122/7064
f 7123/7123/7065 7122/7122/7064 7121/7121/7063
f 7122/7122/7064 7123/7123/7065 7124/7124/7066
f 7125/7125/7067 7124/7124/7066 7123/7123/7065
f 7124/7124/7068 7125/7125/7069 7114/7114/7056
f 7114/7114/7056 7125/7125/7069 7113/7113/7055
f 7126/7126/7070 7113/7113/7070 7125/7125/7070
f 7127/7127/7071 7115/7115/7057 7117/7117/7059
f 7115/7115/7057 7127/7127/7071 7128/7128/7072
f 7129/7129/7073 7128/7128/7072 7127/7127/7071
f 7128/7128/7072 7129/7129/7073 7130/7130/7074
f 7131/7131/7075 7130/7130/7075 7129/7129/7075
f 7130/7130/7076 7131/7131/7076 7132/7132/7076
f 7133/7133/7077 7132/7132/7077 7131/7131/7077
f 7132/7132/7078 7133/7133/7079 7060/7060/7080
f 7134/7134/7081 7060/7060/7080 7133/7133/7079
f 7060/7060/7080 7134/7134/7081 7135/7135/7082
f 7136/7136/7083 7135/7135/7082 7134/7134/7081
f 7137/7137/7084 7135/7135/7082 7136/7136/7083
f 7135/7135/7082 7137/7137/7084 7138/7138/7085
f 7139/7139/7086 7138/7138/7085 7137/7137/7084
f 7140/7140/7087 7138/7138/7087 7141/7141/7087
f 7142/7142/7088 7131/7131/7088 7143/7143/7088
f 7144/7144/7089 7133/7133/7089 7142/7142/7089
f 7133/7133/7090 7144/7144/7091 7145/7145/7092
f 7146/7146/7093 7145/7145/7092 7144/7144/7091
f 7147/7147/7094 7145/7145/7094 7146/7146/7094
f 7145/7145/7095 7147/7147/7095 7148/7148/7095
f 7149/7149/7096 7148/7148/7096 7147/7147/7096
f 7150/7150/7097 7151/7151/7097 7140/7140/7097
f 7068/7068/7098 7152/7152/7098 7150/7150/7098
f 7153/7153/7099 7154/7154/7099 7155/7155/7099
f 7155/7155/7100 7156/7156/7100 7064/7064/7100
f 7157/7157/7101 7158/7158/7101 7159/7159/7101
f 7160/7160/7102 7161/7161/7102 7162/7162/7102
f 7163/7163/7103 7162/7162/7103 7164/7164/7103
f 7165/7165/7104 7166/7166/7104 7167/7167/7104
f 7166/7166/7105 7168/7168/7105 7070/7070/7105
f 7169/7169/7106 7170/7170/7106 7171/7171/7106
f 7171/7171/7107 7172/7172/7107 7173/7173/7107
f 7174/7174/7108 7175/7175/7108 7176/7176/7108
f 7176/7176/7109 7177/7177/7109 7178/7178/7109
f 7178/7178/7110 7179/7179/7110 7180/7180/7110
f 7181/7181/7111 7182/7182/7111 7183/7183/7111
f 7184/7184/7112 7185/7185/7112 7186/7186/7112
f 7187/7187/7113 7188/7188/7113 7189/7189/7113
f 7189/7189/7114 7190/7190/7114 7191/7191/7114
f 7192/7192/7115 7191/7191/7115 7193/7193/7115
f 7194/7194/7116 7195/7195/7116 7088/7088/7116
f 7088/7088/7117 7196/7196/7117 7197/7197/7117
f 7086/7086/7118 7198/7198/7118 7199/7199/7118
f 7198/7198/7119 7200/7200/7119 7201/7201/7119
f 7201/7201/7120 7202/7202/7120 7203/7203/7120
f 7204/7204/7121 7203/7203/7121 7202/7202/7121
f 7205/7205/7122 7206/7206/7122 7207/7207/7122
f 7207/7207/7123 7208/7208/7123 7209/7209/7123
f 7081/7081/7124 7210/7210/7124 7211/7211/7124
f 7210/7210/7125 7212/7212/7125 7213/7213/7125
f 7214/7214/7126 7119/7119/7126 7215/7215/7126
f 7216/7216/7127 7217/7217/7127 7218/7218/7127
f 7218/7218/7128 7217/7217/7128 7219/7219/7128
f 7219/7219/7129 7217/7217/7129 7220/7220/7129
f 7221/7221/7130 7220/7220/7130 7217/7217/7130
f 7215/7215/7131 7220/7220/7131 7221/7221/7131
f 7220/7220/7132 7215/7215/7132 7116/7116/7132
f 7216/7216/7133 7222/7222/7133 7223/7223/7133
f 7224/7224/7134 7225/7225/7134 7226/7226/7134
f 7227/7227/7135 7228/7228/7135 7229/7229/7135
f 7230/7230/7136 7231/7231/7136 7232/7232/7136
f 7233/7233/7137 7234/7234/7137 7235/7235/7137
f 7236/7236/7138 7235/7235/7138 7234/7234/7138
f 7235/7235/7139 7236/7236/7139 7237/7237/7139
f 7231/7231/7140 7237/7237/7140 7236/7236/7140
f 7237/7237/7141 7231/7231/7141 7238/7238/7141
f 7239/7239/7142 7231/7231/7142 7240/7240/7142
f 7236/7236/7143 7240/7240/7144 7231/7231/7145
f 7240/7240/7144 7236/7236/7143 7241/7241/7146
f 7234/7234/7147 7241/7241/7148 7236/7236/7149
f 7241/7241/7148 7234/7234/7147 7242/7242/7150
f 7243/7243/7151 7242/7242/7151 7234/7234/7151
f 7244/7244/7152 7245/7245/7152 7242/7242/7152
f 7242/7242/7153 7245/7245/7154 7241/7241/7155
f 7246/7246/7156 7241/7241/7155 7245/7245/7154
f 7241/7241/7157 7246/7246/7158 7240/7240/7159
f 7247/7247/7160 7240/7240/7159 7246/7246/7158
f 7240/7240/7161 7247/7247/7161 7248/7248/7161
f 7249/7249/7162 7250/7250/7162 7245/7245/7162
f 7245/7245/7163 7250/7250/7164 7246/7246/7165
f 7251/7251/7166 7246/7246/7165 7250/7250/7164
f 7246/7246/7167 7251/7251/7168 7247/7247/7169
f 7252/7252/7170 7247/7247/7169 7251/7251/7168
f 7247/7247/7171 7252/7252/7171 7253/7253/7171
f 7254/7254/7172 7255/7255/7172 7256/7256/7172
f 7257/7257/7173 7254/7254/7173 7258/7258/7173
f 7254/7254/7174 7259/7259/7174 7258/7258/7174
f 7260/7260/7175 7258/7258/7175 7259/7259/7175
f 7258/7258/7176 7260/7260/7176 7261/7261/7176
f 7262/7262/7177 7261/7261/7177 7260/7260/7177
f 7261/7261/7178 7262/7262/7178 7263/7263/7178
f 7264/7264/7179 7263/7263/7179 7262/7262/7179
f 7265/7265/7180 7263/7263/7180 7264/7264/7180
f 7266/7266/7181 7263/7263/7181 7265/7265/7181
f 7267/7267/7182 7263/7263/7182 7266/7266/7182
f 7268/7268/7183 7263/7263/7184 7267/7267/7185
f 7263/7263/7184 7268/7268/7183 7261/7261/7186
f 7269/7269/7187 7261/7261/7188 7268/7268/7189
f 7261/7261/7188 7269/7269/7187 7258/7258/7190
f 7270/7270/7191 7258/7258/7191 7269/7269/7191
f 7257/7257/7192 7269/7269/7192 7271/7271/7192
f 7271/7271/7193 7269/7269/7193 7272/7272/7193
f 7268/7268/7194 7272/7272/7194 7269/7269/7194
f 7272/7272/7195 7268/7268/7195 7273/7273/7195
f 7267/7267/7196 7273/7273/7196 7268/7268/7196
f 7273/7273/7197 7267/7267/7197 7274/7274/7197
f 7266/7266/7198 7274/7274/7198 7267/7267/7198
f 7274/7274/7199 7266/7266/7199 7275/7275/7199
f 7276/7276/7200 7264/7264/7200 7277/7277/7200
f 7262/7262/7201 7277/7277/7201 7264/7264/7201
f 7278/7278/7202 7277/7277/7202 7262/7262/7202
f 7277/7277/7203 7278/7278/7203 7279/7279/7203
f 7280/7280/7204 7279/7279/7204 7278/7278/7204
f 7279/7279/7205 7280/7280/7205 7281/7281/7205
f 7282/7282/7206 7281/7281/7206 7280/7280/7206
f 7281/7281/7207 7282/7282/7207 7283/7283/7207
f 7284/7284/7208 7285/7285/7208 7286/7286/7208
f 7287/7287/7209 7288/7288/7209 7289/7289/7209
f 7284/7284/7210 7289/7289/7210 7288/7288/7210
f 7290/7290/7211 7289/7289/7211 7284/7284/7211
f 7289/7289/7212 7290/7290/7212 7291/7291/7212
f 7292/7292/7213 7291/7291/7213 7290/7290/7213
f 7291/7291/7214 7292/7292/7214 7293/7293/7214
f 7294/7294/7215 7289/7289/7215 7295/7295/7215
f 7291/7291/7216 7295/7295/7217 7289/7289/7218
f 7295/7295/7217 7291/7291/7216 7296/7296/7219
f 7293/7293/7220 7296/7296/7221 7291/7291/7222
f 7296/7296/7221 7293/7293/7220 7297/7297/7223
f 7298/7298/7224 7299/7299/7224 7300/7300/7224
f 7288/7288/7225 7300/7300/7225 7299/7299/7225
f 7300/7300/7226 7288/7288/7227 7301/7301/7228
f 7294/7294/7229 7301/7301/7228 7288/7288/7227
f 7301/7301/7230 7294/7294/7231 7302/7302/7232
f 7302/7302/7232 7294/7294/7231 7303/7303/7233
f 7295/7295/7234 7303/7303/7234 7294/7294/7234
f 7303/7303/7235 7295/7295/7235 7304/7304/7235
f 7296/7296/7236 7304/7304/7236 7295/7295/7236
f 7304/7304/7237 7296/7296/7237 7305/7305/7237
f 7297/7297/7238 7305/7305/7238 7296/7296/7238
f 7305/7305/7239 7297/7297/7239 7306/7306/7239
f 7307/7307/7240 7308/7308/7240 7309/7309/7240
f 7310/7310/7241 7311/7311/7241 7312/7312/7241
f 7313/7313/7223 7314/7314/7242 7315/7315/7220
f 7316/7316/7243 7315/7315/7220 7314/7314/7242
f 7315/7315/7244 7316/7316/7244 7317/7317/7244
f 7317/7317/7213 7316/7316/7213 7318/7318/7213
f 7318/7318/7212 7316/7316/7212 7312/7312/7212
f 7312/7312/7218 7316/7316/7216 7319/7319/7217
f 7314/7314/7219 7319/7319/7217 7316/7316/7216
f 7320/7320/7245 7319/7319/7245 7321/7321/7245
f 7321/7321/7246 7319/7319/7246 7322/7322/7246
f 7322/7322/7247 7319/7319/7247 7323/7323/7247
f 7314/7314/7248 7323/7323/7248 7319/7319/7248
f 7323/7323/7249 7314/7314/7249 7324/7324/7249
f 7313/7313/7250 7324/7324/7250 7314/7314/7250
f 7324/7324/7251 7313/7313/7251 7325/7325/7251
f 7320/7320/7211 7326/7326/7211 7318/7318/7211
f 7322/7322/7252 7327/7327/7253 7321/7321/7254
f 7328/7328/7255 7321/7321/7254 7327/7327/7253
f 7329/7329/7256 7321/7321/7257 7328/7328/7258
f 7321/7321/7259 7329/7329/7259 7312/7312/7259
f 7312/7312/7260 7329/7329/7260 7330/7330/7260
f 7330/7330/7261 7329/7329/7261 7331/7331/7261
f 7328/7328/7258 7331/7331/7262 7329/7329/7256
f 7331/7331/7263 7332/7332/7263 7330/7330/7263
f 7333/7333/7264 7334/7334/7264 7335/7335/7264
f 7336/7336/7265 7335/7335/7265 7337/7337/7265
f 7337/7337/7266 7335/7335/7267 7338/7338/7268
f 7339/7339/7269 7338/7338/7269 7335/7335/7269
f 7338/7338/7270 7339/7339/7270 7340/7340/7270
f 7337/7337/7266 7338/7338/7268 7341/7341/7271
f 7342/7342/7272 7341/7341/7273 7338/7338/7274
f 7341/7341/7273 7342/7342/7272 7343/7343/7275
f 7344/7344/7276 7343/7343/7277 7342/7342/7278
f 7343/7343/7277 7344/7344/7276 7345/7345/7279
f 7333/7333/7192 7337/7337/7192 7346/7346/7192
f 7346/7346/7280 7337/7337/7280 7347/7347/7280
f 7341/7341/7281 7347/7347/7281 7337/7337/7281
f 7347/7347/7282 7341/7341/7282 7348/7348/7282
f 7343/7343/7283 7348/7348/7283 7341/7341/7283
f 7348/7348/7197 7343/7343/7197 7349/7349/7197
f 7345/7345/7284 7349/7349/7284 7343/7343/7284
f 7349/7349/7285 7345/7345/7285 7350/7350/7285
f 7338/7338/7286 7351/7351/7286 7342/7342/7286
f 7352/7352/7287 7342/7342/7288 7351/7351/7289
f 7342/7342/7288 7352/7352/7287 7344/7344/7290
f 7353/7353/7291 7335/7335/7291 7354/7354/7291
f 7355/7355/7292 7354/7354/7292 7335/7335/7292
f 7356/7356/7293 7354/7354/7293 7355/7355/7293
f 7357/7357/7294 7354/7354/7294 7356/7356/7294
f 7358/7358/7295 7354/7354/7295 7357/7357/7295
f 7354/7354/7296 7358/7358/7296 7339/7339/7296
f 7359/7359/7297 7339/7339/7297 7358/7358/7297
f 7339/7339/7298 7359/7359/7298 7351/7351/7298
f 7360/7360/7299 7351/7351/7300 7359/7359/7301
f 7351/7351/7300 7360/7360/7299 7352/7352/7302
f 7361/7361/7303 7362/7362/7303 7363/7363/7303
f 7364/7364/7304 7365/7365/7304 7366/7366/7304
f 7367/7367/7305 7366/7366/7305 7365/7365/7305
f 7366/7366/7306 7367/7367/7306 7368/7368/7306
f 7368/7368/7307 7367/7367/7307 7361/7361/7307
f 7369/7369/7308 7361/7361/7308 7367/7367/7308
f 7370/7370/7265 7367/7367/7265 7371/7371/7265
f 7365/7365/7268 7371/7371/7266 7367/7367/7267
f 7372/7372/7309 7371/7371/7266 7365/7365/7268
f 7371/7371/7281 7372/7372/7281 7373/7373/7281
f 7374/7374/7310 7373/7373/7310 7372/7372/7310
f 7369/7369/7192 7371/7371/7192 7375/7375/7192
f 7373/7373/7280 7375/7375/7280 7371/7371/7280
f 7376/7376/7311 7374/7374/7311 7377/7377/7311
f 7372/7372/7312 7377/7377/7312 7374/7374/7312
f 7377/7377/7313 7372/7372/7314 7378/7378/7315
f 7365/7365/7274 7378/7378/7315 7372/7372/7314
f 7378/7378/7316 7365/7365/7316 7379/7379/7316
f 7380/7380/7285 7376/7376/7285 7381/7381/7285
f 7377/7377/7317 7381/7381/7317 7376/7376/7317
f 7381/7381/7279 7377/7377/7318 7382/7382/7319
f 7378/7378/7320 7382/7382/7319 7377/7377/7318
f 7382/7382/7321 7378/7378/7322 7383/7383/7323
f 7379/7379/7324 7383/7383/7323 7378/7378/7322
f 7383/7383/7325 7379/7379/7326 7384/7384/7327
f 7384/7384/7327 7379/7379/7326 7385/7385/7328
f 7386/7386/7329 7385/7385/7329 7379/7379/7329
f 7385/7385/7330 7386/7386/7330 7387/7387/7330
f 7388/7388/7331 7387/7387/7331 7386/7386/7331
f 7387/7387/7332 7388/7388/7332 7389/7389/7332
f 7390/7390/7333 7389/7389/7333 7388/7388/7333
f 7389/7389/7334 7390/7390/7334 7391/7391/7334
f 7392/7392/7335 7393/7393/7335 7394/7394/7335
f 7395/7395/7336 7396/7396/7336 7397/7397/7336
f 7392/7392/7337 7397/7397/7337 7396/7396/7337
f 7398/7398/7211 7397/7397/7211 7392/7392/7211
f 7397/7397/7338 7398/7398/7338 7399/7399/7338
f 7400/7400/7213 7399/7399/7213 7398/7398/7213
f 7399/7399/7214 7400/7400/7214 7401/7401/7214
f 7402/7402/7339 7397/7397/7339 7403/7403/7339
f 7399/7399/7340 7403/7403/7341 7397/7397/7342
f 7403/7403/7341 7399/7399/7340 7404/7404/7343
f 7401/7401/7344 7404/7404/7345 7399/7399/7346
f 7404/7404/7345 7401/7401/7344 7405/7405/7347
f 7406/7406/7348 7407/7407/7348 7408/7408/7348
f 7396/7396/7349 7408/7408/7349 7407/7407/7349
f 7408/7408/7350 7396/7396/7351 7409/7409/7352
f 7402/7402/7353 7409/7409/7352 7396/7396/7351
f 7409/7409/7354 7402/7402/7355 7410/7410/7356
f 7410/7410/7356 7402/7402/7355 7411/7411/7357
f 7403/7403/7358 7411/7411/7358 7402/7402/7358
f 7411/7411/7359 7403/7403/7359 7412/7412/7359
f 7404/7404/7360 7412/7412/7360 7403/7403/7360
f 7412/7412/7361 7404/7404/7361 7413/7413/7361
f 7405/7405/7362 7413/7413/7362 7404/7404/7362
f 7413/7413/7363 7405/7405/7363 7414/7414/7363
f 7415/7415/7364 7416/7416/7364 7417/7417/7364
f 7418/7418/7365 7419/7419/7365 7420/7420/7365
f 7421/7421/7366 7420/7420/7366 7419/7419/7366
f 7420/7420/7367 7421/7421/7367 7422/7422/7367
f 7416/7416/7368 7422/7422/7368 7421/7421/7368
f 7422/7422/7369 7416/7416/7369 7423/7423/7369
f 7424/7424/7370 7416/7416/7370 7425/7425/7370
f 7421/7421/7371 7425/7425/7372 7416/7416/7373
f 7425/7425/7372 7421/7421/7371 7426/7426/7374
f 7419/7419/7375 7426/7426/7375 7421/7421/7375
f 7426/7426/7376 7419/7419/7376 7427/7427/7376
f 7428/7428/7377 7427/7427/7377 7419/7419/7377
f 7429/7429/7378 7430/7430/7378 7427/7427/7378
f 7427/7427/7379 7430/7430/7380 7426/7426/7381
f 7431/7431/7382 7426/7426/7381 7430/7430/7380
f 7426/7426/7383 7431/7431/7384 7425/7425/7385
f 7432/7432/7386 7425/7425/7385 7431/7431/7384
f 7425/7425/7387 7432/7432/7387 7433/7433/7387
f 7434/7434/7388 7435/7435/7388 7430/7430/7388
f 7430/7430/7389 7435/7435/7390 7431/7431/7390
f 7436/7436/7391 7431/7431/7390 7435/7435/7390
f 7431/7431/7392 7436/7436/7393 7432/7432/7394
f 7437/7437/7395 7432/7432/7394 7436/7436/7393
f 7432/7432/7396 7437/7437/7396 7438/7438/7396
f 7439/7439/7397 7440/7440/7397 7441/7441/7397
f 7442/7442/7398 7443/7443/7399 7444/7444/7400
f 7445/7445/7401 7444/7444/7400 7443/7443/7399
f 7444/7444/7402 7445/7445/7402 7439/7439/7402
f 7446/7446/7403 7442/7442/7403 7447/7447/7403
f 7444/7444/7404 7447/7447/7404 7442/7442/7404
f 7447/7447/7405 7444/7444/7406 7448/7448/7407
f 7449/7449/7406 7448/7448/7407 7444/7444/7406
f 7448/7448/7408 7449/7449/7408 7441/7441/7408
f 7445/7445/7409 7450/7450/7409 7449/7449/7409
f 7451/7451/7410 7449/7449/7410 7450/7450/7410
f 7449/7449/7411 7451/7451/7411 7452/7452/7411
f 7453/7453/7412 7454/7454/7412 7455/7455/7412
f 7456/7456/7413 7457/7457/7413 7458/7458/7413
f 7459/7459/7414 7458/7458/7414 7457/7457/7414
f 7458/7458/7415 7459/7459/7416 7460/7460/7417
f 7460/7460/7417 7459/7459/7416 7461/7461/7418
f 7462/7462/7419 7461/7461/7419 7459/7459/7419
f 7461/7461/7420 7462/7462/7420 7463/7463/7420
f 7464/7464/7421 7463/7463/7421 7462/7462/7421
f 7463/7463/7422 7464/7464/7422 7465/7465/7422
f 7455/7455/7423 7465/7465/7423 7464/7464/7423
f 7466/7466/7424 7464/7464/7424 7467/7467/7424
f 7467/7467/7425 7464/7464/7425 7468/7468/7425
f 7462/7462/7188 7468/7468/7188 7464/7464/7188
f 7468/7468/7426 7462/7462/7426 7469/7469/7426
f 7459/7459/7427 7469/7469/7427 7462/7462/7427
f 7469/7469/7428 7459/7459/7428 7457/7457/7428
f 7470/7470/7429 7471/7471/7429 7472/7472/7429
f 7470/7470/7430 7473/7473/7430 7474/7474/7430
f 7475/7475/7431 7474/7474/7431 7473/7473/7431
f 7474/7474/7432 7475/7475/7432 7476/7476/7432
f 7475/7475/7433 7473/7473/7434 7477/7477/7435
f 7477/7477/7435 7473/7473/7434 7478/7478/7436
f 7478/7478/7437 7473/7473/7438 7479/7479/7439
f 7480/7480/7440 7479/7479/7439 7473/7473/7438
f 7479/7479/7441 7480/7480/7441 7472/7472/7441
f 7474/7474/7442 7481/7481/7442 7480/7480/7442
f 7482/7482/7443 7480/7480/7443 7481/7481/7443
f 7480/7480/7444 7482/7482/7444 7483/7483/7444
f 7484/7484/7445 7485/7485/7445 7486/7486/7445
f 7487/7487/7446 7488/7488/7447 7489/7489/7448
f 7490/7490/7449 7489/7489/7448 7488/7488/7447
f 7489/7489/7450 7490/7490/7450 7484/7484/7450
f 7491/7491/7451 7487/7487/7451 7492/7492/7451
f 7489/7489/7452 7492/7492/7452 7487/7487/7452
f 7492/7492/7405 7489/7489/7453 7493/7493/7454
f 7494/7494/7455 7493/7493/7454 7489/7489/7453
f 7493/7493/7456 7494/7494/7456 7486/7486/7456
f 7490/7490/7457 7495/7495/7457 7494/7494/7457
f 7496/7496/7458 7494/7494/7458 7495/7495/7458
f 7494/7494/7459 7496/7496/7459 7497/7497/7459
f 7498/7498/7460 7499/7499/7460 7500/7500/7460
f 7501/7501/7461 7500/7500/7461 7502/7502/7461
f 7503/7503/7462 7502/7502/7462 7504/7504/7462
f 7498/7498/7463 7505/7505/7463 7506/7506/7463
f 7507/7507/7464 7506/7506/7465 7505/7505/7466
f 7506/7506/7467 7507/7507/7467 7508/7508/7467
f 7508/7508/7468 7507/7507/7469 7509/7509/7468
f 7509/7509/7468 7507/7507/7469 7510/7510/7469
f 7511/7511/7470 7510/7510/7470 7507/7507/7470
f 7510/7510/7471 7511/7511/7471 7512/7512/7471
f 7513/7513/7472 7512/7512/7472 7511/7511/7472
f 7512/7512/7473 7513/7513/7473 7514/7514/7473
f 7515/7515/7474 7514/7514/7474 7513/7513/7474
f 7514/7514/7475 7515/7515/7475 7516/7516/7475
f 7503/7503/7476 7517/7517/7476 7518/7518/7476
f 7518/7518/7477 7517/7517/7478 7511/7511/7479
f 7511/7511/7480 7517/7517/7480 7513/7513/7480
f 7513/7513/7481 7517/7517/7481 7515/7515/7481
f 7519/7519/7482 7515/7515/7482 7517/7517/7482
f 7515/7515/7483 7519/7519/7483 7520/7520/7483
f 7521/7521/7484 7520/7520/7485 7519/7519/7486
f 7522/7522/7487 7520/7520/7485 7521/7521/7484
f 7520/7520/7488 7522/7522/7489 7523/7523/7490
f 7523/7523/7490 7522/7522/7489 7524/7524/7491
f 7525/7525/7492 7524/7524/7491 7522/7522/7489
f 7524/7524/7491 7525/7525/7492 7526/7526/7493
f 7527/7527/7494 7528/7528/7494 7529/7529/7494
f 7524/7524/7495 7529/7529/7495 7528/7528/7495
f 7526/7526/7493 7529/7529/7496 7524/7524/7491
f 7530/7530/7497 7529/7529/7496 7526/7526/7493
f 7529/7529/7498 7530/7530/7498 7531/7531/7498
f 7532/7532/7499 7531/7531/7499 7530/7530/7499
f 7533/7533/7500 7534/7534/7500 7535/7535/7500
f 7531/7531/7501 7535/7535/7501 7534/7534/7501
f 7532/7532/7502 7535/7535/7502 7531/7531/7502
f 7535/7535/7503 7532/7532/7504 7536/7536/7503
f 7537/7537/7505 7536/7536/7505 7532/7532/7505
f 7536/7536/7506 7537/7537/7506 7538/7538/7506
f 7539/7539/7507 7540/7540/7507 7538/7538/7507
f 7541/7541/7508 7538/7538/7508 7540/7540/7508
f 7542/7542/7509 7538/7538/7509 7541/7541/7509
f 7538/7538/7510 7542/7542/7510 7536/7536/7510
f 7543/7543/7511 7536/7536/7511 7542/7542/7511
f 7536/7536/7503 7543/7543/7512 7535/7535/7503
f 7535/7535/7513 7543/7543/7513 7533/7533/7513
f 7544/7544/7514 7533/7533/7514 7543/7543/7514
f 7545/7545/7515 7537/7537/7515 7532/7532/7515
f 7537/7537/7516 7545/7545/7517 7546/7546/7518
f 7547/7547/7519 7546/7546/7518 7545/7545/7517
f 7548/7548/7520 7549/7549/7520 7550/7550/7520
f 7541/7541/7521 7550/7550/7521 7549/7549/7521
f 7540/7540/7522 7550/7550/7522 7541/7541/7522
f 7551/7551/7523 7550/7550/7523 7540/7540/7523
f 7550/7550/7524 7551/7551/7525 7552/7552/7526
f 7552/7552/7526 7551/7551/7525 7553/7553/7492
f 7554/7554/7527 7553/7553/7527 7551/7551/7527
f 7555/7555/7528 7556/7556/7528 7557/7557/7528
f 7552/7552/7529 7557/7557/7529 7556/7556/7529
f 7557/7557/7530 7552/7552/7526 7558/7558/7531
f 7553/7553/7492 7558/7558/7531 7552/7552/7526
f 7558/7558/7532 7553/7553/7532 7559/7559/7532
f 7560/7560/7533 7561/7561/7533 7547/7547/7533
f 7549/7549/7534 7562/7562/7534 7563/7563/7534
f 7564/7564/7535 7563/7563/7535 7565/7565/7535
f 7548/7548/7536 7566/7566/7536 7562/7562/7536
f 7556/7556/7537 7567/7567/7537 7566/7566/7537
f 7555/7555/7538 7568/7568/7538 7567/7567/7538
f 7559/7559/7539 7569/7569/7539 7570/7570/7539
f 7554/7554/7540 7571/7571/7540 7569/7569/7540
f 7572/7572/7541 7573/7573/7541 7571/7571/7541
f 7540/7540/7542 7574/7574/7542 7554/7554/7542
f 7574/7574/7543 7539/7539/7543 7575/7575/7543
f 7539/7539/7544 7576/7576/7544 7577/7577/7544
f 7578/7578/7460 7579/7579/7460 7580/7580/7460
f 7581/7581/7545 7578/7578/7545 7582/7582/7545
f 7583/7583/7546 7581/7581/7546 7584/7584/7546
f 7585/7585/7547 7584/7584/7547 7586/7586/7547
f 7587/7587/7548 7586/7586/7548 7588/7588/7548
f 7589/7589/7549 7588/7588/7549 7590/7590/7549
f 7591/7591/7550 7590/7590/7550 7592/7592/7550
f 7593/7593/7551 7592/7592/7551 7594/7594/7551
f 7595/7595/7552 7594/7594/7552 7596/7596/7552
f 7597/7597/7553 7595/7595/7553 7598/7598/7553
f 7512/7512/7554 7599/7599/7554 7600/7600/7554
f 7514/7514/7555 7601/7601/7555 7599/7599/7555
f 7510/7510/7556 7600/7600/7556 7602/7602/7556
f 7603/7603/7557 7604/7604/7557 7605/7605/7557
f 7604/7604/7558 7606/7606/7558 7607/7607/7558
f 7606/7606/7559 7608/7608/7559 7609/7609/7559
f 7610/7610/7560 7611/7611/7560 7608/7608/7560
f 7612/7612/7561 7613/7613/7561 7611/7611/7561
f 7614/7614/7562 7612/7612/7562 7610/7610/7562
f 7615/7615/7563 7616/7616/7563 7613/7613/7563
f 7617/7617/7564 7615/7615/7564 7612/7612/7564
f 7618/7618/7565 7619/7619/7565 7616/7616/7565
f 7620/7620/7566 7618/7618/7566 7615/7615/7566
f 7621/7621/7567 7622/7622/7567 7619/7619/7567
f 7623/7623/7568 7624/7624/7568 7622/7622/7568
f 7625/7625/7569 7623/7623/7569 7621/7621/7569
f 7626/7626/7570 7627/7627/7570 7624/7624/7570
f 7628/7628/7571 7629/7629/7571 7627/7627/7571
f 7630/7630/7572 7631/7631/7572 7628/7628/7572
f 7632/7632/7573 7629/7629/7573 7633/7633/7573
f 7634/7634/7574 7633/7633/7574 7629/7629/7574
f 7633/7633/7575 7635/7635/7575 7636/7636/7575
f 7637/7637/7576 7635/7635/7576 7638/7638/7576
f 7639/7639/7577 7638/7638/7577 7635/7635/7577
f 7638/7638/7578 7640/7640/7578 7641/7641/7578
f 7642/7642/7579 7643/7643/7579 7644/7644/7579
f 7643/7643/7580 7645/7645/7580 7646/7646/7580
f 7645/7645/7581 7647/7647/7581 7648/7648/7581
f 7649/7649/7582 7642/7642/7582 7650/7650/7582
f 7651/7651/7583 7652/7652/7583 7649/7649/7583
f 7653/7653/7584 7651/7651/7584 7654/7654/7584
f 7654/7654/7585 7649/7649/7585 7655/7655/7585
f 7656/7656/7586 7653/7653/7586 7657/7657/7586
f 7657/7657/7587 7654/7654/7587 7658/7658/7587
f 7659/7659/7588 7657/7657/7588 7660/7660/7588
f 7661/7661/7589 7659/7659/7589 7662/7662/7589
f 7663/7663/7590 7664/7664/7590 7665/7665/7590
f 7666/7666/7591 7663/7663/7591 7667/7667/7591
f 7668/7668/7592 7666/7666/7592 7669/7669/7592
f 7670/7670/7593 7668/7668/7593 7671/7671/7593
f 7672/7672/7594 7673/7673/7594 7664/7664/7594
f 7674/7674/7595 7675/7675/7595 7672/7672/7595
f 7676/7676/7596 7677/7677/7596 7678/7678/7596
f 7677/7677/7597 7679/7679/7597 7680/7680/7597
f 7679/7679/7598 7681/7681/7598 7682/7682/7598
f 7682/7682/7599 7683/7683/7599 7684/7684/7599
f 7684/7684/7600 7685/7685/7600 7686/7686/7600
f 7686/7686/7601 7687/7687/7601 7688/7688/7601
f 7688/7688/7602 7689/7689/7602 7690/7690/7602
f 7690/7690/7603 7691/7691/7603 7692/7692/7603
f 7692/7692/7604 7693/7693/7604 7694/7694/7604
f 7694/7694/7605 7695/7695/7605 7696/7696/7605
f 7697/7697/7606 7603/7603/7606 7698/7698/7606
f 7699/7699/7607 7700/7700/7607 7643/7643/7607
f 7530/7530/7608 7701/7701/7608 7545/7545/7608
f 7702/7702/7609 7701/7701/7609 7703/7703/7609
f 7526/7526/7610 7703/7703/7610 7701/7701/7610
f 7704/7704/7611 7703/7703/7611 7705/7705/7611
f 7525/7525/7612 7705/7705/7612 7703/7703/7612
f 7706/7706/7613 7705/7705/7613 7707/7707/7613
f 7522/7522/7614 7707/7707/7614 7705/7705/7614
f 7708/7708/7549 7707/7707/7549 7709/7709/7549
f 7521/7521/7615 7709/7709/7615 7707/7707/7615
f 7710/7710/7616 7709/7709/7616 7711/7711/7616
f 7519/7519/7617 7711/7711/7617 7709/7709/7617
f 7712/7712/7618 7711/7711/7618 7713/7713/7618
f 7517/7517/7619 7713/7713/7619 7711/7711/7619
f 7714/7714/7620 7715/7715/7620 7716/7716/7620
f 7715/7715/7621 7717/7717/7621 7718/7718/7621
f 7719/7719/7622 7720/7720/7622 7721/7721/7622
f 7721/7721/7623 7722/7722/7623 7723/7723/7623
f 7722/7722/7624 7724/7724/7624 7725/7725/7624
f 7724/7724/7625 7726/7726/7625 7727/7727/7625
f 7728/7728/7626 7729/7729/7626 7730/7730/7626
f 7731/7731/7627 7732/7732/7627 7733/7733/7627
f 7734/7734/7628 7733/7733/7628 7735/7735/7628
f 7736/7736/7629 7735/7735/7630 7737/7737/7631
f 7738/7738/7632 7737/7737/7631 7735/7735/7630
f 7737/7737/7633 7738/7738/7633 7739/7739/7633
f 7740/7740/7634 7739/7739/7634 7738/7738/7634
f 7741/7741/7635 7739/7739/7635 7740/7740/7635
f 7739/7739/7636 7741/7741/7636 7742/7742/7636
f 7736/7736/7637 7743/7743/7637 7744/7744/7637
f 7745/7745/7638 7744/7744/7639 7743/7743/7640
f 7746/7746/7641 7744/7744/7639 7745/7745/7638
f 7744/7744/7642 7746/7746/7641 7747/7747/7643
f 7748/7748/7644 7749/7749/7644 7750/7750/7644
f 7751/7751/7645 7750/7750/7645 7749/7749/7645
f 7752/7752/7646 7753/7753/7647 7754/7754/7648
f 7755/7755/7649 7754/7754/7648 7753/7753/7647
f 7756/7756/7650 7754/7754/7650 7755/7755/7650
f 7754/7754/7651 7756/7756/7651 7757/7757/7651
f 7758/7758/7652 7759/7759/7652 7760/7760/7652
f 7760/7760/7653 7759/7759/7653 7761/7761/7653
f 7762/7762/7654 7761/7761/7654 7759/7759/7654
f 7761/7761/7655 7762/7762/7655 7763/7763/7655
f 7511/7511/7479 7507/7507/7656 7518/7518/7477
f 7505/7505/7466 7518/7518/7657 7507/7507/7464
f 7518/7518/7658 7505/7505/7658 7764/7764/7658
f 7765/7765/7659 7766/7766/7660 7767/7767/7660
f 7768/7768/7660 7767/7767/7660 7766/7766/7660
f 7769/7769/7660 7767/7767/7660 7768/7768/7660
f 7767/7767/7660 7769/7769/7660 7765/7765/7659
f 7770/7770/7661 7771/7771/7662 7772/7772/7661
f 7773/7773/7661 7772/7772/7661 7771/7771/7662
f 7774/7774/7663 7772/7772/7661 7773/7773/7661
f 7772/7772/7661 7774/7774/7663 7770/7770/7661
f 7775/7775/7664 7776/7776/7664 7777/7777/7664
f 7778/7778/7665 7777/7777/7665 7776/7776/7665
f 7777/7777/7666 7778/7778/7666 7779/7779/7666
f 7780/7780/7667 7779/7779/7667 7778/7778/7667
f 7779/7779/7668 7780/7780/7668 7781/7781/7668
f 7781/7781/7669 7780/7780/7670 7782/7782/7671
f 7783/7783/7672 7782/7782/7671 7780/7780/7670
f 7782/7782/7673 7783/7783/7673 7107/7107/7673
f 7784/7784/7674 7785/7785/7674 7786/7786/7674
f 7786/7786/7675 7785/7785/7675 7787/7787/7675
f 7788/7788/7676 7787/7787/7676 7785/7785/7676
f 7787/7787/7426 7788/7788/7426 7789/7789/7426
f 7790/7790/7427 7789/7789/7427 7788/7788/7427
f 7789/7789/7677 7790/7790/7677 7791/7791/7677
f 7792/7792/7678 7791/7791/7678 7790/7790/7678
f 7791/7791/7679 7792/7792/7679 7793/7793/7679
f 7794/7794/7680 7795/7795/7680 7785/7785/7680
f 7796/7796/7681 7785/7785/7681 7795/7795/7681
f 7797/7797/7682 7785/7785/7682 7796/7796/7682
f 7785/7785/7683 7797/7797/7683 7788/7788/7683
f 7798/7798/7684 7788/7788/7684 7797/7797/7684
f 7788/7788/7685 7798/7798/7685 7790/7790/7685
f 7790/7790/7686 7798/7798/7686 7792/7792/7686
f 7799/7799/7687 7792/7792/7687 7798/7798/7687
f 7800/7800/7688 7801/7801/7688 7802/7802/7688
f 7803/7803/7689 7802/7802/7689 7801/7801/7689
f 7804/7804/7690 7802/7802/7690 7803/7803/7690
f 7802/7802/7691 7804/7804/7691 7805/7805/7691
f 7806/7806/7692 7805/7805/7692 7804/7804/7692
f 7805/7805/7693 7806/7806/7693 7807/7807/7693
f 7808/7808/7694 7807/7807/7695 7806/7806/7696
f 7807/7807/7695 7808/7808/7694 7809/7809/7697
f 7810/7810/7698 7802/7802/7698 7811/7811/7698
f 7811/7811/7699 7802/7802/7699 7812/7812/7699
f 7805/7805/7700 7812/7812/7700 7802/7802/7700
f 7812/7812/7701 7805/7805/7701 7813/7813/7701
f 7807/7807/7427 7813/7813/7427 7805/7805/7427
f 7813/7813/7677 7807/7807/7677 7814/7814/7677
f 7809/7809/7702 7814/7814/7702 7807/7807/7702
f 7814/7814/7703 7809/7809/7703 7815/7815/7703
o rg_1_0.001
v 0.000000 1.201270 0.071180
v -0.011294 1.203712 0.067212
v 0.000000 1.201270 0.068922
v -0.010317 1.203406 0.065747
v -0.018619 1.207802 0.064282
v -0.018619 1.207802 0.062817
v -0.020451 1.212441 0.062939
v -0.020451 1.212441 0.060131
v -0.010195 1.209938 0.069410
v 0.000000 1.209145 0.073012
v 0.011355 1.203712 0.067212
v 0.010256 1.209938 0.069410
v 0.018680 1.207802 0.064282
v 0.020512 1.212441 0.062939
v 0.010378 1.203406 0.065747
v 0.018680 1.207802 0.062817
v 0.020512 1.212441 0.060131
v 0.009584 1.209816 0.063977
v 0.000000 1.209145 0.067334
v -0.009523 1.209816 0.063977
v -0.004762 1.224895 0.081863
v -0.004151 1.220377 0.077529
v 0.000000 1.219156 0.077224
v 0.000000 1.213784 0.076980
v 0.004212 1.220377 0.077529
v -0.004762 1.215371 0.076919
v -0.008363 1.220194 0.072767
v -0.011660 1.222392 0.075881
v -0.004578 1.229656 0.084671
v -0.010622 1.228435 0.075331
v -0.010744 1.222392 0.070570
v -0.010683 1.214700 0.072401
v -0.005006 1.212624 0.079116
v 0.000000 1.209694 0.078872
v 0.000000 1.205055 0.080032
v -0.004823 1.205787 0.078384
v 0.004762 1.215371 0.076919
v 0.008363 1.220194 0.072767
v 0.004762 1.224895 0.081863
v 0.011721 1.222392 0.075881
v 0.010805 1.222392 0.070570
v 0.010683 1.214700 0.072401
v 0.005067 1.212624 0.079116
v 0.004823 1.205787 0.078384
v 0.000000 1.201880 0.073927
v 0.008302 1.203040 0.072157
v 0.000000 1.202857 0.033942
v -0.008302 1.203040 0.072157
v 0.022648 1.236555 0.063794
v 0.009828 1.235150 0.065564
v 0.021794 1.226238 0.067640
v 0.009890 1.227825 0.070509
v 0.010622 1.228435 0.075331
v 0.004640 1.229656 0.084671
v 0.000000 1.229962 0.085770
v 0.000000 1.225322 0.083206
v 0.000000 1.234662 0.078811
v 0.003541 1.234357 0.077834
v 0.007326 1.230877 0.073378
v 0.004762 1.247238 0.063794
v 0.000000 1.247482 0.065381
v -0.003541 1.234357 0.077834
v -0.007326 1.230877 0.073378
v -0.009890 1.227825 0.070509
v -0.021732 1.226238 0.067640
v -0.009828 1.235150 0.065564
v -0.004762 1.247238 0.063794
v 0.000000 1.257860 0.059032
v 0.005799 1.258104 0.056651
v 0.000000 1.268665 0.061657
v -0.005738 1.258104 0.056651
v -0.010805 1.246871 0.059765
v -0.022648 1.236555 0.063794
v -0.040962 1.241255 0.059398
v -0.025212 1.244063 0.056285
v -0.016605 1.259630 0.045724
v -0.011294 1.258592 0.054454
v -0.014102 1.266711 0.054392
v -0.040046 1.251755 0.049692
v -0.026677 1.251999 0.049448
v -0.032294 1.269397 0.010866
v -0.052195 1.257432 0.042794
v -0.054820 1.245406 0.048593
v -0.060863 1.259935 0.035407
v -0.057323 1.266467 0.040108
v -0.061352 1.267566 0.031622
v -0.064343 1.268848 0.024846
v -0.066663 1.256944 0.025518
v -0.053232 1.229107 0.043343
v -0.063977 1.241011 0.022282
v -0.055125 1.211587 0.015445
v -0.041206 1.198767 0.046090
v -0.031378 1.182162 0.035773
v -0.011355 1.175813 0.062084
v -0.009706 1.182467 0.068433
v -0.044381 1.305232 0.061535
v -0.063793 1.294671 0.033270
v -0.050546 1.291191 0.054270
v -0.059154 1.285269 0.036445
v -0.064892 1.281790 -0.009950
v -0.061901 1.261889 -0.008790
v -0.054026 1.230267 -0.011843
v -0.047921 1.207741 -0.009950
v -0.045785 1.229717 -0.022648
v -0.055674 1.231549 -0.022587
v -0.052317 1.243147 -0.042793
v -0.068067 1.261828 -0.016360
v -0.069227 1.279653 -0.025456
v -0.071241 1.294060 -0.039802
v -0.066052 1.300165 -0.037116
v -0.089250 1.331421 -0.069593
v -0.079727 1.330566 -0.067517
v -0.059581 1.282156 -0.046456
v -0.081924 1.330505 -0.078933
v -0.078322 1.283560 -0.068372
v -0.056590 1.258898 -0.045723
v -0.073744 1.255723 -0.063732
v -0.069349 1.232464 -0.049081
v -0.073195 1.257188 -0.060863
v -0.078200 1.282583 -0.064709
v -0.090288 1.325194 -0.078383
v -0.104206 1.365423 -0.102069
v -0.102131 1.366827 -0.096026
v -0.102497 1.366950 -0.100421
v -0.105366 1.368659 -0.100848
v -0.104695 1.365179 -0.097674
v -0.054881 1.246444 -0.019229
v -0.071852 1.290275 -0.044808
v -0.063671 1.275746 -0.029668
v -0.063366 1.260485 -0.019290
v -0.064221 1.239546 -0.016665
v -0.063549 1.233319 -0.031500
v -0.069837 1.239241 -0.047616
v -0.062695 1.224956 -0.030828
v 0.000000 1.180514 0.001832
v 0.000672 1.171052 -0.002503
v 0.021244 1.195043 -0.009950
v 0.017887 1.174043 -0.013857
v 0.032294 1.203895 -0.024418
v 0.026921 1.178133 -0.032232
v -0.021244 1.195043 -0.009950
v -0.017826 1.174043 -0.013857
v -0.032294 1.203895 -0.024418
v -0.026860 1.178072 -0.032232
v -0.032171 1.208290 -0.042488
v -0.017826 1.183688 -0.050790
v 0.000000 1.199011 -0.055918
v 0.000000 1.183688 -0.058848
v 0.017887 1.183688 -0.050790
v 0.032171 1.208290 -0.042488
v 0.045785 1.229717 -0.022648
v 0.052378 1.243147 -0.042793
v -0.052317 1.243147 -0.042793
v -0.040474 1.189427 0.009157
v 0.000000 1.174226 0.040413
v 0.040474 1.189427 0.009157
v 0.047982 1.207741 -0.009950
v 0.000000 1.172944 0.066113
v 0.000000 1.178805 0.070081
v 0.011355 1.175813 0.062084
v 0.031378 1.182162 0.035773
v 0.055125 1.211587 0.015445
v 0.054087 1.230267 -0.011843
v 0.000000 1.191197 0.070570
v 0.009706 1.182467 0.068433
v 0.041206 1.198767 0.046090
v 0.053232 1.229107 0.043343
v 0.063977 1.241011 0.022282
v 0.061901 1.261889 -0.008790
v 0.068067 1.261828 -0.016360
v 0.069288 1.279653 -0.025456
v 0.064892 1.281790 -0.009950
v 0.063854 1.294671 0.033270
v 0.064343 1.268848 0.024846
v 0.066663 1.256944 0.025518
v 0.054820 1.245406 0.048593
v 0.060863 1.259935 0.035407
v 0.044808 1.227153 0.056224
v 0.033331 1.208901 0.057323
v 0.021122 1.193090 0.060192
v 0.010622 1.193578 0.069898
v 0.000000 1.194188 0.076980
v 0.011538 1.196874 0.074355
v 0.010683 1.200720 0.075453
v 0.000000 1.198401 0.077346
v 0.008302 1.202857 0.072157
v 0.000000 1.200904 0.073866
v -0.008302 1.202857 0.072157
v 0.000000 1.200904 0.073866
v -0.010683 1.200720 0.075453
v -0.011477 1.196874 0.074355
v -0.010622 1.193578 0.069898
v -0.021122 1.193090 0.060192
v -0.033331 1.208901 0.057323
v -0.044808 1.227153 0.056224
v -0.038276 1.226726 0.061718
v 0.054942 1.246444 -0.019229
v 0.078200 1.282583 -0.064709
v 0.071913 1.290275 -0.044808
v 0.089311 1.331421 -0.069593
v 0.090288 1.325194 -0.078383
v 0.104267 1.365423 -0.102069
v 0.081924 1.330505 -0.078933
v 0.073195 1.257188 -0.060863
v 0.069837 1.239241 -0.047616
v 0.063549 1.233319 -0.031500
v 0.062695 1.224956 -0.030828
v 0.055735 1.231549 -0.022587
v 0.069349 1.232464 -0.049081
v 0.073805 1.255723 -0.063732
v 0.078383 1.283560 -0.068372
v 0.052378 1.243147 -0.042793
v 0.056651 1.258898 -0.045723
v 0.059581 1.282156 -0.046456
v 0.079727 1.330566 -0.067517
v 0.066052 1.300165 -0.037116
v 0.071241 1.294060 -0.039802
v 0.063671 1.275746 -0.029668
v 0.063427 1.260485 -0.019290
v 0.064282 1.239546 -0.016665
v 0.010805 1.246871 0.059765
v 0.011294 1.258592 0.054454
v 0.014102 1.266711 0.054392
v 0.016666 1.259630 0.045724
v 0.025273 1.244063 0.056285
v 0.026677 1.251999 0.049448
v 0.032294 1.269397 0.010866
v 0.040046 1.251755 0.049692
v 0.038276 1.226726 0.061718
v 0.040962 1.241255 0.059398
v 0.052195 1.257432 0.042794
v 0.057384 1.266467 0.040108
v 0.061352 1.267566 0.031622
v 0.059215 1.285269 0.036445
v 0.050546 1.291191 0.054270
v 0.044381 1.305232 0.061535
v 0.041573 1.292534 0.063977
v 0.023014 1.295159 0.069166
v 0.023503 1.281179 0.063366
v 0.008730 1.284354 0.068983
v 0.006959 1.268543 0.059765
v 0.049875 1.319639 0.049204
v 0.041084 1.316220 0.059459
v 0.033575 1.337708 0.056346
v 0.020145 1.306941 0.073256
v 0.013064 1.335633 0.067212
v 0.000000 1.330871 0.073012
v 0.000000 1.296868 0.074904
v 0.000000 1.281607 0.068738
v -0.008730 1.284354 0.068983
v -0.006959 1.268543 0.059765
v -0.023442 1.281179 0.063366
v -0.023014 1.295159 0.069166
v -0.041573 1.292534 0.063977
v -0.041084 1.316220 0.059459
v -0.020145 1.306941 0.073256
v -0.013003 1.335633 0.067212
v -0.033575 1.337708 0.056346
v -0.049814 1.335328 0.046334
v 0.102131 1.366827 -0.096026
v 0.104695 1.365179 -0.097674
v 0.105366 1.368659 -0.100848
v 0.102558 1.366950 -0.100421
v 0.022587 1.275502 0.055308
v 0.023686 1.268848 0.051584
v 0.035834 1.282339 0.060497
v 0.035041 1.275563 0.053355
v 0.050546 1.291191 0.054270
v 0.041573 1.292534 0.063977
v 0.047250 1.284476 0.054576
v 0.046212 1.275868 0.049143
v 0.032294 1.269397 0.010866
v 0.016666 1.259630 0.045724
v 0.014102 1.266711 0.054392
v 0.023503 1.281179 0.063366
v 0.057384 1.266467 0.040108
v 0.052927 1.274098 0.042977
v 0.061352 1.267566 0.031622
v 0.056285 1.279775 0.042000
v 0.059215 1.285269 0.036445
v -0.022587 1.275502 0.055308
v -0.035773 1.282339 0.060497
v -0.023686 1.268848 0.051584
v -0.034980 1.275563 0.053355
v -0.059154 1.285269 0.036445
v -0.056224 1.279775 0.042000
v -0.050546 1.291191 0.054270
v -0.047250 1.284476 0.054576
v -0.041573 1.292534 0.063977
v -0.023442 1.281179 0.063366
v -0.014102 1.266711 0.054392
v -0.016605 1.259630 0.045724
v -0.032294 1.269397 0.010866
v -0.046151 1.275868 0.049143
v -0.052927 1.274098 0.042977
v -0.061352 1.267566 0.031622
v -0.057323 1.266467 0.040108
v -0.004823 1.205787 0.078384
v -0.015139 1.204261 0.070936
v -0.008302 1.203040 0.072157
v -0.015750 1.203162 0.068922
v 0.000000 1.202857 0.033942
v -0.021122 1.203529 0.066174
v -0.014407 1.203101 0.040840
v -0.015628 1.203040 0.068922
v -0.008302 1.202857 0.072157
v -0.010683 1.200720 0.075453
v -0.016116 1.202369 0.069471
v -0.011477 1.196874 0.074355
v -0.016483 1.200904 0.067151
v -0.010622 1.193578 0.069898
v -0.021122 1.193090 0.060192
v -0.033331 1.208901 0.057323
v -0.021732 1.226238 0.067640
v -0.014529 1.208595 0.072157
v -0.005006 1.212624 0.079116
v -0.010683 1.214700 0.072401
v -0.010744 1.222392 0.070570
v 0.014529 1.208595 0.072157
v 0.015139 1.204261 0.070936
v 0.021122 1.203529 0.066174
v 0.015811 1.203162 0.068922
v 0.014407 1.203101 0.040840
v 0.021794 1.226238 0.067640
v 0.010805 1.222392 0.070570
v 0.010683 1.214700 0.072401
v 0.005067 1.212624 0.079116
v 0.004823 1.205787 0.078384
v 0.008302 1.203040 0.072157
v 0.015689 1.203040 0.068922
v 0.016116 1.202369 0.069471
v 0.016483 1.200904 0.067151
v 0.033331 1.208901 0.057323
v 0.021122 1.193090 0.060192
v 0.010622 1.193578 0.069898
v 0.011538 1.196874 0.074355
v 0.010683 1.200720 0.075453
v 0.008302 1.202857 0.072157
v 0.010622 1.198156 0.058971
v 0.011294 1.198034 0.064404
v 0.000000 1.195348 0.062634
v 0.000000 1.195348 0.068250
v -0.011233 1.198034 0.064404
v -0.010561 1.198156 0.058971
v -0.020451 1.202857 0.056041
v -0.020451 1.202857 0.054148
v -0.020695 1.209816 0.059398
v -0.011294 1.205787 0.066174
v 0.000000 1.203406 0.070142
v 0.011355 1.205787 0.066174
v 0.020512 1.202857 0.056041
v 0.020756 1.209816 0.059398
v 0.020512 1.202857 0.054148
v 0.020756 1.209816 0.057994
v 0.010378 1.206031 0.064709
v 0.000000 1.203406 0.067884
v -0.010317 1.206031 0.064709
v -0.020695 1.209816 0.057994
vt 0.578369 0.860229
vt 0.578369 0.860229
vt 0.578369 0.860229
vt 0.578369 0.860229
vt 0.578369 0.860229
vt 0.578369 0.860229
vt 0.578369 0.860229
vt 0.578369 0.860229
vt 0.578369 0.860229
vt 0.578369 0.860229
vt 0.578369 0.860229
vt 0.578369 0.860229
vt 0.578369 0.860229
vt 0.578369 0.860229
vt 0.578369 0.860229
vt 0.578369 0.860229
vt 0.578369 0.860229
vt 0.578369 0.860229
vt 0.578369 0.860229
vt 0.578369 0.860229
vt 0.045288 0.337891
vt 0.042847 0.313599
vt 0.017944 0.316162
vt 0.017944 0.287598
vt 0.042847 0.313599
vt 0.046265 0.299194
vt 0.067749 0.310913
vt 0.086060 0.331543
vt 0.044434 0.355469
vt 0.078857 0.350952
vt 0.101562 0.320312
vt 0.075806 0.296387
vt 0.045288 0.288208
vt 0.017944 0.276367
vt 0.017944 0.257690
vt 0.044189 0.260620
vt 0.046265 0.299194
vt 0.067749 0.310913
vt 0.045288 0.337891
vt 0.086060 0.331543
vt 0.101562 0.320312
vt 0.075806 0.296387
vt 0.045288 0.288208
vt 0.044189 0.260620
vt 0.017944 0.244995
vt 0.062866 0.249634
vt 0.017944 0.248901
vt 0.062866 0.249634
vt 0.153198 0.376221
vt 0.086060 0.376099
vt 0.146729 0.339966
vt 0.097900 0.349365
vt 0.078857 0.350952
vt 0.044434 0.355469
vt 0.017944 0.356567
vt 0.017944 0.339355
vt 0.017944 0.374023
vt 0.038330 0.372803
vt 0.068237 0.373657
vt 0.045288 0.413452
vt 0.017944 0.414551
vt 0.038330 0.372803
vt 0.068237 0.373657
vt 0.097900 0.349365
vt 0.146729 0.339966
vt 0.086060 0.376099
vt 0.045288 0.413452
vt 0.017944 0.452759
vt 0.051025 0.453857
vt 0.017944 0.493042
vt 0.051025 0.453857
vt 0.079834 0.412109
vt 0.153198 0.376221
vt 0.262451 0.390991
vt 0.162231 0.401733
vt 0.123169 0.463867
vt 0.082520 0.455688
vt 0.098755 0.485718
vt 0.238892 0.442749
vt 0.169678 0.447266
vt 0.225342 0.475342
vt 0.312744 0.454956
vt 0.331177 0.406616
vt 0.365601 0.460571
vt 0.345703 0.484741
vt 0.368530 0.488770
vt 0.432495 0.495728
vt 0.457153 0.447021
vt 0.374023 0.340820
vt 0.471924 0.372925
vt 0.502075 0.257324
vt 0.369629 0.214233
vt 0.399780 0.164185
vt 0.239990 0.107300
vt 0.110718 0.161255
vt 0.289551 0.628540
vt 0.413086 0.585938
vt 0.306763 0.576294
vt 0.356201 0.554443
vt 0.554077 0.544067
vt 0.549072 0.469727
vt 0.562622 0.351685
vt 0.554321 0.267700
vt 0.610596 0.349731
vt 0.632690 0.373779
vt 0.679810 0.439575
vt 0.586060 0.495361
vt 0.618408 0.548706
vt 0.669190 0.591675
vt 0.659668 0.609863
vt 0.857544 0.802612
vt 0.836792 0.794922
vt 0.722900 0.578735
vt 0.877197 0.794800
vt 0.770386 0.560181
vt 0.690063 0.486694
vt 0.753906 0.477051
vt 0.701904 0.407715
vt 0.743896 0.481445
vt 0.757324 0.557373
vt 0.875244 0.779053
vt 0.997192 0.961304
vt 0.975830 0.965576
vt 0.991333 0.965942
vt 0.992920 0.970947
vt 0.981690 0.960693
vt 0.623169 0.458496
vt 0.687012 0.580444
vt 0.633301 0.536865
vt 0.596435 0.491455
vt 0.587280 0.428833
vt 0.639771 0.410156
vt 0.696899 0.427979
vt 0.637329 0.385254
vt 0.482544 0.094360
vt 0.526367 0.059204
vt 0.554199 0.220337
vt 0.571411 0.070190
vt 0.618408 0.253296
vt 0.653076 0.085327
vt 0.554199 0.220337
vt 0.571411 0.070190
vt 0.618408 0.253296
vt 0.653076 0.085327
vt 0.698486 0.269775
vt 0.735474 0.106079
vt 0.758057 0.235107
vt 0.771240 0.106079
vt 0.735474 0.106079
vt 0.698486 0.269775
vt 0.610596 0.349731
vt 0.699829 0.399780
vt 0.699829 0.399780
vt 0.481934 0.199219
vt 0.363403 0.075806
vt 0.481934 0.199219
vt 0.554321 0.267700
vt 0.106323 0.094482
vt 0.017944 0.144897
vt 0.239990 0.107300
vt 0.399780 0.164185
vt 0.502075 0.257324
vt 0.562622 0.351685
vt 0.017944 0.202026
vt 0.110718 0.161255
vt 0.369629 0.214233
vt 0.374023 0.340820
vt 0.471924 0.372925
vt 0.549072 0.469727
vt 0.586060 0.495361
vt 0.618408 0.548706
vt 0.554077 0.544067
vt 0.413086 0.585938
vt 0.432495 0.495728
vt 0.457153 0.447021
vt 0.331177 0.406616
vt 0.365601 0.460571
vt 0.305908 0.333374
vt 0.280640 0.260010
vt 0.194824 0.207153
vt 0.072510 0.214233
vt 0.017944 0.214111
vt 0.075439 0.226929
vt 0.071167 0.239990
vt 0.017944 0.230957
vt 0.062988 0.248901
vt 0.017944 0.241089
vt 0.062988 0.248901
vt 0.017944 0.241089
vt 0.071167 0.239990
vt 0.075439 0.226929
vt 0.072510 0.214233
vt 0.194824 0.207153
vt 0.280640 0.260010
vt 0.305908 0.333374
vt 0.270630 0.332275
vt 0.623169 0.458496
vt 0.757324 0.557373
vt 0.687012 0.580444
vt 0.857544 0.802612
vt 0.875244 0.779053
vt 0.997192 0.961304
vt 0.877197 0.794800
vt 0.743896 0.481445
vt 0.696899 0.427979
vt 0.639771 0.410156
vt 0.637329 0.385254
vt 0.632690 0.373779
vt 0.701904 0.407715
vt 0.753906 0.477051
vt 0.770386 0.560181
vt 0.679810 0.439575
vt 0.690063 0.486694
vt 0.722900 0.578735
vt 0.836792 0.794922
vt 0.659668 0.609863
vt 0.669190 0.591675
vt 0.633301 0.536865
vt 0.596435 0.491455
vt 0.587280 0.428833
vt 0.079834 0.412109
vt 0.082520 0.455688
vt 0.098755 0.485718
vt 0.123169 0.463867
vt 0.162231 0.401733
vt 0.169678 0.447266
vt 0.225342 0.475342
vt 0.238892 0.442749
vt 0.270630 0.332275
vt 0.262451 0.390991
vt 0.312744 0.454956
vt 0.345703 0.484741
vt 0.368530 0.488770
vt 0.356201 0.554443
vt 0.306763 0.576294
vt 0.289551 0.628540
vt 0.255493 0.581421
vt 0.149414 0.591064
vt 0.152222 0.539307
vt 0.067993 0.551147
vt 0.057739 0.492554
vt 0.376587 0.724731
vt 0.279297 0.691650
vt 0.258423 0.781738
vt 0.135254 0.656616
vt 0.098511 0.754639
vt 0.046997 0.695801
vt 0.018311 0.605103
vt 0.017944 0.540771
vt 0.067993 0.551147
vt 0.057739 0.492554
vt 0.152222 0.539307
vt 0.149414 0.591064
vt 0.255493 0.581421
vt 0.279297 0.691650
vt 0.135254 0.656616
vt 0.098511 0.754639
vt 0.258423 0.781738
vt 0.376587 0.724731
vt 0.975830 0.965576
vt 0.981690 0.960693
vt 0.992920 0.970947
vt 0.991333 0.965942
vt 0.157959 0.494385
vt 0.158814 0.484741
vt 0.230835 0.524902
vt 0.223389 0.498047
vt 0.306763 0.576294
vt 0.255493 0.581421
vt 0.292358 0.531982
vt 0.281006 0.500122
vt 0.225342 0.475342
vt 0.123169 0.463867
vt 0.098755 0.485718
vt 0.152222 0.539307
vt 0.345703 0.484741
vt 0.319336 0.494385
vt 0.368530 0.488770
vt 0.339111 0.517456
vt 0.356201 0.554443
vt 0.157959 0.494385
vt 0.230835 0.524902
vt 0.158814 0.484741
vt 0.223389 0.498047
vt 0.356201 0.554443
vt 0.339111 0.517456
vt 0.306763 0.576294
vt 0.292358 0.531982
vt 0.255493 0.581421
vt 0.152222 0.539307
vt 0.098755 0.485718
vt 0.123169 0.463867
vt 0.225342 0.475342
vt 0.281006 0.500122
vt 0.319336 0.494385
vt 0.368530 0.488770
vt 0.345703 0.484741
vt 0.044189 0.260620
vt 0.099854 0.254517
vt 0.062866 0.249634
vt 0.103394 0.250244
vt 0.017944 0.248901
vt 0.132080 0.251709
vt 0.100342 0.249878
vt 0.102661 0.249756
vt 0.062988 0.248901
vt 0.071167 0.239990
vt 0.105103 0.246948
vt 0.075439 0.226929
vt 0.106445 0.242798
vt 0.072510 0.214233
vt 0.194824 0.207153
vt 0.280640 0.260010
vt 0.146729 0.339966
vt 0.096436 0.271973
vt 0.045288 0.288208
vt 0.075806 0.296387
vt 0.101562 0.320312
vt 0.096436 0.271973
vt 0.099854 0.254517
vt 0.132080 0.251709
vt 0.103394 0.250244
vt 0.100342 0.249878
vt 0.146729 0.339966
vt 0.101562 0.320312
vt 0.075806 0.296387
vt 0.045288 0.288208
vt 0.044189 0.260620
vt 0.062866 0.249634
vt 0.102661 0.249756
vt 0.105103 0.246948
vt 0.106445 0.242798
vt 0.280640 0.260010
vt 0.194824 0.207153
vt 0.072510 0.214233
vt 0.075439 0.226929
vt 0.071167 0.239990
vt 0.062988 0.248901
vt 0.578369 0.860229
vt 0.578369 0.860229
vt 0.578369 0.860229
vt 0.578369 0.860229
vt 0.578369 0.860229
vt 0.578369 0.860229
vt 0.578369 0.860229
vt 0.578369 0.860229
vt 0.578369 0.860229
vt 0.578369 0.860229
vt 0.578369 0.860229
vt 0.578369 0.860229
vt 0.578369 0.860229
vt 0.578369 0.860229
vt 0.578369 0.860229
vt 0.578369 0.860229
vt 0.578369 0.860229
vt 0.578369 0.860229
vt 0.578369 0.860229
vt 0.578369 0.860229
vn -0.2113 -0.9774 0.0000
vn -0.2194 -0.9740 0.0571
vn -0.4491 -0.8861 -0.1144
vn -0.4680 -0.8837 0.0000
vn -0.9301 -0.3673 0.0000
vn -0.5266 0.0379 0.8493
vn -0.4658 -0.2203 0.8570
vn -0.3396 -0.2592 0.9041
vn -0.3643 -0.2110 0.9071
vn 0.3626 -0.2112 0.9077
vn 0.3378 -0.2597 0.9047
vn 0.4658 -0.2203 0.8570
vn 0.5266 0.0379 0.8493
vn 0.2103 -0.9776 0.0000
vn 0.2182 -0.9742 0.0580
vn 0.4491 -0.8862 -0.1144
vn 0.4680 -0.8837 0.0000
vn 0.9301 -0.3673 0.0000
vn -0.2336 0.9723 0.0000
vn -0.2329 0.9725 0.0070
vn -0.0744 0.9971 -0.0132
vn -0.0771 0.9970 0.0000
vn 0.0776 0.9970 0.0000
vn 0.0754 0.9971 -0.0109
vn 0.0772 0.9970 -0.0021
vn 0.0749 0.9971 -0.0131
vn 0.2329 0.9725 0.0070
vn 0.2334 0.9724 0.0017
vn 0.2331 0.9724 0.0054
vn 0.2336 0.9723 0.0000
vn -0.1527 -0.6948 0.7028
vn 0.0599 -0.0453 0.9972
vn -0.0591 -0.0453 0.9972
vn -0.0509 -0.1147 0.9921
vn -0.7492 0.0107 0.6623
vn -0.5876 -0.6001 0.5428
vn -0.1123 -0.8639 0.4910
vn -0.4998 -0.4256 0.7544
vn -0.8354 0.1904 0.5157
vn -0.9741 0.1517 -0.1676
vn -0.9740 0.1520 -0.1680
vn -0.9741 0.1516 -0.1675
vn -0.6194 -0.7778 -0.1068
vn -0.5678 0.1864 0.8018
vn -0.6083 0.2058 0.7666
vn -0.5441 0.5530 0.6310
vn 0.3649 0.5615 0.7427
vn 0.1860 0.2383 0.9532
vn -0.3362 -0.1092 0.9354
vn 0.1273 0.4164 0.9002
vn -0.1273 0.4164 0.9002
vn 0.0514 -0.1157 0.9920
vn 0.7539 0.0028 0.6570
vn 0.1108 -0.8643 0.4906
vn 0.6112 -0.7844 -0.1054
vn 0.5612 0.1832 0.8071
vn 0.6083 0.2058 0.7666
vn 0.5414 0.5610 0.6262
vn -0.3589 0.5583 0.7480
vn -0.1838 0.2384 0.9536
vn 0.3365 -0.1121 0.9350
vn 0.2806 -0.8516 0.4429
vn 0.2229 -0.8398 0.4950
vn 0.1333 -0.9908 -0.0242
vn -0.1333 -0.9908 -0.0242
vn -0.2229 -0.8398 0.4950
vn -0.2806 -0.8516 0.4429
vn 0.0918 0.3411 0.9355
vn 0.2645 0.5411 0.7983
vn 0.2405 0.0514 0.9693
vn 0.9724 0.1617 -0.1679
vn 0.9725 0.1617 -0.1679
vn 0.9724 0.1619 -0.1681
vn 0.9725 0.1616 -0.1677
vn 0.8369 0.1986 0.5101
vn 0.4932 -0.4325 0.7547
vn 0.1687 -0.4975 0.8509
vn 0.1994 -0.4740 0.8577
vn -0.1994 -0.4740 0.8577
vn -0.1386 -0.6896 0.7108
vn 0.1386 -0.6896 0.7108
vn 0.1392 -0.6900 0.7103
vn 0.1481 -0.6932 0.7054
vn 0.1501 -0.6939 0.7043
vn 0.5958 -0.5926 0.5421
vn -0.1713 -0.4956 0.8515
vn -0.1864 0.8142 0.5499
vn 0.1840 0.8146 0.5501
vn 0.2167 0.8203 0.5292
vn 0.6710 0.6569 0.3438
vn 0.6231 0.7782 -0.0785
vn 0.6551 0.7308 -0.1919
vn 0.8476 0.3014 0.4367
vn 0.7870 0.3991 0.4705
vn 0.8304 0.3728 0.4142
vn 0.2483 0.7012 0.6684
vn 0.2546 0.7009 0.6663
vn 0.2576 0.7007 0.6653
vn 0.2451 0.7013 0.6694
vn -0.2546 0.7009 0.6663
vn -0.2451 0.7013 0.6694
vn -0.2483 0.7012 0.6684
vn -0.2170 0.8194 0.5305
vn -0.6707 0.6547 0.3484
vn -0.6231 0.7782 -0.0785
vn -0.6551 0.7308 -0.1919
vn -0.9743 0.1513 -0.1670
vn -0.2414 0.0488 0.9692
vn -0.2658 0.5409 0.7980
vn -0.8476 0.3012 0.4368
vn -0.7870 0.3991 0.4705
vn -0.8304 0.3728 0.4142
vn -0.2576 0.7007 0.6653
vn -0.2970 0.4983 0.8145
vn 0.2970 0.4983 0.8145
vn 0.3105 0.5013 0.8076
vn 0.3785 -0.2185 0.8994
vn -0.3819 -0.2182 0.8981
vn -0.3132 0.5019 0.8063
vn -0.5171 0.4372 0.7358
vn -0.5362 0.3380 0.7735
vn -0.0758 0.4371 0.8962
vn -0.0919 0.3407 0.9357
vn -0.1377 0.3352 0.9320
vn 0.0129 0.7093 0.7048
vn -0.2963 0.6229 0.7240
vn -0.2959 0.6429 0.7065
vn -0.8254 0.2041 0.5264
vn -0.8336 -0.2847 0.4733
vn -0.3742 -0.1224 0.9192
vn -0.3107 0.3815 0.8706
vn -0.0091 0.9111 0.4122
vn -0.4436 0.7911 0.4213
vn -0.1889 0.6207 0.7610
vn 0.0019 0.6529 0.7574
vn 0.0245 0.6774 0.7352
vn -0.0949 0.6802 0.7269
vn -0.4533 0.4655 0.7602
vn -0.4938 0.4628 0.7362
vn 0.1663 0.8848 0.4352
vn 0.6198 0.5251 0.5831
vn -0.6667 -0.1622 0.7274
vn -0.8829 0.1624 0.4405
vn -0.8931 0.1526 0.4231
vn -0.8706 0.1952 0.4516
vn -0.8702 0.0794 0.4863
vn -0.9086 -0.2056 0.3635
vn -0.9136 -0.2231 0.3400
vn -0.9028 -0.3340 0.2710
vn -0.9025 -0.3345 0.2713
vn -0.9031 -0.3334 0.2707
vn -0.8121 -0.5706 0.1225
vn -0.8143 -0.5649 0.1335
vn -0.8142 -0.5653 0.1326
vn -0.6826 -0.6320 0.3669
vn -0.6596 -0.4268 0.6186
vn -0.8360 0.0868 0.5418
vn -0.8373 -0.2487 0.4870
vn -0.6989 -0.1059 0.7074
vn -0.9169 -0.1060 0.3847
vn -0.9997 0.0144 0.0211
vn -0.9768 0.1953 0.0881
vn -0.9751 -0.1558 -0.1578
vn -0.9788 -0.1335 -0.1551
vn -0.9534 -0.2172 -0.2096
vn -0.9499 -0.2389 -0.2018
vn -0.9357 -0.2724 -0.2242
vn -0.7744 -0.2584 -0.5775
vn -0.1820 -0.9793 -0.0889
vn -0.1596 -0.8445 -0.5112
vn -0.7494 0.2616 0.6083
vn -0.9507 -0.1264 0.2832
vn -0.9605 0.1171 0.2524
vn -0.7816 0.5007 0.3720
vn -0.6593 0.2481 0.7097
vn -0.0969 0.6816 0.7252
vn 0.9302 0.3630 -0.0554
vn 0.9334 0.3096 -0.1813
vn 0.7542 -0.0885 -0.6506
vn 0.7602 0.0774 -0.6451
vn 0.7237 0.0040 -0.6901
vn 0.7168 0.0653 -0.6943
vn 0.5214 -0.3821 -0.7630
vn 0.5859 -0.7410 -0.3280
vn -0.9544 -0.1489 0.2587
vn -0.9864 -0.1640 -0.0109
vn -0.9573 -0.2858 -0.0444
vn 0.0716 -0.2137 -0.9743
vn 0.2203 -0.4372 -0.8720
vn -0.9518 -0.1857 0.2439
vn -0.9518 -0.1861 0.2438
vn -0.9503 -0.1902 0.2466
vn -0.9501 -0.1903 0.2470
vn -0.1274 0.5632 0.8165
vn 0.8931 0.4149 -0.1741
vn 0.8841 0.4633 -0.0607
vn 0.7038 -0.0214 -0.7100
vn 0.3846 0.4433 -0.8097
vn 0.5137 0.8577 -0.0187
vn -0.6670 0.4277 0.6100
vn -0.6433 0.2938 0.7070
vn -0.8597 -0.4958 -0.1232
vn -0.9481 -0.2939 -0.1218
vn -0.9197 -0.1249 0.3723
vn -0.9232 -0.1512 0.3534
vn -0.9233 -0.1515 0.3530
vn -0.9229 -0.1508 0.3541
vn -0.9174 -0.1717 0.3590
vn -0.9326 -0.2238 0.2831
vn -0.9916 -0.0103 0.1288
vn -0.6844 -0.6743 -0.2773
vn -0.7105 -0.3560 -0.6070
vn -0.5593 -0.4738 -0.6802
vn -0.5440 -0.0825 -0.8350
vn -0.1832 -0.1149 -0.9763
vn -0.6872 -0.4179 -0.5943
vn -0.9230 -0.1507 0.3541
vn -0.7505 -0.2461 0.6133
vn -0.4967 -0.0975 0.8624
vn -0.7133 -0.6572 0.2435
vn -0.6178 0.7146 -0.3280
vn -0.8873 0.1952 0.4179
vn -0.8899 0.1512 0.4305
vn -0.9785 -0.0326 0.2039
vn -0.9856 -0.1004 0.1362
vn -0.9475 -0.1312 0.2915
vn 0.8325 -0.3350 -0.4413
vn 0.7816 -0.5939 -0.1908
vn -0.9019 -0.0577 0.4280
vn -0.9377 -0.0684 0.3407
vn 0.6095 -0.2940 0.7363
vn 0.5632 -0.2373 0.7915
vn 0.8360 -0.2266 0.4998
vn 0.8817 -0.2954 0.3677
vn -0.6287 -0.3604 0.6891
vn -0.5357 -0.2379 0.8102
vn -0.8361 -0.2288 0.4986
vn -0.8811 -0.2968 0.3681
vn -0.9803 -0.1903 -0.0529
vn -0.8147 -0.3096 -0.4903
vn -0.3572 0.1049 -0.9281
vn -0.4058 0.1717 -0.8977
vn 0.4046 0.1718 -0.8982
vn 0.3569 0.1060 -0.9281
vn 0.8157 -0.3084 -0.4894
vn 0.9806 -0.1886 -0.0525
vn 0.8836 -0.4536 -0.1163
vn 0.8638 -0.5012 -0.0514
vn -0.8644 -0.5000 -0.0531
vn -0.8836 -0.4536 -0.1163
vn -0.8203 -0.4526 0.3496
vn -0.2243 -0.4711 -0.8531
vn -0.3524 -0.7404 -0.5723
vn -0.2721 -0.8140 -0.5131
vn -0.2393 -0.9583 -0.1562
vn 0.2393 -0.9583 -0.1562
vn 0.2721 -0.8140 -0.5131
vn 0.3519 -0.7410 -0.5719
vn 0.2236 -0.4708 -0.8535
vn 0.8203 -0.4526 0.3496
vn -0.8437 -0.5119 -0.1618
vn -0.8118 -0.5712 0.1215
vn -0.2146 -0.9584 -0.1883
vn -0.2374 -0.9699 -0.0534
vn -0.2300 -0.9719 -0.0493
vn -0.2370 -0.9701 -0.0531
vn -0.2285 -0.9723 -0.0485
vn -0.3992 -0.5140 0.7592
vn 0.3992 -0.5140 0.7592
vn 0.2300 -0.9719 -0.0493
vn 0.2370 -0.9701 -0.0531
vn 0.2285 -0.9723 -0.0485
vn 0.2374 -0.9699 -0.0534
vn 0.2146 -0.9584 -0.1883
vn 0.8121 -0.5706 0.1225
vn 0.8118 -0.5712 0.1215
vn 0.8142 -0.5653 0.1326
vn 0.8437 -0.5125 -0.1597
vn 0.9362 -0.2724 -0.2221
vn 0.7724 -0.2581 -0.5803
vn -0.3487 -0.6003 0.7197
vn -0.1815 -0.0388 0.9826
vn 0.1815 -0.0388 0.9826
vn 0.3487 -0.6003 0.7197
vn 0.6596 -0.4268 0.6186
vn 0.6826 -0.6320 0.3669
vn 0.8143 -0.5649 0.1335
vn 0.9031 -0.3334 0.2707
vn 0.9028 -0.3340 0.2710
vn 0.9025 -0.3345 0.2713
vn 0.9501 -0.2394 -0.2000
vn 0.9539 -0.2156 -0.2086
vn 0.7508 -0.2448 0.6135
vn 0.7499 0.2592 0.6087
vn 0.9497 -0.1260 0.2866
vn 0.9997 0.0123 0.0203
vn 0.9768 0.1953 0.0881
vn 0.9751 -0.1558 -0.1578
vn 0.9788 -0.1335 -0.1551
vn 0.9136 -0.2231 0.3400
vn 0.9086 -0.2056 0.3635
vn 0.8702 0.0794 0.4863
vn 0.8706 0.1952 0.4516
vn 0.8283 -0.2433 0.5048
vn 0.7734 -0.4601 0.4360
vn 0.6980 -0.2148 0.6831
vn 0.6030 -0.3342 0.7243
vn 0.5697 0.0250 0.8215
vn 0.6672 -0.1512 0.7294
vn 0.0933 -0.1377 0.9861
vn 0.2240 -0.8832 0.4121
vn 0.3045 -0.7947 0.5251
vn 0.2632 -0.2103 0.9415
vn 0.1917 -0.0849 0.9778
vn -0.0735 0.8117 0.5794
vn -0.0706 0.8098 0.5824
vn -0.2194 0.9745 0.0477
vn 0.2194 0.9745 0.0477
vn 0.0706 0.8098 0.5824
vn 0.0712 0.8101 0.5819
vn 0.0732 0.8114 0.5799
vn 0.0735 0.8117 0.5794
vn -0.1917 -0.0849 0.9778
vn -0.2651 -0.2137 0.9402
vn -0.3061 -0.7926 0.5274
vn -0.2240 -0.8832 0.4121
vn -0.0933 -0.1377 0.9861
vn -0.6672 -0.1512 0.7294
vn -0.5697 0.0250 0.8215
vn -0.6030 -0.3342 0.7243
vn -0.6980 -0.2148 0.6831
vn -0.7734 -0.4601 0.4360
vn -0.8283 -0.2433 0.5048
vn -0.6446 -0.0343 0.7637
vn -0.6172 -0.3455 0.7069
vn -0.3284 -0.3110 0.8919
vn -0.3334 0.0883 0.9386
vn -0.6124 0.0130 0.7904
vn 0.9213 -0.1465 0.3603
vn 0.9238 -0.1529 0.3509
vn 0.9216 -0.1474 0.3590
vn 0.9179 -0.1731 0.3569
vn 0.9521 -0.1900 0.2398
vn 0.9513 -0.1919 0.2413
vn 0.9511 -0.1922 0.2419
vn 0.9521 -0.1895 0.2401
vn -0.2201 -0.4370 -0.8721
vn 0.9201 -0.1251 0.3711
vn 0.8906 0.1502 0.4292
vn 0.8882 0.1924 0.4172
vn 0.9377 -0.0684 0.3407
vn 0.9030 -0.0580 0.4257
vn -0.7846 -0.5899 -0.1907
vn -0.8347 -0.3308 -0.4403
vn 0.9475 -0.1312 0.2915
vn 0.9851 -0.1010 0.1392
vn 0.9756 -0.0214 0.2183
vn 0.9500 -0.1454 0.2762
vn 0.9869 -0.1613 0.0063
vn 0.9594 -0.2808 -0.0270
vn -0.0717 -0.2138 -0.9743
vn 0.1809 -0.9795 -0.0891
vn 0.1587 -0.8447 -0.5112
vn -0.5873 -0.7403 -0.3273
vn -0.5223 -0.3806 -0.7631
vn -0.7168 0.0653 -0.6943
vn -0.7237 0.0040 -0.6901
vn -0.7592 0.0753 -0.6465
vn -0.7530 -0.0898 -0.6518
vn -0.9334 0.3096 -0.1813
vn -0.9302 0.3630 -0.0554
vn 0.0962 0.6818 0.7251
vn 0.6590 0.2476 0.7102
vn 0.7816 0.5007 0.3720
vn 0.9590 0.1237 0.2548
vn 0.9315 -0.2189 0.2905
vn 0.9910 -0.0011 0.1338
vn 0.6806 -0.6773 -0.2794
vn 0.7068 -0.3593 -0.6093
vn 0.5645 -0.4703 -0.6783
vn 0.5490 -0.0819 -0.8318
vn 0.4957 -0.0960 0.8632
vn 0.7131 -0.6583 0.2411
vn 0.6177 0.7137 -0.3301
vn 0.1832 -0.1149 -0.9763
vn 0.6855 -0.4169 -0.5969
vn 0.9209 -0.1455 0.3617
vn 0.5362 0.3380 0.7735
vn 0.5177 0.4350 0.7368
vn 0.3142 0.3811 0.8695
vn 0.3778 -0.1237 0.9176
vn 0.8313 -0.2839 0.4778
vn 0.8223 0.2061 0.5305
vn 0.0758 0.4371 0.8962
vn 0.2952 0.6221 0.7252
vn 0.2948 0.6427 0.7071
vn 0.1907 0.6211 0.7601
vn 0.4456 0.7900 0.4211
vn 0.0091 0.9111 0.4122
vn -0.0019 0.6529 0.7574
vn 0.6446 -0.0343 0.7637
vn 0.6172 -0.3455 0.7069
vn 0.3295 -0.3112 0.8914
vn 0.3345 0.0880 0.9383
vn 0.6124 0.0130 0.7904
vn 0.4533 0.4655 0.7602
vn 0.4938 0.4628 0.7362
vn 0.6670 -0.1672 0.7260
vn -0.6176 0.5280 0.5829
vn -0.1663 0.8848 0.4352
vn 0.0949 0.6802 0.7269
vn -0.0246 0.6774 0.7352
vn -0.0129 0.7093 0.7048
vn 0.1374 0.3360 0.9318
vn 0.8862 0.1594 0.4350
vn 0.8931 0.1526 0.4231
vn 0.9169 -0.1080 0.3843
vn 0.7007 -0.1076 0.7053
vn 0.8364 -0.2475 0.4890
vn 0.8351 0.0855 0.5434
vn 0.7318 -0.0309 0.6808
vn 0.2831 0.1204 0.9515
vn 0.2014 -0.3693 0.9072
vn 0.2623 -0.3619 0.8945
vn 0.1699 -0.5968 0.7842
vn 0.4411 -0.4884 0.7529
vn 0.5244 -0.2964 0.7982
vn 0.2452 -0.3020 0.9212
vn 0.8387 0.1324 0.5283
vn 0.6613 0.3261 0.6756
vn 0.6613 0.3264 0.6754
vn 0.6607 0.3285 0.6750
vn 0.6602 0.3286 0.6755
vn 0.4399 0.2774 0.8541
vn 0.4258 0.2859 0.8584
vn 0.3076 0.2682 0.9129
vn 0.0538 0.0555 0.9970
vn 0.2200 -0.2875 0.9321
vn 0.1983 -0.2780 0.9399
vn 0.4141 -0.2069 0.8864
vn 0.4331 0.2911 0.8530
vn 0.2174 -0.5097 0.8325
vn 0.1254 -0.4762 0.8703
vn 0.0915 -0.3730 0.9233
vn -0.0915 -0.3730 0.9233
vn -0.1254 -0.4762 0.8703
vn -0.2174 -0.5097 0.8325
vn -0.2450 -0.3033 0.9208
vn -0.5234 -0.2992 0.7978
vn -0.4411 -0.4884 0.7529
vn -0.1707 -0.5966 0.7842
vn -0.2630 -0.3628 0.8940
vn -0.2012 -0.3701 0.9069
vn -0.2831 0.1204 0.9515
vn -0.7318 -0.0309 0.6808
vn -0.4331 0.2911 0.8530
vn -0.4141 -0.2069 0.8864
vn -0.1983 -0.2780 0.9399
vn -0.2200 -0.2875 0.9321
vn -0.0538 0.0555 0.9970
vn -0.3085 0.2690 0.9124
vn -0.4247 0.2866 0.8588
vn -0.4399 0.2774 0.8541
vn -0.5321 0.3006 0.7915
vn -0.5230 0.3072 0.7950
vn -0.8385 0.1174 0.5321
vn -0.8931 0.4149 -0.1741
vn 0.1265 0.5636 0.8163
vn 0.6434 0.2945 0.7066
vn 0.8661 -0.4873 -0.1114
vn 0.9530 -0.2827 -0.1085
vn 0.6670 0.4277 0.6100
vn -0.5227 0.8521 -0.0270
vn -0.8858 0.4583 -0.0732
vn -0.7035 -0.0206 -0.7104
vn -0.3898 0.4380 -0.8101
vn -0.0735 -0.4962 0.8651
vn -0.0798 -0.4967 0.8642
vn -0.0819 -0.4970 0.8639
vn 0.3182 -0.7051 0.6337
vn 0.6787 -0.3026 0.6692
vn 0.4694 -0.5109 0.7202
vn 0.4692 -0.5108 0.7204
vn 0.4693 -0.5102 0.7207
vn 0.4692 -0.5111 0.7202
vn 0.2639 -0.7142 0.6483
vn 0.0791 -0.9873 0.1382
vn 0.4960 -0.8633 0.0932
vn 0.7394 -0.6569 0.1475
vn -0.0710 -0.4960 0.8654
vn 0.5278 -0.5746 0.6255
vn 0.6412 -0.6597 0.3919
vn 0.2039 -0.8111 0.5483
vn 0.2427 -0.4330 0.8681
vn -0.6514 -0.5691 0.5019
vn 0.8392 0.3267 0.4347
vn 0.6823 -0.2880 0.6719
vn 0.8909 -0.0161 0.4539
vn 0.8953 -0.0279 0.4447
vn 0.7114 -0.3143 0.6286
vn 0.7095 -0.3182 0.6287
vn 0.7090 -0.3194 0.6287
vn 0.7120 -0.3130 0.6285
vn 0.5092 -0.5024 0.6988
vn -0.0794 -0.9777 0.1942
vn 0.0732 -0.4962 0.8651
vn 0.0822 -0.4970 0.8638
vn 0.0799 -0.4968 0.8642
vn -0.3198 -0.7048 0.6332
vn -0.8961 -0.0302 0.4428
vn -0.7150 -0.3107 0.6262
vn -0.7105 -0.3202 0.6267
vn -0.7116 -0.3179 0.6266
vn -0.6787 -0.3026 0.6692
vn -0.4673 -0.5135 0.7197
vn -0.4672 -0.5119 0.7209
vn -0.4674 -0.5122 0.7206
vn -0.2427 -0.4342 0.8675
vn -0.2040 -0.8103 0.5493
vn -0.6397 -0.6587 0.3962
vn -0.5293 -0.5758 0.6232
vn 0.0705 -0.4960 0.8654
vn -0.7371 -0.6596 0.1469
vn -0.4979 -0.8622 0.0936
vn -0.0791 -0.9872 0.1383
vn -0.2639 -0.7142 0.6483
vn -0.4670 -0.5138 0.7197
vn -0.5045 -0.5060 0.6996
vn -0.7162 -0.3082 0.6262
vn -0.6854 -0.2826 0.6711
vn -0.8899 -0.0137 0.4559
vn -0.8397 0.3183 0.4399
vn 0.6537 -0.5656 0.5028
vn 0.0790 -0.9778 0.1939
vn -0.2380 -0.8325 0.5003
vn -0.2393 -0.8200 0.5200
vn -0.0169 -0.9999 0.0011
vn -0.0167 -0.9999 0.0012
vn -0.0164 -0.9999 0.0013
vn -0.3233 -0.7860 0.5269
vn -0.0676 -0.9977 -0.0011
vn -0.0163 -0.9999 0.0014
vn 0.0184 0.9998 0.0030
vn 0.0228 0.9997 0.0050
vn -0.1741 0.8789 0.4441
vn -0.3877 0.7360 0.5550
vn -0.7448 -0.0369 0.6663
vn -0.8454 -0.3810 0.3743
vn -0.7996 -0.5459 0.2503
vn -0.6506 -0.2518 0.7165
vn -0.4209 -0.4510 0.7870
vn -0.6467 -0.3792 0.6618
vn -0.6049 -0.0675 0.7934
vn -0.5014 -0.6936 0.5173
vn -0.2593 0.7178 0.6461
vn 0.0857 0.9963 0.0059
vn -0.6068 -0.1352 0.7832
vn -0.5642 -0.1494 0.8120
vn -0.5581 -0.1031 0.8234
vn -0.6452 0.3799 0.6629
vn -0.7638 0.4632 0.4495
vn -0.6352 0.1741 0.7525
vn -0.2796 -0.0693 0.9576
vn 0.6068 -0.1352 0.7832
vn 0.3304 -0.7778 0.5346
vn 0.0683 -0.9977 -0.0012
vn 0.2798 -0.0701 0.9575
vn 0.6325 0.1699 0.7557
vn 0.7638 0.4632 0.4495
vn 0.6476 0.3816 0.6596
vn 0.5588 -0.1080 0.8223
vn 0.5642 -0.1494 0.8120
vn 0.2380 -0.8325 0.5003
vn 0.2395 -0.8166 0.5251
vn 0.0167 -0.9999 0.0012
vn 0.0163 -0.9999 0.0013
vn -0.0193 0.9998 0.0034
vn -0.0184 0.9998 0.0030
vn -0.0217 0.9998 0.0045
vn -0.0866 0.9962 0.0061
vn 0.2675 0.7069 0.6548
vn 0.5014 -0.6935 0.5173
vn 0.6053 -0.0691 0.7930
vn 0.6467 -0.3792 0.6618
vn 0.4209 -0.4510 0.7870
vn 0.6506 -0.2518 0.7165
vn 0.7999 -0.5493 0.2418
vn 0.8485 -0.3764 0.3719
vn 0.7435 -0.0255 0.6683
vn 0.4039 0.7194 0.5651
vn 0.1730 0.8787 0.4448
vn -0.0226 0.9997 0.0049
vn 0.2387 -0.9697 -0.0513
vn 0.2314 -0.9729 0.0000
vn -0.2326 -0.9726 0.0000
vn -0.2399 -0.9694 -0.0515
vn -0.4109 -0.9089 -0.0712
vn -0.4293 -0.9032 0.0000
vn -0.6419 -0.3513 0.6816
vn -0.7083 -0.1624 0.6870
vn -0.3632 -0.2101 0.9077
vn -0.3619 -0.2128 0.9076
vn -0.3631 -0.2105 0.9077
vn -0.3617 -0.2131 0.9076
vn 0.3603 -0.2130 0.9082
vn 0.3614 -0.2107 0.9083
vn 0.3600 -0.2133 0.9082
vn 0.3615 -0.2102 0.9084
vn 0.7083 -0.1624 0.6870
vn 0.6419 -0.3513 0.6816
vn 0.4109 -0.9089 -0.0712
vn 0.4293 -0.9032 0.0000
vn 0.9994 -0.0350 0.0000
vn -0.3426 0.9395 0.0000
vn -0.1954 0.9379 0.2866
vn -0.1595 0.9510 0.2647
vn -0.2052 0.9787 0.0000
vn 0.2063 0.9785 0.0000
vn 0.1603 0.9509 0.2649
vn 0.1954 0.9379 0.2866
vn 0.3426 0.9395 0.0000
vn -0.9994 -0.0350 0.0000
usemtl texturefile_0
s 1
f 7816/7816/7704 7817/7817/7704 7818/7818/7704
f 7818/7818/7705 7817/7817/7705 7819/7819/7705
f 7820/7820/7706 7819/7819/7706 7817/7817/7706
f 7819/7819/7707 7820/7820/7707 7821/7821/7707
f 7822/7822/7708 7821/7821/7708 7820/7820/7708
f 7821/7821/7708 7822/7822/7708 7823/7823/7708
f 7822/7822/7709 7820/7820/7709 7824/7824/7709
f 7817/7817/7710 7824/7824/7710 7820/7820/7710
f 7824/7824/7711 7817/7817/7711 7825/7825/7711
f 7816/7816/7712 7825/7825/7712 7817/7817/7712
f 7826/7826/7713 7825/7825/7713 7816/7816/7713
f 7825/7825/7714 7826/7826/7714 7827/7827/7714
f 7828/7828/7715 7827/7827/7715 7826/7826/7715
f 7827/7827/7716 7828/7828/7716 7829/7829/7716
f 7816/7816/7717 7818/7818/7717 7826/7826/7717
f 7830/7830/7718 7826/7826/7718 7818/7818/7718
f 7826/7826/7719 7830/7830/7719 7828/7828/7719
f 7831/7831/7720 7828/7828/7720 7830/7830/7720
f 7828/7828/7721 7831/7831/7721 7829/7829/7721
f 7832/7832/7721 7829/7829/7721 7831/7831/7721
f 7833/7833/7722 7829/7829/7722 7832/7832/7722
f 7829/7829/7723 7833/7833/7723 7827/7827/7723
f 7834/7834/7724 7827/7827/7724 7833/7833/7724
f 7827/7827/7725 7834/7834/7725 7825/7825/7725
f 7825/7825/7726 7834/7834/7727 7824/7824/7728
f 7835/7835/7729 7824/7824/7728 7834/7834/7727
f 7824/7824/7730 7835/7835/7731 7822/7822/7732
f 7823/7823/7733 7822/7822/7732 7835/7835/7731
f 7836/7836/7734 7837/7837/7734 7838/7838/7734
f 7839/7839/7735 7838/7838/7735 7837/7837/7735
f 7838/7838/7736 7839/7839/7736 7840/7840/7736
f 7837/7837/7737 7841/7841/7737 7839/7839/7737
f 7841/7841/7738 7837/7837/7738 7842/7842/7738
f 7836/7836/7739 7842/7842/7739 7837/7837/7739
f 7842/7842/7740 7836/7836/7740 7843/7843/7740
f 7844/7844/7741 7843/7843/7741 7836/7836/7741
f 7845/7845/7742 7843/7843/7742 7844/7844/7742
f 7846/7846/7743 7843/7843/7744 7845/7845/7745
f 7843/7843/7746 7846/7846/7746 7842/7842/7746
f 7847/7847/7747 7842/7842/7747 7846/7846/7747
f 7842/7842/7748 7847/7847/7748 7841/7841/7748
f 7848/7848/7749 7841/7841/7749 7847/7847/7749
f 7841/7841/7750 7848/7848/7750 7849/7849/7750
f 7849/7849/7751 7848/7848/7751 7850/7850/7751
f 7851/7851/7752 7850/7850/7752 7848/7848/7752
f 7841/7841/7753 7849/7849/7753 7839/7839/7753
f 7852/7852/7754 7839/7839/7754 7849/7849/7754
f 7839/7839/7755 7852/7852/7755 7840/7840/7755
f 7853/7853/7756 7840/7840/7756 7852/7852/7756
f 7854/7854/7757 7853/7853/7757 7855/7855/7757
f 7855/7855/7758 7853/7853/7758 7856/7856/7758
f 7856/7856/7759 7853/7853/7759 7857/7857/7759
f 7852/7852/7760 7857/7857/7760 7853/7853/7760
f 7857/7857/7761 7852/7852/7761 7858/7858/7761
f 7849/7849/7762 7858/7858/7762 7852/7852/7762
f 7850/7850/7763 7858/7858/7763 7849/7849/7763
f 7858/7858/7764 7850/7850/7764 7859/7859/7764
f 7860/7860/7765 7859/7859/7765 7850/7850/7765
f 7859/7859/7766 7860/7860/7766 7861/7861/7766
f 7861/7861/7767 7860/7860/7767 7862/7862/7767
f 7862/7862/7768 7860/7860/7768 7863/7863/7768
f 7863/7863/7769 7860/7860/7769 7851/7851/7769
f 7850/7850/7770 7851/7851/7770 7860/7860/7770
f 7864/7864/7771 7865/7865/7771 7866/7866/7771
f 7867/7867/7772 7866/7866/7772 7865/7865/7772
f 7866/7866/7773 7867/7867/7773 7856/7856/7773
f 7868/7868/7774 7856/7856/7775 7867/7867/7776
f 7856/7856/7775 7868/7868/7774 7855/7855/7777
f 7869/7869/7778 7855/7855/7778 7868/7868/7778
f 7855/7855/7779 7869/7869/7779 7854/7854/7779
f 7870/7870/7780 7854/7854/7780 7869/7869/7780
f 7854/7854/7781 7870/7870/7781 7871/7871/7781
f 7836/7836/7782 7871/7871/7782 7870/7870/7782
f 7838/7838/7783 7871/7871/7783 7836/7836/7783
f 7871/7871/7784 7838/7838/7785 7854/7854/7786
f 7840/7840/7787 7854/7854/7786 7838/7838/7785
f 7854/7854/7788 7840/7840/7788 7853/7853/7788
f 7836/7836/7789 7870/7870/7789 7844/7844/7789
f 7844/7844/7790 7870/7870/7790 7872/7872/7790
f 7869/7869/7791 7872/7872/7791 7870/7870/7791
f 7872/7872/7792 7869/7869/7792 7873/7873/7792
f 7868/7868/7793 7873/7873/7793 7869/7869/7793
f 7873/7873/7794 7868/7868/7794 7874/7874/7794
f 7867/7867/7795 7874/7874/7795 7868/7868/7795
f 7865/7865/7796 7874/7874/7796 7867/7867/7796
f 7875/7875/7797 7874/7874/7797 7865/7865/7797
f 7874/7874/7798 7875/7875/7798 7873/7873/7798
f 7876/7876/7799 7873/7873/7800 7875/7875/7801
f 7873/7873/7800 7876/7876/7799 7872/7872/7802
f 7877/7877/7803 7872/7872/7804 7876/7876/7805
f 7872/7872/7806 7877/7877/7806 7844/7844/7806
f 7844/7844/7807 7877/7877/7807 7845/7845/7807
f 7878/7878/7808 7845/7845/7808 7877/7877/7808
f 7879/7879/7809 7845/7845/7809 7878/7878/7809
f 7845/7845/7745 7879/7879/7810 7846/7846/7743
f 7846/7846/7811 7879/7879/7811 7880/7880/7811
f 7880/7880/7812 7879/7879/7812 7881/7881/7812
f 7878/7878/7813 7881/7881/7813 7879/7879/7813
f 7881/7881/7814 7878/7878/7814 7882/7882/7814
f 7877/7877/7815 7882/7882/7815 7878/7878/7815
f 7876/7876/7805 7882/7882/7816 7877/7877/7803
f 7882/7882/7817 7876/7876/7817 7883/7883/7817
f 7875/7875/7818 7883/7883/7818 7876/7876/7818
f 7884/7884/7819 7883/7883/7819 7875/7875/7819
f 7883/7883/7820 7884/7884/7820 7885/7885/7820
f 7885/7885/7821 7886/7886/7821 7883/7883/7821
f 7883/7883/7822 7886/7886/7822 7882/7882/7822
f 7887/7887/7823 7882/7882/7823 7886/7886/7823
f 7882/7882/7824 7887/7887/7824 7881/7881/7824
f 7888/7888/7825 7881/7881/7825 7887/7887/7825
f 7881/7881/7826 7888/7888/7826 7880/7880/7826
f 7880/7880/7827 7888/7888/7827 7889/7889/7827
f 7889/7889/7828 7888/7888/7828 7890/7890/7828
f 7887/7887/7829 7890/7890/7829 7888/7888/7829
f 7890/7890/7830 7887/7887/7830 7891/7891/7830
f 7892/7892/7831 7891/7891/7831 7887/7887/7831
f 7891/7891/7832 7892/7892/7832 7893/7893/7832
f 7893/7893/7833 7892/7892/7833 7886/7886/7833
f 7887/7887/7834 7886/7886/7834 7892/7892/7834
f 7894/7894/7835 7895/7895/7835 7896/7896/7835
f 7896/7896/7836 7895/7895/7836 7891/7891/7836
f 7891/7891/7837 7895/7895/7837 7890/7890/7837
f 7894/7894/7838 7890/7890/7838 7895/7895/7838
f 7890/7890/7839 7894/7894/7839 7889/7889/7839
f 7897/7897/7840 7889/7889/7840 7894/7894/7840
f 7889/7889/7841 7897/7897/7841 7898/7898/7841
f 7899/7899/7842 7898/7898/7842 7897/7897/7842
f 7894/7894/7843 7896/7896/7843 7897/7897/7843
f 7900/7900/7844 7897/7897/7844 7896/7896/7844
f 7897/7897/7845 7900/7900/7845 7899/7899/7845
f 7901/7901/7846 7899/7899/7846 7900/7900/7846
f 7902/7902/7847 7899/7899/7847 7901/7901/7847
f 7903/7903/7848 7899/7899/7848 7902/7902/7848
f 7899/7899/7849 7903/7903/7849 7898/7898/7849
f 7898/7898/7850 7903/7903/7850 7904/7904/7850
f 7905/7905/7851 7904/7904/7851 7903/7903/7851
f 7906/7906/7852 7904/7904/7852 7905/7905/7853
f 7904/7904/7852 7906/7906/7852 7907/7907/7854
f 7908/7908/7855 7907/7907/7856 7906/7906/7857
f 7909/7909/7858 7907/7907/7858 7908/7908/7858
f 7910/7910/7859 7907/7907/7859 7909/7909/7859
f 7911/7911/7860 7912/7912/7860 7913/7913/7860
f 7913/7913/7861 7912/7912/7861 7914/7914/7861
f 7914/7914/7862 7912/7912/7862 7901/7901/7862
f 7901/7901/7863 7912/7912/7863 7902/7902/7863
f 7915/7915/7864 7902/7902/7864 7912/7912/7864
f 7902/7902/7865 7915/7915/7865 7903/7903/7865
f 7916/7916/7866 7903/7903/7866 7915/7915/7866
f 7903/7903/7867 7916/7916/7867 7905/7905/7867
f 7917/7917/7868 7905/7905/7868 7916/7916/7868
f 7905/7905/7869 7917/7917/7869 7906/7906/7869
f 7906/7906/7870 7917/7917/7870 7918/7918/7870
f 7918/7918/7871 7917/7917/7871 7919/7919/7871
f 7920/7920/7872 7919/7919/7872 7917/7917/7872
f 7919/7919/7873 7920/7920/7873 7921/7921/7873
f 7922/7922/7874 7916/7916/7874 7923/7923/7874
f 7915/7915/7875 7923/7923/7875 7916/7916/7875
f 7923/7923/7876 7915/7915/7876 7924/7924/7876
f 7925/7925/7877 7924/7924/7877 7915/7915/7877
f 7924/7924/7878 7925/7925/7878 7926/7926/7878
f 7926/7926/7879 7925/7925/7879 7927/7927/7879
f 7928/7928/7880 7927/7927/7880 7925/7925/7880
f 7927/7927/7881 7928/7928/7881 7929/7929/7881
f 7929/7929/7882 7928/7928/7882 7930/7930/7882
f 7931/7931/7883 7930/7930/7883 7928/7928/7883
f 7930/7930/7884 7931/7931/7884 7932/7932/7884
f 7921/7921/7885 7932/7932/7885 7931/7931/7885
f 7932/7932/7886 7921/7921/7886 7933/7933/7886
f 7920/7920/7887 7933/7933/7887 7921/7921/7887
f 7934/7934/7888 7935/7935/7888 7932/7932/7888
f 7932/7932/7889 7935/7935/7889 7930/7930/7889
f 7936/7936/7890 7930/7930/7890 7935/7935/7890
f 7930/7930/7891 7936/7936/7891 7929/7929/7891
f 7929/7929/7892 7936/7936/7892 7937/7937/7892
f 7937/7937/7893 7936/7936/7894 7926/7926/7895
f 7935/7935/7896 7926/7926/7895 7936/7936/7894
f 7926/7926/7897 7927/7927/7897 7938/7938/7897
f 7929/7929/7898 7938/7938/7898 7927/7927/7898
f 7938/7938/7899 7929/7929/7899 7939/7939/7899
f 7937/7937/7900 7939/7939/7900 7929/7929/7900
f 7940/7940/7901 7939/7939/7901 7937/7937/7901
f 7939/7939/7902 7940/7940/7902 7938/7938/7902
f 7941/7941/7903 7938/7938/7903 7940/7940/7903
f 7938/7938/7904 7941/7941/7904 7926/7926/7904
f 7926/7926/7905 7941/7941/7905 7937/7937/7905
f 7940/7940/7906 7937/7937/7906 7941/7941/7906
f 7934/7934/7907 7942/7942/7907 7935/7935/7907
f 7943/7943/7908 7935/7935/7909 7942/7942/7910
f 7935/7935/7911 7943/7943/7911 7926/7926/7911
f 7926/7926/7912 7943/7943/7912 7924/7924/7912
f 7924/7924/7913 7943/7943/7913 7923/7923/7913
f 7944/7944/7914 7923/7923/7914 7943/7943/7914
f 7923/7923/7915 7944/7944/7915 7922/7922/7915
f 7945/7945/7916 7922/7922/7916 7944/7944/7916
f 7922/7922/7917 7945/7945/7917 7946/7946/7917
f 7946/7946/7918 7945/7945/7918 7942/7942/7918
f 7944/7944/7919 7942/7942/7919 7945/7945/7919
f 7942/7942/7910 7944/7944/7920 7943/7943/7908
f 7916/7916/7921 7922/7922/7921 7917/7917/7921
f 7946/7946/7922 7917/7917/7922 7922/7922/7922
f 7917/7917/7923 7946/7946/7923 7947/7947/7923
f 7942/7942/7924 7947/7947/7924 7946/7946/7924
f 7947/7947/7925 7942/7942/7925 7948/7948/7925
f 7934/7934/7926 7948/7948/7926 7942/7942/7926
f 7932/7932/7927 7948/7948/7927 7934/7934/7927
f 7933/7933/7928 7948/7948/7928 7932/7932/7928
f 7948/7948/7929 7933/7933/7929 7949/7949/7929
f 7920/7920/7930 7949/7949/7930 7933/7933/7930
f 7917/7917/7931 7949/7949/7931 7920/7920/7931
f 7947/7947/7932 7949/7949/7932 7917/7917/7932
f 7949/7949/7933 7947/7947/7933 7948/7948/7933
f 7950/7950/7934 7951/7951/7934 7952/7952/7934
f 7953/7953/7935 7952/7952/7935 7951/7951/7935
f 7952/7952/7936 7953/7953/7936 7954/7954/7936
f 7955/7955/7937 7954/7954/7937 7953/7953/7937
f 7956/7956/7938 7951/7951/7938 7950/7950/7938
f 7951/7951/7939 7956/7956/7939 7957/7957/7939
f 7958/7958/7940 7957/7957/7940 7956/7956/7940
f 7957/7957/7941 7958/7958/7941 7959/7959/7941
f 7960/7960/7942 7959/7959/7942 7958/7958/7942
f 7959/7959/7943 7960/7960/7943 7961/7961/7943
f 7962/7962/7944 7961/7961/7944 7960/7960/7944
f 7961/7961/7945 7962/7962/7945 7963/7963/7945
f 7963/7963/7946 7962/7962/7946 7964/7964/7946
f 7965/7965/7947 7964/7964/7947 7962/7962/7947
f 7964/7964/7948 7965/7965/7948 7955/7955/7948
f 7955/7955/7949 7965/7965/7949 7954/7954/7949
f 7954/7954/7950 7965/7965/7950 7966/7966/7950
f 7967/7967/7951 7966/7966/7951 7965/7965/7951
f 7968/7968/7952 7960/7960/7952 7919/7919/7952
f 7958/7958/7953 7919/7919/7953 7960/7960/7953
f 7956/7956/7954 7919/7919/7954 7958/7958/7954
f 7919/7919/7955 7956/7956/7955 7918/7918/7955
f 7918/7918/7956 7956/7956/7956 7969/7969/7956
f 7950/7950/7957 7969/7969/7957 7956/7956/7957
f 7969/7969/7958 7950/7950/7958 7970/7970/7958
f 7970/7970/7959 7950/7950/7959 7971/7971/7959
f 7952/7952/7960 7971/7971/7960 7950/7950/7960
f 7971/7971/7961 7952/7952/7961 7972/7972/7961
f 7972/7972/7962 7952/7952/7962 7966/7966/7962
f 7954/7954/7963 7966/7966/7963 7952/7952/7963
f 7918/7918/7964 7969/7969/7964 7906/7906/7964
f 7906/7906/7857 7969/7969/7965 7908/7908/7855
f 7970/7970/7966 7908/7908/7966 7969/7969/7966
f 7908/7908/7967 7970/7970/7968 7909/7909/7969
f 7973/7973/7970 7909/7909/7969 7970/7970/7968
f 7909/7909/7971 7973/7973/7971 7974/7974/7971
f 7974/7974/7972 7973/7973/7972 7975/7975/7972
f 7970/7970/7973 7975/7975/7974 7973/7973/7975
f 7975/7975/7974 7970/7970/7973 7976/7976/7976
f 7971/7971/7977 7976/7976/7977 7970/7970/7977
f 7976/7976/7978 7971/7971/7979 7977/7977/7980
f 7972/7972/7981 7977/7977/7981 7971/7971/7981
f 7977/7977/7982 7972/7972/7982 7978/7978/7982
f 7966/7966/7983 7978/7978/7983 7972/7972/7983
f 7974/7974/7984 7910/7910/7984 7909/7909/7984
f 7910/7910/7985 7974/7974/7985 7979/7979/7985
f 7979/7979/7986 7974/7974/7986 7980/7980/7986
f 7975/7975/7987 7980/7980/7987 7974/7974/7987
f 7980/7980/7988 7975/7975/7988 7981/7981/7988
f 7976/7976/7989 7981/7981/7989 7975/7975/7989
f 7977/7977/7980 7981/7981/7990 7976/7976/7978
f 7981/7981/7991 7977/7977/7992 7982/7982/7992
f 7982/7982/7992 7977/7977/7992 7983/7983/7993
f 7978/7978/7994 7983/7983/7994 7977/7977/7994
f 7983/7983/7995 7978/7978/7995 7984/7984/7995
f 7985/7985/7996 7984/7984/7996 7978/7978/7996
f 7986/7986/7997 7984/7984/7997 7985/7985/7997
f 7987/7987/7998 7984/7984/7998 7986/7986/7998
f 7988/7988/7999 7989/7989/7999 7987/7987/7999
f 7990/7990/8000 7987/7987/8000 7989/7989/8000
f 7987/7987/8001 7990/7990/8001 7984/7984/8001
f 7984/7984/8002 7990/7990/8002 7983/7983/8002
f 7983/7983/8003 7990/7990/8003 7982/7982/8003
f 7982/7982/8004 7990/7990/8004 7991/7991/8004
f 7991/7991/8005 7990/7990/8005 7992/7992/8005
f 7989/7989/8006 7992/7992/8006 7990/7990/8006
f 7991/7991/8007 7993/7993/8007 7982/7982/8007
f 7994/7994/8008 7982/7982/8008 7993/7993/8008
f 7982/7982/8009 7994/7994/8009 7981/7981/8009
f 7995/7995/8010 7981/7981/8010 7994/7994/8010
f 7981/7981/8011 7995/7995/8011 7980/7980/8011
f 7996/7996/8012 7980/7980/8012 7995/7995/8012
f 7980/7980/8013 7996/7996/8013 7979/7979/8013
f 7979/7979/8014 7996/7996/8014 7997/7997/8014
f 7998/7998/8015 7997/7997/8015 7996/7996/8015
f 7999/7999/8016 7997/7997/8016 7998/7998/8016
f 7997/7997/8017 7999/7999/8017 8000/8000/8017
f 8001/8001/8018 8000/8000/8018 7999/7999/8018
f 8000/8000/8019 8001/8001/8019 8002/8002/8019
f 7862/7862/8020 8002/8002/8020 8001/8001/8020
f 7862/7862/8021 8003/8003/8021 8004/8004/8021
f 8004/8004/8022 8003/8003/8023 8000/8000/8024
f 8005/8005/8025 8000/8000/8024 8003/8003/8023
f 8000/8000/8026 8005/8005/8026 7997/7997/8026
f 8006/8006/8027 7997/7997/8027 8005/8005/8027
f 8007/8007/8028 7997/7997/8028 8006/8006/8028
f 7997/7997/8029 8007/8007/8029 7979/7979/8029
f 7979/7979/8030 8007/8007/8030 7910/7910/8030
f 8008/8008/8031 7910/7910/8031 8007/8007/8031
f 7910/7910/8032 8008/8008/8032 7907/7907/8032
f 8009/8009/8033 7907/7907/8033 8008/8008/8033
f 7907/7907/8034 8009/8009/8034 7904/7904/8034
f 8010/8010/8035 7904/7904/8035 8009/8009/8035
f 7904/7904/8036 8010/8010/8036 7898/7898/8036
f 7898/7898/8037 8010/8010/8037 8011/8011/8037
f 8009/8009/8038 8011/8011/8038 8010/8010/8038
f 7880/7880/8039 8011/8011/8039 8009/8009/8039
f 7889/7889/8040 8011/8011/8040 7880/7880/8040
f 8011/8011/8041 7889/7889/8041 7898/7898/8041
f 8012/8012/8042 8013/8013/8043 8014/8014/8044
f 8014/8014/8045 8013/8013/8045 8015/8015/8045
f 8016/8016/8046 8015/8015/8047 8013/8013/8048
f 8015/8015/8047 8016/8016/8046 8017/8017/8049
f 8018/8018/8050 8017/8017/8050 8016/8016/8050
f 8012/8012/8051 8019/8019/8051 8013/8013/8051
f 8019/8019/8052 8012/8012/8052 8020/8020/8052
f 8021/8021/8053 8020/8020/8053 8012/8012/8053
f 8020/8020/8054 8021/8021/8054 8022/8022/8054
f 7978/7978/8055 8022/8022/8055 8021/8021/8055
f 8023/8023/8056 8022/8022/8056 7978/7978/8056
f 8024/8024/8057 8022/8022/8057 8023/8023/8057
f 8022/8022/8058 8024/8024/8058 8020/8020/8058
f 8025/8025/8059 8020/8020/8059 8024/8024/8059
f 8020/8020/8060 8025/8025/8060 8019/8019/8060
f 8019/8019/8061 8025/8025/8061 8013/8013/8061
f 8026/8026/8062 8013/8013/8062 8025/8025/8062
f 8013/8013/8063 8026/8026/8063 8016/8016/8063
f 8018/8018/8064 8016/8016/8064 8026/8026/8064
f 7978/7978/8065 7966/7966/8065 8023/8023/8065
f 8027/8027/8066 8023/8023/8066 7966/7966/8066
f 8023/8023/8067 8027/8027/8067 8024/8024/8067
f 8024/8024/8068 8027/8027/8068 8025/8025/8068
f 8028/8028/8069 8025/8025/8069 8027/8027/8069
f 8025/8025/8070 8028/8028/8070 8026/8026/8070
f 8029/8029/8071 8026/8026/8071 8028/8028/8071
f 8026/8026/8072 8029/8029/8072 8018/8018/8072
f 8018/8018/8073 8029/8029/8073 8030/8030/8073
f 8031/8031/8074 8030/8030/8074 8029/8029/8074
f 8030/8030/8075 8031/8031/8075 8015/8015/8075
f 8015/8015/8076 8031/8031/8076 8032/8032/8076
f 7987/7987/8077 8032/8032/8077 8031/8031/8077
f 8032/8032/8078 7987/7987/8078 7986/7986/8078
f 8015/8015/8079 8032/8032/8079 8014/8014/8079
f 7986/7986/8080 8014/8014/8080 8032/8032/8080
f 8014/8014/8081 7986/7986/8081 8033/8033/8081
f 7985/7985/8082 8033/8033/8082 7986/7986/8082
f 8033/8033/8083 7985/7985/8083 8034/8034/8083
f 8034/8034/8084 7985/7985/8084 8035/8035/8084
f 7978/7978/8085 8035/8035/8085 7985/7985/8085
f 8021/8021/8086 8035/8035/8086 7978/7978/8086
f 8012/8012/8087 8035/8035/8087 8021/8021/8087
f 8035/8035/8088 8012/8012/8088 8034/8034/8088
f 8034/8034/8089 8012/8012/8089 8033/8033/8089
f 8014/8014/8044 8033/8033/8090 8012/8012/8042
f 7865/7865/8091 8036/8036/8091 7875/7875/8091
f 7875/7875/8092 8036/8036/8092 7884/7884/8092
f 8037/8037/8093 7884/7884/8093 8036/8036/8093
f 7884/7884/8094 8037/8037/8094 8038/8038/8094
f 8038/8038/8095 8037/8037/8095 8039/8039/8095
f 8036/8036/8096 8039/8039/8096 8037/8037/8096
f 7865/7865/8097 7864/7864/8097 8036/8036/8097
f 8040/8040/8098 8036/8036/8098 7864/7864/8098
f 8036/8036/8099 8040/8040/8099 8039/8039/8099
f 8041/8041/8100 8039/8039/8100 8040/8040/8100
f 8039/8039/8101 8041/8041/8101 8042/8042/8101
f 8042/8042/8102 8041/8041/8102 8043/8043/8102
f 8040/8040/8103 8043/8043/8103 8041/8041/8103
f 7991/7991/8104 8044/8044/8104 7993/7993/8104
f 7993/7993/8105 8044/8044/8105 7994/7994/8105
f 7994/7994/8106 8044/8044/8106 7866/7866/8106
f 7866/7866/8107 8044/8044/8107 8045/8045/8107
f 7991/7991/8108 8045/8045/8108 8044/8044/8108
f 8045/8045/8109 7991/7991/8109 8046/8046/8109
f 7992/7992/8110 8046/8046/8110 7991/7991/8110
f 8047/8047/8111 8046/8046/8111 7992/7992/8111
f 8042/8042/8112 8046/8046/8112 8047/8047/8112
f 8043/8043/8113 8046/8046/8113 8042/8042/8113
f 8046/8046/8114 8043/8043/8114 8045/8045/8114
f 8040/8040/8115 8045/8045/8115 8043/8043/8115
f 7864/7864/8116 8045/8045/8116 8040/8040/8116
f 8045/8045/8117 7864/7864/8117 7866/7866/8117
f 8047/8047/8118 7992/7992/8118 8048/8048/8118
f 7989/7989/8119 8048/8048/8119 7992/7992/8119
f 7988/7988/8120 8048/8048/8120 7989/7989/8120
f 8048/8048/8121 7988/7988/8121 8049/8049/8121
f 8049/8049/8122 7988/7988/8122 8050/8050/8122
f 8051/8051/8123 8050/8050/8123 7988/7988/8123
f 8050/8050/8124 8051/8051/8124 8052/8052/8124
f 8053/8053/8125 8052/8052/8125 8051/8051/8125
f 8052/8052/8126 8053/8053/8126 8054/8054/8126
f 8055/8055/8127 8054/8054/8127 8053/8053/8127
f 8054/8054/8128 8055/8055/8128 8038/8038/8128
f 8056/8056/8129 8038/8038/8129 8055/8055/8129
f 8038/8038/8130 8056/8056/8130 7884/7884/8130
f 7885/7885/8131 7884/7884/8131 8056/8056/8131
f 7988/7988/8132 8057/8057/8132 8051/8051/8132
f 8051/8051/8133 8057/8057/8134 8058/8058/8135
f 8059/8059/8136 8058/8058/8135 8057/8057/8134
f 8058/8058/8137 8059/8059/8137 8060/8060/8137
f 8061/8061/8138 8060/8060/8138 8059/8059/8138
f 8062/8062/8139 8060/8060/8139 8061/8061/8139
f 8063/8063/8140 8060/8060/8140 8062/8062/8140
f 8055/8055/8141 8060/8060/8141 8063/8063/8141
f 8053/8053/8142 8060/8060/8142 8055/8055/8142
f 8051/8051/8143 8060/8060/8143 8053/8053/8143
f 8060/8060/8144 8051/8051/8144 8058/8058/8144
f 8056/8056/8145 8055/8055/8145 7885/7885/8145
f 7885/7885/8146 8055/8055/8146 8064/8064/8146
f 8063/8063/8147 8064/8064/8147 8055/8055/8147
f 8065/8065/8148 8064/8064/8148 8063/8063/8148
f 8064/8064/8149 8065/8065/8149 7885/7885/8149
f 8066/8066/8150 7885/7885/8150 8065/8065/8150
f 7885/7885/8151 8066/8066/8151 7886/7886/8151
f 7886/7886/8152 8066/8066/8152 7893/7893/8152
f 8065/8065/8153 7893/7893/8153 8066/8066/8153
f 7893/7893/8154 8065/8065/8154 8067/8067/8154
f 8068/8068/8155 8067/8067/8155 8065/8065/8155
f 8067/8067/8156 8068/8068/8156 8069/8069/8156
f 7911/7911/8157 8069/8069/8157 8068/8068/8157
f 8069/8069/8158 7911/7911/8158 7913/7913/8158
f 8070/8070/8159 7911/7911/8159 8071/8071/8159
f 8068/8068/8160 8071/8071/8160 7911/7911/8160
f 8065/8065/8161 8071/8071/8161 8068/8068/8161
f 8063/8063/8162 8071/8071/8162 8065/8065/8162
f 8062/8062/8163 8071/8071/8163 8063/8063/8163
f 8072/8072/8164 8071/8071/8164 8062/8062/8164
f 8073/8073/8165 8071/8071/8165 8072/8072/8165
f 8071/8071/8166 8073/8073/8166 8070/8070/8166
f 8074/8074/8167 8070/8070/8167 8073/8073/8167
f 8070/8070/8168 8074/8074/8168 7911/7911/8168
f 7912/7912/8169 7911/7911/8169 8074/8074/8169
f 8018/8018/8170 8030/8030/8170 8075/8075/8170
f 8015/8015/8171 8075/8075/8171 8030/8030/8171
f 8075/8075/8172 8015/8015/8172 8076/8076/8172
f 8017/8017/8173 8076/8076/8173 8015/8015/8173
f 8077/8077/8174 8076/8076/8174 8017/8017/8174
f 8076/8076/8175 8077/8077/8175 8075/8075/8175
f 8078/8078/8176 8075/8075/8176 8077/8077/8176
f 8075/8075/8177 8078/8078/8177 8018/8018/8177
f 8018/8018/8178 8078/8078/8178 8017/8017/8178
f 8077/8077/8179 8017/8017/8179 8078/8078/8179
f 8079/8079/8180 8080/8080/8181 8081/8081/8182
f 8082/8082/8183 8081/8081/8183 8080/8080/8183
f 8083/8083/8184 8084/8084/8184 8085/8085/8184
f 8081/8081/8185 8085/8085/8186 8084/8084/8187
f 8085/8085/8186 8081/8081/8185 8086/8086/8188
f 8082/8082/8189 8086/8086/8189 8081/8081/8189
f 8086/8086/8190 8082/8082/8190 8087/8087/8190
f 8080/8080/8191 8087/8087/8191 8082/8082/8191
f 8087/8087/8192 8080/8080/8192 8088/8088/8192
f 8079/8079/8180 8088/8088/8193 8080/8080/8181
f 8088/8088/8194 8079/8079/8194 8089/8089/8194
f 8089/8089/8195 8079/8079/8195 8090/8090/8195
f 8081/8081/8196 8090/8090/8196 8079/8079/8196
f 8090/8090/8197 8081/8081/8197 8084/8084/8197
f 8087/8087/8198 8091/8091/8198 8092/8092/8198
f 8093/8093/8199 8092/8092/8199 8091/8091/8199
f 8092/8092/8200 8093/8093/8200 8094/8094/8200
f 8095/8095/8201 8094/8094/8201 8093/8093/8201
f 8083/8083/8202 8094/8094/8202 8095/8095/8202
f 8085/8085/8203 8094/8094/8204 8083/8083/8205
f 8094/8094/8204 8085/8085/8203 8092/8092/8206
f 8086/8086/8207 8092/8092/8207 8085/8085/8207
f 8092/8092/8208 8086/8086/8208 8087/8087/8208
f 8096/8096/8209 8097/8097/8210 8098/8098/8211
f 8099/8099/8212 8098/8098/8212 8097/8097/8212
f 8100/8100/8213 8101/8101/8213 8102/8102/8213
f 8103/8103/8214 8102/8102/8215 8101/8101/8216
f 8102/8102/8217 8103/8103/8217 8104/8104/8217
f 8097/8097/8218 8104/8104/8219 8103/8103/8220
f 8104/8104/8221 8097/8097/8221 8105/8105/8221
f 8096/8096/8222 8105/8105/8222 8097/8097/8222
f 8105/8105/8223 8096/8096/8223 8106/8106/8223
f 8106/8106/8224 8096/8096/8224 8107/8107/8224
f 8098/8098/8211 8107/8107/8225 8096/8096/8209
f 8107/8107/8226 8098/8098/8226 8108/8108/8226
f 8099/8099/8227 8108/8108/8227 8098/8098/8227
f 8108/8108/8228 8099/8099/8228 8109/8109/8228
f 8097/8097/8229 8109/8109/8229 8099/8099/8229
f 8109/8109/8230 8097/8097/8218 8103/8103/8220
f 8109/8109/8231 8103/8103/8231 8110/8110/8231
f 8101/8101/8216 8110/8110/8232 8103/8103/8214
f 8110/8110/8233 8101/8101/8233 8111/8111/8233
f 8100/8100/8234 8111/8111/8234 8101/8101/8234
f 8111/8111/8235 8112/8112/8235 8110/8110/8235
f 8108/8108/8236 8110/8110/8236 8112/8112/8236
f 8110/8110/8237 8108/8108/8237 8109/8109/8237
f 8113/8113/8238 8114/8114/8238 8115/8115/8238
f 8116/8116/8239 8115/8115/8239 8114/8114/8239
f 8115/8115/8240 8116/8116/8241 8117/8117/8242
f 8114/8114/8243 8118/8118/8243 8116/8116/8243
f 8119/8119/8244 8116/8116/8244 8118/8118/8244
f 8116/8116/8241 8119/8119/8245 8117/8117/8242
f 8120/8120/8246 8117/8117/8246 8119/8119/8246
f 8117/8117/8247 8120/8120/8247 8121/8121/8247
f 8121/8121/8248 8120/8120/8248 8122/8122/8248
f 8123/8123/8249 8122/8122/8249 8120/8120/8249
f 8122/8122/8250 8123/8123/8250 8124/8124/8250
f 8125/8125/8251 8124/8124/8251 8123/8123/8251
f 8124/8124/8252 8125/8125/8252 8126/8126/8252
f 8126/8126/8253 8125/8125/8253 8127/8127/8253
f 8118/8118/8254 8127/8127/8254 8125/8125/8254
f 8127/8127/8255 8118/8118/8255 8128/8128/8255
f 8129/8129/8256 8128/8128/8256 8118/8118/8256
f 8125/8125/8257 8123/8123/8257 8118/8118/8257
f 8120/8120/8258 8118/8118/8258 8123/8123/8258
f 8118/8118/8259 8120/8120/8259 8119/8119/8259
f 8118/8118/8260 8114/8114/8260 8130/8130/8260
f 8113/8113/8261 8130/8130/8261 8114/8114/8261
f 8131/8131/8262 8130/8130/8262 8113/8113/8262
f 8132/8132/8263 8130/8130/8263 8131/8131/8263
f 8130/8130/8264 8132/8132/8264 8118/8118/8264
f 8133/8133/8265 8118/8118/8265 8132/8132/8265
f 8118/8118/8266 8133/8133/8266 8129/8129/8266
f 8134/8134/8267 8135/8135/8267 8136/8136/8267
f 8137/8137/8268 8136/8136/8268 8135/8135/8268
f 8136/8136/8269 8137/8137/8269 8138/8138/8269
f 8139/8139/8270 8140/8140/8270 8136/8136/8270
f 8141/8141/8271 8136/8136/8271 8140/8140/8271
f 8136/8136/8272 8141/8141/8272 8134/8134/8272
f 8142/8142/8273 8134/8134/8273 8141/8141/8273
f 8143/8143/8274 8134/8134/8274 8142/8142/8274
f 8134/8134/8275 8143/8143/8275 8135/8135/8275
f 8144/8144/8276 8135/8135/8276 8143/8143/8276
f 8135/8135/8277 8144/8144/8277 8137/8137/8277
f 8117/8117/8278 8137/8137/8278 8144/8144/8278
f 8137/8137/8279 8117/8117/8279 8138/8138/8279
f 8145/8145/8280 8138/8138/8281 8117/8117/8282
f 8138/8138/8283 8145/8145/8283 8136/8136/8283
f 8146/8146/8284 8136/8136/8284 8145/8145/8284
f 8136/8136/8285 8146/8146/8285 8147/8147/8285
f 8136/8136/8286 8148/8148/8286 8139/8139/8286
f 8148/8148/8287 8136/8136/8287 8149/8149/8287
f 8147/8147/8288 8149/8149/8288 8136/8136/8288
f 8149/8149/8289 8147/8147/8289 8150/8150/8289
f 8150/8150/8290 8147/8147/8290 8151/8151/8290
f 8146/8146/8291 8151/8151/8291 8147/8147/8291
f 8151/8151/8292 8146/8146/8292 8152/8152/8292
f 8145/8145/8293 8152/8152/8293 8146/8146/8293
f 8152/8152/8294 8145/8145/8294 8153/8153/8294
f 8117/8117/8282 8153/8153/8295 8145/8145/8280
f 8154/8154/8296 8155/8155/8296 8156/8156/8296
f 8157/8157/8297 8156/8156/8297 8155/8155/8297
f 8158/8158/8298 8156/8156/8298 8157/8157/8298
f 8156/8156/8299 8158/8158/8299 8159/8159/8299
f 8160/8160/8300 8159/8159/8300 8158/8158/8300
f 8159/8159/8301 8160/8160/8301 8161/8161/8301
f 8162/8162/8302 8160/8160/8302 8163/8163/8302
f 8158/8158/8303 8163/8163/8303 8160/8160/8303
f 8163/8163/8304 8158/8158/8305 8164/8164/8306
f 8157/8157/8307 8164/8164/8306 8158/8158/8305
f 8155/8155/8308 8164/8164/8309 8157/8157/8310
f 8164/8164/8309 8155/8155/8308 8165/8165/8311
f 8166/8166/8312 8165/8165/8312 8155/8155/8312
f 8165/8165/8313 8166/8166/8313 8167/8167/8313
f 8155/8155/8314 8154/8154/8314 8166/8166/8314
f 8168/8168/8315 8166/8166/8315 8154/8154/8315
f 8169/8169/8316 8166/8166/8316 8168/8168/8316
f 8166/8166/8316 8169/8169/8316 8167/8167/8316
f 8170/8170/8317 8167/8167/8317 8169/8169/8317
f 8167/8167/8318 8170/8170/8318 8165/8165/8318
f 8171/8171/8319 8165/8165/8319 8170/8170/8319
f 8165/8165/8320 8171/8171/8320 8164/8164/8320
f 8164/8164/8321 8171/8171/8321 8163/8163/8321
f 8172/8172/8322 8163/8163/8322 8171/8171/8322
f 8163/8163/8323 8172/8172/8323 8162/8162/8323
f 8173/8173/8324 8162/8162/8324 8172/8172/8324
f 8162/8162/8325 8173/8173/8325 8160/8160/8325
f 8161/8161/8325 8160/8160/8325 8173/8173/8325
